location,latitude,longitude,plusdirection,mindirection,direction,datetime,count,speed_mean
De Ruyterkade,52.382078,4.895931,Westerdokskade richting Station,Station richting Westerdokskade,-1,2022-01-01,662,18.11
De Ruyterkade,52.382078,4.895931,Westerdokskade richting Station,Station richting Westerdokskade,1,2022-01-01,559,16.34
De Ruyterkade,52.382078,4.895931,Westerdokskade richting Station,Station richting Westerdokskade,-1,2022-01-02,432,17.39
De Ruyterkade,52.382078,4.895931,Westerdokskade richting Station,Station richting Westerdokskade,1,2022-01-02,476,17.06
De Ruyterkade,52.382078,4.895931,Westerdokskade richting Station,Station richting Westerdokskade,-1,2022-01-03,743,17.84
De Ruyterkade,52.382078,4.895931,Westerdokskade richting Station,Station richting Westerdokskade,1,2022-01-03,830,17.96
De Ruyterkade,52.382078,4.895931,Westerdokskade richting Station,Station richting Westerdokskade,-1,2022-01-04,793,17.7
De Ruyterkade,52.382078,4.895931,Westerdokskade richting Station,Station richting Westerdokskade,1,2022-01-04,741,18.88
De Ruyterkade,52.382078,4.895931,Westerdokskade richting Station,Station richting Westerdokskade,-1,2022-01-05,601,15.93
De Ruyterkade,52.382078,4.895931,Westerdokskade richting Station,Station richting Westerdokskade,1,2022-01-05,636,18.86
De Ruyterkade,52.382078,4.895931,Westerdokskade richting Station,Station richting Westerdokskade,-1,2022-01-06,917,18.39
De Ruyterkade,52.382078,4.895931,Westerdokskade richting Station,Station richting Westerdokskade,1,2022-01-06,915,17.09
De Ruyterkade,52.382078,4.895931,Westerdokskade richting Station,Station richting Westerdokskade,-1,2022-01-07,716,18.12
De Ruyterkade,52.382078,4.895931,Westerdokskade richting Station,Station richting Westerdokskade,1,2022-01-07,747,17.59
De Ruyterkade,52.382078,4.895931,Westerdokskade richting Station,Station richting Westerdokskade,-1,2022-01-08,510,18.53
De Ruyterkade,52.382078,4.895931,Westerdokskade richting Station,Station richting Westerdokskade,1,2022-01-08,542,16.06
De Ruyterkade,52.382078,4.895931,Westerdokskade richting Station,Station richting Westerdokskade,-1,2022-01-09,512,17.7
De Ruyterkade,52.382078,4.895931,Westerdokskade richting Station,Station richting Westerdokskade,1,2022-01-09,521,18.38
De Ruyterkade,52.382078,4.895931,Westerdokskade richting Station,Station richting Westerdokskade,-1,2022-01-10,1039,18.86
De Ruyterkade,52.382078,4.895931,Westerdokskade richting Station,Station richting Westerdokskade,1,2022-01-10,1066,16.89
De Ruyterkade,52.382078,4.895931,Westerdokskade richting Station,Station richting Westerdokskade,-1,2022-01-11,1113,18.44
De Ruyterkade,52.382078,4.895931,Westerdokskade richting Station,Station richting Westerdokskade,1,2022-01-11,1077,16.45
De Ruyterkade,52.382078,4.895931,Westerdokskade richting Station,Station richting Westerdokskade,-1,2022-01-12,1057,18.16
De Ruyterkade,52.382078,4.895931,Westerdokskade richting Station,Station richting Westerdokskade,1,2022-01-12,1142,17.26
De Ruyterkade,52.382078,4.895931,Westerdokskade richting Station,Station richting Westerdokskade,-1,2022-01-13,1076,17.91
De Ruyterkade,52.382078,4.895931,Westerdokskade richting Station,Station richting Westerdokskade,1,2022-01-13,1178,18.0
De Ruyterkade,52.382078,4.895931,Westerdokskade richting Station,Station richting Westerdokskade,-1,2022-01-14,1097,17.94
De Ruyterkade,52.382078,4.895931,Westerdokskade richting Station,Station richting Westerdokskade,1,2022-01-14,1170,17.99
De Ruyterkade,52.382078,4.895931,Westerdokskade richting Station,Station richting Westerdokskade,-1,2022-01-15,744,18.83
De Ruyterkade,52.382078,4.895931,Westerdokskade richting Station,Station richting Westerdokskade,1,2022-01-15,832,16.42
De Ruyterkade,52.382078,4.895931,Westerdokskade richting Station,Station richting Westerdokskade,-1,2022-01-16,656,17.38
De Ruyterkade,52.382078,4.895931,Westerdokskade richting Station,Station richting Westerdokskade,1,2022-01-16,641,18.11
De Ruyterkade,52.382078,4.895931,Westerdokskade richting Station,Station richting Westerdokskade,-1,2022-01-17,956,17.14
De Ruyterkade,52.382078,4.895931,Westerdokskade richting Station,Station richting Westerdokskade,1,2022-01-17,979,18.85
De Ruyterkade,52.382078,4.895931,Westerdokskade richting Station,Station richting Westerdokskade,-1,2022-01-18,1164,18.21
De Ruyterkade,52.382078,4.895931,Westerdokskade richting Station,Station richting Westerdokskade,1,2022-01-18,1155,17.58
De Ruyterkade,52.382078,4.895931,Westerdokskade richting Station,Station richting Westerdokskade,-1,2022-01-19,1048,17.42
De Ruyterkade,52.382078,4.895931,Westerdokskade richting Station,Station richting Westerdokskade,1,2022-01-19,1136,18.01
De Ruyterkade,52.382078,4.895931,Westerdokskade richting Station,Station richting Westerdokskade,-1,2022-01-20,1072,16.25
De Ruyterkade,52.382078,4.895931,Westerdokskade richting Station,Station richting Westerdokskade,1,2022-01-20,1083,18.79
De Ruyterkade,52.382078,4.895931,Westerdokskade richting Station,Station richting Westerdokskade,-1,2022-01-21,1061,17.21
De Ruyterkade,52.382078,4.895931,Westerdokskade richting Station,Station richting Westerdokskade,1,2022-01-21,1157,18.54
De Ruyterkade,52.382078,4.895931,Westerdokskade richting Station,Station richting Westerdokskade,-1,2022-01-22,857,17.34
De Ruyterkade,52.382078,4.895931,Westerdokskade richting Station,Station richting Westerdokskade,1,2022-01-22,838,18.58
De Ruyterkade,52.382078,4.895931,Westerdokskade richting Station,Station richting Westerdokskade,-1,2022-01-23,750,18.16
De Ruyterkade,52.382078,4.895931,Westerdokskade richting Station,Station richting Westerdokskade,1,2022-01-23,676,16.98
De Ruyterkade,52.382078,4.895931,Westerdokskade richting Station,Station richting Westerdokskade,-1,2022-01-24,1161,18.65
De Ruyterkade,52.382078,4.895931,Westerdokskade richting Station,Station richting Westerdokskade,1,2022-01-24,1121,17.03
De Ruyterkade,52.382078,4.895931,Westerdokskade richting Station,Station richting Westerdokskade,-1,2022-01-25,1200,18.46
De Ruyterkade,52.382078,4.895931,Westerdokskade richting Station,Station richting Westerdokskade,1,2022-01-25,1200,17.07
De Ruyterkade,52.382078,4.895931,Westerdokskade richting Station,Station richting Westerdokskade,-1,2022-01-26,1219,17.97
De Ruyterkade,52.382078,4.895931,Westerdokskade richting Station,Station richting Westerdokskade,1,2022-01-26,1238,17.89
De Ruyterkade,52.382078,4.895931,Westerdokskade richting Station,Station richting Westerdokskade,-1,2022-01-27,1109,16.66
De Ruyterkade,52.382078,4.895931,Westerdokskade richting Station,Station richting Westerdokskade,1,2022-01-27,1135,18.55
De Ruyterkade,52.382078,4.895931,Westerdokskade richting Station,Station richting Westerdokskade,-1,2022-01-28,1303,17.7
De Ruyterkade,52.382078,4.895931,Westerdokskade richting Station,Station richting Westerdokskade,1,2022-01-28,1367,17.92
De Ruyterkade,52.382078,4.895931,Westerdokskade richting Station,Station richting Westerdokskade,-1,2022-01-29,864,16.24
De Ruyterkade,52.382078,4.895931,Westerdokskade richting Station,Station richting Westerdokskade,1,2022-01-29,1001,18.64
De Ruyterkade,52.382078,4.895931,Westerdokskade richting Station,Station richting Westerdokskade,-1,2022-01-30,793,17.24
De Ruyterkade,52.382078,4.895931,Westerdokskade richting Station,Station richting Westerdokskade,1,2022-01-30,777,18.59
De Ruyterkade,52.382078,4.895931,Westerdokskade richting Station,Station richting Westerdokskade,-1,2022-01-31,496,14.4
De Ruyterkade,52.382078,4.895931,Westerdokskade richting Station,Station richting Westerdokskade,1,2022-01-31,641,19.79
De Ruyterkade,52.382078,4.895931,Westerdokskade richting Station,Station richting Westerdokskade,-1,2022-02-01,998,16.31
De Ruyterkade,52.382078,4.895931,Westerdokskade richting Station,Station richting Westerdokskade,1,2022-02-01,1078,18.85
De Ruyterkade,52.382078,4.895931,Westerdokskade richting Station,Station richting Westerdokskade,-1,2022-02-02,1257,17.37
De Ruyterkade,52.382078,4.895931,Westerdokskade richting Station,Station richting Westerdokskade,1,2022-02-02,1276,18.2
De Ruyterkade,52.382078,4.895931,Westerdokskade richting Station,Station richting Westerdokskade,-1,2022-02-03,1252,17.85
De Ruyterkade,52.382078,4.895931,Westerdokskade richting Station,Station richting Westerdokskade,1,2022-02-03,1282,17.1
De Ruyterkade,52.382078,4.895931,Westerdokskade richting Station,Station richting Westerdokskade,-1,2022-02-04,1059,17.32
De Ruyterkade,52.382078,4.895931,Westerdokskade richting Station,Station richting Westerdokskade,1,2022-02-04,1156,17.68
De Ruyterkade,52.382078,4.895931,Westerdokskade richting Station,Station richting Westerdokskade,-1,2022-02-05,839,17.0
De Ruyterkade,52.382078,4.895931,Westerdokskade richting Station,Station richting Westerdokskade,1,2022-02-05,927,17.3
De Ruyterkade,52.382078,4.895931,Westerdokskade richting Station,Station richting Westerdokskade,-1,2022-02-06,427,16.09
De Ruyterkade,52.382078,4.895931,Westerdokskade richting Station,Station richting Westerdokskade,1,2022-02-06,452,18.03
De Ruyterkade,52.382078,4.895931,Westerdokskade richting Station,Station richting Westerdokskade,-1,2022-02-07,1155,17.14
De Ruyterkade,52.382078,4.895931,Westerdokskade richting Station,Station richting Westerdokskade,1,2022-02-07,1166,18.18
De Ruyterkade,52.382078,4.895931,Westerdokskade richting Station,Station richting Westerdokskade,-1,2022-02-08,1276,17.22
De Ruyterkade,52.382078,4.895931,Westerdokskade richting Station,Station richting Westerdokskade,1,2022-02-08,1357,17.94
De Ruyterkade,52.382078,4.895931,Westerdokskade richting Station,Station richting Westerdokskade,-1,2022-02-09,4282,20.88
De Ruyterkade,52.382078,4.895931,Westerdokskade richting Station,Station richting Westerdokskade,1,2022-02-09,3741,18.22
De Ruyterkade,52.382078,4.895931,Westerdokskade richting Station,Station richting Westerdokskade,-1,2022-02-10,5516,20.85
De Ruyterkade,52.382078,4.895931,Westerdokskade richting Station,Station richting Westerdokskade,1,2022-02-10,4994,18.76
De Ruyterkade,52.382078,4.895931,Westerdokskade richting Station,Station richting Westerdokskade,-1,2022-02-11,5659,19.96
De Ruyterkade,52.382078,4.895931,Westerdokskade richting Station,Station richting Westerdokskade,1,2022-02-11,5282,18.69
De Ruyterkade,52.382078,4.895931,Westerdokskade richting Station,Station richting Westerdokskade,-1,2022-02-12,4789,21.9
De Ruyterkade,52.382078,4.895931,Westerdokskade richting Station,Station richting Westerdokskade,1,2022-02-12,4618,15.96
De Ruyterkade,52.382078,4.895931,Westerdokskade richting Station,Station richting Westerdokskade,-1,2022-02-13,3597,22.24
De Ruyterkade,52.382078,4.895931,Westerdokskade richting Station,Station richting Westerdokskade,1,2022-02-13,2984,15.73
De Ruyterkade,52.382078,4.895931,Westerdokskade richting Station,Station richting Westerdokskade,-1,2022-02-14,4752,21.86
De Ruyterkade,52.382078,4.895931,Westerdokskade richting Station,Station richting Westerdokskade,1,2022-02-14,4358,17.87
De Ruyterkade,52.382078,4.895931,Westerdokskade richting Station,Station richting Westerdokskade,-1,2022-02-15,4714,21.92
De Ruyterkade,52.382078,4.895931,Westerdokskade richting Station,Station richting Westerdokskade,1,2022-02-15,4391,17.49
De Ruyterkade,52.382078,4.895931,Westerdokskade richting Station,Station richting Westerdokskade,-1,2022-02-16,3984,20.96
De Ruyterkade,52.382078,4.895931,Westerdokskade richting Station,Station richting Westerdokskade,1,2022-02-16,3988,17.94
De Ruyterkade,52.382078,4.895931,Westerdokskade richting Station,Station richting Westerdokskade,-1,2022-02-17,4237,19.6
De Ruyterkade,52.382078,4.895931,Westerdokskade richting Station,Station richting Westerdokskade,1,2022-02-17,4291,19.22
De Ruyterkade,52.382078,4.895931,Westerdokskade richting Station,Station richting Westerdokskade,-1,2022-02-18,1747,22.54
De Ruyterkade,52.382078,4.895931,Westerdokskade richting Station,Station richting Westerdokskade,1,2022-02-18,1833,16.93
De Ruyterkade,52.382078,4.895931,Westerdokskade richting Station,Station richting Westerdokskade,-1,2022-02-19,2341,20.62
De Ruyterkade,52.382078,4.895931,Westerdokskade richting Station,Station richting Westerdokskade,1,2022-02-19,2392,18.03
De Ruyterkade,52.382078,4.895931,Westerdokskade richting Station,Station richting Westerdokskade,-1,2022-02-20,1315,20.14
De Ruyterkade,52.382078,4.895931,Westerdokskade richting Station,Station richting Westerdokskade,1,2022-02-20,1354,17.84
De Ruyterkade,52.382078,4.895931,Westerdokskade richting Station,Station richting Westerdokskade,-1,2022-02-21,2322,19.14
De Ruyterkade,52.382078,4.895931,Westerdokskade richting Station,Station richting Westerdokskade,1,2022-02-21,2374,19.9
De Ruyterkade,52.382078,4.895931,Westerdokskade richting Station,Station richting Westerdokskade,-1,2022-02-22,3973,20.78
De Ruyterkade,52.382078,4.895931,Westerdokskade richting Station,Station richting Westerdokskade,1,2022-02-22,3715,18.45
De Ruyterkade,52.382078,4.895931,Westerdokskade richting Station,Station richting Westerdokskade,-1,2022-02-23,5078,21.92
De Ruyterkade,52.382078,4.895931,Westerdokskade richting Station,Station richting Westerdokskade,1,2022-02-23,4628,17.82
De Ruyterkade,52.382078,4.895931,Westerdokskade richting Station,Station richting Westerdokskade,-1,2022-02-24,4032,21.54
De Ruyterkade,52.382078,4.895931,Westerdokskade richting Station,Station richting Westerdokskade,1,2022-02-24,3822,18.07
De Ruyterkade,52.382078,4.895931,Westerdokskade richting Station,Station richting Westerdokskade,-1,2022-02-25,4331,19.68
De Ruyterkade,52.382078,4.895931,Westerdokskade richting Station,Station richting Westerdokskade,1,2022-02-25,4111,18.97
De Ruyterkade,52.382078,4.895931,Westerdokskade richting Station,Station richting Westerdokskade,-1,2022-02-26,5164,21.57
De Ruyterkade,52.382078,4.895931,Westerdokskade richting Station,Station richting Westerdokskade,1,2022-02-26,4484,16.2
De Ruyterkade,52.382078,4.895931,Westerdokskade richting Station,Station richting Westerdokskade,-1,2022-02-27,4406,22.45
De Ruyterkade,52.382078,4.895931,Westerdokskade richting Station,Station richting Westerdokskade,1,2022-02-27,3737,15.43
De Ruyterkade,52.382078,4.895931,Westerdokskade richting Station,Station richting Westerdokskade,-1,2022-02-28,5700,23.01
De Ruyterkade,52.382078,4.895931,Westerdokskade richting Station,Station richting Westerdokskade,1,2022-02-28,4917,16.23
De Ruyterkade,52.382078,4.895931,Westerdokskade richting Station,Station richting Westerdokskade,-1,2022-03-01,5534,22.15
De Ruyterkade,52.382078,4.895931,Westerdokskade richting Station,Station richting Westerdokskade,1,2022-03-01,4849,17.4
De Ruyterkade,52.382078,4.895931,Westerdokskade richting Station,Station richting Westerdokskade,-1,2022-03-02,6273,22.19
De Ruyterkade,52.382078,4.895931,Westerdokskade richting Station,Station richting Westerdokskade,1,2022-03-02,5441,17.07
De Ruyterkade,52.382078,4.895931,Westerdokskade richting Station,Station richting Westerdokskade,-1,2022-03-03,6984,22.73
De Ruyterkade,52.382078,4.895931,Westerdokskade richting Station,Station richting Westerdokskade,1,2022-03-03,5916,16.56
De Ruyterkade,52.382078,4.895931,Westerdokskade richting Station,Station richting Westerdokskade,-1,2022-03-04,6637,22.68
De Ruyterkade,52.382078,4.895931,Westerdokskade richting Station,Station richting Westerdokskade,1,2022-03-04,5955,16.24
De Ruyterkade,52.382078,4.895931,Westerdokskade richting Station,Station richting Westerdokskade,-1,2022-03-05,5421,20.57
De Ruyterkade,52.382078,4.895931,Westerdokskade richting Station,Station richting Westerdokskade,1,2022-03-05,4721,16.87
De Ruyterkade,52.382078,4.895931,Westerdokskade richting Station,Station richting Westerdokskade,-1,2022-03-06,4265,20.14
De Ruyterkade,52.382078,4.895931,Westerdokskade richting Station,Station richting Westerdokskade,1,2022-03-06,3348,17.19
De Ruyterkade,52.382078,4.895931,Westerdokskade richting Station,Station richting Westerdokskade,-1,2022-03-07,6073,22.47
De Ruyterkade,52.382078,4.895931,Westerdokskade richting Station,Station richting Westerdokskade,1,2022-03-07,5038,16.9
De Ruyterkade,52.382078,4.895931,Westerdokskade richting Station,Station richting Westerdokskade,-1,2022-03-08,6655,23.67
De Ruyterkade,52.382078,4.895931,Westerdokskade richting Station,Station richting Westerdokskade,1,2022-03-08,5684,15.52
De Ruyterkade,52.382078,4.895931,Westerdokskade richting Station,Station richting Westerdokskade,-1,2022-03-09,6654,23.15
De Ruyterkade,52.382078,4.895931,Westerdokskade richting Station,Station richting Westerdokskade,1,2022-03-09,5686,16.71
De Ruyterkade,52.382078,4.895931,Westerdokskade richting Station,Station richting Westerdokskade,-1,2022-03-10,7180,23.31
De Ruyterkade,52.382078,4.895931,Westerdokskade richting Station,Station richting Westerdokskade,1,2022-03-10,5976,16.4
De Ruyterkade,52.382078,4.895931,Westerdokskade richting Station,Station richting Westerdokskade,-1,2022-03-11,6867,23.74
De Ruyterkade,52.382078,4.895931,Westerdokskade richting Station,Station richting Westerdokskade,1,2022-03-11,6169,15.41
De Ruyterkade,52.382078,4.895931,Westerdokskade richting Station,Station richting Westerdokskade,-1,2022-03-12,5597,22.05
De Ruyterkade,52.382078,4.895931,Westerdokskade richting Station,Station richting Westerdokskade,1,2022-03-12,4879,16.03
De Ruyterkade,52.382078,4.895931,Westerdokskade richting Station,Station richting Westerdokskade,-1,2022-03-13,4958,22.44
De Ruyterkade,52.382078,4.895931,Westerdokskade richting Station,Station richting Westerdokskade,1,2022-03-13,4230,15.43
De Ruyterkade,52.382078,4.895931,Westerdokskade richting Station,Station richting Westerdokskade,-1,2022-03-14,6200,21.39
De Ruyterkade,52.382078,4.895931,Westerdokskade richting Station,Station richting Westerdokskade,1,2022-03-14,5300,18.52
De Ruyterkade,52.382078,4.895931,Westerdokskade richting Station,Station richting Westerdokskade,-1,2022-03-15,7144,22.72
De Ruyterkade,52.382078,4.895931,Westerdokskade richting Station,Station richting Westerdokskade,1,2022-03-15,5996,17.45
De Ruyterkade,52.382078,4.895931,Westerdokskade richting Station,Station richting Westerdokskade,-1,2022-03-16,6809,23.73
De Ruyterkade,52.382078,4.895931,Westerdokskade richting Station,Station richting Westerdokskade,1,2022-03-16,5775,15.96
De Ruyterkade,52.382078,4.895931,Westerdokskade richting Station,Station richting Westerdokskade,-1,2022-03-17,6813,20.43
De Ruyterkade,52.382078,4.895931,Westerdokskade richting Station,Station richting Westerdokskade,1,2022-03-17,5811,18.97
De Ruyterkade,52.382078,4.895931,Westerdokskade richting Station,Station richting Westerdokskade,-1,2022-03-18,7158,21.27
De Ruyterkade,52.382078,4.895931,Westerdokskade richting Station,Station richting Westerdokskade,1,2022-03-18,6308,17.38
De Ruyterkade,52.382078,4.895931,Westerdokskade richting Station,Station richting Westerdokskade,-1,2022-03-19,6097,21.11
De Ruyterkade,52.382078,4.895931,Westerdokskade richting Station,Station richting Westerdokskade,1,2022-03-19,5044,16.04
De Ruyterkade,52.382078,4.895931,Westerdokskade richting Station,Station richting Westerdokskade,-1,2022-03-20,4221,22.05
De Ruyterkade,52.382078,4.895931,Westerdokskade richting Station,Station richting Westerdokskade,1,2022-03-20,3559,15.96
De Ruyterkade,52.382078,4.895931,Westerdokskade richting Station,Station richting Westerdokskade,-1,2022-03-21,6746,22.6
De Ruyterkade,52.382078,4.895931,Westerdokskade richting Station,Station richting Westerdokskade,1,2022-03-21,5619,17.36
De Ruyterkade,52.382078,4.895931,Westerdokskade richting Station,Station richting Westerdokskade,-1,2022-03-22,7916,22.49
De Ruyterkade,52.382078,4.895931,Westerdokskade richting Station,Station richting Westerdokskade,1,2022-03-22,6576,17.56
De Ruyterkade,52.382078,4.895931,Westerdokskade richting Station,Station richting Westerdokskade,-1,2022-03-23,7746,22.0
De Ruyterkade,52.382078,4.895931,Westerdokskade richting Station,Station richting Westerdokskade,1,2022-03-23,6614,17.73
De Ruyterkade,52.382078,4.895931,Westerdokskade richting Station,Station richting Westerdokskade,-1,2022-03-24,8163,21.6
De Ruyterkade,52.382078,4.895931,Westerdokskade richting Station,Station richting Westerdokskade,1,2022-03-24,6741,17.97
De Ruyterkade,52.382078,4.895931,Westerdokskade richting Station,Station richting Westerdokskade,-1,2022-03-25,7674,21.04
De Ruyterkade,52.382078,4.895931,Westerdokskade richting Station,Station richting Westerdokskade,1,2022-03-25,6739,18.0
De Ruyterkade,52.382078,4.895931,Westerdokskade richting Station,Station richting Westerdokskade,-1,2022-03-26,6902,20.31
De Ruyterkade,52.382078,4.895931,Westerdokskade richting Station,Station richting Westerdokskade,1,2022-03-26,5889,17.37
De Ruyterkade,52.382078,4.895931,Westerdokskade richting Station,Station richting Westerdokskade,-1,2022-03-27,5670,20.44
De Ruyterkade,52.382078,4.895931,Westerdokskade richting Station,Station richting Westerdokskade,1,2022-03-27,4436,17.25
De Ruyterkade,52.382078,4.895931,Westerdokskade richting Station,Station richting Westerdokskade,-1,2022-03-28,6430,22.0
De Ruyterkade,52.382078,4.895931,Westerdokskade richting Station,Station richting Westerdokskade,1,2022-03-28,5539,17.83
De Ruyterkade,52.382078,4.895931,Westerdokskade richting Station,Station richting Westerdokskade,-1,2022-03-29,7138,22.02
De Ruyterkade,52.382078,4.895931,Westerdokskade richting Station,Station richting Westerdokskade,1,2022-03-29,5949,17.48
De Ruyterkade,52.382078,4.895931,Westerdokskade richting Station,Station richting Westerdokskade,-1,2022-03-30,6816,21.47
De Ruyterkade,52.382078,4.895931,Westerdokskade richting Station,Station richting Westerdokskade,1,2022-03-30,5841,17.89
De Ruyterkade,52.382078,4.895931,Westerdokskade richting Station,Station richting Westerdokskade,-1,2022-03-31,5060,20.3
De Ruyterkade,52.382078,4.895931,Westerdokskade richting Station,Station richting Westerdokskade,1,2022-03-31,4615,18.39
De Ruyterkade,52.382078,4.895931,Westerdokskade richting Station,Station richting Westerdokskade,-1,2022-04-01,5033,19.76
De Ruyterkade,52.382078,4.895931,Westerdokskade richting Station,Station richting Westerdokskade,1,2022-04-01,4564,17.25
De Ruyterkade,52.382078,4.895931,Westerdokskade richting Station,Station richting Westerdokskade,-1,2022-04-02,5192,19.16
De Ruyterkade,52.382078,4.895931,Westerdokskade richting Station,Station richting Westerdokskade,1,2022-04-02,4499,17.41
De Ruyterkade,52.382078,4.895931,Westerdokskade richting Station,Station richting Westerdokskade,-1,2022-04-03,3821,19.39
De Ruyterkade,52.382078,4.895931,Westerdokskade richting Station,Station richting Westerdokskade,1,2022-04-03,3279,18.06
De Ruyterkade,52.382078,4.895931,Westerdokskade richting Station,Station richting Westerdokskade,-1,2022-04-04,3882,20.35
De Ruyterkade,52.382078,4.895931,Westerdokskade richting Station,Station richting Westerdokskade,1,2022-04-04,3632,18.63
De Ruyterkade,52.382078,4.895931,Westerdokskade richting Station,Station richting Westerdokskade,-1,2022-04-05,5563,20.09
De Ruyterkade,52.382078,4.895931,Westerdokskade richting Station,Station richting Westerdokskade,1,2022-04-05,4962,18.92
De Ruyterkade,52.382078,4.895931,Westerdokskade richting Station,Station richting Westerdokskade,-1,2022-04-06,5381,21.48
De Ruyterkade,52.382078,4.895931,Westerdokskade richting Station,Station richting Westerdokskade,1,2022-04-06,4845,17.87
De Ruyterkade,52.382078,4.895931,Westerdokskade richting Station,Station richting Westerdokskade,-1,2022-04-07,4384,19.7
De Ruyterkade,52.382078,4.895931,Westerdokskade richting Station,Station richting Westerdokskade,1,2022-04-07,4379,18.97
De Ruyterkade,52.382078,4.895931,Westerdokskade richting Station,Station richting Westerdokskade,-1,2022-04-08,6243,19.98
De Ruyterkade,52.382078,4.895931,Westerdokskade richting Station,Station richting Westerdokskade,1,2022-04-08,5860,18.92
De Ruyterkade,52.382078,4.895931,Westerdokskade richting Station,Station richting Westerdokskade,-1,2022-04-09,4498,18.64
De Ruyterkade,52.382078,4.895931,Westerdokskade richting Station,Station richting Westerdokskade,1,2022-04-09,3931,18.78
De Ruyterkade,52.382078,4.895931,Westerdokskade richting Station,Station richting Westerdokskade,-1,2022-04-10,5119,19.93
De Ruyterkade,52.382078,4.895931,Westerdokskade richting Station,Station richting Westerdokskade,1,2022-04-10,4362,18.0
De Ruyterkade,52.382078,4.895931,Westerdokskade richting Station,Station richting Westerdokskade,-1,2022-04-11,7185,22.88
De Ruyterkade,52.382078,4.895931,Westerdokskade richting Station,Station richting Westerdokskade,1,2022-04-11,6069,16.38
De Ruyterkade,52.382078,4.895931,Westerdokskade richting Station,Station richting Westerdokskade,-1,2022-04-12,8629,22.63
De Ruyterkade,52.382078,4.895931,Westerdokskade richting Station,Station richting Westerdokskade,1,2022-04-12,7020,16.5
De Ruyterkade,52.382078,4.895931,Westerdokskade richting Station,Station richting Westerdokskade,-1,2022-04-13,7600,21.46
De Ruyterkade,52.382078,4.895931,Westerdokskade richting Station,Station richting Westerdokskade,1,2022-04-13,6416,18.67
De Ruyterkade,52.382078,4.895931,Westerdokskade richting Station,Station richting Westerdokskade,-1,2022-04-14,8650,20.55
De Ruyterkade,52.382078,4.895931,Westerdokskade richting Station,Station richting Westerdokskade,1,2022-04-14,7259,18.57
De Ruyterkade,52.382078,4.895931,Westerdokskade richting Station,Station richting Westerdokskade,-1,2022-04-15,7011,21.12
De Ruyterkade,52.382078,4.895931,Westerdokskade richting Station,Station richting Westerdokskade,1,2022-04-15,5916,17.56
De Ruyterkade,52.382078,4.895931,Westerdokskade richting Station,Station richting Westerdokskade,-1,2022-04-16,6721,21.23
De Ruyterkade,52.382078,4.895931,Westerdokskade richting Station,Station richting Westerdokskade,1,2022-04-16,6004,16.1
De Ruyterkade,52.382078,4.895931,Westerdokskade richting Station,Station richting Westerdokskade,-1,2022-04-17,6111,21.31
De Ruyterkade,52.382078,4.895931,Westerdokskade richting Station,Station richting Westerdokskade,1,2022-04-17,5193,15.74
De Ruyterkade,52.382078,4.895931,Westerdokskade richting Station,Station richting Westerdokskade,-1,2022-04-18,5128,21.48
De Ruyterkade,52.382078,4.895931,Westerdokskade richting Station,Station richting Westerdokskade,1,2022-04-18,4140,16.62
De Ruyterkade,52.382078,4.895931,Westerdokskade richting Station,Station richting Westerdokskade,-1,2022-04-19,8378,21.68
De Ruyterkade,52.382078,4.895931,Westerdokskade richting Station,Station richting Westerdokskade,1,2022-04-19,6673,17.65
De Ruyterkade,52.382078,4.895931,Westerdokskade richting Station,Station richting Westerdokskade,-1,2022-04-20,8549,21.45
De Ruyterkade,52.382078,4.895931,Westerdokskade richting Station,Station richting Westerdokskade,1,2022-04-20,7095,17.31
De Ruyterkade,52.382078,4.895931,Westerdokskade richting Station,Station richting Westerdokskade,-1,2022-04-21,8996,21.39
De Ruyterkade,52.382078,4.895931,Westerdokskade richting Station,Station richting Westerdokskade,1,2022-04-21,7075,17.35
De Ruyterkade,52.382078,4.895931,Westerdokskade richting Station,Station richting Westerdokskade,-1,2022-04-22,7893,21.84
De Ruyterkade,52.382078,4.895931,Westerdokskade richting Station,Station richting Westerdokskade,1,2022-04-22,6730,16.64
De Ruyterkade,52.382078,4.895931,Westerdokskade richting Station,Station richting Westerdokskade,-1,2022-04-23,6610,22.01
De Ruyterkade,52.382078,4.895931,Westerdokskade richting Station,Station richting Westerdokskade,1,2022-04-23,5478,15.37
De Ruyterkade,52.382078,4.895931,Westerdokskade richting Station,Station richting Westerdokskade,-1,2022-04-24,5733,19.94
De Ruyterkade,52.382078,4.895931,Westerdokskade richting Station,Station richting Westerdokskade,1,2022-04-24,4349,17.21
De Ruyterkade,52.382078,4.895931,Westerdokskade richting Station,Station richting Westerdokskade,-1,2022-04-25,5619,21.49
De Ruyterkade,52.382078,4.895931,Westerdokskade richting Station,Station richting Westerdokskade,1,2022-04-25,4821,17.91
De Ruyterkade,52.382078,4.895931,Westerdokskade richting Station,Station richting Westerdokskade,-1,2022-04-26,8722,19.56
De Ruyterkade,52.382078,4.895931,Westerdokskade richting Station,Station richting Westerdokskade,1,2022-04-26,6603,18.91
De Ruyterkade,52.382078,4.895931,Westerdokskade richting Station,Station richting Westerdokskade,-1,2022-04-27,7341,19.4
De Ruyterkade,52.382078,4.895931,Westerdokskade richting Station,Station richting Westerdokskade,1,2022-04-27,6281,17.26
De Ruyterkade,52.382078,4.895931,Westerdokskade richting Station,Station richting Westerdokskade,-1,2022-04-28,6024,21.19
De Ruyterkade,52.382078,4.895931,Westerdokskade richting Station,Station richting Westerdokskade,1,2022-04-28,5498,17.65
De Ruyterkade,52.382078,4.895931,Westerdokskade richting Station,Station richting Westerdokskade,-1,2022-04-29,5885,21.05
De Ruyterkade,52.382078,4.895931,Westerdokskade richting Station,Station richting Westerdokskade,1,2022-04-29,5144,17.61
De Ruyterkade,52.382078,4.895931,Westerdokskade richting Station,Station richting Westerdokskade,-1,2022-04-30,5274,19.62
De Ruyterkade,52.382078,4.895931,Westerdokskade richting Station,Station richting Westerdokskade,1,2022-04-30,4604,18.45
De Ruyterkade,52.382078,4.895931,Westerdokskade richting Station,Station richting Westerdokskade,-1,2022-05-01,5342,20.63
De Ruyterkade,52.382078,4.895931,Westerdokskade richting Station,Station richting Westerdokskade,1,2022-05-01,4368,16.82
De Ruyterkade,52.382078,4.895931,Westerdokskade richting Station,Station richting Westerdokskade,-1,2022-05-02,6396,21.15
De Ruyterkade,52.382078,4.895931,Westerdokskade richting Station,Station richting Westerdokskade,1,2022-05-02,5398,18.12
De Ruyterkade,52.382078,4.895931,Westerdokskade richting Station,Station richting Westerdokskade,-1,2022-05-03,6200,21.09
De Ruyterkade,52.382078,4.895931,Westerdokskade richting Station,Station richting Westerdokskade,1,2022-05-03,5379,18.55
De Ruyterkade,52.382078,4.895931,Westerdokskade richting Station,Station richting Westerdokskade,-1,2022-05-04,6674,21.09
De Ruyterkade,52.382078,4.895931,Westerdokskade richting Station,Station richting Westerdokskade,1,2022-05-04,5670,18.71
De Ruyterkade,52.382078,4.895931,Westerdokskade richting Station,Station richting Westerdokskade,-1,2022-05-05,7296,21.3
De Ruyterkade,52.382078,4.895931,Westerdokskade richting Station,Station richting Westerdokskade,1,2022-05-05,5934,18.25
De Ruyterkade,52.382078,4.895931,Westerdokskade richting Station,Station richting Westerdokskade,-1,2022-05-06,7272,20.88
De Ruyterkade,52.382078,4.895931,Westerdokskade richting Station,Station richting Westerdokskade,1,2022-05-06,6101,18.34
De Ruyterkade,52.382078,4.895931,Westerdokskade richting Station,Station richting Westerdokskade,-1,2022-05-07,6120,19.93
De Ruyterkade,52.382078,4.895931,Westerdokskade richting Station,Station richting Westerdokskade,1,2022-05-07,5300,17.73
De Ruyterkade,52.382078,4.895931,Westerdokskade richting Station,Station richting Westerdokskade,-1,2022-05-08,6152,20.17
De Ruyterkade,52.382078,4.895931,Westerdokskade richting Station,Station richting Westerdokskade,1,2022-05-08,4870,17.72
De Ruyterkade,52.382078,4.895931,Westerdokskade richting Station,Station richting Westerdokskade,-1,2022-05-09,7972,22.28
De Ruyterkade,52.382078,4.895931,Westerdokskade richting Station,Station richting Westerdokskade,1,2022-05-09,6513,17.85
De Ruyterkade,52.382078,4.895931,Westerdokskade richting Station,Station richting Westerdokskade,-1,2022-05-10,7669,21.66
De Ruyterkade,52.382078,4.895931,Westerdokskade richting Station,Station richting Westerdokskade,1,2022-05-10,6511,18.15
De Ruyterkade,52.382078,4.895931,Westerdokskade richting Station,Station richting Westerdokskade,-1,2022-05-11,7471,20.92
De Ruyterkade,52.382078,4.895931,Westerdokskade richting Station,Station richting Westerdokskade,1,2022-05-11,6733,18.64
De Ruyterkade,52.382078,4.895931,Westerdokskade richting Station,Station richting Westerdokskade,-1,2022-05-12,8700,20.77
De Ruyterkade,52.382078,4.895931,Westerdokskade richting Station,Station richting Westerdokskade,1,2022-05-12,7292,18.74
De Ruyterkade,52.382078,4.895931,Westerdokskade richting Station,Station richting Westerdokskade,-1,2022-05-13,7735,20.48
De Ruyterkade,52.382078,4.895931,Westerdokskade richting Station,Station richting Westerdokskade,1,2022-05-13,6818,18.55
De Ruyterkade,52.382078,4.895931,Westerdokskade richting Station,Station richting Westerdokskade,-1,2022-05-14,7908,20.08
De Ruyterkade,52.382078,4.895931,Westerdokskade richting Station,Station richting Westerdokskade,1,2022-05-14,6317,17.77
De Ruyterkade,52.382078,4.895931,Westerdokskade richting Station,Station richting Westerdokskade,-1,2022-05-15,7219,21.26
De Ruyterkade,52.382078,4.895931,Westerdokskade richting Station,Station richting Westerdokskade,1,2022-05-15,5540,16.63
De Ruyterkade,52.382078,4.895931,Westerdokskade richting Station,Station richting Westerdokskade,-1,2022-05-16,7359,21.65
De Ruyterkade,52.382078,4.895931,Westerdokskade richting Station,Station richting Westerdokskade,1,2022-05-16,6119,18.18
De Ruyterkade,52.382078,4.895931,Westerdokskade richting Station,Station richting Westerdokskade,-1,2022-05-17,8559,22.36
De Ruyterkade,52.382078,4.895931,Westerdokskade richting Station,Station richting Westerdokskade,1,2022-05-17,7022,17.64
De Ruyterkade,52.382078,4.895931,Westerdokskade richting Station,Station richting Westerdokskade,-1,2022-05-18,8804,21.54
De Ruyterkade,52.382078,4.895931,Westerdokskade richting Station,Station richting Westerdokskade,1,2022-05-18,7194,18.44
De Ruyterkade,52.382078,4.895931,Westerdokskade richting Station,Station richting Westerdokskade,-1,2022-05-19,7294,21.83
De Ruyterkade,52.382078,4.895931,Westerdokskade richting Station,Station richting Westerdokskade,1,2022-05-19,6186,18.3
De Ruyterkade,52.382078,4.895931,Westerdokskade richting Station,Station richting Westerdokskade,-1,2022-05-20,6498,21.84
De Ruyterkade,52.382078,4.895931,Westerdokskade richting Station,Station richting Westerdokskade,1,2022-05-20,5768,18.0
De Ruyterkade,52.382078,4.895931,Westerdokskade richting Station,Station richting Westerdokskade,-1,2022-05-21,6390,20.07
De Ruyterkade,52.382078,4.895931,Westerdokskade richting Station,Station richting Westerdokskade,1,2022-05-21,5683,18.2
De Ruyterkade,52.382078,4.895931,Westerdokskade richting Station,Station richting Westerdokskade,-1,2022-05-22,6909,21.42
De Ruyterkade,52.382078,4.895931,Westerdokskade richting Station,Station richting Westerdokskade,1,2022-05-22,5423,16.58
De Ruyterkade,52.382078,4.895931,Westerdokskade richting Station,Station richting Westerdokskade,-1,2022-05-23,6350,22.27
De Ruyterkade,52.382078,4.895931,Westerdokskade richting Station,Station richting Westerdokskade,1,2022-05-23,5367,18.3
De Ruyterkade,52.382078,4.895931,Westerdokskade richting Station,Station richting Westerdokskade,-1,2022-05-24,7056,21.09
De Ruyterkade,52.382078,4.895931,Westerdokskade richting Station,Station richting Westerdokskade,1,2022-05-24,6113,18.57
De Ruyterkade,52.382078,4.895931,Westerdokskade richting Station,Station richting Westerdokskade,-1,2022-05-25,7518,21.37
De Ruyterkade,52.382078,4.895931,Westerdokskade richting Station,Station richting Westerdokskade,1,2022-05-25,6554,18.28
De Ruyterkade,52.382078,4.895931,Westerdokskade richting Station,Station richting Westerdokskade,-1,2022-05-26,6461,19.9
De Ruyterkade,52.382078,4.895931,Westerdokskade richting Station,Station richting Westerdokskade,1,2022-05-26,5287,18.13
De Ruyterkade,52.382078,4.895931,Westerdokskade richting Station,Station richting Westerdokskade,-1,2022-05-27,6804,18.9
De Ruyterkade,52.382078,4.895931,Westerdokskade richting Station,Station richting Westerdokskade,1,2022-05-27,5472,18.89
De Ruyterkade,52.382078,4.895931,Westerdokskade richting Station,Station richting Westerdokskade,-1,2022-05-28,6728,18.55
De Ruyterkade,52.382078,4.895931,Westerdokskade richting Station,Station richting Westerdokskade,1,2022-05-28,5491,18.27
De Ruyterkade,52.382078,4.895931,Westerdokskade richting Station,Station richting Westerdokskade,-1,2022-05-29,4832,18.99
De Ruyterkade,52.382078,4.895931,Westerdokskade richting Station,Station richting Westerdokskade,1,2022-05-29,3888,18.8
De Ruyterkade,52.382078,4.895931,Westerdokskade richting Station,Station richting Westerdokskade,-1,2022-05-30,7103,21.64
De Ruyterkade,52.382078,4.895931,Westerdokskade richting Station,Station richting Westerdokskade,1,2022-05-30,5922,18.34
De Ruyterkade,52.382078,4.895931,Westerdokskade richting Station,Station richting Westerdokskade,-1,2022-05-31,7709,22.64
De Ruyterkade,52.382078,4.895931,Westerdokskade richting Station,Station richting Westerdokskade,1,2022-05-31,6368,17.5
De Ruyterkade,52.382078,4.895931,Westerdokskade richting Station,Station richting Westerdokskade,-1,2022-06-01,7541,20.87
De Ruyterkade,52.382078,4.895931,Westerdokskade richting Station,Station richting Westerdokskade,1,2022-06-01,6486,18.94
De Ruyterkade,52.382078,4.895931,Westerdokskade richting Station,Station richting Westerdokskade,-1,2022-06-02,8695,21.42
De Ruyterkade,52.382078,4.895931,Westerdokskade richting Station,Station richting Westerdokskade,1,2022-06-02,7267,17.99
De Ruyterkade,52.382078,4.895931,Westerdokskade richting Station,Station richting Westerdokskade,-1,2022-06-03,8706,21.03
De Ruyterkade,52.382078,4.895931,Westerdokskade richting Station,Station richting Westerdokskade,1,2022-06-03,7040,17.07
De Ruyterkade,52.382078,4.895931,Westerdokskade richting Station,Station richting Westerdokskade,-1,2022-06-04,6495,20.13
De Ruyterkade,52.382078,4.895931,Westerdokskade richting Station,Station richting Westerdokskade,1,2022-06-04,6159,16.76
De Ruyterkade,52.382078,4.895931,Westerdokskade richting Station,Station richting Westerdokskade,-1,2022-06-05,1500,19.65
De Ruyterkade,52.382078,4.895931,Westerdokskade richting Station,Station richting Westerdokskade,1,2022-06-05,519,16.29
De Ruyterkade,52.382078,4.895931,Westerdokskade richting Station,Station richting Westerdokskade,-1,2022-06-06,0,
De Ruyterkade,52.382078,4.895931,Westerdokskade richting Station,Station richting Westerdokskade,1,2022-06-06,0,
De Ruyterkade,52.382078,4.895931,Westerdokskade richting Station,Station richting Westerdokskade,-1,2022-06-07,0,
De Ruyterkade,52.382078,4.895931,Westerdokskade richting Station,Station richting Westerdokskade,1,2022-06-07,0,
De Ruyterkade,52.382078,4.895931,Westerdokskade richting Station,Station richting Westerdokskade,-1,2022-06-08,0,
De Ruyterkade,52.382078,4.895931,Westerdokskade richting Station,Station richting Westerdokskade,1,2022-06-08,0,
De Ruyterkade,52.382078,4.895931,Westerdokskade richting Station,Station richting Westerdokskade,-1,2022-06-09,0,
De Ruyterkade,52.382078,4.895931,Westerdokskade richting Station,Station richting Westerdokskade,1,2022-06-09,0,
De Ruyterkade,52.382078,4.895931,Westerdokskade richting Station,Station richting Westerdokskade,-1,2022-06-10,0,
De Ruyterkade,52.382078,4.895931,Westerdokskade richting Station,Station richting Westerdokskade,1,2022-06-10,0,
De Ruyterkade,52.382078,4.895931,Westerdokskade richting Station,Station richting Westerdokskade,-1,2022-06-11,0,
De Ruyterkade,52.382078,4.895931,Westerdokskade richting Station,Station richting Westerdokskade,1,2022-06-11,0,
De Ruyterkade,52.382078,4.895931,Westerdokskade richting Station,Station richting Westerdokskade,-1,2022-06-12,0,
De Ruyterkade,52.382078,4.895931,Westerdokskade richting Station,Station richting Westerdokskade,1,2022-06-12,0,
De Ruyterkade,52.382078,4.895931,Westerdokskade richting Station,Station richting Westerdokskade,-1,2022-06-13,0,
De Ruyterkade,52.382078,4.895931,Westerdokskade richting Station,Station richting Westerdokskade,1,2022-06-13,0,
De Ruyterkade,52.382078,4.895931,Westerdokskade richting Station,Station richting Westerdokskade,-1,2022-06-14,0,
De Ruyterkade,52.382078,4.895931,Westerdokskade richting Station,Station richting Westerdokskade,1,2022-06-14,0,
De Ruyterkade,52.382078,4.895931,Westerdokskade richting Station,Station richting Westerdokskade,-1,2022-06-15,0,
De Ruyterkade,52.382078,4.895931,Westerdokskade richting Station,Station richting Westerdokskade,1,2022-06-15,0,
De Ruyterkade,52.382078,4.895931,Westerdokskade richting Station,Station richting Westerdokskade,-1,2022-06-16,4340,22.1
De Ruyterkade,52.382078,4.895931,Westerdokskade richting Station,Station richting Westerdokskade,1,2022-06-16,3572,17.1
De Ruyterkade,52.382078,4.895931,Westerdokskade richting Station,Station richting Westerdokskade,-1,2022-06-17,9561,22.05
De Ruyterkade,52.382078,4.895931,Westerdokskade richting Station,Station richting Westerdokskade,1,2022-06-17,7994,16.94
De Ruyterkade,52.382078,4.895931,Westerdokskade richting Station,Station richting Westerdokskade,-1,2022-06-18,8040,20.16
De Ruyterkade,52.382078,4.895931,Westerdokskade richting Station,Station richting Westerdokskade,1,2022-06-18,6525,17.43
De Ruyterkade,52.382078,4.895931,Westerdokskade richting Station,Station richting Westerdokskade,-1,2022-06-19,4919,19.24
De Ruyterkade,52.382078,4.895931,Westerdokskade richting Station,Station richting Westerdokskade,1,2022-06-19,3953,18.23
De Ruyterkade,52.382078,4.895931,Westerdokskade richting Station,Station richting Westerdokskade,-1,2022-06-20,7543,20.19
De Ruyterkade,52.382078,4.895931,Westerdokskade richting Station,Station richting Westerdokskade,1,2022-06-20,6300,18.88
De Ruyterkade,52.382078,4.895931,Westerdokskade richting Station,Station richting Westerdokskade,-1,2022-06-21,9148,22.19
De Ruyterkade,52.382078,4.895931,Westerdokskade richting Station,Station richting Westerdokskade,1,2022-06-21,7304,17.55
De Ruyterkade,52.382078,4.895931,Westerdokskade richting Station,Station richting Westerdokskade,-1,2022-06-22,9124,21.32
De Ruyterkade,52.382078,4.895931,Westerdokskade richting Station,Station richting Westerdokskade,1,2022-06-22,7446,17.81
De Ruyterkade,52.382078,4.895931,Westerdokskade richting Station,Station richting Westerdokskade,-1,2022-06-23,10014,22.29
De Ruyterkade,52.382078,4.895931,Westerdokskade richting Station,Station richting Westerdokskade,1,2022-06-23,7902,17.12
De Ruyterkade,52.382078,4.895931,Westerdokskade richting Station,Station richting Westerdokskade,-1,2022-06-24,7313,21.46
De Ruyterkade,52.382078,4.895931,Westerdokskade richting Station,Station richting Westerdokskade,1,2022-06-24,6434,17.89
De Ruyterkade,52.382078,4.895931,Westerdokskade richting Station,Station richting Westerdokskade,-1,2022-06-25,6122,21.03
De Ruyterkade,52.382078,4.895931,Westerdokskade richting Station,Station richting Westerdokskade,1,2022-06-25,5561,17.31
De Ruyterkade,52.382078,4.895931,Westerdokskade richting Station,Station richting Westerdokskade,-1,2022-06-26,5949,21.7
De Ruyterkade,52.382078,4.895931,Westerdokskade richting Station,Station richting Westerdokskade,1,2022-06-26,4538,16.48
De Ruyterkade,52.382078,4.895931,Westerdokskade richting Station,Station richting Westerdokskade,-1,2022-06-27,6940,22.04
De Ruyterkade,52.382078,4.895931,Westerdokskade richting Station,Station richting Westerdokskade,1,2022-06-27,5868,17.96
De Ruyterkade,52.382078,4.895931,Westerdokskade richting Station,Station richting Westerdokskade,-1,2022-06-28,9425,22.16
De Ruyterkade,52.382078,4.895931,Westerdokskade richting Station,Station richting Westerdokskade,1,2022-06-28,7417,17.36
De Ruyterkade,52.382078,4.895931,Westerdokskade richting Station,Station richting Westerdokskade,-1,2022-06-29,9658,21.77
De Ruyterkade,52.382078,4.895931,Westerdokskade richting Station,Station richting Westerdokskade,1,2022-06-29,7801,17.64
De Ruyterkade,52.382078,4.895931,Westerdokskade richting Station,Station richting Westerdokskade,-1,2022-06-30,7929,20.71
De Ruyterkade,52.382078,4.895931,Westerdokskade richting Station,Station richting Westerdokskade,1,2022-06-30,6630,19.03
De Ruyterkade,52.382078,4.895931,Westerdokskade richting Station,Station richting Westerdokskade,-1,2022-07-01,7302,21.59
De Ruyterkade,52.382078,4.895931,Westerdokskade richting Station,Station richting Westerdokskade,1,2022-07-01,6506,17.66
De Ruyterkade,52.382078,4.895931,Westerdokskade richting Station,Station richting Westerdokskade,-1,2022-07-02,6837,21.33
De Ruyterkade,52.382078,4.895931,Westerdokskade richting Station,Station richting Westerdokskade,1,2022-07-02,6018,17.08
De Ruyterkade,52.382078,4.895931,Westerdokskade richting Station,Station richting Westerdokskade,-1,2022-07-03,6094,19.95
De Ruyterkade,52.382078,4.895931,Westerdokskade richting Station,Station richting Westerdokskade,1,2022-07-03,4672,18.1
De Ruyterkade,52.382078,4.895931,Westerdokskade richting Station,Station richting Westerdokskade,-1,2022-07-04,7972,20.87
De Ruyterkade,52.382078,4.895931,Westerdokskade richting Station,Station richting Westerdokskade,1,2022-07-04,6422,18.64
De Ruyterkade,52.382078,4.895931,Westerdokskade richting Station,Station richting Westerdokskade,-1,2022-07-05,8719,20.46
De Ruyterkade,52.382078,4.895931,Westerdokskade richting Station,Station richting Westerdokskade,1,2022-07-05,7029,19.04
De Ruyterkade,52.382078,4.895931,Westerdokskade richting Station,Station richting Westerdokskade,-1,2022-07-06,8005,20.72
De Ruyterkade,52.382078,4.895931,Westerdokskade richting Station,Station richting Westerdokskade,1,2022-07-06,6812,18.5
De Ruyterkade,52.382078,4.895931,Westerdokskade richting Station,Station richting Westerdokskade,-1,2022-07-07,7410,19.23
De Ruyterkade,52.382078,4.895931,Westerdokskade richting Station,Station richting Westerdokskade,1,2022-07-07,6383,19.12
De Ruyterkade,52.382078,4.895931,Westerdokskade richting Station,Station richting Westerdokskade,-1,2022-07-08,8292,20.1
De Ruyterkade,52.382078,4.895931,Westerdokskade richting Station,Station richting Westerdokskade,1,2022-07-08,6851,18.47
De Ruyterkade,52.382078,4.895931,Westerdokskade richting Station,Station richting Westerdokskade,-1,2022-07-09,6867,18.91
De Ruyterkade,52.382078,4.895931,Westerdokskade richting Station,Station richting Westerdokskade,1,2022-07-09,5827,18.18
De Ruyterkade,52.382078,4.895931,Westerdokskade richting Station,Station richting Westerdokskade,-1,2022-07-10,5864,19.32
De Ruyterkade,52.382078,4.895931,Westerdokskade richting Station,Station richting Westerdokskade,1,2022-07-10,4626,18.49
De Ruyterkade,52.382078,4.895931,Westerdokskade richting Station,Station richting Westerdokskade,-1,2022-07-11,7874,21.54
De Ruyterkade,52.382078,4.895931,Westerdokskade richting Station,Station richting Westerdokskade,1,2022-07-11,6325,17.76
De Ruyterkade,52.382078,4.895931,Westerdokskade richting Station,Station richting Westerdokskade,-1,2022-07-12,9227,22.32
De Ruyterkade,52.382078,4.895931,Westerdokskade richting Station,Station richting Westerdokskade,1,2022-07-12,7560,17.69
De Ruyterkade,52.382078,4.895931,Westerdokskade richting Station,Station richting Westerdokskade,-1,2022-07-13,9055,20.28
De Ruyterkade,52.382078,4.895931,Westerdokskade richting Station,Station richting Westerdokskade,1,2022-07-13,7297,18.62
De Ruyterkade,52.382078,4.895931,Westerdokskade richting Station,Station richting Westerdokskade,-1,2022-07-14,9292,20.59
De Ruyterkade,52.382078,4.895931,Westerdokskade richting Station,Station richting Westerdokskade,1,2022-07-14,7495,18.57
De Ruyterkade,52.382078,4.895931,Westerdokskade richting Station,Station richting Westerdokskade,-1,2022-07-15,8075,20.46
De Ruyterkade,52.382078,4.895931,Westerdokskade richting Station,Station richting Westerdokskade,1,2022-07-15,6989,18.44
De Ruyterkade,52.382078,4.895931,Westerdokskade richting Station,Station richting Westerdokskade,-1,2022-07-16,7444,19.3
De Ruyterkade,52.382078,4.895931,Westerdokskade richting Station,Station richting Westerdokskade,1,2022-07-16,5974,17.98
De Ruyterkade,52.382078,4.895931,Westerdokskade richting Station,Station richting Westerdokskade,-1,2022-07-17,7092,21.49
De Ruyterkade,52.382078,4.895931,Westerdokskade richting Station,Station richting Westerdokskade,1,2022-07-17,5456,16.36
De Ruyterkade,52.382078,4.895931,Westerdokskade richting Station,Station richting Westerdokskade,-1,2022-07-18,7572,22.06
De Ruyterkade,52.382078,4.895931,Westerdokskade richting Station,Station richting Westerdokskade,1,2022-07-18,6232,17.74
De Ruyterkade,52.382078,4.895931,Westerdokskade richting Station,Station richting Westerdokskade,-1,2022-07-19,8097,22.7
De Ruyterkade,52.382078,4.895931,Westerdokskade richting Station,Station richting Westerdokskade,1,2022-07-19,6499,16.76
De Ruyterkade,52.382078,4.895931,Westerdokskade richting Station,Station richting Westerdokskade,-1,2022-07-20,7170,21.15
De Ruyterkade,52.382078,4.895931,Westerdokskade richting Station,Station richting Westerdokskade,1,2022-07-20,6056,18.23
De Ruyterkade,52.382078,4.895931,Westerdokskade richting Station,Station richting Westerdokskade,-1,2022-07-21,5137,21.16
De Ruyterkade,52.382078,4.895931,Westerdokskade richting Station,Station richting Westerdokskade,1,2022-07-21,4466,18.85
De Ruyterkade,52.382078,4.895931,Westerdokskade richting Station,Station richting Westerdokskade,-1,2022-07-22,6752,20.76
De Ruyterkade,52.382078,4.895931,Westerdokskade richting Station,Station richting Westerdokskade,1,2022-07-22,5646,18.49
De Ruyterkade,52.382078,4.895931,Westerdokskade richting Station,Station richting Westerdokskade,-1,2022-07-23,7305,20.92
De Ruyterkade,52.382078,4.895931,Westerdokskade richting Station,Station richting Westerdokskade,1,2022-07-23,6198,16.72
De Ruyterkade,52.382078,4.895931,Westerdokskade richting Station,Station richting Westerdokskade,-1,2022-07-24,6728,21.03
De Ruyterkade,52.382078,4.895931,Westerdokskade richting Station,Station richting Westerdokskade,1,2022-07-24,5287,16.66
De Ruyterkade,52.382078,4.895931,Westerdokskade richting Station,Station richting Westerdokskade,-1,2022-07-25,5870,20.25
De Ruyterkade,52.382078,4.895931,Westerdokskade richting Station,Station richting Westerdokskade,1,2022-07-25,4772,17.94
De Ruyterkade,52.382078,4.895931,Westerdokskade richting Station,Station richting Westerdokskade,-1,2022-07-26,6650,19.55
De Ruyterkade,52.382078,4.895931,Westerdokskade richting Station,Station richting Westerdokskade,1,2022-07-26,5516,18.92
De Ruyterkade,52.382078,4.895931,Westerdokskade richting Station,Station richting Westerdokskade,-1,2022-07-27,6396,20.6
De Ruyterkade,52.382078,4.895931,Westerdokskade richting Station,Station richting Westerdokskade,1,2022-07-27,5627,18.18
De Ruyterkade,52.382078,4.895931,Westerdokskade richting Station,Station richting Westerdokskade,-1,2022-07-28,7294,21.76
De Ruyterkade,52.382078,4.895931,Westerdokskade richting Station,Station richting Westerdokskade,1,2022-07-28,6060,16.99
De Ruyterkade,52.382078,4.895931,Westerdokskade richting Station,Station richting Westerdokskade,-1,2022-07-29,7285,20.89
De Ruyterkade,52.382078,4.895931,Westerdokskade richting Station,Station richting Westerdokskade,1,2022-07-29,6205,17.99
De Ruyterkade,52.382078,4.895931,Westerdokskade richting Station,Station richting Westerdokskade,-1,2022-07-30,7169,20.35
De Ruyterkade,52.382078,4.895931,Westerdokskade richting Station,Station richting Westerdokskade,1,2022-07-30,5702,17.6
De Ruyterkade,52.382078,4.895931,Westerdokskade richting Station,Station richting Westerdokskade,-1,2022-07-31,3829,20.87
De Ruyterkade,52.382078,4.895931,Westerdokskade richting Station,Station richting Westerdokskade,1,2022-07-31,2877,17.77
De Ruyterkade,52.382078,4.895931,Westerdokskade richting Station,Station richting Westerdokskade,-1,2022-08-01,6280,21.14
De Ruyterkade,52.382078,4.895931,Westerdokskade richting Station,Station richting Westerdokskade,1,2022-08-01,5216,17.53
De Ruyterkade,52.382078,4.895931,Westerdokskade richting Station,Station richting Westerdokskade,-1,2022-08-02,7367,21.64
De Ruyterkade,52.382078,4.895931,Westerdokskade richting Station,Station richting Westerdokskade,1,2022-08-02,5889,17.66
De Ruyterkade,52.382078,4.895931,Westerdokskade richting Station,Station richting Westerdokskade,-1,2022-08-03,7778,21.61
De Ruyterkade,52.382078,4.895931,Westerdokskade richting Station,Station richting Westerdokskade,1,2022-08-03,6231,17.62
De Ruyterkade,52.382078,4.895931,Westerdokskade richting Station,Station richting Westerdokskade,-1,2022-08-04,8001,20.36
De Ruyterkade,52.382078,4.895931,Westerdokskade richting Station,Station richting Westerdokskade,1,2022-08-04,6596,18.54
De Ruyterkade,52.382078,4.895931,Westerdokskade richting Station,Station richting Westerdokskade,-1,2022-08-05,6506,19.63
De Ruyterkade,52.382078,4.895931,Westerdokskade richting Station,Station richting Westerdokskade,1,2022-08-05,5518,18.62
De Ruyterkade,52.382078,4.895931,Westerdokskade richting Station,Station richting Westerdokskade,-1,2022-08-06,6571,19.4
De Ruyterkade,52.382078,4.895931,Westerdokskade richting Station,Station richting Westerdokskade,1,2022-08-06,5289,17.48
De Ruyterkade,52.382078,4.895931,Westerdokskade richting Station,Station richting Westerdokskade,-1,2022-08-07,5635,19.62
De Ruyterkade,52.382078,4.895931,Westerdokskade richting Station,Station richting Westerdokskade,1,2022-08-07,4656,17.53
De Ruyterkade,52.382078,4.895931,Westerdokskade richting Station,Station richting Westerdokskade,-1,2022-08-08,6647,20.62
De Ruyterkade,52.382078,4.895931,Westerdokskade richting Station,Station richting Westerdokskade,1,2022-08-08,5409,18.03
De Ruyterkade,52.382078,4.895931,Westerdokskade richting Station,Station richting Westerdokskade,-1,2022-08-09,8045,20.92
De Ruyterkade,52.382078,4.895931,Westerdokskade richting Station,Station richting Westerdokskade,1,2022-08-09,6244,17.53
De Ruyterkade,52.382078,4.895931,Westerdokskade richting Station,Station richting Westerdokskade,-1,2022-08-10,7832,21.15
De Ruyterkade,52.382078,4.895931,Westerdokskade richting Station,Station richting Westerdokskade,1,2022-08-10,6400,17.37
De Ruyterkade,52.382078,4.895931,Westerdokskade richting Station,Station richting Westerdokskade,-1,2022-08-11,8258,21.08
De Ruyterkade,52.382078,4.895931,Westerdokskade richting Station,Station richting Westerdokskade,1,2022-08-11,6528,17.28
De Ruyterkade,52.382078,4.895931,Westerdokskade richting Station,Station richting Westerdokskade,-1,2022-08-12,7744,21.13
De Ruyterkade,52.382078,4.895931,Westerdokskade richting Station,Station richting Westerdokskade,1,2022-08-12,6269,17.36
De Ruyterkade,52.382078,4.895931,Westerdokskade richting Station,Station richting Westerdokskade,-1,2022-08-13,7329,21.24
De Ruyterkade,52.382078,4.895931,Westerdokskade richting Station,Station richting Westerdokskade,1,2022-08-13,6092,16.43
De Ruyterkade,52.382078,4.895931,Westerdokskade richting Station,Station richting Westerdokskade,-1,2022-08-14,6382,21.12
De Ruyterkade,52.382078,4.895931,Westerdokskade richting Station,Station richting Westerdokskade,1,2022-08-14,5158,16.32
De Ruyterkade,52.382078,4.895931,Westerdokskade richting Station,Station richting Westerdokskade,-1,2022-08-15,6871,21.24
De Ruyterkade,52.382078,4.895931,Westerdokskade richting Station,Station richting Westerdokskade,1,2022-08-15,5696,18.04
De Ruyterkade,52.382078,4.895931,Westerdokskade richting Station,Station richting Westerdokskade,-1,2022-08-16,3939,21.82
De Ruyterkade,52.382078,4.895931,Westerdokskade richting Station,Station richting Westerdokskade,1,2022-08-16,2887,17.99
De Ruyterkade,52.382078,4.895931,Westerdokskade richting Station,Station richting Westerdokskade,-1,2022-08-17,0,
De Ruyterkade,52.382078,4.895931,Westerdokskade richting Station,Station richting Westerdokskade,1,2022-08-17,0,
De Ruyterkade,52.382078,4.895931,Westerdokskade richting Station,Station richting Westerdokskade,-1,2022-08-18,0,
De Ruyterkade,52.382078,4.895931,Westerdokskade richting Station,Station richting Westerdokskade,1,2022-08-18,0,
De Ruyterkade,52.382078,4.895931,Westerdokskade richting Station,Station richting Westerdokskade,-1,2022-08-19,0,
De Ruyterkade,52.382078,4.895931,Westerdokskade richting Station,Station richting Westerdokskade,1,2022-08-19,0,
De Ruyterkade,52.382078,4.895931,Westerdokskade richting Station,Station richting Westerdokskade,-1,2022-08-20,0,
De Ruyterkade,52.382078,4.895931,Westerdokskade richting Station,Station richting Westerdokskade,1,2022-08-20,0,
De Ruyterkade,52.382078,4.895931,Westerdokskade richting Station,Station richting Westerdokskade,-1,2022-08-21,0,
De Ruyterkade,52.382078,4.895931,Westerdokskade richting Station,Station richting Westerdokskade,1,2022-08-21,0,
De Ruyterkade,52.382078,4.895931,Westerdokskade richting Station,Station richting Westerdokskade,-1,2022-08-22,6403,22.28
De Ruyterkade,52.382078,4.895931,Westerdokskade richting Station,Station richting Westerdokskade,1,2022-08-22,5161,16.75
De Ruyterkade,52.382078,4.895931,Westerdokskade richting Station,Station richting Westerdokskade,-1,2022-08-23,8506,21.63
De Ruyterkade,52.382078,4.895931,Westerdokskade richting Station,Station richting Westerdokskade,1,2022-08-23,6806,18.22
De Ruyterkade,52.382078,4.895931,Westerdokskade richting Station,Station richting Westerdokskade,-1,2022-08-24,8670,21.45
De Ruyterkade,52.382078,4.895931,Westerdokskade richting Station,Station richting Westerdokskade,1,2022-08-24,7130,17.76
De Ruyterkade,52.382078,4.895931,Westerdokskade richting Station,Station richting Westerdokskade,-1,2022-08-25,9505,21.62
De Ruyterkade,52.382078,4.895931,Westerdokskade richting Station,Station richting Westerdokskade,1,2022-08-25,7880,17.65
De Ruyterkade,52.382078,4.895931,Westerdokskade richting Station,Station richting Westerdokskade,-1,2022-08-26,7188,19.45
De Ruyterkade,52.382078,4.895931,Westerdokskade richting Station,Station richting Westerdokskade,1,2022-08-26,6364,18.58
De Ruyterkade,52.382078,4.895931,Westerdokskade richting Station,Station richting Westerdokskade,-1,2022-08-27,7022,19.76
De Ruyterkade,52.382078,4.895931,Westerdokskade richting Station,Station richting Westerdokskade,1,2022-08-27,5857,17.48
De Ruyterkade,52.382078,4.895931,Westerdokskade richting Station,Station richting Westerdokskade,-1,2022-08-28,6230,19.82
De Ruyterkade,52.382078,4.895931,Westerdokskade richting Station,Station richting Westerdokskade,1,2022-08-28,5157,17.28
De Ruyterkade,52.382078,4.895931,Westerdokskade richting Station,Station richting Westerdokskade,-1,2022-08-29,7159,21.5
De Ruyterkade,52.382078,4.895931,Westerdokskade richting Station,Station richting Westerdokskade,1,2022-08-29,5809,18.09
De Ruyterkade,52.382078,4.895931,Westerdokskade richting Station,Station richting Westerdokskade,-1,2022-08-30,8610,21.71
De Ruyterkade,52.382078,4.895931,Westerdokskade richting Station,Station richting Westerdokskade,1,2022-08-30,6780,17.48
De Ruyterkade,52.382078,4.895931,Westerdokskade richting Station,Station richting Westerdokskade,-1,2022-08-31,8835,21.37
De Ruyterkade,52.382078,4.895931,Westerdokskade richting Station,Station richting Westerdokskade,1,2022-08-31,7314,16.87
De Ruyterkade,52.382078,4.895931,Westerdokskade richting Station,Station richting Westerdokskade,-1,2022-09-01,9842,21.87
De Ruyterkade,52.382078,4.895931,Westerdokskade richting Station,Station richting Westerdokskade,1,2022-09-01,7855,16.89
De Ruyterkade,52.382078,4.895931,Westerdokskade richting Station,Station richting Westerdokskade,-1,2022-09-02,9248,22.24
De Ruyterkade,52.382078,4.895931,Westerdokskade richting Station,Station richting Westerdokskade,1,2022-09-02,7602,16.35
De Ruyterkade,52.382078,4.895931,Westerdokskade richting Station,Station richting Westerdokskade,-1,2022-09-03,7982,21.67
De Ruyterkade,52.382078,4.895931,Westerdokskade richting Station,Station richting Westerdokskade,1,2022-09-03,6654,15.93
De Ruyterkade,52.382078,4.895931,Westerdokskade richting Station,Station richting Westerdokskade,-1,2022-09-04,6720,21.47
De Ruyterkade,52.382078,4.895931,Westerdokskade richting Station,Station richting Westerdokskade,1,2022-09-04,5534,16.58
De Ruyterkade,52.382078,4.895931,Westerdokskade richting Station,Station richting Westerdokskade,-1,2022-09-05,8872,22.75
De Ruyterkade,52.382078,4.895931,Westerdokskade richting Station,Station richting Westerdokskade,1,2022-09-05,7220,17.19
De Ruyterkade,52.382078,4.895931,Westerdokskade richting Station,Station richting Westerdokskade,-1,2022-09-06,9765,22.24
De Ruyterkade,52.382078,4.895931,Westerdokskade richting Station,Station richting Westerdokskade,1,2022-09-06,7575,17.75
De Ruyterkade,52.382078,4.895931,Westerdokskade richting Station,Station richting Westerdokskade,-1,2022-09-07,8907,22.19
De Ruyterkade,52.382078,4.895931,Westerdokskade richting Station,Station richting Westerdokskade,1,2022-09-07,7356,17.5
De Ruyterkade,52.382078,4.895931,Westerdokskade richting Station,Station richting Westerdokskade,-1,2022-09-08,7180,22.31
De Ruyterkade,52.382078,4.895931,Westerdokskade richting Station,Station richting Westerdokskade,1,2022-09-08,6198,17.61
De Ruyterkade,52.382078,4.895931,Westerdokskade richting Station,Station richting Westerdokskade,-1,2022-09-09,6856,22.73
De Ruyterkade,52.382078,4.895931,Westerdokskade richting Station,Station richting Westerdokskade,1,2022-09-09,5872,16.78
De Ruyterkade,52.382078,4.895931,Westerdokskade richting Station,Station richting Westerdokskade,-1,2022-09-10,6391,19.96
De Ruyterkade,52.382078,4.895931,Westerdokskade richting Station,Station richting Westerdokskade,1,2022-09-10,5765,17.46
De Ruyterkade,52.382078,4.895931,Westerdokskade richting Station,Station richting Westerdokskade,-1,2022-09-11,6587,20.76
De Ruyterkade,52.382078,4.895931,Westerdokskade richting Station,Station richting Westerdokskade,1,2022-09-11,5359,17.11
De Ruyterkade,52.382078,4.895931,Westerdokskade richting Station,Station richting Westerdokskade,-1,2022-09-12,8687,22.57
De Ruyterkade,52.382078,4.895931,Westerdokskade richting Station,Station richting Westerdokskade,1,2022-09-12,6977,17.18
De Ruyterkade,52.382078,4.895931,Westerdokskade richting Station,Station richting Westerdokskade,-1,2022-09-13,9450,20.99
De Ruyterkade,52.382078,4.895931,Westerdokskade richting Station,Station richting Westerdokskade,1,2022-09-13,7530,18.52
De Ruyterkade,52.382078,4.895931,Westerdokskade richting Station,Station richting Westerdokskade,-1,2022-09-14,8895,22.09
De Ruyterkade,52.382078,4.895931,Westerdokskade richting Station,Station richting Westerdokskade,1,2022-09-14,7144,17.55
De Ruyterkade,52.382078,4.895931,Westerdokskade richting Station,Station richting Westerdokskade,-1,2022-09-15,8719,20.52
De Ruyterkade,52.382078,4.895931,Westerdokskade richting Station,Station richting Westerdokskade,1,2022-09-15,7270,18.7
De Ruyterkade,52.382078,4.895931,Westerdokskade richting Station,Station richting Westerdokskade,-1,2022-09-16,6264,20.04
De Ruyterkade,52.382078,4.895931,Westerdokskade richting Station,Station richting Westerdokskade,1,2022-09-16,5486,18.6
De Ruyterkade,52.382078,4.895931,Westerdokskade richting Station,Station richting Westerdokskade,-1,2022-09-17,5267,18.62
De Ruyterkade,52.382078,4.895931,Westerdokskade richting Station,Station richting Westerdokskade,1,2022-09-17,4785,18.34
De Ruyterkade,52.382078,4.895931,Westerdokskade richting Station,Station richting Westerdokskade,-1,2022-09-18,4138,17.78
De Ruyterkade,52.382078,4.895931,Westerdokskade richting Station,Station richting Westerdokskade,1,2022-09-18,3879,15.63
De Ruyterkade,52.382078,4.895931,Westerdokskade richting Station,Station richting Westerdokskade,-1,2022-09-19,7060,20.34
De Ruyterkade,52.382078,4.895931,Westerdokskade richting Station,Station richting Westerdokskade,1,2022-09-19,5821,18.58
De Ruyterkade,52.382078,4.895931,Westerdokskade richting Station,Station richting Westerdokskade,-1,2022-09-20,8615,21.06
De Ruyterkade,52.382078,4.895931,Westerdokskade richting Station,Station richting Westerdokskade,1,2022-09-20,6965,18.21
De Ruyterkade,52.382078,4.895931,Westerdokskade richting Station,Station richting Westerdokskade,-1,2022-09-21,8736,22.15
De Ruyterkade,52.382078,4.895931,Westerdokskade richting Station,Station richting Westerdokskade,1,2022-09-21,7200,17.4
De Ruyterkade,52.382078,4.895931,Westerdokskade richting Station,Station richting Westerdokskade,-1,2022-09-22,9330,22.54
De Ruyterkade,52.382078,4.895931,Westerdokskade richting Station,Station richting Westerdokskade,1,2022-09-22,7589,17.11
De Ruyterkade,52.382078,4.895931,Westerdokskade richting Station,Station richting Westerdokskade,-1,2022-09-23,7606,22.08
De Ruyterkade,52.382078,4.895931,Westerdokskade richting Station,Station richting Westerdokskade,1,2022-09-23,6674,17.16
De Ruyterkade,52.382078,4.895931,Westerdokskade richting Station,Station richting Westerdokskade,-1,2022-09-24,5880,19.81
De Ruyterkade,52.382078,4.895931,Westerdokskade richting Station,Station richting Westerdokskade,1,2022-09-24,5096,17.47
De Ruyterkade,52.382078,4.895931,Westerdokskade richting Station,Station richting Westerdokskade,-1,2022-09-25,5651,20.32
De Ruyterkade,52.382078,4.895931,Westerdokskade richting Station,Station richting Westerdokskade,1,2022-09-25,4670,17.92
De Ruyterkade,52.382078,4.895931,Westerdokskade richting Station,Station richting Westerdokskade,-1,2022-09-26,5902,22.0
De Ruyterkade,52.382078,4.895931,Westerdokskade richting Station,Station richting Westerdokskade,1,2022-09-26,5003,17.6
De Ruyterkade,52.382078,4.895931,Westerdokskade richting Station,Station richting Westerdokskade,-1,2022-09-27,5707,21.77
De Ruyterkade,52.382078,4.895931,Westerdokskade richting Station,Station richting Westerdokskade,1,2022-09-27,4937,18.02
De Ruyterkade,52.382078,4.895931,Westerdokskade richting Station,Station richting Westerdokskade,-1,2022-09-28,6683,22.0
De Ruyterkade,52.382078,4.895931,Westerdokskade richting Station,Station richting Westerdokskade,1,2022-09-28,5641,17.89
De Ruyterkade,52.382078,4.895931,Westerdokskade richting Station,Station richting Westerdokskade,-1,2022-09-29,8485,22.17
De Ruyterkade,52.382078,4.895931,Westerdokskade richting Station,Station richting Westerdokskade,1,2022-09-29,7034,17.46
De Ruyterkade,52.382078,4.895931,Westerdokskade richting Station,Station richting Westerdokskade,-1,2022-09-30,7827,22.08
De Ruyterkade,52.382078,4.895931,Westerdokskade richting Station,Station richting Westerdokskade,1,2022-09-30,6787,16.88
De Ruyterkade,52.382078,4.895931,Westerdokskade richting Station,Station richting Westerdokskade,-1,2022-10-01,5763,19.84
De Ruyterkade,52.382078,4.895931,Westerdokskade richting Station,Station richting Westerdokskade,1,2022-10-01,5430,17.48
De Ruyterkade,52.382078,4.895931,Westerdokskade richting Station,Station richting Westerdokskade,-1,2022-10-02,5793,19.49
De Ruyterkade,52.382078,4.895931,Westerdokskade richting Station,Station richting Westerdokskade,1,2022-10-02,4783,17.96
De Ruyterkade,52.382078,4.895931,Westerdokskade richting Station,Station richting Westerdokskade,-1,2022-10-03,7903,21.93
De Ruyterkade,52.382078,4.895931,Westerdokskade richting Station,Station richting Westerdokskade,1,2022-10-03,6666,17.74
De Ruyterkade,52.382078,4.895931,Westerdokskade richting Station,Station richting Westerdokskade,-1,2022-10-04,9232,22.23
De Ruyterkade,52.382078,4.895931,Westerdokskade richting Station,Station richting Westerdokskade,1,2022-10-04,7378,17.03
De Ruyterkade,52.382078,4.895931,Westerdokskade richting Station,Station richting Westerdokskade,-1,2022-10-05,7900,22.21
De Ruyterkade,52.382078,4.895931,Westerdokskade richting Station,Station richting Westerdokskade,1,2022-10-05,6680,16.81
De Ruyterkade,52.382078,4.895931,Westerdokskade richting Station,Station richting Westerdokskade,-1,2022-10-06,9064,21.27
De Ruyterkade,52.382078,4.895931,Westerdokskade richting Station,Station richting Westerdokskade,1,2022-10-06,7585,17.68
De Ruyterkade,52.382078,4.895931,Westerdokskade richting Station,Station richting Westerdokskade,-1,2022-10-07,7868,21.94
De Ruyterkade,52.382078,4.895931,Westerdokskade richting Station,Station richting Westerdokskade,1,2022-10-07,7129,16.99
De Ruyterkade,52.382078,4.895931,Westerdokskade richting Station,Station richting Westerdokskade,-1,2022-10-08,6652,19.93
De Ruyterkade,52.382078,4.895931,Westerdokskade richting Station,Station richting Westerdokskade,1,2022-10-08,5838,17.8
De Ruyterkade,52.382078,4.895931,Westerdokskade richting Station,Station richting Westerdokskade,-1,2022-10-09,6312,21.67
De Ruyterkade,52.382078,4.895931,Westerdokskade richting Station,Station richting Westerdokskade,1,2022-10-09,5044,16.18
De Ruyterkade,52.382078,4.895931,Westerdokskade richting Station,Station richting Westerdokskade,-1,2022-10-10,7197,21.49
De Ruyterkade,52.382078,4.895931,Westerdokskade richting Station,Station richting Westerdokskade,1,2022-10-10,6072,17.95
De Ruyterkade,52.382078,4.895931,Westerdokskade richting Station,Station richting Westerdokskade,-1,2022-10-11,8769,21.59
De Ruyterkade,52.382078,4.895931,Westerdokskade richting Station,Station richting Westerdokskade,1,2022-10-11,7127,18.16
De Ruyterkade,52.382078,4.895931,Westerdokskade richting Station,Station richting Westerdokskade,-1,2022-10-12,8447,22.34
De Ruyterkade,52.382078,4.895931,Westerdokskade richting Station,Station richting Westerdokskade,1,2022-10-12,6908,17.25
De Ruyterkade,52.382078,4.895931,Westerdokskade richting Station,Station richting Westerdokskade,-1,2022-10-13,6815,22.01
De Ruyterkade,52.382078,4.895931,Westerdokskade richting Station,Station richting Westerdokskade,1,2022-10-13,5918,17.76
De Ruyterkade,52.382078,4.895931,Westerdokskade richting Station,Station richting Westerdokskade,-1,2022-10-14,6828,21.78
De Ruyterkade,52.382078,4.895931,Westerdokskade richting Station,Station richting Westerdokskade,1,2022-10-14,6090,17.71
De Ruyterkade,52.382078,4.895931,Westerdokskade richting Station,Station richting Westerdokskade,-1,2022-10-15,5535,21.32
De Ruyterkade,52.382078,4.895931,Westerdokskade richting Station,Station richting Westerdokskade,1,2022-10-15,5246,16.72
De Ruyterkade,52.382078,4.895931,Westerdokskade richting Station,Station richting Westerdokskade,-1,2022-10-16,5358,21.08
De Ruyterkade,52.382078,4.895931,Westerdokskade richting Station,Station richting Westerdokskade,1,2022-10-16,4490,16.94
De Ruyterkade,52.382078,4.895931,Westerdokskade richting Station,Station richting Westerdokskade,-1,2022-10-17,6018,22.06
De Ruyterkade,52.382078,4.895931,Westerdokskade richting Station,Station richting Westerdokskade,1,2022-10-17,5185,17.59
De Ruyterkade,52.382078,4.895931,Westerdokskade richting Station,Station richting Westerdokskade,-1,2022-10-18,8059,21.27
De Ruyterkade,52.382078,4.895931,Westerdokskade richting Station,Station richting Westerdokskade,1,2022-10-18,6512,18.32
De Ruyterkade,52.382078,4.895931,Westerdokskade richting Station,Station richting Westerdokskade,-1,2022-10-19,7992,22.44
De Ruyterkade,52.382078,4.895931,Westerdokskade richting Station,Station richting Westerdokskade,1,2022-10-19,6578,16.04
De Ruyterkade,52.382078,4.895931,Westerdokskade richting Station,Station richting Westerdokskade,-1,2022-10-20,7780,22.74
De Ruyterkade,52.382078,4.895931,Westerdokskade richting Station,Station richting Westerdokskade,1,2022-10-20,6641,16.44
De Ruyterkade,52.382078,4.895931,Westerdokskade richting Station,Station richting Westerdokskade,-1,2022-10-21,8409,21.67
De Ruyterkade,52.382078,4.895931,Westerdokskade richting Station,Station richting Westerdokskade,1,2022-10-21,7561,16.7
De Ruyterkade,52.382078,4.895931,Westerdokskade richting Station,Station richting Westerdokskade,-1,2022-10-22,9104,20.41
De Ruyterkade,52.382078,4.895931,Westerdokskade richting Station,Station richting Westerdokskade,1,2022-10-22,7813,16.17
De Ruyterkade,52.382078,4.895931,Westerdokskade richting Station,Station richting Westerdokskade,-1,2022-10-23,6690,21.74
De Ruyterkade,52.382078,4.895931,Westerdokskade richting Station,Station richting Westerdokskade,1,2022-10-23,6080,15.74
De Ruyterkade,52.382078,4.895931,Westerdokskade richting Station,Station richting Westerdokskade,-1,2022-10-24,6717,22.12
De Ruyterkade,52.382078,4.895931,Westerdokskade richting Station,Station richting Westerdokskade,1,2022-10-24,5912,16.96
De Ruyterkade,52.382078,4.895931,Westerdokskade richting Station,Station richting Westerdokskade,-1,2022-10-25,8595,22.02
De Ruyterkade,52.382078,4.895931,Westerdokskade richting Station,Station richting Westerdokskade,1,2022-10-25,6955,17.3
De Ruyterkade,52.382078,4.895931,Westerdokskade richting Station,Station richting Westerdokskade,-1,2022-10-26,8688,22.24
De Ruyterkade,52.382078,4.895931,Westerdokskade richting Station,Station richting Westerdokskade,1,2022-10-26,7268,17.01
De Ruyterkade,52.382078,4.895931,Westerdokskade richting Station,Station richting Westerdokskade,-1,2022-10-27,9396,22.54
De Ruyterkade,52.382078,4.895931,Westerdokskade richting Station,Station richting Westerdokskade,1,2022-10-27,7886,16.48
De Ruyterkade,52.382078,4.895931,Westerdokskade richting Station,Station richting Westerdokskade,-1,2022-10-28,8801,21.64
De Ruyterkade,52.382078,4.895931,Westerdokskade richting Station,Station richting Westerdokskade,1,2022-10-28,7818,17.3
De Ruyterkade,52.382078,4.895931,Westerdokskade richting Station,Station richting Westerdokskade,-1,2022-10-29,7610,21.43
De Ruyterkade,52.382078,4.895931,Westerdokskade richting Station,Station richting Westerdokskade,1,2022-10-29,6715,16.39
De Ruyterkade,52.382078,4.895931,Westerdokskade richting Station,Station richting Westerdokskade,-1,2022-10-30,7067,20.51
De Ruyterkade,52.382078,4.895931,Westerdokskade richting Station,Station richting Westerdokskade,1,2022-10-30,5825,17.07
De Ruyterkade,52.382078,4.895931,Westerdokskade richting Station,Station richting Westerdokskade,-1,2022-10-31,8692,22.49
De Ruyterkade,52.382078,4.895931,Westerdokskade richting Station,Station richting Westerdokskade,1,2022-10-31,7191,16.65
De Ruyterkade,52.382078,4.895931,Westerdokskade richting Station,Station richting Westerdokskade,-1,2022-11-01,8406,22.32
De Ruyterkade,52.382078,4.895931,Westerdokskade richting Station,Station richting Westerdokskade,1,2022-11-01,6794,16.12
De Ruyterkade,52.382078,4.895931,Westerdokskade richting Station,Station richting Westerdokskade,-1,2022-11-02,8308,21.65
De Ruyterkade,52.382078,4.895931,Westerdokskade richting Station,Station richting Westerdokskade,1,2022-11-02,7006,17.05
De Ruyterkade,52.382078,4.895931,Westerdokskade richting Station,Station richting Westerdokskade,-1,2022-11-03,8340,22.78
De Ruyterkade,52.382078,4.895931,Westerdokskade richting Station,Station richting Westerdokskade,1,2022-11-03,6985,16.41
De Ruyterkade,52.382078,4.895931,Westerdokskade richting Station,Station richting Westerdokskade,-1,2022-11-04,7249,21.42
De Ruyterkade,52.382078,4.895931,Westerdokskade richting Station,Station richting Westerdokskade,1,2022-11-04,6629,17.89
De Ruyterkade,52.382078,4.895931,Westerdokskade richting Station,Station richting Westerdokskade,-1,2022-11-05,6044,21.41
De Ruyterkade,52.382078,4.895931,Westerdokskade richting Station,Station richting Westerdokskade,1,2022-11-05,5765,16.48
De Ruyterkade,52.382078,4.895931,Westerdokskade richting Station,Station richting Westerdokskade,-1,2022-11-06,3267,22.13
De Ruyterkade,52.382078,4.895931,Westerdokskade richting Station,Station richting Westerdokskade,1,2022-11-06,2885,16.18
De Ruyterkade,52.382078,4.895931,Westerdokskade richting Station,Station richting Westerdokskade,-1,2022-11-07,6351,22.2
De Ruyterkade,52.382078,4.895931,Westerdokskade richting Station,Station richting Westerdokskade,1,2022-11-07,5572,16.7
De Ruyterkade,52.382078,4.895931,Westerdokskade richting Station,Station richting Westerdokskade,-1,2022-11-08,8452,22.68
De Ruyterkade,52.382078,4.895931,Westerdokskade richting Station,Station richting Westerdokskade,1,2022-11-08,6994,16.28
De Ruyterkade,52.382078,4.895931,Westerdokskade richting Station,Station richting Westerdokskade,-1,2022-11-09,7076,21.88
De Ruyterkade,52.382078,4.895931,Westerdokskade richting Station,Station richting Westerdokskade,1,2022-11-09,6252,17.22
De Ruyterkade,52.382078,4.895931,Westerdokskade richting Station,Station richting Westerdokskade,-1,2022-11-10,8586,22.06
De Ruyterkade,52.382078,4.895931,Westerdokskade richting Station,Station richting Westerdokskade,1,2022-11-10,7304,17.0
De Ruyterkade,52.382078,4.895931,Westerdokskade richting Station,Station richting Westerdokskade,-1,2022-11-11,7819,22.0
De Ruyterkade,52.382078,4.895931,Westerdokskade richting Station,Station richting Westerdokskade,1,2022-11-11,7009,16.98
De Ruyterkade,52.382078,4.895931,Westerdokskade richting Station,Station richting Westerdokskade,-1,2022-11-12,6899,21.28
De Ruyterkade,52.382078,4.895931,Westerdokskade richting Station,Station richting Westerdokskade,1,2022-11-12,6161,16.47
De Ruyterkade,52.382078,4.895931,Westerdokskade richting Station,Station richting Westerdokskade,-1,2022-11-13,6085,21.07
De Ruyterkade,52.382078,4.895931,Westerdokskade richting Station,Station richting Westerdokskade,1,2022-11-13,5021,16.47
De Ruyterkade,52.382078,4.895931,Westerdokskade richting Station,Station richting Westerdokskade,-1,2022-11-14,7787,22.96
De Ruyterkade,52.382078,4.895931,Westerdokskade richting Station,Station richting Westerdokskade,1,2022-11-14,6254,16.47
De Ruyterkade,52.382078,4.895931,Westerdokskade richting Station,Station richting Westerdokskade,-1,2022-11-15,8352,23.0
De Ruyterkade,52.382078,4.895931,Westerdokskade richting Station,Station richting Westerdokskade,1,2022-11-15,6726,16.17
De Ruyterkade,52.382078,4.895931,Westerdokskade richting Station,Station richting Westerdokskade,-1,2022-11-16,8009,23.03
De Ruyterkade,52.382078,4.895931,Westerdokskade richting Station,Station richting Westerdokskade,1,2022-11-16,6504,16.42
De Ruyterkade,52.382078,4.895931,Westerdokskade richting Station,Station richting Westerdokskade,-1,2022-11-17,6374,23.14
De Ruyterkade,52.382078,4.895931,Westerdokskade richting Station,Station richting Westerdokskade,1,2022-11-17,5404,15.97
De Ruyterkade,52.382078,4.895931,Westerdokskade richting Station,Station richting Westerdokskade,-1,2022-11-18,7029,22.85
De Ruyterkade,52.382078,4.895931,Westerdokskade richting Station,Station richting Westerdokskade,1,2022-11-18,5973,16.56
De Ruyterkade,52.382078,4.895931,Westerdokskade richting Station,Station richting Westerdokskade,-1,2022-11-19,5354,21.42
De Ruyterkade,52.382078,4.895931,Westerdokskade richting Station,Station richting Westerdokskade,1,2022-11-19,4689,15.69
De Ruyterkade,52.382078,4.895931,Westerdokskade richting Station,Station richting Westerdokskade,-1,2022-11-20,3278,21.87
De Ruyterkade,52.382078,4.895931,Westerdokskade richting Station,Station richting Westerdokskade,1,2022-11-20,2829,16.4
De Ruyterkade,52.382078,4.895931,Westerdokskade richting Station,Station richting Westerdokskade,-1,2022-11-21,6328,23.03
De Ruyterkade,52.382078,4.895931,Westerdokskade richting Station,Station richting Westerdokskade,1,2022-11-21,5362,16.76
De Ruyterkade,52.382078,4.895931,Westerdokskade richting Station,Station richting Westerdokskade,-1,2022-11-22,7594,22.92
De Ruyterkade,52.382078,4.895931,Westerdokskade richting Station,Station richting Westerdokskade,1,2022-11-22,6186,16.41
De Ruyterkade,52.382078,4.895931,Westerdokskade richting Station,Station richting Westerdokskade,-1,2022-11-23,6832,22.74
De Ruyterkade,52.382078,4.895931,Westerdokskade richting Station,Station richting Westerdokskade,1,2022-11-23,5885,16.45
De Ruyterkade,52.382078,4.895931,Westerdokskade richting Station,Station richting Westerdokskade,-1,2022-11-24,8202,22.44
De Ruyterkade,52.382078,4.895931,Westerdokskade richting Station,Station richting Westerdokskade,1,2022-11-24,6677,16.82
De Ruyterkade,52.382078,4.895931,Westerdokskade richting Station,Station richting Westerdokskade,-1,2022-11-25,7316,21.57
De Ruyterkade,52.382078,4.895931,Westerdokskade richting Station,Station richting Westerdokskade,1,2022-11-25,6672,17.54
De Ruyterkade,52.382078,4.895931,Westerdokskade richting Station,Station richting Westerdokskade,-1,2022-11-26,6022,21.49
De Ruyterkade,52.382078,4.895931,Westerdokskade richting Station,Station richting Westerdokskade,1,2022-11-26,5497,16.25
De Ruyterkade,52.382078,4.895931,Westerdokskade richting Station,Station richting Westerdokskade,-1,2022-11-27,3884,21.91
De Ruyterkade,52.382078,4.895931,Westerdokskade richting Station,Station richting Westerdokskade,1,2022-11-27,3236,15.83
De Ruyterkade,52.382078,4.895931,Westerdokskade richting Station,Station richting Westerdokskade,-1,2022-11-28,6557,21.9
De Ruyterkade,52.382078,4.895931,Westerdokskade richting Station,Station richting Westerdokskade,1,2022-11-28,5530,17.6
De Ruyterkade,52.382078,4.895931,Westerdokskade richting Station,Station richting Westerdokskade,-1,2022-11-29,7859,21.44
De Ruyterkade,52.382078,4.895931,Westerdokskade richting Station,Station richting Westerdokskade,1,2022-11-29,6567,18.1
De Ruyterkade,52.382078,4.895931,Westerdokskade richting Station,Station richting Westerdokskade,-1,2022-11-30,7464,21.29
De Ruyterkade,52.382078,4.895931,Westerdokskade richting Station,Station richting Westerdokskade,1,2022-11-30,6233,17.96
De Ruyterkade,52.382078,4.895931,Westerdokskade richting Station,Station richting Westerdokskade,-1,2022-12-01,8155,21.21
De Ruyterkade,52.382078,4.895931,Westerdokskade richting Station,Station richting Westerdokskade,1,2022-12-01,6697,17.67
De Ruyterkade,52.382078,4.895931,Westerdokskade richting Station,Station richting Westerdokskade,-1,2022-12-02,6740,21.87
De Ruyterkade,52.382078,4.895931,Westerdokskade richting Station,Station richting Westerdokskade,1,2022-12-02,5687,16.78
De Ruyterkade,52.382078,4.895931,Westerdokskade richting Station,Station richting Westerdokskade,-1,2022-12-03,4609,21.81
De Ruyterkade,52.382078,4.895931,Westerdokskade richting Station,Station richting Westerdokskade,1,2022-12-03,4098,15.89
De Ruyterkade,52.382078,4.895931,Westerdokskade richting Station,Station richting Westerdokskade,-1,2022-12-04,3537,21.68
De Ruyterkade,52.382078,4.895931,Westerdokskade richting Station,Station richting Westerdokskade,1,2022-12-04,2773,15.82
De Ruyterkade,52.382078,4.895931,Westerdokskade richting Station,Station richting Westerdokskade,-1,2022-12-05,6152,20.57
De Ruyterkade,52.382078,4.895931,Westerdokskade richting Station,Station richting Westerdokskade,1,2022-12-05,5232,18.1
De Ruyterkade,52.382078,4.895931,Westerdokskade richting Station,Station richting Westerdokskade,-1,2022-12-06,7246,21.27
De Ruyterkade,52.382078,4.895931,Westerdokskade richting Station,Station richting Westerdokskade,1,2022-12-06,6012,18.25
De Ruyterkade,52.382078,4.895931,Westerdokskade richting Station,Station richting Westerdokskade,-1,2022-12-07,6683,20.89
De Ruyterkade,52.382078,4.895931,Westerdokskade richting Station,Station richting Westerdokskade,1,2022-12-07,5779,18.36
De Ruyterkade,52.382078,4.895931,Westerdokskade richting Station,Station richting Westerdokskade,-1,2022-12-08,7239,21.92
De Ruyterkade,52.382078,4.895931,Westerdokskade richting Station,Station richting Westerdokskade,1,2022-12-08,5957,17.3
De Ruyterkade,52.382078,4.895931,Westerdokskade richting Station,Station richting Westerdokskade,-1,2022-12-09,6661,21.83
De Ruyterkade,52.382078,4.895931,Westerdokskade richting Station,Station richting Westerdokskade,1,2022-12-09,5786,16.98
De Ruyterkade,52.382078,4.895931,Westerdokskade richting Station,Station richting Westerdokskade,-1,2022-12-10,4850,21.41
De Ruyterkade,52.382078,4.895931,Westerdokskade richting Station,Station richting Westerdokskade,1,2022-12-10,4589,16.32
De Ruyterkade,52.382078,4.895931,Westerdokskade richting Station,Station richting Westerdokskade,-1,2022-12-11,3977,21.29
De Ruyterkade,52.382078,4.895931,Westerdokskade richting Station,Station richting Westerdokskade,1,2022-12-11,3411,16.37
De Ruyterkade,52.382078,4.895931,Westerdokskade richting Station,Station richting Westerdokskade,-1,2022-12-12,6573,22.07
De Ruyterkade,52.382078,4.895931,Westerdokskade richting Station,Station richting Westerdokskade,1,2022-12-12,5405,16.87
De Ruyterkade,52.382078,4.895931,Westerdokskade richting Station,Station richting Westerdokskade,-1,2022-12-13,6828,22.1
De Ruyterkade,52.382078,4.895931,Westerdokskade richting Station,Station richting Westerdokskade,1,2022-12-13,5516,16.58
De Ruyterkade,52.382078,4.895931,Westerdokskade richting Station,Station richting Westerdokskade,-1,2022-12-14,6296,20.93
De Ruyterkade,52.382078,4.895931,Westerdokskade richting Station,Station richting Westerdokskade,1,2022-12-14,5290,17.8
De Ruyterkade,52.382078,4.895931,Westerdokskade richting Station,Station richting Westerdokskade,-1,2022-12-15,6807,21.11
De Ruyterkade,52.382078,4.895931,Westerdokskade richting Station,Station richting Westerdokskade,1,2022-12-15,5843,17.23
De Ruyterkade,52.382078,4.895931,Westerdokskade richting Station,Station richting Westerdokskade,-1,2022-12-16,5944,20.5
De Ruyterkade,52.382078,4.895931,Westerdokskade richting Station,Station richting Westerdokskade,1,2022-12-16,5457,17.34
De Ruyterkade,52.382078,4.895931,Westerdokskade richting Station,Station richting Westerdokskade,-1,2022-12-17,4247,21.38
De Ruyterkade,52.382078,4.895931,Westerdokskade richting Station,Station richting Westerdokskade,1,2022-12-17,3993,15.31
De Ruyterkade,52.382078,4.895931,Westerdokskade richting Station,Station richting Westerdokskade,-1,2022-12-18,3203,21.35
De Ruyterkade,52.382078,4.895931,Westerdokskade richting Station,Station richting Westerdokskade,1,2022-12-18,2870,15.04
De Ruyterkade,52.382078,4.895931,Westerdokskade richting Station,Station richting Westerdokskade,-1,2022-12-19,4798,22.41
De Ruyterkade,52.382078,4.895931,Westerdokskade richting Station,Station richting Westerdokskade,1,2022-12-19,4290,15.96
De Ruyterkade,52.382078,4.895931,Westerdokskade richting Station,Station richting Westerdokskade,-1,2022-12-20,5962,22.16
De Ruyterkade,52.382078,4.895931,Westerdokskade richting Station,Station richting Westerdokskade,1,2022-12-20,5068,17.08
De Ruyterkade,52.382078,4.895931,Westerdokskade richting Station,Station richting Westerdokskade,-1,2022-12-21,6154,22.22
De Ruyterkade,52.382078,4.895931,Westerdokskade richting Station,Station richting Westerdokskade,1,2022-12-21,5231,17.12
De Ruyterkade,52.382078,4.895931,Westerdokskade richting Station,Station richting Westerdokskade,-1,2022-12-22,6195,21.96
De Ruyterkade,52.382078,4.895931,Westerdokskade richting Station,Station richting Westerdokskade,1,2022-12-22,5561,17.61
De Ruyterkade,52.382078,4.895931,Westerdokskade richting Station,Station richting Westerdokskade,-1,2022-12-23,4114,22.24
De Ruyterkade,52.382078,4.895931,Westerdokskade richting Station,Station richting Westerdokskade,1,2022-12-23,4071,17.77
De Ruyterkade,52.382078,4.895931,Westerdokskade richting Station,Station richting Westerdokskade,-1,2022-12-24,3324,20.83
De Ruyterkade,52.382078,4.895931,Westerdokskade richting Station,Station richting Westerdokskade,1,2022-12-24,3498,17.46
De Ruyterkade,52.382078,4.895931,Westerdokskade richting Station,Station richting Westerdokskade,-1,2022-12-25,1708,21.79
De Ruyterkade,52.382078,4.895931,Westerdokskade richting Station,Station richting Westerdokskade,1,2022-12-25,1627,16.97
De Ruyterkade,52.382078,4.895931,Westerdokskade richting Station,Station richting Westerdokskade,-1,2022-12-26,2174,19.72
De Ruyterkade,52.382078,4.895931,Westerdokskade richting Station,Station richting Westerdokskade,1,2022-12-26,1982,17.78
De Ruyterkade,52.382078,4.895931,Westerdokskade richting Station,Station richting Westerdokskade,-1,2022-12-27,3711,21.72
De Ruyterkade,52.382078,4.895931,Westerdokskade richting Station,Station richting Westerdokskade,1,2022-12-27,3299,16.73
De Ruyterkade,52.382078,4.895931,Westerdokskade richting Station,Station richting Westerdokskade,-1,2022-12-28,3118,22.32
De Ruyterkade,52.382078,4.895931,Westerdokskade richting Station,Station richting Westerdokskade,1,2022-12-28,3013,16.2
De Ruyterkade,52.382078,4.895931,Westerdokskade richting Station,Station richting Westerdokskade,-1,2022-12-29,3883,21.36
De Ruyterkade,52.382078,4.895931,Westerdokskade richting Station,Station richting Westerdokskade,1,2022-12-29,3581,17.42
De Ruyterkade,52.382078,4.895931,Westerdokskade richting Station,Station richting Westerdokskade,-1,2022-12-30,3562,22.29
De Ruyterkade,52.382078,4.895931,Westerdokskade richting Station,Station richting Westerdokskade,1,2022-12-30,3206,16.24
De Ruyterkade,52.382078,4.895931,Westerdokskade richting Station,Station richting Westerdokskade,-1,2022-12-31,3115,20.94
De Ruyterkade,52.382078,4.895931,Westerdokskade richting Station,Station richting Westerdokskade,1,2022-12-31,3235,16.24
