location,latitude,longitude,plusdirection,mindirection,direction,datetime,count,speed_mean
Diemerzeedijk,52.34374355,5.012412351,Thijs Hendriksenpad richting S114,S114 richting Thijs Hendriksenpad ,-1,2022-01-01,518,11.75
Diemerzeedijk,52.34374355,5.012412351,Thijs Hendriksenpad richting S114,S114 richting Thijs Hendriksenpad ,1,2022-01-01,595,12.84
Diemerzeedijk,52.34374355,5.012412351,Thijs Hendriksenpad richting S114,S114 richting Thijs Hendriksenpad ,-1,2022-01-02,444,11.71
Diemerzeedijk,52.34374355,5.012412351,Thijs Hendriksenpad richting S114,S114 richting Thijs Hendriksenpad ,1,2022-01-02,397,12.29
Diemerzeedijk,52.34374355,5.012412351,Thijs Hendriksenpad richting S114,S114 richting Thijs Hendriksenpad ,-1,2022-01-03,409,12.42
Diemerzeedijk,52.34374355,5.012412351,Thijs Hendriksenpad richting S114,S114 richting Thijs Hendriksenpad ,1,2022-01-03,406,13.63
Diemerzeedijk,52.34374355,5.012412351,Thijs Hendriksenpad richting S114,S114 richting Thijs Hendriksenpad ,-1,2022-01-04,332,12.59
Diemerzeedijk,52.34374355,5.012412351,Thijs Hendriksenpad richting S114,S114 richting Thijs Hendriksenpad ,1,2022-01-04,336,12.81
Diemerzeedijk,52.34374355,5.012412351,Thijs Hendriksenpad richting S114,S114 richting Thijs Hendriksenpad ,-1,2022-01-05,182,12.39
Diemerzeedijk,52.34374355,5.012412351,Thijs Hendriksenpad richting S114,S114 richting Thijs Hendriksenpad ,1,2022-01-05,154,12.86
Diemerzeedijk,52.34374355,5.012412351,Thijs Hendriksenpad richting S114,S114 richting Thijs Hendriksenpad ,-1,2022-01-06,448,12.91
Diemerzeedijk,52.34374355,5.012412351,Thijs Hendriksenpad richting S114,S114 richting Thijs Hendriksenpad ,1,2022-01-06,476,13.23
Diemerzeedijk,52.34374355,5.012412351,Thijs Hendriksenpad richting S114,S114 richting Thijs Hendriksenpad ,-1,2022-01-07,263,12.02
Diemerzeedijk,52.34374355,5.012412351,Thijs Hendriksenpad richting S114,S114 richting Thijs Hendriksenpad ,1,2022-01-07,272,13.73
Diemerzeedijk,52.34374355,5.012412351,Thijs Hendriksenpad richting S114,S114 richting Thijs Hendriksenpad ,-1,2022-01-08,284,13.3
Diemerzeedijk,52.34374355,5.012412351,Thijs Hendriksenpad richting S114,S114 richting Thijs Hendriksenpad ,1,2022-01-08,282,13.7
Diemerzeedijk,52.34374355,5.012412351,Thijs Hendriksenpad richting S114,S114 richting Thijs Hendriksenpad ,-1,2022-01-09,510,11.12
Diemerzeedijk,52.34374355,5.012412351,Thijs Hendriksenpad richting S114,S114 richting Thijs Hendriksenpad ,1,2022-01-09,578,12.59
Diemerzeedijk,52.34374355,5.012412351,Thijs Hendriksenpad richting S114,S114 richting Thijs Hendriksenpad ,-1,2022-01-10,373,12.54
Diemerzeedijk,52.34374355,5.012412351,Thijs Hendriksenpad richting S114,S114 richting Thijs Hendriksenpad ,1,2022-01-10,409,12.79
Diemerzeedijk,52.34374355,5.012412351,Thijs Hendriksenpad richting S114,S114 richting Thijs Hendriksenpad ,-1,2022-01-11,319,13.03
Diemerzeedijk,52.34374355,5.012412351,Thijs Hendriksenpad richting S114,S114 richting Thijs Hendriksenpad ,1,2022-01-11,357,12.22
Diemerzeedijk,52.34374355,5.012412351,Thijs Hendriksenpad richting S114,S114 richting Thijs Hendriksenpad ,-1,2022-01-12,318,13.19
Diemerzeedijk,52.34374355,5.012412351,Thijs Hendriksenpad richting S114,S114 richting Thijs Hendriksenpad ,1,2022-01-12,355,13.45
Diemerzeedijk,52.34374355,5.012412351,Thijs Hendriksenpad richting S114,S114 richting Thijs Hendriksenpad ,-1,2022-01-13,339,12.86
Diemerzeedijk,52.34374355,5.012412351,Thijs Hendriksenpad richting S114,S114 richting Thijs Hendriksenpad ,1,2022-01-13,311,13.37
Diemerzeedijk,52.34374355,5.012412351,Thijs Hendriksenpad richting S114,S114 richting Thijs Hendriksenpad ,-1,2022-01-14,382,12.9
Diemerzeedijk,52.34374355,5.012412351,Thijs Hendriksenpad richting S114,S114 richting Thijs Hendriksenpad ,1,2022-01-14,379,13.52
Diemerzeedijk,52.34374355,5.012412351,Thijs Hendriksenpad richting S114,S114 richting Thijs Hendriksenpad ,-1,2022-01-15,511,13.58
Diemerzeedijk,52.34374355,5.012412351,Thijs Hendriksenpad richting S114,S114 richting Thijs Hendriksenpad ,1,2022-01-15,557,14.5
Diemerzeedijk,52.34374355,5.012412351,Thijs Hendriksenpad richting S114,S114 richting Thijs Hendriksenpad ,-1,2022-01-16,446,12.28
Diemerzeedijk,52.34374355,5.012412351,Thijs Hendriksenpad richting S114,S114 richting Thijs Hendriksenpad ,1,2022-01-16,523,13.57
Diemerzeedijk,52.34374355,5.012412351,Thijs Hendriksenpad richting S114,S114 richting Thijs Hendriksenpad ,-1,2022-01-17,326,12.98
Diemerzeedijk,52.34374355,5.012412351,Thijs Hendriksenpad richting S114,S114 richting Thijs Hendriksenpad ,1,2022-01-17,342,14.26
Diemerzeedijk,52.34374355,5.012412351,Thijs Hendriksenpad richting S114,S114 richting Thijs Hendriksenpad ,-1,2022-01-18,261,13.53
Diemerzeedijk,52.34374355,5.012412351,Thijs Hendriksenpad richting S114,S114 richting Thijs Hendriksenpad ,1,2022-01-18,283,13.57
Diemerzeedijk,52.34374355,5.012412351,Thijs Hendriksenpad richting S114,S114 richting Thijs Hendriksenpad ,-1,2022-01-19,253,13.21
Diemerzeedijk,52.34374355,5.012412351,Thijs Hendriksenpad richting S114,S114 richting Thijs Hendriksenpad ,1,2022-01-19,262,14.32
Diemerzeedijk,52.34374355,5.012412351,Thijs Hendriksenpad richting S114,S114 richting Thijs Hendriksenpad ,-1,2022-01-20,239,13.64
Diemerzeedijk,52.34374355,5.012412351,Thijs Hendriksenpad richting S114,S114 richting Thijs Hendriksenpad ,1,2022-01-20,261,12.9
Diemerzeedijk,52.34374355,5.012412351,Thijs Hendriksenpad richting S114,S114 richting Thijs Hendriksenpad ,-1,2022-01-21,260,12.7
Diemerzeedijk,52.34374355,5.012412351,Thijs Hendriksenpad richting S114,S114 richting Thijs Hendriksenpad ,1,2022-01-21,324,13.99
Diemerzeedijk,52.34374355,5.012412351,Thijs Hendriksenpad richting S114,S114 richting Thijs Hendriksenpad ,-1,2022-01-22,460,12.71
Diemerzeedijk,52.34374355,5.012412351,Thijs Hendriksenpad richting S114,S114 richting Thijs Hendriksenpad ,1,2022-01-22,580,14.65
Diemerzeedijk,52.34374355,5.012412351,Thijs Hendriksenpad richting S114,S114 richting Thijs Hendriksenpad ,-1,2022-01-23,651,13.5
Diemerzeedijk,52.34374355,5.012412351,Thijs Hendriksenpad richting S114,S114 richting Thijs Hendriksenpad ,1,2022-01-23,791,13.87
Diemerzeedijk,52.34374355,5.012412351,Thijs Hendriksenpad richting S114,S114 richting Thijs Hendriksenpad ,-1,2022-01-24,298,12.66
Diemerzeedijk,52.34374355,5.012412351,Thijs Hendriksenpad richting S114,S114 richting Thijs Hendriksenpad ,1,2022-01-24,325,13.71
Diemerzeedijk,52.34374355,5.012412351,Thijs Hendriksenpad richting S114,S114 richting Thijs Hendriksenpad ,-1,2022-01-25,260,13.11
Diemerzeedijk,52.34374355,5.012412351,Thijs Hendriksenpad richting S114,S114 richting Thijs Hendriksenpad ,1,2022-01-25,279,13.49
Diemerzeedijk,52.34374355,5.012412351,Thijs Hendriksenpad richting S114,S114 richting Thijs Hendriksenpad ,-1,2022-01-26,309,13.17
Diemerzeedijk,52.34374355,5.012412351,Thijs Hendriksenpad richting S114,S114 richting Thijs Hendriksenpad ,1,2022-01-26,336,14.01
Diemerzeedijk,52.34374355,5.012412351,Thijs Hendriksenpad richting S114,S114 richting Thijs Hendriksenpad ,-1,2022-01-27,204,12.39
Diemerzeedijk,52.34374355,5.012412351,Thijs Hendriksenpad richting S114,S114 richting Thijs Hendriksenpad ,1,2022-01-27,225,13.3
Diemerzeedijk,52.34374355,5.012412351,Thijs Hendriksenpad richting S114,S114 richting Thijs Hendriksenpad ,-1,2022-01-28,408,13.36
Diemerzeedijk,52.34374355,5.012412351,Thijs Hendriksenpad richting S114,S114 richting Thijs Hendriksenpad ,1,2022-01-28,392,14.24
Diemerzeedijk,52.34374355,5.012412351,Thijs Hendriksenpad richting S114,S114 richting Thijs Hendriksenpad ,-1,2022-01-29,298,12.44
Diemerzeedijk,52.34374355,5.012412351,Thijs Hendriksenpad richting S114,S114 richting Thijs Hendriksenpad ,1,2022-01-29,392,14.44
Diemerzeedijk,52.34374355,5.012412351,Thijs Hendriksenpad richting S114,S114 richting Thijs Hendriksenpad ,-1,2022-01-30,678,12.72
Diemerzeedijk,52.34374355,5.012412351,Thijs Hendriksenpad richting S114,S114 richting Thijs Hendriksenpad ,1,2022-01-30,822,14.2
Diemerzeedijk,52.34374355,5.012412351,Thijs Hendriksenpad richting S114,S114 richting Thijs Hendriksenpad ,-1,2022-01-31,85,13.07
Diemerzeedijk,52.34374355,5.012412351,Thijs Hendriksenpad richting S114,S114 richting Thijs Hendriksenpad ,1,2022-01-31,81,13.22
Diemerzeedijk,52.34374355,5.012412351,Thijs Hendriksenpad richting S114,S114 richting Thijs Hendriksenpad ,-1,2022-02-01,172,13.16
Diemerzeedijk,52.34374355,5.012412351,Thijs Hendriksenpad richting S114,S114 richting Thijs Hendriksenpad ,1,2022-02-01,184,12.78
Diemerzeedijk,52.34374355,5.012412351,Thijs Hendriksenpad richting S114,S114 richting Thijs Hendriksenpad ,-1,2022-02-02,405,12.82
Diemerzeedijk,52.34374355,5.012412351,Thijs Hendriksenpad richting S114,S114 richting Thijs Hendriksenpad ,1,2022-02-02,425,13.91
Diemerzeedijk,52.34374355,5.012412351,Thijs Hendriksenpad richting S114,S114 richting Thijs Hendriksenpad ,-1,2022-02-03,226,12.54
Diemerzeedijk,52.34374355,5.012412351,Thijs Hendriksenpad richting S114,S114 richting Thijs Hendriksenpad ,1,2022-02-03,233,13.44
Diemerzeedijk,52.34374355,5.012412351,Thijs Hendriksenpad richting S114,S114 richting Thijs Hendriksenpad ,-1,2022-02-04,167,13.89
Diemerzeedijk,52.34374355,5.012412351,Thijs Hendriksenpad richting S114,S114 richting Thijs Hendriksenpad ,1,2022-02-04,188,12.84
Diemerzeedijk,52.34374355,5.012412351,Thijs Hendriksenpad richting S114,S114 richting Thijs Hendriksenpad ,-1,2022-02-05,552,12.37
Diemerzeedijk,52.34374355,5.012412351,Thijs Hendriksenpad richting S114,S114 richting Thijs Hendriksenpad ,1,2022-02-05,552,14.74
Diemerzeedijk,52.34374355,5.012412351,Thijs Hendriksenpad richting S114,S114 richting Thijs Hendriksenpad ,-1,2022-02-06,166,10.86
Diemerzeedijk,52.34374355,5.012412351,Thijs Hendriksenpad richting S114,S114 richting Thijs Hendriksenpad ,1,2022-02-06,164,11.96
Diemerzeedijk,52.34374355,5.012412351,Thijs Hendriksenpad richting S114,S114 richting Thijs Hendriksenpad ,-1,2022-02-07,43,15.05
Diemerzeedijk,52.34374355,5.012412351,Thijs Hendriksenpad richting S114,S114 richting Thijs Hendriksenpad ,1,2022-02-07,49,13.9
Diemerzeedijk,52.34374355,5.012412351,Thijs Hendriksenpad richting S114,S114 richting Thijs Hendriksenpad ,-1,2022-02-08,178,20.72
Diemerzeedijk,52.34374355,5.012412351,Thijs Hendriksenpad richting S114,S114 richting Thijs Hendriksenpad ,1,2022-02-08,176,16.69
Diemerzeedijk,52.34374355,5.012412351,Thijs Hendriksenpad richting S114,S114 richting Thijs Hendriksenpad ,-1,2022-02-09,295,19.37
Diemerzeedijk,52.34374355,5.012412351,Thijs Hendriksenpad richting S114,S114 richting Thijs Hendriksenpad ,1,2022-02-09,326,17.47
Diemerzeedijk,52.34374355,5.012412351,Thijs Hendriksenpad richting S114,S114 richting Thijs Hendriksenpad ,-1,2022-02-10,280,19.02
Diemerzeedijk,52.34374355,5.012412351,Thijs Hendriksenpad richting S114,S114 richting Thijs Hendriksenpad ,1,2022-02-10,272,16.85
Diemerzeedijk,52.34374355,5.012412351,Thijs Hendriksenpad richting S114,S114 richting Thijs Hendriksenpad ,-1,2022-02-11,392,20.51
Diemerzeedijk,52.34374355,5.012412351,Thijs Hendriksenpad richting S114,S114 richting Thijs Hendriksenpad ,1,2022-02-11,355,17.43
Diemerzeedijk,52.34374355,5.012412351,Thijs Hendriksenpad richting S114,S114 richting Thijs Hendriksenpad ,-1,2022-02-12,703,19.43
Diemerzeedijk,52.34374355,5.012412351,Thijs Hendriksenpad richting S114,S114 richting Thijs Hendriksenpad ,1,2022-02-12,559,16.83
Diemerzeedijk,52.34374355,5.012412351,Thijs Hendriksenpad richting S114,S114 richting Thijs Hendriksenpad ,-1,2022-02-13,526,19.3
Diemerzeedijk,52.34374355,5.012412351,Thijs Hendriksenpad richting S114,S114 richting Thijs Hendriksenpad ,1,2022-02-13,476,16.45
Diemerzeedijk,52.34374355,5.012412351,Thijs Hendriksenpad richting S114,S114 richting Thijs Hendriksenpad ,-1,2022-02-14,276,18.92
Diemerzeedijk,52.34374355,5.012412351,Thijs Hendriksenpad richting S114,S114 richting Thijs Hendriksenpad ,1,2022-02-14,255,16.63
Diemerzeedijk,52.34374355,5.012412351,Thijs Hendriksenpad richting S114,S114 richting Thijs Hendriksenpad ,-1,2022-02-15,225,19.48
Diemerzeedijk,52.34374355,5.012412351,Thijs Hendriksenpad richting S114,S114 richting Thijs Hendriksenpad ,1,2022-02-15,234,17.18
Diemerzeedijk,52.34374355,5.012412351,Thijs Hendriksenpad richting S114,S114 richting Thijs Hendriksenpad ,-1,2022-02-16,172,19.35
Diemerzeedijk,52.34374355,5.012412351,Thijs Hendriksenpad richting S114,S114 richting Thijs Hendriksenpad ,1,2022-02-16,212,17.09
Diemerzeedijk,52.34374355,5.012412351,Thijs Hendriksenpad richting S114,S114 richting Thijs Hendriksenpad ,-1,2022-02-17,184,20.18
Diemerzeedijk,52.34374355,5.012412351,Thijs Hendriksenpad richting S114,S114 richting Thijs Hendriksenpad ,1,2022-02-17,186,15.68
Diemerzeedijk,52.34374355,5.012412351,Thijs Hendriksenpad richting S114,S114 richting Thijs Hendriksenpad ,-1,2022-02-18,106,19.3
Diemerzeedijk,52.34374355,5.012412351,Thijs Hendriksenpad richting S114,S114 richting Thijs Hendriksenpad ,1,2022-02-18,123,16.18
Diemerzeedijk,52.34374355,5.012412351,Thijs Hendriksenpad richting S114,S114 richting Thijs Hendriksenpad ,-1,2022-02-19,229,19.47
Diemerzeedijk,52.34374355,5.012412351,Thijs Hendriksenpad richting S114,S114 richting Thijs Hendriksenpad ,1,2022-02-19,171,17.49
Diemerzeedijk,52.34374355,5.012412351,Thijs Hendriksenpad richting S114,S114 richting Thijs Hendriksenpad ,-1,2022-02-20,107,16.06
Diemerzeedijk,52.34374355,5.012412351,Thijs Hendriksenpad richting S114,S114 richting Thijs Hendriksenpad ,1,2022-02-20,70,15.59
Diemerzeedijk,52.34374355,5.012412351,Thijs Hendriksenpad richting S114,S114 richting Thijs Hendriksenpad ,-1,2022-02-21,58,20.34
Diemerzeedijk,52.34374355,5.012412351,Thijs Hendriksenpad richting S114,S114 richting Thijs Hendriksenpad ,1,2022-02-21,44,16.27
Diemerzeedijk,52.34374355,5.012412351,Thijs Hendriksenpad richting S114,S114 richting Thijs Hendriksenpad ,-1,2022-02-22,132,19.47
Diemerzeedijk,52.34374355,5.012412351,Thijs Hendriksenpad richting S114,S114 richting Thijs Hendriksenpad ,1,2022-02-22,135,17.67
Diemerzeedijk,52.34374355,5.012412351,Thijs Hendriksenpad richting S114,S114 richting Thijs Hendriksenpad ,-1,2022-02-23,391,19.66
Diemerzeedijk,52.34374355,5.012412351,Thijs Hendriksenpad richting S114,S114 richting Thijs Hendriksenpad ,1,2022-02-23,259,19.54
Diemerzeedijk,52.34374355,5.012412351,Thijs Hendriksenpad richting S114,S114 richting Thijs Hendriksenpad ,-1,2022-02-24,125,19.84
Diemerzeedijk,52.34374355,5.012412351,Thijs Hendriksenpad richting S114,S114 richting Thijs Hendriksenpad ,1,2022-02-24,112,19.28
Diemerzeedijk,52.34374355,5.012412351,Thijs Hendriksenpad richting S114,S114 richting Thijs Hendriksenpad ,-1,2022-02-25,186,20.03
Diemerzeedijk,52.34374355,5.012412351,Thijs Hendriksenpad richting S114,S114 richting Thijs Hendriksenpad ,1,2022-02-25,145,18.41
Diemerzeedijk,52.34374355,5.012412351,Thijs Hendriksenpad richting S114,S114 richting Thijs Hendriksenpad ,-1,2022-02-26,859,19.05
Diemerzeedijk,52.34374355,5.012412351,Thijs Hendriksenpad richting S114,S114 richting Thijs Hendriksenpad ,1,2022-02-26,416,18.59
Diemerzeedijk,52.34374355,5.012412351,Thijs Hendriksenpad richting S114,S114 richting Thijs Hendriksenpad ,-1,2022-02-27,1090,17.66
Diemerzeedijk,52.34374355,5.012412351,Thijs Hendriksenpad richting S114,S114 richting Thijs Hendriksenpad ,1,2022-02-27,545,18.6
Diemerzeedijk,52.34374355,5.012412351,Thijs Hendriksenpad richting S114,S114 richting Thijs Hendriksenpad ,-1,2022-02-28,416,19.65
Diemerzeedijk,52.34374355,5.012412351,Thijs Hendriksenpad richting S114,S114 richting Thijs Hendriksenpad ,1,2022-02-28,305,17.79
Diemerzeedijk,52.34374355,5.012412351,Thijs Hendriksenpad richting S114,S114 richting Thijs Hendriksenpad ,-1,2022-03-01,202,19.67
Diemerzeedijk,52.34374355,5.012412351,Thijs Hendriksenpad richting S114,S114 richting Thijs Hendriksenpad ,1,2022-03-01,174,18.78
Diemerzeedijk,52.34374355,5.012412351,Thijs Hendriksenpad richting S114,S114 richting Thijs Hendriksenpad ,-1,2022-03-02,489,19.62
Diemerzeedijk,52.34374355,5.012412351,Thijs Hendriksenpad richting S114,S114 richting Thijs Hendriksenpad ,1,2022-03-02,362,18.88
Diemerzeedijk,52.34374355,5.012412351,Thijs Hendriksenpad richting S114,S114 richting Thijs Hendriksenpad ,-1,2022-03-03,475,18.89
Diemerzeedijk,52.34374355,5.012412351,Thijs Hendriksenpad richting S114,S114 richting Thijs Hendriksenpad ,1,2022-03-03,371,19.75
Diemerzeedijk,52.34374355,5.012412351,Thijs Hendriksenpad richting S114,S114 richting Thijs Hendriksenpad ,-1,2022-03-04,572,18.44
Diemerzeedijk,52.34374355,5.012412351,Thijs Hendriksenpad richting S114,S114 richting Thijs Hendriksenpad ,1,2022-03-04,415,19.05
Diemerzeedijk,52.34374355,5.012412351,Thijs Hendriksenpad richting S114,S114 richting Thijs Hendriksenpad ,-1,2022-03-05,871,18.56
Diemerzeedijk,52.34374355,5.012412351,Thijs Hendriksenpad richting S114,S114 richting Thijs Hendriksenpad ,1,2022-03-05,548,17.63
Diemerzeedijk,52.34374355,5.012412351,Thijs Hendriksenpad richting S114,S114 richting Thijs Hendriksenpad ,-1,2022-03-06,764,17.38
Diemerzeedijk,52.34374355,5.012412351,Thijs Hendriksenpad richting S114,S114 richting Thijs Hendriksenpad ,1,2022-03-06,436,17.47
Diemerzeedijk,52.34374355,5.012412351,Thijs Hendriksenpad richting S114,S114 richting Thijs Hendriksenpad ,-1,2022-03-07,404,18.88
Diemerzeedijk,52.34374355,5.012412351,Thijs Hendriksenpad richting S114,S114 richting Thijs Hendriksenpad ,1,2022-03-07,263,19.61
Diemerzeedijk,52.34374355,5.012412351,Thijs Hendriksenpad richting S114,S114 richting Thijs Hendriksenpad ,-1,2022-03-08,447,19.2
Diemerzeedijk,52.34374355,5.012412351,Thijs Hendriksenpad richting S114,S114 richting Thijs Hendriksenpad ,1,2022-03-08,320,19.69
Diemerzeedijk,52.34374355,5.012412351,Thijs Hendriksenpad richting S114,S114 richting Thijs Hendriksenpad ,-1,2022-03-09,567,20.1
Diemerzeedijk,52.34374355,5.012412351,Thijs Hendriksenpad richting S114,S114 richting Thijs Hendriksenpad ,1,2022-03-09,384,19.2
Diemerzeedijk,52.34374355,5.012412351,Thijs Hendriksenpad richting S114,S114 richting Thijs Hendriksenpad ,-1,2022-03-10,571,19.16
Diemerzeedijk,52.34374355,5.012412351,Thijs Hendriksenpad richting S114,S114 richting Thijs Hendriksenpad ,1,2022-03-10,360,19.58
Diemerzeedijk,52.34374355,5.012412351,Thijs Hendriksenpad richting S114,S114 richting Thijs Hendriksenpad ,-1,2022-03-11,535,19.45
Diemerzeedijk,52.34374355,5.012412351,Thijs Hendriksenpad richting S114,S114 richting Thijs Hendriksenpad ,1,2022-03-11,335,19.95
Diemerzeedijk,52.34374355,5.012412351,Thijs Hendriksenpad richting S114,S114 richting Thijs Hendriksenpad ,-1,2022-03-12,799,18.5
Diemerzeedijk,52.34374355,5.012412351,Thijs Hendriksenpad richting S114,S114 richting Thijs Hendriksenpad ,1,2022-03-12,446,18.52
Diemerzeedijk,52.34374355,5.012412351,Thijs Hendriksenpad richting S114,S114 richting Thijs Hendriksenpad ,-1,2022-03-13,1100,18.87
Diemerzeedijk,52.34374355,5.012412351,Thijs Hendriksenpad richting S114,S114 richting Thijs Hendriksenpad ,1,2022-03-13,570,18.28
Diemerzeedijk,52.34374355,5.012412351,Thijs Hendriksenpad richting S114,S114 richting Thijs Hendriksenpad ,-1,2022-03-14,372,19.77
Diemerzeedijk,52.34374355,5.012412351,Thijs Hendriksenpad richting S114,S114 richting Thijs Hendriksenpad ,1,2022-03-14,247,18.67
Diemerzeedijk,52.34374355,5.012412351,Thijs Hendriksenpad richting S114,S114 richting Thijs Hendriksenpad ,-1,2022-03-15,569,19.21
Diemerzeedijk,52.34374355,5.012412351,Thijs Hendriksenpad richting S114,S114 richting Thijs Hendriksenpad ,1,2022-03-15,403,19.25
Diemerzeedijk,52.34374355,5.012412351,Thijs Hendriksenpad richting S114,S114 richting Thijs Hendriksenpad ,-1,2022-03-16,578,18.87
Diemerzeedijk,52.34374355,5.012412351,Thijs Hendriksenpad richting S114,S114 richting Thijs Hendriksenpad ,1,2022-03-16,322,20.05
Diemerzeedijk,52.34374355,5.012412351,Thijs Hendriksenpad richting S114,S114 richting Thijs Hendriksenpad ,-1,2022-03-17,440,19.81
Diemerzeedijk,52.34374355,5.012412351,Thijs Hendriksenpad richting S114,S114 richting Thijs Hendriksenpad ,1,2022-03-17,260,18.62
Diemerzeedijk,52.34374355,5.012412351,Thijs Hendriksenpad richting S114,S114 richting Thijs Hendriksenpad ,-1,2022-03-18,603,18.74
Diemerzeedijk,52.34374355,5.012412351,Thijs Hendriksenpad richting S114,S114 richting Thijs Hendriksenpad ,1,2022-03-18,389,19.05
Diemerzeedijk,52.34374355,5.012412351,Thijs Hendriksenpad richting S114,S114 richting Thijs Hendriksenpad ,-1,2022-03-19,888,19.07
Diemerzeedijk,52.34374355,5.012412351,Thijs Hendriksenpad richting S114,S114 richting Thijs Hendriksenpad ,1,2022-03-19,517,19.63
Diemerzeedijk,52.34374355,5.012412351,Thijs Hendriksenpad richting S114,S114 richting Thijs Hendriksenpad ,-1,2022-03-20,630,19.28
Diemerzeedijk,52.34374355,5.012412351,Thijs Hendriksenpad richting S114,S114 richting Thijs Hendriksenpad ,1,2022-03-20,389,19.49
Diemerzeedijk,52.34374355,5.012412351,Thijs Hendriksenpad richting S114,S114 richting Thijs Hendriksenpad ,-1,2022-03-21,538,18.97
Diemerzeedijk,52.34374355,5.012412351,Thijs Hendriksenpad richting S114,S114 richting Thijs Hendriksenpad ,1,2022-03-21,365,18.99
Diemerzeedijk,52.34374355,5.012412351,Thijs Hendriksenpad richting S114,S114 richting Thijs Hendriksenpad ,-1,2022-03-22,796,19.09
Diemerzeedijk,52.34374355,5.012412351,Thijs Hendriksenpad richting S114,S114 richting Thijs Hendriksenpad ,1,2022-03-22,478,18.55
Diemerzeedijk,52.34374355,5.012412351,Thijs Hendriksenpad richting S114,S114 richting Thijs Hendriksenpad ,-1,2022-03-23,831,20.21
Diemerzeedijk,52.34374355,5.012412351,Thijs Hendriksenpad richting S114,S114 richting Thijs Hendriksenpad ,1,2022-03-23,485,19.36
Diemerzeedijk,52.34374355,5.012412351,Thijs Hendriksenpad richting S114,S114 richting Thijs Hendriksenpad ,-1,2022-03-24,742,19.36
Diemerzeedijk,52.34374355,5.012412351,Thijs Hendriksenpad richting S114,S114 richting Thijs Hendriksenpad ,1,2022-03-24,469,19.42
Diemerzeedijk,52.34374355,5.012412351,Thijs Hendriksenpad richting S114,S114 richting Thijs Hendriksenpad ,-1,2022-03-25,656,18.73
Diemerzeedijk,52.34374355,5.012412351,Thijs Hendriksenpad richting S114,S114 richting Thijs Hendriksenpad ,1,2022-03-25,403,19.08
Diemerzeedijk,52.34374355,5.012412351,Thijs Hendriksenpad richting S114,S114 richting Thijs Hendriksenpad ,-1,2022-03-26,997,18.63
Diemerzeedijk,52.34374355,5.012412351,Thijs Hendriksenpad richting S114,S114 richting Thijs Hendriksenpad ,1,2022-03-26,560,17.94
Diemerzeedijk,52.34374355,5.012412351,Thijs Hendriksenpad richting S114,S114 richting Thijs Hendriksenpad ,-1,2022-03-27,1116,18.06
Diemerzeedijk,52.34374355,5.012412351,Thijs Hendriksenpad richting S114,S114 richting Thijs Hendriksenpad ,1,2022-03-27,599,17.44
Diemerzeedijk,52.34374355,5.012412351,Thijs Hendriksenpad richting S114,S114 richting Thijs Hendriksenpad ,-1,2022-03-28,448,18.56
Diemerzeedijk,52.34374355,5.012412351,Thijs Hendriksenpad richting S114,S114 richting Thijs Hendriksenpad ,1,2022-03-28,289,19.15
Diemerzeedijk,52.34374355,5.012412351,Thijs Hendriksenpad richting S114,S114 richting Thijs Hendriksenpad ,-1,2022-03-29,398,19.05
Diemerzeedijk,52.34374355,5.012412351,Thijs Hendriksenpad richting S114,S114 richting Thijs Hendriksenpad ,1,2022-03-29,278,18.68
Diemerzeedijk,52.34374355,5.012412351,Thijs Hendriksenpad richting S114,S114 richting Thijs Hendriksenpad ,-1,2022-03-30,421,19.45
Diemerzeedijk,52.34374355,5.012412351,Thijs Hendriksenpad richting S114,S114 richting Thijs Hendriksenpad ,1,2022-03-30,332,19.48
Diemerzeedijk,52.34374355,5.012412351,Thijs Hendriksenpad richting S114,S114 richting Thijs Hendriksenpad ,-1,2022-03-31,153,20.76
Diemerzeedijk,52.34374355,5.012412351,Thijs Hendriksenpad richting S114,S114 richting Thijs Hendriksenpad ,1,2022-03-31,141,19.77
Diemerzeedijk,52.34374355,5.012412351,Thijs Hendriksenpad richting S114,S114 richting Thijs Hendriksenpad ,-1,2022-04-01,126,17.02
Diemerzeedijk,52.34374355,5.012412351,Thijs Hendriksenpad richting S114,S114 richting Thijs Hendriksenpad ,1,2022-04-01,183,16.89
Diemerzeedijk,52.34374355,5.012412351,Thijs Hendriksenpad richting S114,S114 richting Thijs Hendriksenpad ,-1,2022-04-02,399,17.76
Diemerzeedijk,52.34374355,5.012412351,Thijs Hendriksenpad richting S114,S114 richting Thijs Hendriksenpad ,1,2022-04-02,278,18.09
Diemerzeedijk,52.34374355,5.012412351,Thijs Hendriksenpad richting S114,S114 richting Thijs Hendriksenpad ,-1,2022-04-03,418,18.59
Diemerzeedijk,52.34374355,5.012412351,Thijs Hendriksenpad richting S114,S114 richting Thijs Hendriksenpad ,1,2022-04-03,304,16.4
Diemerzeedijk,52.34374355,5.012412351,Thijs Hendriksenpad richting S114,S114 richting Thijs Hendriksenpad ,-1,2022-04-04,118,19.82
Diemerzeedijk,52.34374355,5.012412351,Thijs Hendriksenpad richting S114,S114 richting Thijs Hendriksenpad ,1,2022-04-04,66,17.98
Diemerzeedijk,52.34374355,5.012412351,Thijs Hendriksenpad richting S114,S114 richting Thijs Hendriksenpad ,-1,2022-04-05,170,19.46
Diemerzeedijk,52.34374355,5.012412351,Thijs Hendriksenpad richting S114,S114 richting Thijs Hendriksenpad ,1,2022-04-05,104,17.7
Diemerzeedijk,52.34374355,5.012412351,Thijs Hendriksenpad richting S114,S114 richting Thijs Hendriksenpad ,-1,2022-04-06,200,19.78
Diemerzeedijk,52.34374355,5.012412351,Thijs Hendriksenpad richting S114,S114 richting Thijs Hendriksenpad ,1,2022-04-06,102,19.26
Diemerzeedijk,52.34374355,5.012412351,Thijs Hendriksenpad richting S114,S114 richting Thijs Hendriksenpad ,-1,2022-04-07,139,20.29
Diemerzeedijk,52.34374355,5.012412351,Thijs Hendriksenpad richting S114,S114 richting Thijs Hendriksenpad ,1,2022-04-07,88,16.15
Diemerzeedijk,52.34374355,5.012412351,Thijs Hendriksenpad richting S114,S114 richting Thijs Hendriksenpad ,-1,2022-04-08,287,20.69
Diemerzeedijk,52.34374355,5.012412351,Thijs Hendriksenpad richting S114,S114 richting Thijs Hendriksenpad ,1,2022-04-08,155,18.38
Diemerzeedijk,52.34374355,5.012412351,Thijs Hendriksenpad richting S114,S114 richting Thijs Hendriksenpad ,-1,2022-04-09,246,20.48
Diemerzeedijk,52.34374355,5.012412351,Thijs Hendriksenpad richting S114,S114 richting Thijs Hendriksenpad ,1,2022-04-09,137,17.09
Diemerzeedijk,52.34374355,5.012412351,Thijs Hendriksenpad richting S114,S114 richting Thijs Hendriksenpad ,-1,2022-04-10,1098,16.36
Diemerzeedijk,52.34374355,5.012412351,Thijs Hendriksenpad richting S114,S114 richting Thijs Hendriksenpad ,1,2022-04-10,358,16.68
Diemerzeedijk,52.34374355,5.012412351,Thijs Hendriksenpad richting S114,S114 richting Thijs Hendriksenpad ,-1,2022-04-11,576,19.42
Diemerzeedijk,52.34374355,5.012412351,Thijs Hendriksenpad richting S114,S114 richting Thijs Hendriksenpad ,1,2022-04-11,253,19.93
Diemerzeedijk,52.34374355,5.012412351,Thijs Hendriksenpad richting S114,S114 richting Thijs Hendriksenpad ,-1,2022-04-12,805,20.1
Diemerzeedijk,52.34374355,5.012412351,Thijs Hendriksenpad richting S114,S114 richting Thijs Hendriksenpad ,1,2022-04-12,327,19.11
Diemerzeedijk,52.34374355,5.012412351,Thijs Hendriksenpad richting S114,S114 richting Thijs Hendriksenpad ,-1,2022-04-13,584,20.02
Diemerzeedijk,52.34374355,5.012412351,Thijs Hendriksenpad richting S114,S114 richting Thijs Hendriksenpad ,1,2022-04-13,223,19.67
Diemerzeedijk,52.34374355,5.012412351,Thijs Hendriksenpad richting S114,S114 richting Thijs Hendriksenpad ,-1,2022-04-14,597,20.7
Diemerzeedijk,52.34374355,5.012412351,Thijs Hendriksenpad richting S114,S114 richting Thijs Hendriksenpad ,1,2022-04-14,293,18.86
Diemerzeedijk,52.34374355,5.012412351,Thijs Hendriksenpad richting S114,S114 richting Thijs Hendriksenpad ,-1,2022-04-15,536,19.74
Diemerzeedijk,52.34374355,5.012412351,Thijs Hendriksenpad richting S114,S114 richting Thijs Hendriksenpad ,1,2022-04-15,329,20.09
Diemerzeedijk,52.34374355,5.012412351,Thijs Hendriksenpad richting S114,S114 richting Thijs Hendriksenpad ,-1,2022-04-16,1180,18.61
Diemerzeedijk,52.34374355,5.012412351,Thijs Hendriksenpad richting S114,S114 richting Thijs Hendriksenpad ,1,2022-04-16,405,18.99
Diemerzeedijk,52.34374355,5.012412351,Thijs Hendriksenpad richting S114,S114 richting Thijs Hendriksenpad ,-1,2022-04-17,1443,17.48
Diemerzeedijk,52.34374355,5.012412351,Thijs Hendriksenpad richting S114,S114 richting Thijs Hendriksenpad ,1,2022-04-17,459,17.75
Diemerzeedijk,52.34374355,5.012412351,Thijs Hendriksenpad richting S114,S114 richting Thijs Hendriksenpad ,-1,2022-04-18,1528,18.24
Diemerzeedijk,52.34374355,5.012412351,Thijs Hendriksenpad richting S114,S114 richting Thijs Hendriksenpad ,1,2022-04-18,452,18.43
Diemerzeedijk,52.34374355,5.012412351,Thijs Hendriksenpad richting S114,S114 richting Thijs Hendriksenpad ,-1,2022-04-19,618,19.17
Diemerzeedijk,52.34374355,5.012412351,Thijs Hendriksenpad richting S114,S114 richting Thijs Hendriksenpad ,1,2022-04-19,378,17.7
Diemerzeedijk,52.34374355,5.012412351,Thijs Hendriksenpad richting S114,S114 richting Thijs Hendriksenpad ,-1,2022-04-20,616,19.53
Diemerzeedijk,52.34374355,5.012412351,Thijs Hendriksenpad richting S114,S114 richting Thijs Hendriksenpad ,1,2022-04-20,373,18.66
Diemerzeedijk,52.34374355,5.012412351,Thijs Hendriksenpad richting S114,S114 richting Thijs Hendriksenpad ,-1,2022-04-21,556,19.24
Diemerzeedijk,52.34374355,5.012412351,Thijs Hendriksenpad richting S114,S114 richting Thijs Hendriksenpad ,1,2022-04-21,292,19.58
Diemerzeedijk,52.34374355,5.012412351,Thijs Hendriksenpad richting S114,S114 richting Thijs Hendriksenpad ,-1,2022-04-22,471,18.87
Diemerzeedijk,52.34374355,5.012412351,Thijs Hendriksenpad richting S114,S114 richting Thijs Hendriksenpad ,1,2022-04-22,340,18.91
Diemerzeedijk,52.34374355,5.012412351,Thijs Hendriksenpad richting S114,S114 richting Thijs Hendriksenpad ,-1,2022-04-23,926,18.65
Diemerzeedijk,52.34374355,5.012412351,Thijs Hendriksenpad richting S114,S114 richting Thijs Hendriksenpad ,1,2022-04-23,421,19.17
Diemerzeedijk,52.34374355,5.012412351,Thijs Hendriksenpad richting S114,S114 richting Thijs Hendriksenpad ,-1,2022-04-24,832,17.35
Diemerzeedijk,52.34374355,5.012412351,Thijs Hendriksenpad richting S114,S114 richting Thijs Hendriksenpad ,1,2022-04-24,539,17.3
Diemerzeedijk,52.34374355,5.012412351,Thijs Hendriksenpad richting S114,S114 richting Thijs Hendriksenpad ,-1,2022-04-25,259,18.33
Diemerzeedijk,52.34374355,5.012412351,Thijs Hendriksenpad richting S114,S114 richting Thijs Hendriksenpad ,1,2022-04-25,163,17.83
Diemerzeedijk,52.34374355,5.012412351,Thijs Hendriksenpad richting S114,S114 richting Thijs Hendriksenpad ,-1,2022-04-26,374,19.21
Diemerzeedijk,52.34374355,5.012412351,Thijs Hendriksenpad richting S114,S114 richting Thijs Hendriksenpad ,1,2022-04-26,239,18.08
Diemerzeedijk,52.34374355,5.012412351,Thijs Hendriksenpad richting S114,S114 richting Thijs Hendriksenpad ,-1,2022-04-27,496,19.82
Diemerzeedijk,52.34374355,5.012412351,Thijs Hendriksenpad richting S114,S114 richting Thijs Hendriksenpad ,1,2022-04-27,251,18.47
Diemerzeedijk,52.34374355,5.012412351,Thijs Hendriksenpad richting S114,S114 richting Thijs Hendriksenpad ,-1,2022-04-28,488,18.13
Diemerzeedijk,52.34374355,5.012412351,Thijs Hendriksenpad richting S114,S114 richting Thijs Hendriksenpad ,1,2022-04-28,251,18.26
Diemerzeedijk,52.34374355,5.012412351,Thijs Hendriksenpad richting S114,S114 richting Thijs Hendriksenpad ,-1,2022-04-29,330,19.78
Diemerzeedijk,52.34374355,5.012412351,Thijs Hendriksenpad richting S114,S114 richting Thijs Hendriksenpad ,1,2022-04-29,263,18.01
Diemerzeedijk,52.34374355,5.012412351,Thijs Hendriksenpad richting S114,S114 richting Thijs Hendriksenpad ,-1,2022-04-30,473,19.85
Diemerzeedijk,52.34374355,5.012412351,Thijs Hendriksenpad richting S114,S114 richting Thijs Hendriksenpad ,1,2022-04-30,285,17.88
Diemerzeedijk,52.34374355,5.012412351,Thijs Hendriksenpad richting S114,S114 richting Thijs Hendriksenpad ,-1,2022-05-01,1042,18.96
Diemerzeedijk,52.34374355,5.012412351,Thijs Hendriksenpad richting S114,S114 richting Thijs Hendriksenpad ,1,2022-05-01,445,18.1
Diemerzeedijk,52.34374355,5.012412351,Thijs Hendriksenpad richting S114,S114 richting Thijs Hendriksenpad ,-1,2022-05-02,761,18.56
Diemerzeedijk,52.34374355,5.012412351,Thijs Hendriksenpad richting S114,S114 richting Thijs Hendriksenpad ,1,2022-05-02,368,18.63
Diemerzeedijk,52.34374355,5.012412351,Thijs Hendriksenpad richting S114,S114 richting Thijs Hendriksenpad ,-1,2022-05-03,359,18.92
Diemerzeedijk,52.34374355,5.012412351,Thijs Hendriksenpad richting S114,S114 richting Thijs Hendriksenpad ,1,2022-05-03,248,19.19
Diemerzeedijk,52.34374355,5.012412351,Thijs Hendriksenpad richting S114,S114 richting Thijs Hendriksenpad ,-1,2022-05-04,508,19.06
Diemerzeedijk,52.34374355,5.012412351,Thijs Hendriksenpad richting S114,S114 richting Thijs Hendriksenpad ,1,2022-05-04,299,18.22
Diemerzeedijk,52.34374355,5.012412351,Thijs Hendriksenpad richting S114,S114 richting Thijs Hendriksenpad ,-1,2022-05-05,615,18.67
Diemerzeedijk,52.34374355,5.012412351,Thijs Hendriksenpad richting S114,S114 richting Thijs Hendriksenpad ,1,2022-05-05,300,17.8
Diemerzeedijk,52.34374355,5.012412351,Thijs Hendriksenpad richting S114,S114 richting Thijs Hendriksenpad ,-1,2022-05-06,747,19.17
Diemerzeedijk,52.34374355,5.012412351,Thijs Hendriksenpad richting S114,S114 richting Thijs Hendriksenpad ,1,2022-05-06,355,17.04
Diemerzeedijk,52.34374355,5.012412351,Thijs Hendriksenpad richting S114,S114 richting Thijs Hendriksenpad ,-1,2022-05-07,814,18.71
Diemerzeedijk,52.34374355,5.012412351,Thijs Hendriksenpad richting S114,S114 richting Thijs Hendriksenpad ,1,2022-05-07,471,18.52
Diemerzeedijk,52.34374355,5.012412351,Thijs Hendriksenpad richting S114,S114 richting Thijs Hendriksenpad ,-1,2022-05-08,1171,18.91
Diemerzeedijk,52.34374355,5.012412351,Thijs Hendriksenpad richting S114,S114 richting Thijs Hendriksenpad ,1,2022-05-08,524,17.96
Diemerzeedijk,52.34374355,5.012412351,Thijs Hendriksenpad richting S114,S114 richting Thijs Hendriksenpad ,-1,2022-05-09,807,19.77
Diemerzeedijk,52.34374355,5.012412351,Thijs Hendriksenpad richting S114,S114 richting Thijs Hendriksenpad ,1,2022-05-09,349,19.12
Diemerzeedijk,52.34374355,5.012412351,Thijs Hendriksenpad richting S114,S114 richting Thijs Hendriksenpad ,-1,2022-05-10,497,20.42
Diemerzeedijk,52.34374355,5.012412351,Thijs Hendriksenpad richting S114,S114 richting Thijs Hendriksenpad ,1,2022-05-10,239,18.75
Diemerzeedijk,52.34374355,5.012412351,Thijs Hendriksenpad richting S114,S114 richting Thijs Hendriksenpad ,-1,2022-05-11,507,20.24
Diemerzeedijk,52.34374355,5.012412351,Thijs Hendriksenpad richting S114,S114 richting Thijs Hendriksenpad ,1,2022-05-11,202,19.57
Diemerzeedijk,52.34374355,5.012412351,Thijs Hendriksenpad richting S114,S114 richting Thijs Hendriksenpad ,-1,2022-05-12,533,20.23
Diemerzeedijk,52.34374355,5.012412351,Thijs Hendriksenpad richting S114,S114 richting Thijs Hendriksenpad ,1,2022-05-12,270,19.65
Diemerzeedijk,52.34374355,5.012412351,Thijs Hendriksenpad richting S114,S114 richting Thijs Hendriksenpad ,-1,2022-05-13,414,20.91
Diemerzeedijk,52.34374355,5.012412351,Thijs Hendriksenpad richting S114,S114 richting Thijs Hendriksenpad ,1,2022-05-13,197,19.07
Diemerzeedijk,52.34374355,5.012412351,Thijs Hendriksenpad richting S114,S114 richting Thijs Hendriksenpad ,-1,2022-05-14,1330,18.46
Diemerzeedijk,52.34374355,5.012412351,Thijs Hendriksenpad richting S114,S114 richting Thijs Hendriksenpad ,1,2022-05-14,565,17.52
Diemerzeedijk,52.34374355,5.012412351,Thijs Hendriksenpad richting S114,S114 richting Thijs Hendriksenpad ,-1,2022-05-15,1676,18.71
Diemerzeedijk,52.34374355,5.012412351,Thijs Hendriksenpad richting S114,S114 richting Thijs Hendriksenpad ,1,2022-05-15,784,18.38
Diemerzeedijk,52.34374355,5.012412351,Thijs Hendriksenpad richting S114,S114 richting Thijs Hendriksenpad ,-1,2022-05-16,425,19.51
Diemerzeedijk,52.34374355,5.012412351,Thijs Hendriksenpad richting S114,S114 richting Thijs Hendriksenpad ,1,2022-05-16,263,18.53
Diemerzeedijk,52.34374355,5.012412351,Thijs Hendriksenpad richting S114,S114 richting Thijs Hendriksenpad ,-1,2022-05-17,709,20.29
Diemerzeedijk,52.34374355,5.012412351,Thijs Hendriksenpad richting S114,S114 richting Thijs Hendriksenpad ,1,2022-05-17,321,19.25
Diemerzeedijk,52.34374355,5.012412351,Thijs Hendriksenpad richting S114,S114 richting Thijs Hendriksenpad ,-1,2022-05-18,872,19.75
Diemerzeedijk,52.34374355,5.012412351,Thijs Hendriksenpad richting S114,S114 richting Thijs Hendriksenpad ,1,2022-05-18,307,18.25
Diemerzeedijk,52.34374355,5.012412351,Thijs Hendriksenpad richting S114,S114 richting Thijs Hendriksenpad ,-1,2022-05-19,398,19.74
Diemerzeedijk,52.34374355,5.012412351,Thijs Hendriksenpad richting S114,S114 richting Thijs Hendriksenpad ,1,2022-05-19,186,17.24
Diemerzeedijk,52.34374355,5.012412351,Thijs Hendriksenpad richting S114,S114 richting Thijs Hendriksenpad ,-1,2022-05-20,365,19.81
Diemerzeedijk,52.34374355,5.012412351,Thijs Hendriksenpad richting S114,S114 richting Thijs Hendriksenpad ,1,2022-05-20,176,18.94
Diemerzeedijk,52.34374355,5.012412351,Thijs Hendriksenpad richting S114,S114 richting Thijs Hendriksenpad ,-1,2022-05-21,754,19.84
Diemerzeedijk,52.34374355,5.012412351,Thijs Hendriksenpad richting S114,S114 richting Thijs Hendriksenpad ,1,2022-05-21,268,16.76
Diemerzeedijk,52.34374355,5.012412351,Thijs Hendriksenpad richting S114,S114 richting Thijs Hendriksenpad ,-1,2022-05-22,1695,18.72
Diemerzeedijk,52.34374355,5.012412351,Thijs Hendriksenpad richting S114,S114 richting Thijs Hendriksenpad ,1,2022-05-22,560,18.38
Diemerzeedijk,52.34374355,5.012412351,Thijs Hendriksenpad richting S114,S114 richting Thijs Hendriksenpad ,-1,2022-05-23,350,20.39
Diemerzeedijk,52.34374355,5.012412351,Thijs Hendriksenpad richting S114,S114 richting Thijs Hendriksenpad ,1,2022-05-23,185,18.3
Diemerzeedijk,52.34374355,5.012412351,Thijs Hendriksenpad richting S114,S114 richting Thijs Hendriksenpad ,-1,2022-05-24,359,20.38
Diemerzeedijk,52.34374355,5.012412351,Thijs Hendriksenpad richting S114,S114 richting Thijs Hendriksenpad ,1,2022-05-24,168,17.71
Diemerzeedijk,52.34374355,5.012412351,Thijs Hendriksenpad richting S114,S114 richting Thijs Hendriksenpad ,-1,2022-05-25,496,19.87
Diemerzeedijk,52.34374355,5.012412351,Thijs Hendriksenpad richting S114,S114 richting Thijs Hendriksenpad ,1,2022-05-25,150,16.95
Diemerzeedijk,52.34374355,5.012412351,Thijs Hendriksenpad richting S114,S114 richting Thijs Hendriksenpad ,-1,2022-05-26,1037,19.28
Diemerzeedijk,52.34374355,5.012412351,Thijs Hendriksenpad richting S114,S114 richting Thijs Hendriksenpad ,1,2022-05-26,291,16.53
Diemerzeedijk,52.34374355,5.012412351,Thijs Hendriksenpad richting S114,S114 richting Thijs Hendriksenpad ,-1,2022-05-27,593,19.07
Diemerzeedijk,52.34374355,5.012412351,Thijs Hendriksenpad richting S114,S114 richting Thijs Hendriksenpad ,1,2022-05-27,220,16.06
Diemerzeedijk,52.34374355,5.012412351,Thijs Hendriksenpad richting S114,S114 richting Thijs Hendriksenpad ,-1,2022-05-28,857,19.54
Diemerzeedijk,52.34374355,5.012412351,Thijs Hendriksenpad richting S114,S114 richting Thijs Hendriksenpad ,1,2022-05-28,243,17.06
Diemerzeedijk,52.34374355,5.012412351,Thijs Hendriksenpad richting S114,S114 richting Thijs Hendriksenpad ,-1,2022-05-29,656,18.64
Diemerzeedijk,52.34374355,5.012412351,Thijs Hendriksenpad richting S114,S114 richting Thijs Hendriksenpad ,1,2022-05-29,260,17.79
Diemerzeedijk,52.34374355,5.012412351,Thijs Hendriksenpad richting S114,S114 richting Thijs Hendriksenpad ,-1,2022-05-30,540,19.01
Diemerzeedijk,52.34374355,5.012412351,Thijs Hendriksenpad richting S114,S114 richting Thijs Hendriksenpad ,1,2022-05-30,242,17.47
Diemerzeedijk,52.34374355,5.012412351,Thijs Hendriksenpad richting S114,S114 richting Thijs Hendriksenpad ,-1,2022-05-31,466,19.97
Diemerzeedijk,52.34374355,5.012412351,Thijs Hendriksenpad richting S114,S114 richting Thijs Hendriksenpad ,1,2022-05-31,233,19.15
Diemerzeedijk,52.34374355,5.012412351,Thijs Hendriksenpad richting S114,S114 richting Thijs Hendriksenpad ,-1,2022-06-01,641,18.21
Diemerzeedijk,52.34374355,5.012412351,Thijs Hendriksenpad richting S114,S114 richting Thijs Hendriksenpad ,1,2022-06-01,188,18.28
Diemerzeedijk,52.34374355,5.012412351,Thijs Hendriksenpad richting S114,S114 richting Thijs Hendriksenpad ,-1,2022-06-02,841,18.36
Diemerzeedijk,52.34374355,5.012412351,Thijs Hendriksenpad richting S114,S114 richting Thijs Hendriksenpad ,1,2022-06-02,320,18.26
Diemerzeedijk,52.34374355,5.012412351,Thijs Hendriksenpad richting S114,S114 richting Thijs Hendriksenpad ,-1,2022-06-03,787,19.62
Diemerzeedijk,52.34374355,5.012412351,Thijs Hendriksenpad richting S114,S114 richting Thijs Hendriksenpad ,1,2022-06-03,394,18.11
Diemerzeedijk,52.34374355,5.012412351,Thijs Hendriksenpad richting S114,S114 richting Thijs Hendriksenpad ,-1,2022-06-04,844,18.71
Diemerzeedijk,52.34374355,5.012412351,Thijs Hendriksenpad richting S114,S114 richting Thijs Hendriksenpad ,1,2022-06-04,565,18.03
Diemerzeedijk,52.34374355,5.012412351,Thijs Hendriksenpad richting S114,S114 richting Thijs Hendriksenpad ,-1,2022-06-05,440,19.68
Diemerzeedijk,52.34374355,5.012412351,Thijs Hendriksenpad richting S114,S114 richting Thijs Hendriksenpad ,1,2022-06-05,251,18.16
Diemerzeedijk,52.34374355,5.012412351,Thijs Hendriksenpad richting S114,S114 richting Thijs Hendriksenpad ,-1,2022-06-06,303,18.38
Diemerzeedijk,52.34374355,5.012412351,Thijs Hendriksenpad richting S114,S114 richting Thijs Hendriksenpad ,1,2022-06-06,143,15.69
Diemerzeedijk,52.34374355,5.012412351,Thijs Hendriksenpad richting S114,S114 richting Thijs Hendriksenpad ,-1,2022-06-07,540,20.57
Diemerzeedijk,52.34374355,5.012412351,Thijs Hendriksenpad richting S114,S114 richting Thijs Hendriksenpad ,1,2022-06-07,200,17.74
Diemerzeedijk,52.34374355,5.012412351,Thijs Hendriksenpad richting S114,S114 richting Thijs Hendriksenpad ,-1,2022-06-08,267,18.93
Diemerzeedijk,52.34374355,5.012412351,Thijs Hendriksenpad richting S114,S114 richting Thijs Hendriksenpad ,1,2022-06-08,142,18.92
Diemerzeedijk,52.34374355,5.012412351,Thijs Hendriksenpad richting S114,S114 richting Thijs Hendriksenpad ,-1,2022-06-09,682,19.58
Diemerzeedijk,52.34374355,5.012412351,Thijs Hendriksenpad richting S114,S114 richting Thijs Hendriksenpad ,1,2022-06-09,215,17.19
Diemerzeedijk,52.34374355,5.012412351,Thijs Hendriksenpad richting S114,S114 richting Thijs Hendriksenpad ,-1,2022-06-10,518,20.35
Diemerzeedijk,52.34374355,5.012412351,Thijs Hendriksenpad richting S114,S114 richting Thijs Hendriksenpad ,1,2022-06-10,173,18.43
Diemerzeedijk,52.34374355,5.012412351,Thijs Hendriksenpad richting S114,S114 richting Thijs Hendriksenpad ,-1,2022-06-11,1112,19.39
Diemerzeedijk,52.34374355,5.012412351,Thijs Hendriksenpad richting S114,S114 richting Thijs Hendriksenpad ,1,2022-06-11,289,16.51
Diemerzeedijk,52.34374355,5.012412351,Thijs Hendriksenpad richting S114,S114 richting Thijs Hendriksenpad ,-1,2022-06-12,1275,18.33
Diemerzeedijk,52.34374355,5.012412351,Thijs Hendriksenpad richting S114,S114 richting Thijs Hendriksenpad ,1,2022-06-12,357,16.7
Diemerzeedijk,52.34374355,5.012412351,Thijs Hendriksenpad richting S114,S114 richting Thijs Hendriksenpad ,-1,2022-06-13,549,20.05
Diemerzeedijk,52.34374355,5.012412351,Thijs Hendriksenpad richting S114,S114 richting Thijs Hendriksenpad ,1,2022-06-13,230,16.86
Diemerzeedijk,52.34374355,5.012412351,Thijs Hendriksenpad richting S114,S114 richting Thijs Hendriksenpad ,-1,2022-06-14,738,20.05
Diemerzeedijk,52.34374355,5.012412351,Thijs Hendriksenpad richting S114,S114 richting Thijs Hendriksenpad ,1,2022-06-14,293,17.55
Diemerzeedijk,52.34374355,5.012412351,Thijs Hendriksenpad richting S114,S114 richting Thijs Hendriksenpad ,-1,2022-06-15,850,19.4
Diemerzeedijk,52.34374355,5.012412351,Thijs Hendriksenpad richting S114,S114 richting Thijs Hendriksenpad ,1,2022-06-15,335,18.63
Diemerzeedijk,52.34374355,5.012412351,Thijs Hendriksenpad richting S114,S114 richting Thijs Hendriksenpad ,-1,2022-06-16,941,19.58
Diemerzeedijk,52.34374355,5.012412351,Thijs Hendriksenpad richting S114,S114 richting Thijs Hendriksenpad ,1,2022-06-16,277,19.22
Diemerzeedijk,52.34374355,5.012412351,Thijs Hendriksenpad richting S114,S114 richting Thijs Hendriksenpad ,-1,2022-06-17,895,19.3
Diemerzeedijk,52.34374355,5.012412351,Thijs Hendriksenpad richting S114,S114 richting Thijs Hendriksenpad ,1,2022-06-17,250,17.32
Diemerzeedijk,52.34374355,5.012412351,Thijs Hendriksenpad richting S114,S114 richting Thijs Hendriksenpad ,-1,2022-06-18,1193,18.77
Diemerzeedijk,52.34374355,5.012412351,Thijs Hendriksenpad richting S114,S114 richting Thijs Hendriksenpad ,1,2022-06-18,461,18.82
Diemerzeedijk,52.34374355,5.012412351,Thijs Hendriksenpad richting S114,S114 richting Thijs Hendriksenpad ,-1,2022-06-19,602,18.14
Diemerzeedijk,52.34374355,5.012412351,Thijs Hendriksenpad richting S114,S114 richting Thijs Hendriksenpad ,1,2022-06-19,275,16.04
Diemerzeedijk,52.34374355,5.012412351,Thijs Hendriksenpad richting S114,S114 richting Thijs Hendriksenpad ,-1,2022-06-20,596,19.57
Diemerzeedijk,52.34374355,5.012412351,Thijs Hendriksenpad richting S114,S114 richting Thijs Hendriksenpad ,1,2022-06-20,221,18.05
Diemerzeedijk,52.34374355,5.012412351,Thijs Hendriksenpad richting S114,S114 richting Thijs Hendriksenpad ,-1,2022-06-21,841,19.05
Diemerzeedijk,52.34374355,5.012412351,Thijs Hendriksenpad richting S114,S114 richting Thijs Hendriksenpad ,1,2022-06-21,315,19.13
Diemerzeedijk,52.34374355,5.012412351,Thijs Hendriksenpad richting S114,S114 richting Thijs Hendriksenpad ,-1,2022-06-22,831,19.15
Diemerzeedijk,52.34374355,5.012412351,Thijs Hendriksenpad richting S114,S114 richting Thijs Hendriksenpad ,1,2022-06-22,337,18.8
Diemerzeedijk,52.34374355,5.012412351,Thijs Hendriksenpad richting S114,S114 richting Thijs Hendriksenpad ,-1,2022-06-23,862,20.05
Diemerzeedijk,52.34374355,5.012412351,Thijs Hendriksenpad richting S114,S114 richting Thijs Hendriksenpad ,1,2022-06-23,315,19.26
Diemerzeedijk,52.34374355,5.012412351,Thijs Hendriksenpad richting S114,S114 richting Thijs Hendriksenpad ,-1,2022-06-24,478,18.18
Diemerzeedijk,52.34374355,5.012412351,Thijs Hendriksenpad richting S114,S114 richting Thijs Hendriksenpad ,1,2022-06-24,203,17.3
Diemerzeedijk,52.34374355,5.012412351,Thijs Hendriksenpad richting S114,S114 richting Thijs Hendriksenpad ,-1,2022-06-25,737,20.01
Diemerzeedijk,52.34374355,5.012412351,Thijs Hendriksenpad richting S114,S114 richting Thijs Hendriksenpad ,1,2022-06-25,253,17.69
Diemerzeedijk,52.34374355,5.012412351,Thijs Hendriksenpad richting S114,S114 richting Thijs Hendriksenpad ,-1,2022-06-26,1185,18.96
Diemerzeedijk,52.34374355,5.012412351,Thijs Hendriksenpad richting S114,S114 richting Thijs Hendriksenpad ,1,2022-06-26,354,17.03
Diemerzeedijk,52.34374355,5.012412351,Thijs Hendriksenpad richting S114,S114 richting Thijs Hendriksenpad ,-1,2022-06-27,421,19.65
Diemerzeedijk,52.34374355,5.012412351,Thijs Hendriksenpad richting S114,S114 richting Thijs Hendriksenpad ,1,2022-06-27,189,17.31
Diemerzeedijk,52.34374355,5.012412351,Thijs Hendriksenpad richting S114,S114 richting Thijs Hendriksenpad ,-1,2022-06-28,855,19.75
Diemerzeedijk,52.34374355,5.012412351,Thijs Hendriksenpad richting S114,S114 richting Thijs Hendriksenpad ,1,2022-06-28,252,19.94
Diemerzeedijk,52.34374355,5.012412351,Thijs Hendriksenpad richting S114,S114 richting Thijs Hendriksenpad ,-1,2022-06-29,887,20.0
Diemerzeedijk,52.34374355,5.012412351,Thijs Hendriksenpad richting S114,S114 richting Thijs Hendriksenpad ,1,2022-06-29,317,19.0
Diemerzeedijk,52.34374355,5.012412351,Thijs Hendriksenpad richting S114,S114 richting Thijs Hendriksenpad ,-1,2022-06-30,575,19.41
Diemerzeedijk,52.34374355,5.012412351,Thijs Hendriksenpad richting S114,S114 richting Thijs Hendriksenpad ,1,2022-06-30,192,18.2
Diemerzeedijk,52.34374355,5.012412351,Thijs Hendriksenpad richting S114,S114 richting Thijs Hendriksenpad ,-1,2022-07-01,463,20.37
Diemerzeedijk,52.34374355,5.012412351,Thijs Hendriksenpad richting S114,S114 richting Thijs Hendriksenpad ,1,2022-07-01,187,16.95
Diemerzeedijk,52.34374355,5.012412351,Thijs Hendriksenpad richting S114,S114 richting Thijs Hendriksenpad ,-1,2022-07-02,1085,18.73
Diemerzeedijk,52.34374355,5.012412351,Thijs Hendriksenpad richting S114,S114 richting Thijs Hendriksenpad ,1,2022-07-02,273,17.11
Diemerzeedijk,52.34374355,5.012412351,Thijs Hendriksenpad richting S114,S114 richting Thijs Hendriksenpad ,-1,2022-07-03,1059,19.38
Diemerzeedijk,52.34374355,5.012412351,Thijs Hendriksenpad richting S114,S114 richting Thijs Hendriksenpad ,1,2022-07-03,296,17.61
Diemerzeedijk,52.34374355,5.012412351,Thijs Hendriksenpad richting S114,S114 richting Thijs Hendriksenpad ,-1,2022-07-04,686,20.0
Diemerzeedijk,52.34374355,5.012412351,Thijs Hendriksenpad richting S114,S114 richting Thijs Hendriksenpad ,1,2022-07-04,247,17.82
Diemerzeedijk,52.34374355,5.012412351,Thijs Hendriksenpad richting S114,S114 richting Thijs Hendriksenpad ,-1,2022-07-05,631,20.82
Diemerzeedijk,52.34374355,5.012412351,Thijs Hendriksenpad richting S114,S114 richting Thijs Hendriksenpad ,1,2022-07-05,245,17.73
Diemerzeedijk,52.34374355,5.012412351,Thijs Hendriksenpad richting S114,S114 richting Thijs Hendriksenpad ,-1,2022-07-06,725,19.68
Diemerzeedijk,52.34374355,5.012412351,Thijs Hendriksenpad richting S114,S114 richting Thijs Hendriksenpad ,1,2022-07-06,186,18.47
Diemerzeedijk,52.34374355,5.012412351,Thijs Hendriksenpad richting S114,S114 richting Thijs Hendriksenpad ,-1,2022-07-07,386,19.75
Diemerzeedijk,52.34374355,5.012412351,Thijs Hendriksenpad richting S114,S114 richting Thijs Hendriksenpad ,1,2022-07-07,215,17.86
Diemerzeedijk,52.34374355,5.012412351,Thijs Hendriksenpad richting S114,S114 richting Thijs Hendriksenpad ,-1,2022-07-08,730,19.4
Diemerzeedijk,52.34374355,5.012412351,Thijs Hendriksenpad richting S114,S114 richting Thijs Hendriksenpad ,1,2022-07-08,281,18.15
Diemerzeedijk,52.34374355,5.012412351,Thijs Hendriksenpad richting S114,S114 richting Thijs Hendriksenpad ,-1,2022-07-09,645,18.74
Diemerzeedijk,52.34374355,5.012412351,Thijs Hendriksenpad richting S114,S114 richting Thijs Hendriksenpad ,1,2022-07-09,328,18.09
Diemerzeedijk,52.34374355,5.012412351,Thijs Hendriksenpad richting S114,S114 richting Thijs Hendriksenpad ,-1,2022-07-10,774,18.53
Diemerzeedijk,52.34374355,5.012412351,Thijs Hendriksenpad richting S114,S114 richting Thijs Hendriksenpad ,1,2022-07-10,419,17.35
Diemerzeedijk,52.34374355,5.012412351,Thijs Hendriksenpad richting S114,S114 richting Thijs Hendriksenpad ,-1,2022-07-11,695,18.97
Diemerzeedijk,52.34374355,5.012412351,Thijs Hendriksenpad richting S114,S114 richting Thijs Hendriksenpad ,1,2022-07-11,309,18.12
Diemerzeedijk,52.34374355,5.012412351,Thijs Hendriksenpad richting S114,S114 richting Thijs Hendriksenpad ,-1,2022-07-12,869,19.02
Diemerzeedijk,52.34374355,5.012412351,Thijs Hendriksenpad richting S114,S114 richting Thijs Hendriksenpad ,1,2022-07-12,271,18.0
Diemerzeedijk,52.34374355,5.012412351,Thijs Hendriksenpad richting S114,S114 richting Thijs Hendriksenpad ,-1,2022-07-13,814,19.3
Diemerzeedijk,52.34374355,5.012412351,Thijs Hendriksenpad richting S114,S114 richting Thijs Hendriksenpad ,1,2022-07-13,248,18.6
Diemerzeedijk,52.34374355,5.012412351,Thijs Hendriksenpad richting S114,S114 richting Thijs Hendriksenpad ,-1,2022-07-14,761,19.46
Diemerzeedijk,52.34374355,5.012412351,Thijs Hendriksenpad richting S114,S114 richting Thijs Hendriksenpad ,1,2022-07-14,275,18.45
Diemerzeedijk,52.34374355,5.012412351,Thijs Hendriksenpad richting S114,S114 richting Thijs Hendriksenpad ,-1,2022-07-15,737,19.96
Diemerzeedijk,52.34374355,5.012412351,Thijs Hendriksenpad richting S114,S114 richting Thijs Hendriksenpad ,1,2022-07-15,207,18.28
Diemerzeedijk,52.34374355,5.012412351,Thijs Hendriksenpad richting S114,S114 richting Thijs Hendriksenpad ,-1,2022-07-16,1067,18.52
Diemerzeedijk,52.34374355,5.012412351,Thijs Hendriksenpad richting S114,S114 richting Thijs Hendriksenpad ,1,2022-07-16,310,17.67
Diemerzeedijk,52.34374355,5.012412351,Thijs Hendriksenpad richting S114,S114 richting Thijs Hendriksenpad ,-1,2022-07-17,1469,18.55
Diemerzeedijk,52.34374355,5.012412351,Thijs Hendriksenpad richting S114,S114 richting Thijs Hendriksenpad ,1,2022-07-17,420,17.14
Diemerzeedijk,52.34374355,5.012412351,Thijs Hendriksenpad richting S114,S114 richting Thijs Hendriksenpad ,-1,2022-07-18,654,19.6
Diemerzeedijk,52.34374355,5.012412351,Thijs Hendriksenpad richting S114,S114 richting Thijs Hendriksenpad ,1,2022-07-18,252,17.75
Diemerzeedijk,52.34374355,5.012412351,Thijs Hendriksenpad richting S114,S114 richting Thijs Hendriksenpad ,-1,2022-07-19,467,19.64
Diemerzeedijk,52.34374355,5.012412351,Thijs Hendriksenpad richting S114,S114 richting Thijs Hendriksenpad ,1,2022-07-19,210,18.61
Diemerzeedijk,52.34374355,5.012412351,Thijs Hendriksenpad richting S114,S114 richting Thijs Hendriksenpad ,-1,2022-07-20,602,19.52
Diemerzeedijk,52.34374355,5.012412351,Thijs Hendriksenpad richting S114,S114 richting Thijs Hendriksenpad ,1,2022-07-20,199,17.43
Diemerzeedijk,52.34374355,5.012412351,Thijs Hendriksenpad richting S114,S114 richting Thijs Hendriksenpad ,-1,2022-07-21,237,20.53
Diemerzeedijk,52.34374355,5.012412351,Thijs Hendriksenpad richting S114,S114 richting Thijs Hendriksenpad ,1,2022-07-21,96,16.94
Diemerzeedijk,52.34374355,5.012412351,Thijs Hendriksenpad richting S114,S114 richting Thijs Hendriksenpad ,-1,2022-07-22,600,18.69
Diemerzeedijk,52.34374355,5.012412351,Thijs Hendriksenpad richting S114,S114 richting Thijs Hendriksenpad ,1,2022-07-22,246,17.48
Diemerzeedijk,52.34374355,5.012412351,Thijs Hendriksenpad richting S114,S114 richting Thijs Hendriksenpad ,-1,2022-07-23,1118,18.16
Diemerzeedijk,52.34374355,5.012412351,Thijs Hendriksenpad richting S114,S114 richting Thijs Hendriksenpad ,1,2022-07-23,362,18.28
Diemerzeedijk,52.34374355,5.012412351,Thijs Hendriksenpad richting S114,S114 richting Thijs Hendriksenpad ,-1,2022-07-24,1274,18.26
Diemerzeedijk,52.34374355,5.012412351,Thijs Hendriksenpad richting S114,S114 richting Thijs Hendriksenpad ,1,2022-07-24,287,17.75
Diemerzeedijk,52.34374355,5.012412351,Thijs Hendriksenpad richting S114,S114 richting Thijs Hendriksenpad ,-1,2022-07-25,465,20.11
Diemerzeedijk,52.34374355,5.012412351,Thijs Hendriksenpad richting S114,S114 richting Thijs Hendriksenpad ,1,2022-07-25,171,17.02
Diemerzeedijk,52.34374355,5.012412351,Thijs Hendriksenpad richting S114,S114 richting Thijs Hendriksenpad ,-1,2022-07-26,543,18.89
Diemerzeedijk,52.34374355,5.012412351,Thijs Hendriksenpad richting S114,S114 richting Thijs Hendriksenpad ,1,2022-07-26,209,17.33
Diemerzeedijk,52.34374355,5.012412351,Thijs Hendriksenpad richting S114,S114 richting Thijs Hendriksenpad ,-1,2022-07-27,671,18.55
Diemerzeedijk,52.34374355,5.012412351,Thijs Hendriksenpad richting S114,S114 richting Thijs Hendriksenpad ,1,2022-07-27,239,17.1
Diemerzeedijk,52.34374355,5.012412351,Thijs Hendriksenpad richting S114,S114 richting Thijs Hendriksenpad ,-1,2022-07-28,612,18.73
Diemerzeedijk,52.34374355,5.012412351,Thijs Hendriksenpad richting S114,S114 richting Thijs Hendriksenpad ,1,2022-07-28,217,17.37
Diemerzeedijk,52.34374355,5.012412351,Thijs Hendriksenpad richting S114,S114 richting Thijs Hendriksenpad ,-1,2022-07-29,801,17.96
Diemerzeedijk,52.34374355,5.012412351,Thijs Hendriksenpad richting S114,S114 richting Thijs Hendriksenpad ,1,2022-07-29,298,16.68
Diemerzeedijk,52.34374355,5.012412351,Thijs Hendriksenpad richting S114,S114 richting Thijs Hendriksenpad ,-1,2022-07-30,1122,18.35
Diemerzeedijk,52.34374355,5.012412351,Thijs Hendriksenpad richting S114,S114 richting Thijs Hendriksenpad ,1,2022-07-30,290,17.0
Diemerzeedijk,52.34374355,5.012412351,Thijs Hendriksenpad richting S114,S114 richting Thijs Hendriksenpad ,-1,2022-07-31,292,18.34
Diemerzeedijk,52.34374355,5.012412351,Thijs Hendriksenpad richting S114,S114 richting Thijs Hendriksenpad ,1,2022-07-31,115,17.01
Diemerzeedijk,52.34374355,5.012412351,Thijs Hendriksenpad richting S114,S114 richting Thijs Hendriksenpad ,-1,2022-08-01,600,18.57
Diemerzeedijk,52.34374355,5.012412351,Thijs Hendriksenpad richting S114,S114 richting Thijs Hendriksenpad ,1,2022-08-01,256,17.29
Diemerzeedijk,52.34374355,5.012412351,Thijs Hendriksenpad richting S114,S114 richting Thijs Hendriksenpad ,-1,2022-08-02,792,18.55
Diemerzeedijk,52.34374355,5.012412351,Thijs Hendriksenpad richting S114,S114 richting Thijs Hendriksenpad ,1,2022-08-02,210,17.35
Diemerzeedijk,52.34374355,5.012412351,Thijs Hendriksenpad richting S114,S114 richting Thijs Hendriksenpad ,-1,2022-08-03,710,19.47
Diemerzeedijk,52.34374355,5.012412351,Thijs Hendriksenpad richting S114,S114 richting Thijs Hendriksenpad ,1,2022-08-03,226,18.31
Diemerzeedijk,52.34374355,5.012412351,Thijs Hendriksenpad richting S114,S114 richting Thijs Hendriksenpad ,-1,2022-08-04,695,18.94
Diemerzeedijk,52.34374355,5.012412351,Thijs Hendriksenpad richting S114,S114 richting Thijs Hendriksenpad ,1,2022-08-04,217,16.89
Diemerzeedijk,52.34374355,5.012412351,Thijs Hendriksenpad richting S114,S114 richting Thijs Hendriksenpad ,-1,2022-08-05,595,18.9
Diemerzeedijk,52.34374355,5.012412351,Thijs Hendriksenpad richting S114,S114 richting Thijs Hendriksenpad ,1,2022-08-05,221,15.8
Diemerzeedijk,52.34374355,5.012412351,Thijs Hendriksenpad richting S114,S114 richting Thijs Hendriksenpad ,-1,2022-08-06,826,18.51
Diemerzeedijk,52.34374355,5.012412351,Thijs Hendriksenpad richting S114,S114 richting Thijs Hendriksenpad ,1,2022-08-06,263,17.48
Diemerzeedijk,52.34374355,5.012412351,Thijs Hendriksenpad richting S114,S114 richting Thijs Hendriksenpad ,-1,2022-08-07,1254,17.91
Diemerzeedijk,52.34374355,5.012412351,Thijs Hendriksenpad richting S114,S114 richting Thijs Hendriksenpad ,1,2022-08-07,259,16.73
Diemerzeedijk,52.34374355,5.012412351,Thijs Hendriksenpad richting S114,S114 richting Thijs Hendriksenpad ,-1,2022-08-08,645,18.78
Diemerzeedijk,52.34374355,5.012412351,Thijs Hendriksenpad richting S114,S114 richting Thijs Hendriksenpad ,1,2022-08-08,239,16.96
Diemerzeedijk,52.34374355,5.012412351,Thijs Hendriksenpad richting S114,S114 richting Thijs Hendriksenpad ,-1,2022-08-09,901,18.39
Diemerzeedijk,52.34374355,5.012412351,Thijs Hendriksenpad richting S114,S114 richting Thijs Hendriksenpad ,1,2022-08-09,320,17.52
Diemerzeedijk,52.34374355,5.012412351,Thijs Hendriksenpad richting S114,S114 richting Thijs Hendriksenpad ,-1,2022-08-10,775,18.96
Diemerzeedijk,52.34374355,5.012412351,Thijs Hendriksenpad richting S114,S114 richting Thijs Hendriksenpad ,1,2022-08-10,287,16.86
Diemerzeedijk,52.34374355,5.012412351,Thijs Hendriksenpad richting S114,S114 richting Thijs Hendriksenpad ,-1,2022-08-11,792,18.36
Diemerzeedijk,52.34374355,5.012412351,Thijs Hendriksenpad richting S114,S114 richting Thijs Hendriksenpad ,1,2022-08-11,226,18.11
Diemerzeedijk,52.34374355,5.012412351,Thijs Hendriksenpad richting S114,S114 richting Thijs Hendriksenpad ,-1,2022-08-12,688,19.07
Diemerzeedijk,52.34374355,5.012412351,Thijs Hendriksenpad richting S114,S114 richting Thijs Hendriksenpad ,1,2022-08-12,247,17.23
Diemerzeedijk,52.34374355,5.012412351,Thijs Hendriksenpad richting S114,S114 richting Thijs Hendriksenpad ,-1,2022-08-13,889,19.41
Diemerzeedijk,52.34374355,5.012412351,Thijs Hendriksenpad richting S114,S114 richting Thijs Hendriksenpad ,1,2022-08-13,305,17.92
Diemerzeedijk,52.34374355,5.012412351,Thijs Hendriksenpad richting S114,S114 richting Thijs Hendriksenpad ,-1,2022-08-14,970,18.92
Diemerzeedijk,52.34374355,5.012412351,Thijs Hendriksenpad richting S114,S114 richting Thijs Hendriksenpad ,1,2022-08-14,268,17.55
Diemerzeedijk,52.34374355,5.012412351,Thijs Hendriksenpad richting S114,S114 richting Thijs Hendriksenpad ,-1,2022-08-15,569,19.05
Diemerzeedijk,52.34374355,5.012412351,Thijs Hendriksenpad richting S114,S114 richting Thijs Hendriksenpad ,1,2022-08-15,173,17.13
Diemerzeedijk,52.34374355,5.012412351,Thijs Hendriksenpad richting S114,S114 richting Thijs Hendriksenpad ,-1,2022-08-16,721,19.0
Diemerzeedijk,52.34374355,5.012412351,Thijs Hendriksenpad richting S114,S114 richting Thijs Hendriksenpad ,1,2022-08-16,198,17.59
Diemerzeedijk,52.34374355,5.012412351,Thijs Hendriksenpad richting S114,S114 richting Thijs Hendriksenpad ,-1,2022-08-17,205,18.54
Diemerzeedijk,52.34374355,5.012412351,Thijs Hendriksenpad richting S114,S114 richting Thijs Hendriksenpad ,1,2022-08-17,102,15.96
Diemerzeedijk,52.34374355,5.012412351,Thijs Hendriksenpad richting S114,S114 richting Thijs Hendriksenpad ,-1,2022-08-18,622,18.26
Diemerzeedijk,52.34374355,5.012412351,Thijs Hendriksenpad richting S114,S114 richting Thijs Hendriksenpad ,1,2022-08-18,567,16.42
Diemerzeedijk,52.34374355,5.012412351,Thijs Hendriksenpad richting S114,S114 richting Thijs Hendriksenpad ,-1,2022-08-19,536,19.22
Diemerzeedijk,52.34374355,5.012412351,Thijs Hendriksenpad richting S114,S114 richting Thijs Hendriksenpad ,1,2022-08-19,820,15.28
Diemerzeedijk,52.34374355,5.012412351,Thijs Hendriksenpad richting S114,S114 richting Thijs Hendriksenpad ,-1,2022-08-20,1153,18.52
Diemerzeedijk,52.34374355,5.012412351,Thijs Hendriksenpad richting S114,S114 richting Thijs Hendriksenpad ,1,2022-08-20,964,15.79
Diemerzeedijk,52.34374355,5.012412351,Thijs Hendriksenpad richting S114,S114 richting Thijs Hendriksenpad ,-1,2022-08-21,791,18.01
Diemerzeedijk,52.34374355,5.012412351,Thijs Hendriksenpad richting S114,S114 richting Thijs Hendriksenpad ,1,2022-08-21,951,15.19
Diemerzeedijk,52.34374355,5.012412351,Thijs Hendriksenpad richting S114,S114 richting Thijs Hendriksenpad ,-1,2022-08-22,793,18.91
Diemerzeedijk,52.34374355,5.012412351,Thijs Hendriksenpad richting S114,S114 richting Thijs Hendriksenpad ,1,2022-08-22,931,16.58
Diemerzeedijk,52.34374355,5.012412351,Thijs Hendriksenpad richting S114,S114 richting Thijs Hendriksenpad ,-1,2022-08-23,846,18.35
Diemerzeedijk,52.34374355,5.012412351,Thijs Hendriksenpad richting S114,S114 richting Thijs Hendriksenpad ,1,2022-08-23,939,16.45
Diemerzeedijk,52.34374355,5.012412351,Thijs Hendriksenpad richting S114,S114 richting Thijs Hendriksenpad ,-1,2022-08-24,903,19.64
Diemerzeedijk,52.34374355,5.012412351,Thijs Hendriksenpad richting S114,S114 richting Thijs Hendriksenpad ,1,2022-08-24,1172,16.74
Diemerzeedijk,52.34374355,5.012412351,Thijs Hendriksenpad richting S114,S114 richting Thijs Hendriksenpad ,-1,2022-08-25,661,18.32
Diemerzeedijk,52.34374355,5.012412351,Thijs Hendriksenpad richting S114,S114 richting Thijs Hendriksenpad ,1,2022-08-25,839,17.14
Diemerzeedijk,52.34374355,5.012412351,Thijs Hendriksenpad richting S114,S114 richting Thijs Hendriksenpad ,-1,2022-08-26,412,18.97
Diemerzeedijk,52.34374355,5.012412351,Thijs Hendriksenpad richting S114,S114 richting Thijs Hendriksenpad ,1,2022-08-26,396,16.65
Diemerzeedijk,52.34374355,5.012412351,Thijs Hendriksenpad richting S114,S114 richting Thijs Hendriksenpad ,-1,2022-08-27,649,19.12
Diemerzeedijk,52.34374355,5.012412351,Thijs Hendriksenpad richting S114,S114 richting Thijs Hendriksenpad ,1,2022-08-27,500,17.22
Diemerzeedijk,52.34374355,5.012412351,Thijs Hendriksenpad richting S114,S114 richting Thijs Hendriksenpad ,-1,2022-08-28,346,16.04
Diemerzeedijk,52.34374355,5.012412351,Thijs Hendriksenpad richting S114,S114 richting Thijs Hendriksenpad ,1,2022-08-28,267,15.63
Diemerzeedijk,52.34374355,5.012412351,Thijs Hendriksenpad richting S114,S114 richting Thijs Hendriksenpad ,-1,2022-08-29,462,17.52
Diemerzeedijk,52.34374355,5.012412351,Thijs Hendriksenpad richting S114,S114 richting Thijs Hendriksenpad ,1,2022-08-29,419,17.63
Diemerzeedijk,52.34374355,5.012412351,Thijs Hendriksenpad richting S114,S114 richting Thijs Hendriksenpad ,-1,2022-08-30,367,18.12
Diemerzeedijk,52.34374355,5.012412351,Thijs Hendriksenpad richting S114,S114 richting Thijs Hendriksenpad ,1,2022-08-30,370,18.24
Diemerzeedijk,52.34374355,5.012412351,Thijs Hendriksenpad richting S114,S114 richting Thijs Hendriksenpad ,-1,2022-08-31,333,17.83
Diemerzeedijk,52.34374355,5.012412351,Thijs Hendriksenpad richting S114,S114 richting Thijs Hendriksenpad ,1,2022-08-31,431,17.55
Diemerzeedijk,52.34374355,5.012412351,Thijs Hendriksenpad richting S114,S114 richting Thijs Hendriksenpad ,-1,2022-09-01,280,18.0
Diemerzeedijk,52.34374355,5.012412351,Thijs Hendriksenpad richting S114,S114 richting Thijs Hendriksenpad ,1,2022-09-01,236,19.24
Diemerzeedijk,52.34374355,5.012412351,Thijs Hendriksenpad richting S114,S114 richting Thijs Hendriksenpad ,-1,2022-09-02,500,18.9
Diemerzeedijk,52.34374355,5.012412351,Thijs Hendriksenpad richting S114,S114 richting Thijs Hendriksenpad ,1,2022-09-02,372,18.01
Diemerzeedijk,52.34374355,5.012412351,Thijs Hendriksenpad richting S114,S114 richting Thijs Hendriksenpad ,-1,2022-09-03,453,17.18
Diemerzeedijk,52.34374355,5.012412351,Thijs Hendriksenpad richting S114,S114 richting Thijs Hendriksenpad ,1,2022-09-03,258,17.6
Diemerzeedijk,52.34374355,5.012412351,Thijs Hendriksenpad richting S114,S114 richting Thijs Hendriksenpad ,-1,2022-09-04,431,18.83
Diemerzeedijk,52.34374355,5.012412351,Thijs Hendriksenpad richting S114,S114 richting Thijs Hendriksenpad ,1,2022-09-04,236,15.7
Diemerzeedijk,52.34374355,5.012412351,Thijs Hendriksenpad richting S114,S114 richting Thijs Hendriksenpad ,-1,2022-09-05,310,19.06
Diemerzeedijk,52.34374355,5.012412351,Thijs Hendriksenpad richting S114,S114 richting Thijs Hendriksenpad ,1,2022-09-05,306,17.83
Diemerzeedijk,52.34374355,5.012412351,Thijs Hendriksenpad richting S114,S114 richting Thijs Hendriksenpad ,-1,2022-09-06,256,18.7
Diemerzeedijk,52.34374355,5.012412351,Thijs Hendriksenpad richting S114,S114 richting Thijs Hendriksenpad ,1,2022-09-06,258,18.72
Diemerzeedijk,52.34374355,5.012412351,Thijs Hendriksenpad richting S114,S114 richting Thijs Hendriksenpad ,-1,2022-09-07,549,17.0
Diemerzeedijk,52.34374355,5.012412351,Thijs Hendriksenpad richting S114,S114 richting Thijs Hendriksenpad ,1,2022-09-07,324,17.72
Diemerzeedijk,52.34374355,5.012412351,Thijs Hendriksenpad richting S114,S114 richting Thijs Hendriksenpad ,-1,2022-09-08,414,18.87
Diemerzeedijk,52.34374355,5.012412351,Thijs Hendriksenpad richting S114,S114 richting Thijs Hendriksenpad ,1,2022-09-08,387,17.01
Diemerzeedijk,52.34374355,5.012412351,Thijs Hendriksenpad richting S114,S114 richting Thijs Hendriksenpad ,-1,2022-09-09,574,19.95
Diemerzeedijk,52.34374355,5.012412351,Thijs Hendriksenpad richting S114,S114 richting Thijs Hendriksenpad ,1,2022-09-09,599,16.71
Diemerzeedijk,52.34374355,5.012412351,Thijs Hendriksenpad richting S114,S114 richting Thijs Hendriksenpad ,-1,2022-09-10,540,17.01
Diemerzeedijk,52.34374355,5.012412351,Thijs Hendriksenpad richting S114,S114 richting Thijs Hendriksenpad ,1,2022-09-10,396,14.8
Diemerzeedijk,52.34374355,5.012412351,Thijs Hendriksenpad richting S114,S114 richting Thijs Hendriksenpad ,-1,2022-09-11,423,17.88
Diemerzeedijk,52.34374355,5.012412351,Thijs Hendriksenpad richting S114,S114 richting Thijs Hendriksenpad ,1,2022-09-11,366,16.7
Diemerzeedijk,52.34374355,5.012412351,Thijs Hendriksenpad richting S114,S114 richting Thijs Hendriksenpad ,-1,2022-09-12,329,19.73
Diemerzeedijk,52.34374355,5.012412351,Thijs Hendriksenpad richting S114,S114 richting Thijs Hendriksenpad ,1,2022-09-12,316,17.41
Diemerzeedijk,52.34374355,5.012412351,Thijs Hendriksenpad richting S114,S114 richting Thijs Hendriksenpad ,-1,2022-09-13,403,19.36
Diemerzeedijk,52.34374355,5.012412351,Thijs Hendriksenpad richting S114,S114 richting Thijs Hendriksenpad ,1,2022-09-13,400,17.26
Diemerzeedijk,52.34374355,5.012412351,Thijs Hendriksenpad richting S114,S114 richting Thijs Hendriksenpad ,-1,2022-09-14,657,19.18
Diemerzeedijk,52.34374355,5.012412351,Thijs Hendriksenpad richting S114,S114 richting Thijs Hendriksenpad ,1,2022-09-14,532,18.39
Diemerzeedijk,52.34374355,5.012412351,Thijs Hendriksenpad richting S114,S114 richting Thijs Hendriksenpad ,-1,2022-09-15,535,19.14
Diemerzeedijk,52.34374355,5.012412351,Thijs Hendriksenpad richting S114,S114 richting Thijs Hendriksenpad ,1,2022-09-15,333,17.39
Diemerzeedijk,52.34374355,5.012412351,Thijs Hendriksenpad richting S114,S114 richting Thijs Hendriksenpad ,-1,2022-09-16,426,20.96
Diemerzeedijk,52.34374355,5.012412351,Thijs Hendriksenpad richting S114,S114 richting Thijs Hendriksenpad ,1,2022-09-16,241,15.93
Diemerzeedijk,52.34374355,5.012412351,Thijs Hendriksenpad richting S114,S114 richting Thijs Hendriksenpad ,-1,2022-09-17,447,18.61
Diemerzeedijk,52.34374355,5.012412351,Thijs Hendriksenpad richting S114,S114 richting Thijs Hendriksenpad ,1,2022-09-17,234,16.16
Diemerzeedijk,52.34374355,5.012412351,Thijs Hendriksenpad richting S114,S114 richting Thijs Hendriksenpad ,-1,2022-09-18,336,18.97
Diemerzeedijk,52.34374355,5.012412351,Thijs Hendriksenpad richting S114,S114 richting Thijs Hendriksenpad ,1,2022-09-18,213,14.54
Diemerzeedijk,52.34374355,5.012412351,Thijs Hendriksenpad richting S114,S114 richting Thijs Hendriksenpad ,-1,2022-09-19,485,18.61
Diemerzeedijk,52.34374355,5.012412351,Thijs Hendriksenpad richting S114,S114 richting Thijs Hendriksenpad ,1,2022-09-19,232,17.59
Diemerzeedijk,52.34374355,5.012412351,Thijs Hendriksenpad richting S114,S114 richting Thijs Hendriksenpad ,-1,2022-09-20,554,19.55
Diemerzeedijk,52.34374355,5.012412351,Thijs Hendriksenpad richting S114,S114 richting Thijs Hendriksenpad ,1,2022-09-20,298,17.19
Diemerzeedijk,52.34374355,5.012412351,Thijs Hendriksenpad richting S114,S114 richting Thijs Hendriksenpad ,-1,2022-09-21,830,19.12
Diemerzeedijk,52.34374355,5.012412351,Thijs Hendriksenpad richting S114,S114 richting Thijs Hendriksenpad ,1,2022-09-21,689,17.55
Diemerzeedijk,52.34374355,5.012412351,Thijs Hendriksenpad richting S114,S114 richting Thijs Hendriksenpad ,-1,2022-09-22,1053,18.53
Diemerzeedijk,52.34374355,5.012412351,Thijs Hendriksenpad richting S114,S114 richting Thijs Hendriksenpad ,1,2022-09-22,610,17.66
Diemerzeedijk,52.34374355,5.012412351,Thijs Hendriksenpad richting S114,S114 richting Thijs Hendriksenpad ,-1,2022-09-23,620,19.45
Diemerzeedijk,52.34374355,5.012412351,Thijs Hendriksenpad richting S114,S114 richting Thijs Hendriksenpad ,1,2022-09-23,379,16.94
Diemerzeedijk,52.34374355,5.012412351,Thijs Hendriksenpad richting S114,S114 richting Thijs Hendriksenpad ,-1,2022-09-24,487,17.21
Diemerzeedijk,52.34374355,5.012412351,Thijs Hendriksenpad richting S114,S114 richting Thijs Hendriksenpad ,1,2022-09-24,254,16.59
Diemerzeedijk,52.34374355,5.012412351,Thijs Hendriksenpad richting S114,S114 richting Thijs Hendriksenpad ,-1,2022-09-25,1245,18.61
Diemerzeedijk,52.34374355,5.012412351,Thijs Hendriksenpad richting S114,S114 richting Thijs Hendriksenpad ,1,2022-09-25,736,16.12
Diemerzeedijk,52.34374355,5.012412351,Thijs Hendriksenpad richting S114,S114 richting Thijs Hendriksenpad ,-1,2022-09-26,299,19.77
Diemerzeedijk,52.34374355,5.012412351,Thijs Hendriksenpad richting S114,S114 richting Thijs Hendriksenpad ,1,2022-09-26,186,18.48
Diemerzeedijk,52.34374355,5.012412351,Thijs Hendriksenpad richting S114,S114 richting Thijs Hendriksenpad ,-1,2022-09-27,203,20.44
Diemerzeedijk,52.34374355,5.012412351,Thijs Hendriksenpad richting S114,S114 richting Thijs Hendriksenpad ,1,2022-09-27,128,17.91
Diemerzeedijk,52.34374355,5.012412351,Thijs Hendriksenpad richting S114,S114 richting Thijs Hendriksenpad ,-1,2022-09-28,425,18.48
Diemerzeedijk,52.34374355,5.012412351,Thijs Hendriksenpad richting S114,S114 richting Thijs Hendriksenpad ,1,2022-09-28,249,17.35
Diemerzeedijk,52.34374355,5.012412351,Thijs Hendriksenpad richting S114,S114 richting Thijs Hendriksenpad ,-1,2022-09-29,614,18.82
Diemerzeedijk,52.34374355,5.012412351,Thijs Hendriksenpad richting S114,S114 richting Thijs Hendriksenpad ,1,2022-09-29,434,17.67
Diemerzeedijk,52.34374355,5.012412351,Thijs Hendriksenpad richting S114,S114 richting Thijs Hendriksenpad ,-1,2022-09-30,513,19.36
Diemerzeedijk,52.34374355,5.012412351,Thijs Hendriksenpad richting S114,S114 richting Thijs Hendriksenpad ,1,2022-09-30,329,17.66
Diemerzeedijk,52.34374355,5.012412351,Thijs Hendriksenpad richting S114,S114 richting Thijs Hendriksenpad ,-1,2022-10-01,583,18.48
Diemerzeedijk,52.34374355,5.012412351,Thijs Hendriksenpad richting S114,S114 richting Thijs Hendriksenpad ,1,2022-10-01,303,16.43
Diemerzeedijk,52.34374355,5.012412351,Thijs Hendriksenpad richting S114,S114 richting Thijs Hendriksenpad ,-1,2022-10-02,1213,18.91
Diemerzeedijk,52.34374355,5.012412351,Thijs Hendriksenpad richting S114,S114 richting Thijs Hendriksenpad ,1,2022-10-02,453,16.38
Diemerzeedijk,52.34374355,5.012412351,Thijs Hendriksenpad richting S114,S114 richting Thijs Hendriksenpad ,-1,2022-10-03,626,19.48
Diemerzeedijk,52.34374355,5.012412351,Thijs Hendriksenpad richting S114,S114 richting Thijs Hendriksenpad ,1,2022-10-03,325,17.77
Diemerzeedijk,52.34374355,5.012412351,Thijs Hendriksenpad richting S114,S114 richting Thijs Hendriksenpad ,-1,2022-10-04,684,19.26
Diemerzeedijk,52.34374355,5.012412351,Thijs Hendriksenpad richting S114,S114 richting Thijs Hendriksenpad ,1,2022-10-04,302,18.08
Diemerzeedijk,52.34374355,5.012412351,Thijs Hendriksenpad richting S114,S114 richting Thijs Hendriksenpad ,-1,2022-10-05,495,18.15
Diemerzeedijk,52.34374355,5.012412351,Thijs Hendriksenpad richting S114,S114 richting Thijs Hendriksenpad ,1,2022-10-05,198,17.72
Diemerzeedijk,52.34374355,5.012412351,Thijs Hendriksenpad richting S114,S114 richting Thijs Hendriksenpad ,-1,2022-10-06,631,19.26
Diemerzeedijk,52.34374355,5.012412351,Thijs Hendriksenpad richting S114,S114 richting Thijs Hendriksenpad ,1,2022-10-06,263,18.46
Diemerzeedijk,52.34374355,5.012412351,Thijs Hendriksenpad richting S114,S114 richting Thijs Hendriksenpad ,-1,2022-10-07,576,19.0
Diemerzeedijk,52.34374355,5.012412351,Thijs Hendriksenpad richting S114,S114 richting Thijs Hendriksenpad ,1,2022-10-07,258,16.74
Diemerzeedijk,52.34374355,5.012412351,Thijs Hendriksenpad richting S114,S114 richting Thijs Hendriksenpad ,-1,2022-10-08,623,19.5
Diemerzeedijk,52.34374355,5.012412351,Thijs Hendriksenpad richting S114,S114 richting Thijs Hendriksenpad ,1,2022-10-08,329,16.52
Diemerzeedijk,52.34374355,5.012412351,Thijs Hendriksenpad richting S114,S114 richting Thijs Hendriksenpad ,-1,2022-10-09,1291,17.74
Diemerzeedijk,52.34374355,5.012412351,Thijs Hendriksenpad richting S114,S114 richting Thijs Hendriksenpad ,1,2022-10-09,455,16.76
Diemerzeedijk,52.34374355,5.012412351,Thijs Hendriksenpad richting S114,S114 richting Thijs Hendriksenpad ,-1,2022-10-10,327,19.67
Diemerzeedijk,52.34374355,5.012412351,Thijs Hendriksenpad richting S114,S114 richting Thijs Hendriksenpad ,1,2022-10-10,139,18.5
Diemerzeedijk,52.34374355,5.012412351,Thijs Hendriksenpad richting S114,S114 richting Thijs Hendriksenpad ,-1,2022-10-11,585,19.36
Diemerzeedijk,52.34374355,5.012412351,Thijs Hendriksenpad richting S114,S114 richting Thijs Hendriksenpad ,1,2022-10-11,253,17.66
Diemerzeedijk,52.34374355,5.012412351,Thijs Hendriksenpad richting S114,S114 richting Thijs Hendriksenpad ,-1,2022-10-12,594,19.03
Diemerzeedijk,52.34374355,5.012412351,Thijs Hendriksenpad richting S114,S114 richting Thijs Hendriksenpad ,1,2022-10-12,215,18.21
Diemerzeedijk,52.34374355,5.012412351,Thijs Hendriksenpad richting S114,S114 richting Thijs Hendriksenpad ,-1,2022-10-13,371,20.59
Diemerzeedijk,52.34374355,5.012412351,Thijs Hendriksenpad richting S114,S114 richting Thijs Hendriksenpad ,1,2022-10-13,237,19.11
Diemerzeedijk,52.34374355,5.012412351,Thijs Hendriksenpad richting S114,S114 richting Thijs Hendriksenpad ,-1,2022-10-14,482,19.31
Diemerzeedijk,52.34374355,5.012412351,Thijs Hendriksenpad richting S114,S114 richting Thijs Hendriksenpad ,1,2022-10-14,407,16.57
Diemerzeedijk,52.34374355,5.012412351,Thijs Hendriksenpad richting S114,S114 richting Thijs Hendriksenpad ,-1,2022-10-15,420,19.56
Diemerzeedijk,52.34374355,5.012412351,Thijs Hendriksenpad richting S114,S114 richting Thijs Hendriksenpad ,1,2022-10-15,235,17.67
Diemerzeedijk,52.34374355,5.012412351,Thijs Hendriksenpad richting S114,S114 richting Thijs Hendriksenpad ,-1,2022-10-16,802,18.89
Diemerzeedijk,52.34374355,5.012412351,Thijs Hendriksenpad richting S114,S114 richting Thijs Hendriksenpad ,1,2022-10-16,350,17.04
Diemerzeedijk,52.34374355,5.012412351,Thijs Hendriksenpad richting S114,S114 richting Thijs Hendriksenpad ,-1,2022-10-17,414,18.06
Diemerzeedijk,52.34374355,5.012412351,Thijs Hendriksenpad richting S114,S114 richting Thijs Hendriksenpad ,1,2022-10-17,261,17.67
Diemerzeedijk,52.34374355,5.012412351,Thijs Hendriksenpad richting S114,S114 richting Thijs Hendriksenpad ,-1,2022-10-18,802,18.54
Diemerzeedijk,52.34374355,5.012412351,Thijs Hendriksenpad richting S114,S114 richting Thijs Hendriksenpad ,1,2022-10-18,514,17.04
Diemerzeedijk,52.34374355,5.012412351,Thijs Hendriksenpad richting S114,S114 richting Thijs Hendriksenpad ,-1,2022-10-19,530,18.75
Diemerzeedijk,52.34374355,5.012412351,Thijs Hendriksenpad richting S114,S114 richting Thijs Hendriksenpad ,1,2022-10-19,237,18.04
Diemerzeedijk,52.34374355,5.012412351,Thijs Hendriksenpad richting S114,S114 richting Thijs Hendriksenpad ,-1,2022-10-20,414,20.24
Diemerzeedijk,52.34374355,5.012412351,Thijs Hendriksenpad richting S114,S114 richting Thijs Hendriksenpad ,1,2022-10-20,267,17.81
Diemerzeedijk,52.34374355,5.012412351,Thijs Hendriksenpad richting S114,S114 richting Thijs Hendriksenpad ,-1,2022-10-21,559,19.53
Diemerzeedijk,52.34374355,5.012412351,Thijs Hendriksenpad richting S114,S114 richting Thijs Hendriksenpad ,1,2022-10-21,381,17.68
Diemerzeedijk,52.34374355,5.012412351,Thijs Hendriksenpad richting S114,S114 richting Thijs Hendriksenpad ,-1,2022-10-22,610,18.94
Diemerzeedijk,52.34374355,5.012412351,Thijs Hendriksenpad richting S114,S114 richting Thijs Hendriksenpad ,1,2022-10-22,305,16.65
Diemerzeedijk,52.34374355,5.012412351,Thijs Hendriksenpad richting S114,S114 richting Thijs Hendriksenpad ,-1,2022-10-23,897,19.35
Diemerzeedijk,52.34374355,5.012412351,Thijs Hendriksenpad richting S114,S114 richting Thijs Hendriksenpad ,1,2022-10-23,379,15.84
Diemerzeedijk,52.34374355,5.012412351,Thijs Hendriksenpad richting S114,S114 richting Thijs Hendriksenpad ,-1,2022-10-24,312,19.08
Diemerzeedijk,52.34374355,5.012412351,Thijs Hendriksenpad richting S114,S114 richting Thijs Hendriksenpad ,1,2022-10-24,147,18.54
Diemerzeedijk,52.34374355,5.012412351,Thijs Hendriksenpad richting S114,S114 richting Thijs Hendriksenpad ,-1,2022-10-25,499,18.97
Diemerzeedijk,52.34374355,5.012412351,Thijs Hendriksenpad richting S114,S114 richting Thijs Hendriksenpad ,1,2022-10-25,236,17.12
Diemerzeedijk,52.34374355,5.012412351,Thijs Hendriksenpad richting S114,S114 richting Thijs Hendriksenpad ,-1,2022-10-26,514,19.52
Diemerzeedijk,52.34374355,5.012412351,Thijs Hendriksenpad richting S114,S114 richting Thijs Hendriksenpad ,1,2022-10-26,242,18.64
Diemerzeedijk,52.34374355,5.012412351,Thijs Hendriksenpad richting S114,S114 richting Thijs Hendriksenpad ,-1,2022-10-27,603,19.0
Diemerzeedijk,52.34374355,5.012412351,Thijs Hendriksenpad richting S114,S114 richting Thijs Hendriksenpad ,1,2022-10-27,327,18.52
Diemerzeedijk,52.34374355,5.012412351,Thijs Hendriksenpad richting S114,S114 richting Thijs Hendriksenpad ,-1,2022-10-28,649,18.56
Diemerzeedijk,52.34374355,5.012412351,Thijs Hendriksenpad richting S114,S114 richting Thijs Hendriksenpad ,1,2022-10-28,282,17.86
Diemerzeedijk,52.34374355,5.012412351,Thijs Hendriksenpad richting S114,S114 richting Thijs Hendriksenpad ,-1,2022-10-29,827,19.02
Diemerzeedijk,52.34374355,5.012412351,Thijs Hendriksenpad richting S114,S114 richting Thijs Hendriksenpad ,1,2022-10-29,454,17.2
Diemerzeedijk,52.34374355,5.012412351,Thijs Hendriksenpad richting S114,S114 richting Thijs Hendriksenpad ,-1,2022-10-30,1245,18.5
Diemerzeedijk,52.34374355,5.012412351,Thijs Hendriksenpad richting S114,S114 richting Thijs Hendriksenpad ,1,2022-10-30,610,16.5
Diemerzeedijk,52.34374355,5.012412351,Thijs Hendriksenpad richting S114,S114 richting Thijs Hendriksenpad ,-1,2022-10-31,498,19.55
Diemerzeedijk,52.34374355,5.012412351,Thijs Hendriksenpad richting S114,S114 richting Thijs Hendriksenpad ,1,2022-10-31,213,19.2
Diemerzeedijk,52.34374355,5.012412351,Thijs Hendriksenpad richting S114,S114 richting Thijs Hendriksenpad ,-1,2022-11-01,345,18.89
Diemerzeedijk,52.34374355,5.012412351,Thijs Hendriksenpad richting S114,S114 richting Thijs Hendriksenpad ,1,2022-11-01,124,19.6
Diemerzeedijk,52.34374355,5.012412351,Thijs Hendriksenpad richting S114,S114 richting Thijs Hendriksenpad ,-1,2022-11-02,342,19.75
Diemerzeedijk,52.34374355,5.012412351,Thijs Hendriksenpad richting S114,S114 richting Thijs Hendriksenpad ,1,2022-11-02,188,17.78
Diemerzeedijk,52.34374355,5.012412351,Thijs Hendriksenpad richting S114,S114 richting Thijs Hendriksenpad ,-1,2022-11-03,344,19.53
Diemerzeedijk,52.34374355,5.012412351,Thijs Hendriksenpad richting S114,S114 richting Thijs Hendriksenpad ,1,2022-11-03,141,19.25
Diemerzeedijk,52.34374355,5.012412351,Thijs Hendriksenpad richting S114,S114 richting Thijs Hendriksenpad ,-1,2022-11-04,303,18.6
Diemerzeedijk,52.34374355,5.012412351,Thijs Hendriksenpad richting S114,S114 richting Thijs Hendriksenpad ,1,2022-11-04,167,16.8
Diemerzeedijk,52.34374355,5.012412351,Thijs Hendriksenpad richting S114,S114 richting Thijs Hendriksenpad ,-1,2022-11-05,509,19.96
Diemerzeedijk,52.34374355,5.012412351,Thijs Hendriksenpad richting S114,S114 richting Thijs Hendriksenpad ,1,2022-11-05,225,17.89
Diemerzeedijk,52.34374355,5.012412351,Thijs Hendriksenpad richting S114,S114 richting Thijs Hendriksenpad ,-1,2022-11-06,171,17.91
Diemerzeedijk,52.34374355,5.012412351,Thijs Hendriksenpad richting S114,S114 richting Thijs Hendriksenpad ,1,2022-11-06,122,14.77
Diemerzeedijk,52.34374355,5.012412351,Thijs Hendriksenpad richting S114,S114 richting Thijs Hendriksenpad ,-1,2022-11-07,216,18.49
Diemerzeedijk,52.34374355,5.012412351,Thijs Hendriksenpad richting S114,S114 richting Thijs Hendriksenpad ,1,2022-11-07,91,17.42
Diemerzeedijk,52.34374355,5.012412351,Thijs Hendriksenpad richting S114,S114 richting Thijs Hendriksenpad ,-1,2022-11-08,371,19.41
Diemerzeedijk,52.34374355,5.012412351,Thijs Hendriksenpad richting S114,S114 richting Thijs Hendriksenpad ,1,2022-11-08,186,18.2
Diemerzeedijk,52.34374355,5.012412351,Thijs Hendriksenpad richting S114,S114 richting Thijs Hendriksenpad ,-1,2022-11-09,309,19.15
Diemerzeedijk,52.34374355,5.012412351,Thijs Hendriksenpad richting S114,S114 richting Thijs Hendriksenpad ,1,2022-11-09,137,18.76
Diemerzeedijk,52.34374355,5.012412351,Thijs Hendriksenpad richting S114,S114 richting Thijs Hendriksenpad ,-1,2022-11-10,338,19.05
Diemerzeedijk,52.34374355,5.012412351,Thijs Hendriksenpad richting S114,S114 richting Thijs Hendriksenpad ,1,2022-11-10,149,18.07
Diemerzeedijk,52.34374355,5.012412351,Thijs Hendriksenpad richting S114,S114 richting Thijs Hendriksenpad ,-1,2022-11-11,327,19.69
Diemerzeedijk,52.34374355,5.012412351,Thijs Hendriksenpad richting S114,S114 richting Thijs Hendriksenpad ,1,2022-11-11,115,17.91
Diemerzeedijk,52.34374355,5.012412351,Thijs Hendriksenpad richting S114,S114 richting Thijs Hendriksenpad ,-1,2022-11-12,931,18.57
Diemerzeedijk,52.34374355,5.012412351,Thijs Hendriksenpad richting S114,S114 richting Thijs Hendriksenpad ,1,2022-11-12,340,17.04
Diemerzeedijk,52.34374355,5.012412351,Thijs Hendriksenpad richting S114,S114 richting Thijs Hendriksenpad ,-1,2022-11-13,1121,18.35
Diemerzeedijk,52.34374355,5.012412351,Thijs Hendriksenpad richting S114,S114 richting Thijs Hendriksenpad ,1,2022-11-13,423,16.56
Diemerzeedijk,52.34374355,5.012412351,Thijs Hendriksenpad richting S114,S114 richting Thijs Hendriksenpad ,-1,2022-11-14,501,18.63
Diemerzeedijk,52.34374355,5.012412351,Thijs Hendriksenpad richting S114,S114 richting Thijs Hendriksenpad ,1,2022-11-14,149,18.86
Diemerzeedijk,52.34374355,5.012412351,Thijs Hendriksenpad richting S114,S114 richting Thijs Hendriksenpad ,-1,2022-11-15,360,19.37
Diemerzeedijk,52.34374355,5.012412351,Thijs Hendriksenpad richting S114,S114 richting Thijs Hendriksenpad ,1,2022-11-15,172,18.62
Diemerzeedijk,52.34374355,5.012412351,Thijs Hendriksenpad richting S114,S114 richting Thijs Hendriksenpad ,-1,2022-11-16,413,18.9
Diemerzeedijk,52.34374355,5.012412351,Thijs Hendriksenpad richting S114,S114 richting Thijs Hendriksenpad ,1,2022-11-16,146,19.7
Diemerzeedijk,52.34374355,5.012412351,Thijs Hendriksenpad richting S114,S114 richting Thijs Hendriksenpad ,-1,2022-11-17,217,19.12
Diemerzeedijk,52.34374355,5.012412351,Thijs Hendriksenpad richting S114,S114 richting Thijs Hendriksenpad ,1,2022-11-17,179,18.96
Diemerzeedijk,52.34374355,5.012412351,Thijs Hendriksenpad richting S114,S114 richting Thijs Hendriksenpad ,-1,2022-11-18,297,19.17
Diemerzeedijk,52.34374355,5.012412351,Thijs Hendriksenpad richting S114,S114 richting Thijs Hendriksenpad ,1,2022-11-18,152,18.38
Diemerzeedijk,52.34374355,5.012412351,Thijs Hendriksenpad richting S114,S114 richting Thijs Hendriksenpad ,-1,2022-11-19,402,19.26
Diemerzeedijk,52.34374355,5.012412351,Thijs Hendriksenpad richting S114,S114 richting Thijs Hendriksenpad ,1,2022-11-19,175,18.25
Diemerzeedijk,52.34374355,5.012412351,Thijs Hendriksenpad richting S114,S114 richting Thijs Hendriksenpad ,-1,2022-11-20,239,18.23
Diemerzeedijk,52.34374355,5.012412351,Thijs Hendriksenpad richting S114,S114 richting Thijs Hendriksenpad ,1,2022-11-20,142,15.08
Diemerzeedijk,52.34374355,5.012412351,Thijs Hendriksenpad richting S114,S114 richting Thijs Hendriksenpad ,-1,2022-11-21,196,19.94
Diemerzeedijk,52.34374355,5.012412351,Thijs Hendriksenpad richting S114,S114 richting Thijs Hendriksenpad ,1,2022-11-21,103,19.15
Diemerzeedijk,52.34374355,5.012412351,Thijs Hendriksenpad richting S114,S114 richting Thijs Hendriksenpad ,-1,2022-11-22,295,18.65
Diemerzeedijk,52.34374355,5.012412351,Thijs Hendriksenpad richting S114,S114 richting Thijs Hendriksenpad ,1,2022-11-22,112,19.46
Diemerzeedijk,52.34374355,5.012412351,Thijs Hendriksenpad richting S114,S114 richting Thijs Hendriksenpad ,-1,2022-11-23,273,18.96
Diemerzeedijk,52.34374355,5.012412351,Thijs Hendriksenpad richting S114,S114 richting Thijs Hendriksenpad ,1,2022-11-23,95,17.36
Diemerzeedijk,52.34374355,5.012412351,Thijs Hendriksenpad richting S114,S114 richting Thijs Hendriksenpad ,-1,2022-11-24,360,18.77
Diemerzeedijk,52.34374355,5.012412351,Thijs Hendriksenpad richting S114,S114 richting Thijs Hendriksenpad ,1,2022-11-24,151,18.12
Diemerzeedijk,52.34374355,5.012412351,Thijs Hendriksenpad richting S114,S114 richting Thijs Hendriksenpad ,-1,2022-11-25,349,19.59
Diemerzeedijk,52.34374355,5.012412351,Thijs Hendriksenpad richting S114,S114 richting Thijs Hendriksenpad ,1,2022-11-25,155,18.18
Diemerzeedijk,52.34374355,5.012412351,Thijs Hendriksenpad richting S114,S114 richting Thijs Hendriksenpad ,-1,2022-11-26,524,19.85
Diemerzeedijk,52.34374355,5.012412351,Thijs Hendriksenpad richting S114,S114 richting Thijs Hendriksenpad ,1,2022-11-26,218,16.63
Diemerzeedijk,52.34374355,5.012412351,Thijs Hendriksenpad richting S114,S114 richting Thijs Hendriksenpad ,-1,2022-11-27,200,17.4
Diemerzeedijk,52.34374355,5.012412351,Thijs Hendriksenpad richting S114,S114 richting Thijs Hendriksenpad ,1,2022-11-27,127,15.17
Diemerzeedijk,52.34374355,5.012412351,Thijs Hendriksenpad richting S114,S114 richting Thijs Hendriksenpad ,-1,2022-11-28,294,18.77
Diemerzeedijk,52.34374355,5.012412351,Thijs Hendriksenpad richting S114,S114 richting Thijs Hendriksenpad ,1,2022-11-28,144,16.41
Diemerzeedijk,52.34374355,5.012412351,Thijs Hendriksenpad richting S114,S114 richting Thijs Hendriksenpad ,-1,2022-11-29,466,19.92
Diemerzeedijk,52.34374355,5.012412351,Thijs Hendriksenpad richting S114,S114 richting Thijs Hendriksenpad ,1,2022-11-29,283,19.26
Diemerzeedijk,52.34374355,5.012412351,Thijs Hendriksenpad richting S114,S114 richting Thijs Hendriksenpad ,-1,2022-11-30,397,19.26
Diemerzeedijk,52.34374355,5.012412351,Thijs Hendriksenpad richting S114,S114 richting Thijs Hendriksenpad ,1,2022-11-30,166,17.83
Diemerzeedijk,52.34374355,5.012412351,Thijs Hendriksenpad richting S114,S114 richting Thijs Hendriksenpad ,-1,2022-12-01,347,18.61
Diemerzeedijk,52.34374355,5.012412351,Thijs Hendriksenpad richting S114,S114 richting Thijs Hendriksenpad ,1,2022-12-01,156,18.89
Diemerzeedijk,52.34374355,5.012412351,Thijs Hendriksenpad richting S114,S114 richting Thijs Hendriksenpad ,-1,2022-12-02,240,18.7
Diemerzeedijk,52.34374355,5.012412351,Thijs Hendriksenpad richting S114,S114 richting Thijs Hendriksenpad ,1,2022-12-02,156,18.21
Diemerzeedijk,52.34374355,5.012412351,Thijs Hendriksenpad richting S114,S114 richting Thijs Hendriksenpad ,-1,2022-12-03,282,17.35
Diemerzeedijk,52.34374355,5.012412351,Thijs Hendriksenpad richting S114,S114 richting Thijs Hendriksenpad ,1,2022-12-03,120,18.59
Diemerzeedijk,52.34374355,5.012412351,Thijs Hendriksenpad richting S114,S114 richting Thijs Hendriksenpad ,-1,2022-12-04,263,18.52
Diemerzeedijk,52.34374355,5.012412351,Thijs Hendriksenpad richting S114,S114 richting Thijs Hendriksenpad ,1,2022-12-04,134,16.75
Diemerzeedijk,52.34374355,5.012412351,Thijs Hendriksenpad richting S114,S114 richting Thijs Hendriksenpad ,-1,2022-12-05,248,19.42
Diemerzeedijk,52.34374355,5.012412351,Thijs Hendriksenpad richting S114,S114 richting Thijs Hendriksenpad ,1,2022-12-05,120,19.62
Diemerzeedijk,52.34374355,5.012412351,Thijs Hendriksenpad richting S114,S114 richting Thijs Hendriksenpad ,-1,2022-12-06,301,19.34
Diemerzeedijk,52.34374355,5.012412351,Thijs Hendriksenpad richting S114,S114 richting Thijs Hendriksenpad ,1,2022-12-06,161,18.69
Diemerzeedijk,52.34374355,5.012412351,Thijs Hendriksenpad richting S114,S114 richting Thijs Hendriksenpad ,-1,2022-12-07,282,19.72
Diemerzeedijk,52.34374355,5.012412351,Thijs Hendriksenpad richting S114,S114 richting Thijs Hendriksenpad ,1,2022-12-07,155,18.03
Diemerzeedijk,52.34374355,5.012412351,Thijs Hendriksenpad richting S114,S114 richting Thijs Hendriksenpad ,-1,2022-12-08,223,19.47
Diemerzeedijk,52.34374355,5.012412351,Thijs Hendriksenpad richting S114,S114 richting Thijs Hendriksenpad ,1,2022-12-08,110,18.09
Diemerzeedijk,52.34374355,5.012412351,Thijs Hendriksenpad richting S114,S114 richting Thijs Hendriksenpad ,-1,2022-12-09,266,17.53
Diemerzeedijk,52.34374355,5.012412351,Thijs Hendriksenpad richting S114,S114 richting Thijs Hendriksenpad ,1,2022-12-09,100,17.3
Diemerzeedijk,52.34374355,5.012412351,Thijs Hendriksenpad richting S114,S114 richting Thijs Hendriksenpad ,-1,2022-12-10,307,19.9
Diemerzeedijk,52.34374355,5.012412351,Thijs Hendriksenpad richting S114,S114 richting Thijs Hendriksenpad ,1,2022-12-10,194,16.99
Diemerzeedijk,52.34374355,5.012412351,Thijs Hendriksenpad richting S114,S114 richting Thijs Hendriksenpad ,-1,2022-12-11,285,17.53
Diemerzeedijk,52.34374355,5.012412351,Thijs Hendriksenpad richting S114,S114 richting Thijs Hendriksenpad ,1,2022-12-11,154,16.21
Diemerzeedijk,52.34374355,5.012412351,Thijs Hendriksenpad richting S114,S114 richting Thijs Hendriksenpad ,-1,2022-12-12,310,17.51
Diemerzeedijk,52.34374355,5.012412351,Thijs Hendriksenpad richting S114,S114 richting Thijs Hendriksenpad ,1,2022-12-12,135,17.48
Diemerzeedijk,52.34374355,5.012412351,Thijs Hendriksenpad richting S114,S114 richting Thijs Hendriksenpad ,-1,2022-12-13,252,18.67
Diemerzeedijk,52.34374355,5.012412351,Thijs Hendriksenpad richting S114,S114 richting Thijs Hendriksenpad ,1,2022-12-13,170,17.64
Diemerzeedijk,52.34374355,5.012412351,Thijs Hendriksenpad richting S114,S114 richting Thijs Hendriksenpad ,-1,2022-12-14,248,17.83
Diemerzeedijk,52.34374355,5.012412351,Thijs Hendriksenpad richting S114,S114 richting Thijs Hendriksenpad ,1,2022-12-14,125,17.34
Diemerzeedijk,52.34374355,5.012412351,Thijs Hendriksenpad richting S114,S114 richting Thijs Hendriksenpad ,-1,2022-12-15,247,18.13
Diemerzeedijk,52.34374355,5.012412351,Thijs Hendriksenpad richting S114,S114 richting Thijs Hendriksenpad ,1,2022-12-15,148,16.96
Diemerzeedijk,52.34374355,5.012412351,Thijs Hendriksenpad richting S114,S114 richting Thijs Hendriksenpad ,-1,2022-12-16,213,16.63
Diemerzeedijk,52.34374355,5.012412351,Thijs Hendriksenpad richting S114,S114 richting Thijs Hendriksenpad ,1,2022-12-16,111,15.47
Diemerzeedijk,52.34374355,5.012412351,Thijs Hendriksenpad richting S114,S114 richting Thijs Hendriksenpad ,-1,2022-12-17,196,16.66
Diemerzeedijk,52.34374355,5.012412351,Thijs Hendriksenpad richting S114,S114 richting Thijs Hendriksenpad ,1,2022-12-17,125,14.54
Diemerzeedijk,52.34374355,5.012412351,Thijs Hendriksenpad richting S114,S114 richting Thijs Hendriksenpad ,-1,2022-12-18,177,15.56
Diemerzeedijk,52.34374355,5.012412351,Thijs Hendriksenpad richting S114,S114 richting Thijs Hendriksenpad ,1,2022-12-18,82,15.13
Diemerzeedijk,52.34374355,5.012412351,Thijs Hendriksenpad richting S114,S114 richting Thijs Hendriksenpad ,-1,2022-12-19,142,17.83
Diemerzeedijk,52.34374355,5.012412351,Thijs Hendriksenpad richting S114,S114 richting Thijs Hendriksenpad ,1,2022-12-19,63,19.51
Diemerzeedijk,52.34374355,5.012412351,Thijs Hendriksenpad richting S114,S114 richting Thijs Hendriksenpad ,-1,2022-12-20,202,18.7
Diemerzeedijk,52.34374355,5.012412351,Thijs Hendriksenpad richting S114,S114 richting Thijs Hendriksenpad ,1,2022-12-20,80,18.89
Diemerzeedijk,52.34374355,5.012412351,Thijs Hendriksenpad richting S114,S114 richting Thijs Hendriksenpad ,-1,2022-12-21,268,18.25
Diemerzeedijk,52.34374355,5.012412351,Thijs Hendriksenpad richting S114,S114 richting Thijs Hendriksenpad ,1,2022-12-21,149,18.71
Diemerzeedijk,52.34374355,5.012412351,Thijs Hendriksenpad richting S114,S114 richting Thijs Hendriksenpad ,-1,2022-12-22,260,19.44
Diemerzeedijk,52.34374355,5.012412351,Thijs Hendriksenpad richting S114,S114 richting Thijs Hendriksenpad ,1,2022-12-22,119,15.86
Diemerzeedijk,52.34374355,5.012412351,Thijs Hendriksenpad richting S114,S114 richting Thijs Hendriksenpad ,-1,2022-12-23,266,17.74
Diemerzeedijk,52.34374355,5.012412351,Thijs Hendriksenpad richting S114,S114 richting Thijs Hendriksenpad ,1,2022-12-23,173,17.41
Diemerzeedijk,52.34374355,5.012412351,Thijs Hendriksenpad richting S114,S114 richting Thijs Hendriksenpad ,-1,2022-12-24,317,19.07
Diemerzeedijk,52.34374355,5.012412351,Thijs Hendriksenpad richting S114,S114 richting Thijs Hendriksenpad ,1,2022-12-24,117,17.23
Diemerzeedijk,52.34374355,5.012412351,Thijs Hendriksenpad richting S114,S114 richting Thijs Hendriksenpad ,-1,2022-12-25,112,17.52
Diemerzeedijk,52.34374355,5.012412351,Thijs Hendriksenpad richting S114,S114 richting Thijs Hendriksenpad ,1,2022-12-25,74,16.05
Diemerzeedijk,52.34374355,5.012412351,Thijs Hendriksenpad richting S114,S114 richting Thijs Hendriksenpad ,-1,2022-12-26,204,19.1
Diemerzeedijk,52.34374355,5.012412351,Thijs Hendriksenpad richting S114,S114 richting Thijs Hendriksenpad ,1,2022-12-26,116,14.51
Diemerzeedijk,52.34374355,5.012412351,Thijs Hendriksenpad richting S114,S114 richting Thijs Hendriksenpad ,-1,2022-12-27,308,19.08
Diemerzeedijk,52.34374355,5.012412351,Thijs Hendriksenpad richting S114,S114 richting Thijs Hendriksenpad ,1,2022-12-27,142,16.87
Diemerzeedijk,52.34374355,5.012412351,Thijs Hendriksenpad richting S114,S114 richting Thijs Hendriksenpad ,-1,2022-12-28,136,17.82
Diemerzeedijk,52.34374355,5.012412351,Thijs Hendriksenpad richting S114,S114 richting Thijs Hendriksenpad ,1,2022-12-28,103,15.79
Diemerzeedijk,52.34374355,5.012412351,Thijs Hendriksenpad richting S114,S114 richting Thijs Hendriksenpad ,-1,2022-12-29,193,17.35
Diemerzeedijk,52.34374355,5.012412351,Thijs Hendriksenpad richting S114,S114 richting Thijs Hendriksenpad ,1,2022-12-29,106,16.66
Diemerzeedijk,52.34374355,5.012412351,Thijs Hendriksenpad richting S114,S114 richting Thijs Hendriksenpad ,-1,2022-12-30,156,17.31
Diemerzeedijk,52.34374355,5.012412351,Thijs Hendriksenpad richting S114,S114 richting Thijs Hendriksenpad ,1,2022-12-30,88,17.85
Diemerzeedijk,52.34374355,5.012412351,Thijs Hendriksenpad richting S114,S114 richting Thijs Hendriksenpad ,-1,2022-12-31,132,16.37
Diemerzeedijk,52.34374355,5.012412351,Thijs Hendriksenpad richting S114,S114 richting Thijs Hendriksenpad ,1,2022-12-31,83,14.77
