location,latitude,longitude,plusdirection,mindirection,direction,datetime,count,speed_mean
Fietspad Science Park (2.80 m),52.357669548,4.955033327,Science Park richting Henriëtta Leavittbrug,Henriëtta Leavittbrug richting Science Park ,-1,2022-01-01,368,15.56
Fietspad Science Park (2.80 m),52.357669548,4.955033327,Science Park richting Henriëtta Leavittbrug,Henriëtta Leavittbrug richting Science Park ,1,2022-01-01,1367,13.2
Fietspad Science Park (2.80 m),52.357669548,4.955033327,Science Park richting Henriëtta Leavittbrug,Henriëtta Leavittbrug richting Science Park ,-1,2022-01-02,330,15.29
Fietspad Science Park (2.80 m),52.357669548,4.955033327,Science Park richting Henriëtta Leavittbrug,Henriëtta Leavittbrug richting Science Park ,1,2022-01-02,1486,11.59
Fietspad Science Park (2.80 m),52.357669548,4.955033327,Science Park richting Henriëtta Leavittbrug,Henriëtta Leavittbrug richting Science Park ,-1,2022-01-03,336,16.87
Fietspad Science Park (2.80 m),52.357669548,4.955033327,Science Park richting Henriëtta Leavittbrug,Henriëtta Leavittbrug richting Science Park ,1,2022-01-03,1732,14.09
Fietspad Science Park (2.80 m),52.357669548,4.955033327,Science Park richting Henriëtta Leavittbrug,Henriëtta Leavittbrug richting Science Park ,-1,2022-01-04,304,16.27
Fietspad Science Park (2.80 m),52.357669548,4.955033327,Science Park richting Henriëtta Leavittbrug,Henriëtta Leavittbrug richting Science Park ,1,2022-01-04,1639,14.7
Fietspad Science Park (2.80 m),52.357669548,4.955033327,Science Park richting Henriëtta Leavittbrug,Henriëtta Leavittbrug richting Science Park ,-1,2022-01-05,213,15.6
Fietspad Science Park (2.80 m),52.357669548,4.955033327,Science Park richting Henriëtta Leavittbrug,Henriëtta Leavittbrug richting Science Park ,1,2022-01-05,1165,14.07
Fietspad Science Park (2.80 m),52.357669548,4.955033327,Science Park richting Henriëtta Leavittbrug,Henriëtta Leavittbrug richting Science Park ,-1,2022-01-06,357,16.94
Fietspad Science Park (2.80 m),52.357669548,4.955033327,Science Park richting Henriëtta Leavittbrug,Henriëtta Leavittbrug richting Science Park ,1,2022-01-06,1995,14.05
Fietspad Science Park (2.80 m),52.357669548,4.955033327,Science Park richting Henriëtta Leavittbrug,Henriëtta Leavittbrug richting Science Park ,-1,2022-01-07,291,17.19
Fietspad Science Park (2.80 m),52.357669548,4.955033327,Science Park richting Henriëtta Leavittbrug,Henriëtta Leavittbrug richting Science Park ,1,2022-01-07,1436,14.64
Fietspad Science Park (2.80 m),52.357669548,4.955033327,Science Park richting Henriëtta Leavittbrug,Henriëtta Leavittbrug richting Science Park ,-1,2022-01-08,202,15.36
Fietspad Science Park (2.80 m),52.357669548,4.955033327,Science Park richting Henriëtta Leavittbrug,Henriëtta Leavittbrug richting Science Park ,1,2022-01-08,1061,14.15
Fietspad Science Park (2.80 m),52.357669548,4.955033327,Science Park richting Henriëtta Leavittbrug,Henriëtta Leavittbrug richting Science Park ,-1,2022-01-09,403,16.16
Fietspad Science Park (2.80 m),52.357669548,4.955033327,Science Park richting Henriëtta Leavittbrug,Henriëtta Leavittbrug richting Science Park ,1,2022-01-09,1849,11.61
Fietspad Science Park (2.80 m),52.357669548,4.955033327,Science Park richting Henriëtta Leavittbrug,Henriëtta Leavittbrug richting Science Park ,-1,2022-01-10,460,17.39
Fietspad Science Park (2.80 m),52.357669548,4.955033327,Science Park richting Henriëtta Leavittbrug,Henriëtta Leavittbrug richting Science Park ,1,2022-01-10,2575,15.03
Fietspad Science Park (2.80 m),52.357669548,4.955033327,Science Park richting Henriëtta Leavittbrug,Henriëtta Leavittbrug richting Science Park ,-1,2022-01-11,473,16.76
Fietspad Science Park (2.80 m),52.357669548,4.955033327,Science Park richting Henriëtta Leavittbrug,Henriëtta Leavittbrug richting Science Park ,1,2022-01-11,2702,14.85
Fietspad Science Park (2.80 m),52.357669548,4.955033327,Science Park richting Henriëtta Leavittbrug,Henriëtta Leavittbrug richting Science Park ,-1,2022-01-12,483,16.49
Fietspad Science Park (2.80 m),52.357669548,4.955033327,Science Park richting Henriëtta Leavittbrug,Henriëtta Leavittbrug richting Science Park ,1,2022-01-12,2913,15.12
Fietspad Science Park (2.80 m),52.357669548,4.955033327,Science Park richting Henriëtta Leavittbrug,Henriëtta Leavittbrug richting Science Park ,-1,2022-01-13,488,17.32
Fietspad Science Park (2.80 m),52.357669548,4.955033327,Science Park richting Henriëtta Leavittbrug,Henriëtta Leavittbrug richting Science Park ,1,2022-01-13,2633,14.86
Fietspad Science Park (2.80 m),52.357669548,4.955033327,Science Park richting Henriëtta Leavittbrug,Henriëtta Leavittbrug richting Science Park ,-1,2022-01-14,478,17.56
Fietspad Science Park (2.80 m),52.357669548,4.955033327,Science Park richting Henriëtta Leavittbrug,Henriëtta Leavittbrug richting Science Park ,1,2022-01-14,2764,15.4
Fietspad Science Park (2.80 m),52.357669548,4.955033327,Science Park richting Henriëtta Leavittbrug,Henriëtta Leavittbrug richting Science Park ,-1,2022-01-15,370,15.86
Fietspad Science Park (2.80 m),52.357669548,4.955033327,Science Park richting Henriëtta Leavittbrug,Henriëtta Leavittbrug richting Science Park ,1,2022-01-15,1787,14.62
Fietspad Science Park (2.80 m),52.357669548,4.955033327,Science Park richting Henriëtta Leavittbrug,Henriëtta Leavittbrug richting Science Park ,-1,2022-01-16,403,16.4
Fietspad Science Park (2.80 m),52.357669548,4.955033327,Science Park richting Henriëtta Leavittbrug,Henriëtta Leavittbrug richting Science Park ,1,2022-01-16,1840,12.91
Fietspad Science Park (2.80 m),52.357669548,4.955033327,Science Park richting Henriëtta Leavittbrug,Henriëtta Leavittbrug richting Science Park ,-1,2022-01-17,490,17.47
Fietspad Science Park (2.80 m),52.357669548,4.955033327,Science Park richting Henriëtta Leavittbrug,Henriëtta Leavittbrug richting Science Park ,1,2022-01-17,2786,14.8
Fietspad Science Park (2.80 m),52.357669548,4.955033327,Science Park richting Henriëtta Leavittbrug,Henriëtta Leavittbrug richting Science Park ,-1,2022-01-18,399,18.22
Fietspad Science Park (2.80 m),52.357669548,4.955033327,Science Park richting Henriëtta Leavittbrug,Henriëtta Leavittbrug richting Science Park ,1,2022-01-18,2630,15.54
Fietspad Science Park (2.80 m),52.357669548,4.955033327,Science Park richting Henriëtta Leavittbrug,Henriëtta Leavittbrug richting Science Park ,-1,2022-01-19,409,17.51
Fietspad Science Park (2.80 m),52.357669548,4.955033327,Science Park richting Henriëtta Leavittbrug,Henriëtta Leavittbrug richting Science Park ,1,2022-01-19,2558,15.16
Fietspad Science Park (2.80 m),52.357669548,4.955033327,Science Park richting Henriëtta Leavittbrug,Henriëtta Leavittbrug richting Science Park ,-1,2022-01-20,434,17.34
Fietspad Science Park (2.80 m),52.357669548,4.955033327,Science Park richting Henriëtta Leavittbrug,Henriëtta Leavittbrug richting Science Park ,1,2022-01-20,2606,15.12
Fietspad Science Park (2.80 m),52.357669548,4.955033327,Science Park richting Henriëtta Leavittbrug,Henriëtta Leavittbrug richting Science Park ,-1,2022-01-21,423,17.42
Fietspad Science Park (2.80 m),52.357669548,4.955033327,Science Park richting Henriëtta Leavittbrug,Henriëtta Leavittbrug richting Science Park ,1,2022-01-21,2459,15.53
Fietspad Science Park (2.80 m),52.357669548,4.955033327,Science Park richting Henriëtta Leavittbrug,Henriëtta Leavittbrug richting Science Park ,-1,2022-01-22,393,17.6
Fietspad Science Park (2.80 m),52.357669548,4.955033327,Science Park richting Henriëtta Leavittbrug,Henriëtta Leavittbrug richting Science Park ,1,2022-01-22,1931,14.2
Fietspad Science Park (2.80 m),52.357669548,4.955033327,Science Park richting Henriëtta Leavittbrug,Henriëtta Leavittbrug richting Science Park ,-1,2022-01-23,409,16.63
Fietspad Science Park (2.80 m),52.357669548,4.955033327,Science Park richting Henriëtta Leavittbrug,Henriëtta Leavittbrug richting Science Park ,1,2022-01-23,1984,13.9
Fietspad Science Park (2.80 m),52.357669548,4.955033327,Science Park richting Henriëtta Leavittbrug,Henriëtta Leavittbrug richting Science Park ,-1,2022-01-24,475,17.61
Fietspad Science Park (2.80 m),52.357669548,4.955033327,Science Park richting Henriëtta Leavittbrug,Henriëtta Leavittbrug richting Science Park ,1,2022-01-24,2661,15.96
Fietspad Science Park (2.80 m),52.357669548,4.955033327,Science Park richting Henriëtta Leavittbrug,Henriëtta Leavittbrug richting Science Park ,-1,2022-01-25,421,17.26
Fietspad Science Park (2.80 m),52.357669548,4.955033327,Science Park richting Henriëtta Leavittbrug,Henriëtta Leavittbrug richting Science Park ,1,2022-01-25,2706,15.87
Fietspad Science Park (2.80 m),52.357669548,4.955033327,Science Park richting Henriëtta Leavittbrug,Henriëtta Leavittbrug richting Science Park ,-1,2022-01-26,467,18.46
Fietspad Science Park (2.80 m),52.357669548,4.955033327,Science Park richting Henriëtta Leavittbrug,Henriëtta Leavittbrug richting Science Park ,1,2022-01-26,2793,14.94
Fietspad Science Park (2.80 m),52.357669548,4.955033327,Science Park richting Henriëtta Leavittbrug,Henriëtta Leavittbrug richting Science Park ,-1,2022-01-27,379,18.39
Fietspad Science Park (2.80 m),52.357669548,4.955033327,Science Park richting Henriëtta Leavittbrug,Henriëtta Leavittbrug richting Science Park ,1,2022-01-27,2405,14.71
Fietspad Science Park (2.80 m),52.357669548,4.955033327,Science Park richting Henriëtta Leavittbrug,Henriëtta Leavittbrug richting Science Park ,-1,2022-01-28,516,17.72
Fietspad Science Park (2.80 m),52.357669548,4.955033327,Science Park richting Henriëtta Leavittbrug,Henriëtta Leavittbrug richting Science Park ,1,2022-01-28,3160,15.51
Fietspad Science Park (2.80 m),52.357669548,4.955033327,Science Park richting Henriëtta Leavittbrug,Henriëtta Leavittbrug richting Science Park ,-1,2022-01-29,396,18.49
Fietspad Science Park (2.80 m),52.357669548,4.955033327,Science Park richting Henriëtta Leavittbrug,Henriëtta Leavittbrug richting Science Park ,1,2022-01-29,1869,13.62
Fietspad Science Park (2.80 m),52.357669548,4.955033327,Science Park richting Henriëtta Leavittbrug,Henriëtta Leavittbrug richting Science Park ,-1,2022-01-30,532,16.96
Fietspad Science Park (2.80 m),52.357669548,4.955033327,Science Park richting Henriëtta Leavittbrug,Henriëtta Leavittbrug richting Science Park ,1,2022-01-30,2217,13.77
Fietspad Science Park (2.80 m),52.357669548,4.955033327,Science Park richting Henriëtta Leavittbrug,Henriëtta Leavittbrug richting Science Park ,-1,2022-01-31,153,17.33
Fietspad Science Park (2.80 m),52.357669548,4.955033327,Science Park richting Henriëtta Leavittbrug,Henriëtta Leavittbrug richting Science Park ,1,2022-01-31,1037,15.56
Fietspad Science Park (2.80 m),52.357669548,4.955033327,Science Park richting Henriëtta Leavittbrug,Henriëtta Leavittbrug richting Science Park ,-1,2022-02-01,378,19.49
Fietspad Science Park (2.80 m),52.357669548,4.955033327,Science Park richting Henriëtta Leavittbrug,Henriëtta Leavittbrug richting Science Park ,1,2022-02-01,2203,14.65
Fietspad Science Park (2.80 m),52.357669548,4.955033327,Science Park richting Henriëtta Leavittbrug,Henriëtta Leavittbrug richting Science Park ,-1,2022-02-02,526,18.08
Fietspad Science Park (2.80 m),52.357669548,4.955033327,Science Park richting Henriëtta Leavittbrug,Henriëtta Leavittbrug richting Science Park ,1,2022-02-02,3085,14.97
Fietspad Science Park (2.80 m),52.357669548,4.955033327,Science Park richting Henriëtta Leavittbrug,Henriëtta Leavittbrug richting Science Park ,-1,2022-02-03,441,18.62
Fietspad Science Park (2.80 m),52.357669548,4.955033327,Science Park richting Henriëtta Leavittbrug,Henriëtta Leavittbrug richting Science Park ,1,2022-02-03,2784,15.61
Fietspad Science Park (2.80 m),52.357669548,4.955033327,Science Park richting Henriëtta Leavittbrug,Henriëtta Leavittbrug richting Science Park ,-1,2022-02-04,378,18.57
Fietspad Science Park (2.80 m),52.357669548,4.955033327,Science Park richting Henriëtta Leavittbrug,Henriëtta Leavittbrug richting Science Park ,1,2022-02-04,2360,15.64
Fietspad Science Park (2.80 m),52.357669548,4.955033327,Science Park richting Henriëtta Leavittbrug,Henriëtta Leavittbrug richting Science Park ,-1,2022-02-05,425,18.01
Fietspad Science Park (2.80 m),52.357669548,4.955033327,Science Park richting Henriëtta Leavittbrug,Henriëtta Leavittbrug richting Science Park ,1,2022-02-05,2182,14.02
Fietspad Science Park (2.80 m),52.357669548,4.955033327,Science Park richting Henriëtta Leavittbrug,Henriëtta Leavittbrug richting Science Park ,-1,2022-02-06,183,17.04
Fietspad Science Park (2.80 m),52.357669548,4.955033327,Science Park richting Henriëtta Leavittbrug,Henriëtta Leavittbrug richting Science Park ,1,2022-02-06,984,12.61
Fietspad Science Park (2.80 m),52.357669548,4.955033327,Science Park richting Henriëtta Leavittbrug,Henriëtta Leavittbrug richting Science Park ,-1,2022-02-07,516,19.55
Fietspad Science Park (2.80 m),52.357669548,4.955033327,Science Park richting Henriëtta Leavittbrug,Henriëtta Leavittbrug richting Science Park ,1,2022-02-07,3111,14.85
Fietspad Science Park (2.80 m),52.357669548,4.955033327,Science Park richting Henriëtta Leavittbrug,Henriëtta Leavittbrug richting Science Park ,-1,2022-02-08,124,17.63
Fietspad Science Park (2.80 m),52.357669548,4.955033327,Science Park richting Henriëtta Leavittbrug,Henriëtta Leavittbrug richting Science Park ,1,2022-02-08,1489,15.36
Fietspad Science Park (2.80 m),52.357669548,4.955033327,Science Park richting Henriëtta Leavittbrug,Henriëtta Leavittbrug richting Science Park ,-1,2022-02-09,0,
Fietspad Science Park (2.80 m),52.357669548,4.955033327,Science Park richting Henriëtta Leavittbrug,Henriëtta Leavittbrug richting Science Park ,1,2022-02-09,0,
Fietspad Science Park (2.80 m),52.357669548,4.955033327,Science Park richting Henriëtta Leavittbrug,Henriëtta Leavittbrug richting Science Park ,-1,2022-02-10,0,
Fietspad Science Park (2.80 m),52.357669548,4.955033327,Science Park richting Henriëtta Leavittbrug,Henriëtta Leavittbrug richting Science Park ,1,2022-02-10,0,
Fietspad Science Park (2.80 m),52.357669548,4.955033327,Science Park richting Henriëtta Leavittbrug,Henriëtta Leavittbrug richting Science Park ,-1,2022-02-11,0,
Fietspad Science Park (2.80 m),52.357669548,4.955033327,Science Park richting Henriëtta Leavittbrug,Henriëtta Leavittbrug richting Science Park ,1,2022-02-11,0,
Fietspad Science Park (2.80 m),52.357669548,4.955033327,Science Park richting Henriëtta Leavittbrug,Henriëtta Leavittbrug richting Science Park ,-1,2022-02-12,0,
Fietspad Science Park (2.80 m),52.357669548,4.955033327,Science Park richting Henriëtta Leavittbrug,Henriëtta Leavittbrug richting Science Park ,1,2022-02-12,0,
Fietspad Science Park (2.80 m),52.357669548,4.955033327,Science Park richting Henriëtta Leavittbrug,Henriëtta Leavittbrug richting Science Park ,-1,2022-02-13,0,
Fietspad Science Park (2.80 m),52.357669548,4.955033327,Science Park richting Henriëtta Leavittbrug,Henriëtta Leavittbrug richting Science Park ,1,2022-02-13,0,
Fietspad Science Park (2.80 m),52.357669548,4.955033327,Science Park richting Henriëtta Leavittbrug,Henriëtta Leavittbrug richting Science Park ,-1,2022-02-14,0,
Fietspad Science Park (2.80 m),52.357669548,4.955033327,Science Park richting Henriëtta Leavittbrug,Henriëtta Leavittbrug richting Science Park ,1,2022-02-14,0,
Fietspad Science Park (2.80 m),52.357669548,4.955033327,Science Park richting Henriëtta Leavittbrug,Henriëtta Leavittbrug richting Science Park ,-1,2022-02-15,370,21.24
Fietspad Science Park (2.80 m),52.357669548,4.955033327,Science Park richting Henriëtta Leavittbrug,Henriëtta Leavittbrug richting Science Park ,1,2022-02-15,698,16.29
Fietspad Science Park (2.80 m),52.357669548,4.955033327,Science Park richting Henriëtta Leavittbrug,Henriëtta Leavittbrug richting Science Park ,-1,2022-02-16,541,20.59
Fietspad Science Park (2.80 m),52.357669548,4.955033327,Science Park richting Henriëtta Leavittbrug,Henriëtta Leavittbrug richting Science Park ,1,2022-02-16,1863,15.63
Fietspad Science Park (2.80 m),52.357669548,4.955033327,Science Park richting Henriëtta Leavittbrug,Henriëtta Leavittbrug richting Science Park ,-1,2022-02-17,584,21.54
Fietspad Science Park (2.80 m),52.357669548,4.955033327,Science Park richting Henriëtta Leavittbrug,Henriëtta Leavittbrug richting Science Park ,1,2022-02-17,1985,15.37
Fietspad Science Park (2.80 m),52.357669548,4.955033327,Science Park richting Henriëtta Leavittbrug,Henriëtta Leavittbrug richting Science Park ,-1,2022-02-18,231,20.51
Fietspad Science Park (2.80 m),52.357669548,4.955033327,Science Park richting Henriëtta Leavittbrug,Henriëtta Leavittbrug richting Science Park ,1,2022-02-18,802,16.37
Fietspad Science Park (2.80 m),52.357669548,4.955033327,Science Park richting Henriëtta Leavittbrug,Henriëtta Leavittbrug richting Science Park ,-1,2022-02-19,9,19.89
Fietspad Science Park (2.80 m),52.357669548,4.955033327,Science Park richting Henriëtta Leavittbrug,Henriëtta Leavittbrug richting Science Park ,1,2022-02-19,6,19.33
Fietspad Science Park (2.80 m),52.357669548,4.955033327,Science Park richting Henriëtta Leavittbrug,Henriëtta Leavittbrug richting Science Park ,-1,2022-02-20,0,
Fietspad Science Park (2.80 m),52.357669548,4.955033327,Science Park richting Henriëtta Leavittbrug,Henriëtta Leavittbrug richting Science Park ,1,2022-02-20,0,
Fietspad Science Park (2.80 m),52.357669548,4.955033327,Science Park richting Henriëtta Leavittbrug,Henriëtta Leavittbrug richting Science Park ,-1,2022-02-21,0,
Fietspad Science Park (2.80 m),52.357669548,4.955033327,Science Park richting Henriëtta Leavittbrug,Henriëtta Leavittbrug richting Science Park ,1,2022-02-21,0,
Fietspad Science Park (2.80 m),52.357669548,4.955033327,Science Park richting Henriëtta Leavittbrug,Henriëtta Leavittbrug richting Science Park ,-1,2022-02-22,0,
Fietspad Science Park (2.80 m),52.357669548,4.955033327,Science Park richting Henriëtta Leavittbrug,Henriëtta Leavittbrug richting Science Park ,1,2022-02-22,0,
Fietspad Science Park (2.80 m),52.357669548,4.955033327,Science Park richting Henriëtta Leavittbrug,Henriëtta Leavittbrug richting Science Park ,-1,2022-02-23,296,20.65
Fietspad Science Park (2.80 m),52.357669548,4.955033327,Science Park richting Henriëtta Leavittbrug,Henriëtta Leavittbrug richting Science Park ,1,2022-02-23,748,15.93
Fietspad Science Park (2.80 m),52.357669548,4.955033327,Science Park richting Henriëtta Leavittbrug,Henriëtta Leavittbrug richting Science Park ,-1,2022-02-24,477,20.79
Fietspad Science Park (2.80 m),52.357669548,4.955033327,Science Park richting Henriëtta Leavittbrug,Henriëtta Leavittbrug richting Science Park ,1,2022-02-24,1531,16.21
Fietspad Science Park (2.80 m),52.357669548,4.955033327,Science Park richting Henriëtta Leavittbrug,Henriëtta Leavittbrug richting Science Park ,-1,2022-02-25,570,20.17
Fietspad Science Park (2.80 m),52.357669548,4.955033327,Science Park richting Henriëtta Leavittbrug,Henriëtta Leavittbrug richting Science Park ,1,2022-02-25,1903,16.14
Fietspad Science Park (2.80 m),52.357669548,4.955033327,Science Park richting Henriëtta Leavittbrug,Henriëtta Leavittbrug richting Science Park ,-1,2022-02-26,827,18.74
Fietspad Science Park (2.80 m),52.357669548,4.955033327,Science Park richting Henriëtta Leavittbrug,Henriëtta Leavittbrug richting Science Park ,1,2022-02-26,2193,17.12
Fietspad Science Park (2.80 m),52.357669548,4.955033327,Science Park richting Henriëtta Leavittbrug,Henriëtta Leavittbrug richting Science Park ,-1,2022-02-27,843,18.17
Fietspad Science Park (2.80 m),52.357669548,4.955033327,Science Park richting Henriëtta Leavittbrug,Henriëtta Leavittbrug richting Science Park ,1,2022-02-27,2126,17.12
Fietspad Science Park (2.80 m),52.357669548,4.955033327,Science Park richting Henriëtta Leavittbrug,Henriëtta Leavittbrug richting Science Park ,-1,2022-02-28,985,19.74
Fietspad Science Park (2.80 m),52.357669548,4.955033327,Science Park richting Henriëtta Leavittbrug,Henriëtta Leavittbrug richting Science Park ,1,2022-02-28,3108,17.22
Fietspad Science Park (2.80 m),52.357669548,4.955033327,Science Park richting Henriëtta Leavittbrug,Henriëtta Leavittbrug richting Science Park ,-1,2022-03-01,837,19.93
Fietspad Science Park (2.80 m),52.357669548,4.955033327,Science Park richting Henriëtta Leavittbrug,Henriëtta Leavittbrug richting Science Park ,1,2022-03-01,2769,17.09
Fietspad Science Park (2.80 m),52.357669548,4.955033327,Science Park richting Henriëtta Leavittbrug,Henriëtta Leavittbrug richting Science Park ,-1,2022-03-02,1018,18.98
Fietspad Science Park (2.80 m),52.357669548,4.955033327,Science Park richting Henriëtta Leavittbrug,Henriëtta Leavittbrug richting Science Park ,1,2022-03-02,3580,17.04
Fietspad Science Park (2.80 m),52.357669548,4.955033327,Science Park richting Henriëtta Leavittbrug,Henriëtta Leavittbrug richting Science Park ,-1,2022-03-03,1076,19.11
Fietspad Science Park (2.80 m),52.357669548,4.955033327,Science Park richting Henriëtta Leavittbrug,Henriëtta Leavittbrug richting Science Park ,1,2022-03-03,3579,18.06
Fietspad Science Park (2.80 m),52.357669548,4.955033327,Science Park richting Henriëtta Leavittbrug,Henriëtta Leavittbrug richting Science Park ,-1,2022-03-04,1101,18.93
Fietspad Science Park (2.80 m),52.357669548,4.955033327,Science Park richting Henriëtta Leavittbrug,Henriëtta Leavittbrug richting Science Park ,1,2022-03-04,3589,18.3
Fietspad Science Park (2.80 m),52.357669548,4.955033327,Science Park richting Henriëtta Leavittbrug,Henriëtta Leavittbrug richting Science Park ,-1,2022-03-05,843,18.48
Fietspad Science Park (2.80 m),52.357669548,4.955033327,Science Park richting Henriëtta Leavittbrug,Henriëtta Leavittbrug richting Science Park ,1,2022-03-05,2513,17.15
Fietspad Science Park (2.80 m),52.357669548,4.955033327,Science Park richting Henriëtta Leavittbrug,Henriëtta Leavittbrug richting Science Park ,-1,2022-03-06,649,18.3
Fietspad Science Park (2.80 m),52.357669548,4.955033327,Science Park richting Henriëtta Leavittbrug,Henriëtta Leavittbrug richting Science Park ,1,2022-03-06,2004,16.55
Fietspad Science Park (2.80 m),52.357669548,4.955033327,Science Park richting Henriëtta Leavittbrug,Henriëtta Leavittbrug richting Science Park ,-1,2022-03-07,947,19.75
Fietspad Science Park (2.80 m),52.357669548,4.955033327,Science Park richting Henriëtta Leavittbrug,Henriëtta Leavittbrug richting Science Park ,1,2022-03-07,3284,17.59
Fietspad Science Park (2.80 m),52.357669548,4.955033327,Science Park richting Henriëtta Leavittbrug,Henriëtta Leavittbrug richting Science Park ,-1,2022-03-08,981,19.47
Fietspad Science Park (2.80 m),52.357669548,4.955033327,Science Park richting Henriëtta Leavittbrug,Henriëtta Leavittbrug richting Science Park ,1,2022-03-08,3299,18.04
Fietspad Science Park (2.80 m),52.357669548,4.955033327,Science Park richting Henriëtta Leavittbrug,Henriëtta Leavittbrug richting Science Park ,-1,2022-03-09,980,19.19
Fietspad Science Park (2.80 m),52.357669548,4.955033327,Science Park richting Henriëtta Leavittbrug,Henriëtta Leavittbrug richting Science Park ,1,2022-03-09,3495,17.32
Fietspad Science Park (2.80 m),52.357669548,4.955033327,Science Park richting Henriëtta Leavittbrug,Henriëtta Leavittbrug richting Science Park ,-1,2022-03-10,1016,19.52
Fietspad Science Park (2.80 m),52.357669548,4.955033327,Science Park richting Henriëtta Leavittbrug,Henriëtta Leavittbrug richting Science Park ,1,2022-03-10,3635,17.7
Fietspad Science Park (2.80 m),52.357669548,4.955033327,Science Park richting Henriëtta Leavittbrug,Henriëtta Leavittbrug richting Science Park ,-1,2022-03-11,976,18.6
Fietspad Science Park (2.80 m),52.357669548,4.955033327,Science Park richting Henriëtta Leavittbrug,Henriëtta Leavittbrug richting Science Park ,1,2022-03-11,3493,18.21
Fietspad Science Park (2.80 m),52.357669548,4.955033327,Science Park richting Henriëtta Leavittbrug,Henriëtta Leavittbrug richting Science Park ,-1,2022-03-12,1020,18.44
Fietspad Science Park (2.80 m),52.357669548,4.955033327,Science Park richting Henriëtta Leavittbrug,Henriëtta Leavittbrug richting Science Park ,1,2022-03-12,2783,16.36
Fietspad Science Park (2.80 m),52.357669548,4.955033327,Science Park richting Henriëtta Leavittbrug,Henriëtta Leavittbrug richting Science Park ,-1,2022-03-13,971,18.24
Fietspad Science Park (2.80 m),52.357669548,4.955033327,Science Park richting Henriëtta Leavittbrug,Henriëtta Leavittbrug richting Science Park ,1,2022-03-13,2469,16.97
Fietspad Science Park (2.80 m),52.357669548,4.955033327,Science Park richting Henriëtta Leavittbrug,Henriëtta Leavittbrug richting Science Park ,-1,2022-03-14,1014,20.96
Fietspad Science Park (2.80 m),52.357669548,4.955033327,Science Park richting Henriëtta Leavittbrug,Henriëtta Leavittbrug richting Science Park ,1,2022-03-14,3290,16.38
Fietspad Science Park (2.80 m),52.357669548,4.955033327,Science Park richting Henriëtta Leavittbrug,Henriëtta Leavittbrug richting Science Park ,-1,2022-03-15,1006,20.14
Fietspad Science Park (2.80 m),52.357669548,4.955033327,Science Park richting Henriëtta Leavittbrug,Henriëtta Leavittbrug richting Science Park ,1,2022-03-15,3705,17.81
Fietspad Science Park (2.80 m),52.357669548,4.955033327,Science Park richting Henriëtta Leavittbrug,Henriëtta Leavittbrug richting Science Park ,-1,2022-03-16,980,19.3
Fietspad Science Park (2.80 m),52.357669548,4.955033327,Science Park richting Henriëtta Leavittbrug,Henriëtta Leavittbrug richting Science Park ,1,2022-03-16,3651,17.99
Fietspad Science Park (2.80 m),52.357669548,4.955033327,Science Park richting Henriëtta Leavittbrug,Henriëtta Leavittbrug richting Science Park ,-1,2022-03-17,959,20.56
Fietspad Science Park (2.80 m),52.357669548,4.955033327,Science Park richting Henriëtta Leavittbrug,Henriëtta Leavittbrug richting Science Park ,1,2022-03-17,3401,16.6
Fietspad Science Park (2.80 m),52.357669548,4.955033327,Science Park richting Henriëtta Leavittbrug,Henriëtta Leavittbrug richting Science Park ,-1,2022-03-18,1022,19.83
Fietspad Science Park (2.80 m),52.357669548,4.955033327,Science Park richting Henriëtta Leavittbrug,Henriëtta Leavittbrug richting Science Park ,1,2022-03-18,3639,17.66
Fietspad Science Park (2.80 m),52.357669548,4.955033327,Science Park richting Henriëtta Leavittbrug,Henriëtta Leavittbrug richting Science Park ,-1,2022-03-19,854,18.7
Fietspad Science Park (2.80 m),52.357669548,4.955033327,Science Park richting Henriëtta Leavittbrug,Henriëtta Leavittbrug richting Science Park ,1,2022-03-19,2775,17.45
Fietspad Science Park (2.80 m),52.357669548,4.955033327,Science Park richting Henriëtta Leavittbrug,Henriëtta Leavittbrug richting Science Park ,-1,2022-03-20,619,18.62
Fietspad Science Park (2.80 m),52.357669548,4.955033327,Science Park richting Henriëtta Leavittbrug,Henriëtta Leavittbrug richting Science Park ,1,2022-03-20,1766,17.33
Fietspad Science Park (2.80 m),52.357669548,4.955033327,Science Park richting Henriëtta Leavittbrug,Henriëtta Leavittbrug richting Science Park ,-1,2022-03-21,980,20.2
Fietspad Science Park (2.80 m),52.357669548,4.955033327,Science Park richting Henriëtta Leavittbrug,Henriëtta Leavittbrug richting Science Park ,1,2022-03-21,3421,17.5
Fietspad Science Park (2.80 m),52.357669548,4.955033327,Science Park richting Henriëtta Leavittbrug,Henriëtta Leavittbrug richting Science Park ,-1,2022-03-22,1117,20.47
Fietspad Science Park (2.80 m),52.357669548,4.955033327,Science Park richting Henriëtta Leavittbrug,Henriëtta Leavittbrug richting Science Park ,1,2022-03-22,3808,17.8
Fietspad Science Park (2.80 m),52.357669548,4.955033327,Science Park richting Henriëtta Leavittbrug,Henriëtta Leavittbrug richting Science Park ,-1,2022-03-23,12,21.17
Fietspad Science Park (2.80 m),52.357669548,4.955033327,Science Park richting Henriëtta Leavittbrug,Henriëtta Leavittbrug richting Science Park ,1,2022-03-23,7,19.86
Fietspad Science Park (2.80 m),52.357669548,4.955033327,Science Park richting Henriëtta Leavittbrug,Henriëtta Leavittbrug richting Science Park ,-1,2022-03-24,0,
Fietspad Science Park (2.80 m),52.357669548,4.955033327,Science Park richting Henriëtta Leavittbrug,Henriëtta Leavittbrug richting Science Park ,1,2022-03-24,0,
Fietspad Science Park (2.80 m),52.357669548,4.955033327,Science Park richting Henriëtta Leavittbrug,Henriëtta Leavittbrug richting Science Park ,-1,2022-03-25,0,
Fietspad Science Park (2.80 m),52.357669548,4.955033327,Science Park richting Henriëtta Leavittbrug,Henriëtta Leavittbrug richting Science Park ,1,2022-03-25,0,
Fietspad Science Park (2.80 m),52.357669548,4.955033327,Science Park richting Henriëtta Leavittbrug,Henriëtta Leavittbrug richting Science Park ,-1,2022-03-26,0,
Fietspad Science Park (2.80 m),52.357669548,4.955033327,Science Park richting Henriëtta Leavittbrug,Henriëtta Leavittbrug richting Science Park ,1,2022-03-26,0,
Fietspad Science Park (2.80 m),52.357669548,4.955033327,Science Park richting Henriëtta Leavittbrug,Henriëtta Leavittbrug richting Science Park ,-1,2022-03-27,0,
Fietspad Science Park (2.80 m),52.357669548,4.955033327,Science Park richting Henriëtta Leavittbrug,Henriëtta Leavittbrug richting Science Park ,1,2022-03-27,0,
Fietspad Science Park (2.80 m),52.357669548,4.955033327,Science Park richting Henriëtta Leavittbrug,Henriëtta Leavittbrug richting Science Park ,-1,2022-03-28,311,20.49
Fietspad Science Park (2.80 m),52.357669548,4.955033327,Science Park richting Henriëtta Leavittbrug,Henriëtta Leavittbrug richting Science Park ,1,2022-03-28,888,17.05
Fietspad Science Park (2.80 m),52.357669548,4.955033327,Science Park richting Henriëtta Leavittbrug,Henriëtta Leavittbrug richting Science Park ,-1,2022-03-29,896,20.16
Fietspad Science Park (2.80 m),52.357669548,4.955033327,Science Park richting Henriëtta Leavittbrug,Henriëtta Leavittbrug richting Science Park ,1,2022-03-29,3519,17.73
Fietspad Science Park (2.80 m),52.357669548,4.955033327,Science Park richting Henriëtta Leavittbrug,Henriëtta Leavittbrug richting Science Park ,-1,2022-03-30,799,19.78
Fietspad Science Park (2.80 m),52.357669548,4.955033327,Science Park richting Henriëtta Leavittbrug,Henriëtta Leavittbrug richting Science Park ,1,2022-03-30,3375,17.41
Fietspad Science Park (2.80 m),52.357669548,4.955033327,Science Park richting Henriëtta Leavittbrug,Henriëtta Leavittbrug richting Science Park ,-1,2022-03-31,489,20.44
Fietspad Science Park (2.80 m),52.357669548,4.955033327,Science Park richting Henriëtta Leavittbrug,Henriëtta Leavittbrug richting Science Park ,1,2022-03-31,2225,17.6
Fietspad Science Park (2.80 m),52.357669548,4.955033327,Science Park richting Henriëtta Leavittbrug,Henriëtta Leavittbrug richting Science Park ,-1,2022-04-01,459,18.93
Fietspad Science Park (2.80 m),52.357669548,4.955033327,Science Park richting Henriëtta Leavittbrug,Henriëtta Leavittbrug richting Science Park ,1,2022-04-01,2198,17.79
Fietspad Science Park (2.80 m),52.357669548,4.955033327,Science Park richting Henriëtta Leavittbrug,Henriëtta Leavittbrug richting Science Park ,-1,2022-04-02,602,18.82
Fietspad Science Park (2.80 m),52.357669548,4.955033327,Science Park richting Henriëtta Leavittbrug,Henriëtta Leavittbrug richting Science Park ,1,2022-04-02,2141,17.17
Fietspad Science Park (2.80 m),52.357669548,4.955033327,Science Park richting Henriëtta Leavittbrug,Henriëtta Leavittbrug richting Science Park ,-1,2022-04-03,575,19.92
Fietspad Science Park (2.80 m),52.357669548,4.955033327,Science Park richting Henriëtta Leavittbrug,Henriëtta Leavittbrug richting Science Park ,1,2022-04-03,1674,16.19
Fietspad Science Park (2.80 m),52.357669548,4.955033327,Science Park richting Henriëtta Leavittbrug,Henriëtta Leavittbrug richting Science Park ,-1,2022-04-04,540,21.64
Fietspad Science Park (2.80 m),52.357669548,4.955033327,Science Park richting Henriëtta Leavittbrug,Henriëtta Leavittbrug richting Science Park ,1,2022-04-04,1998,15.87
Fietspad Science Park (2.80 m),52.357669548,4.955033327,Science Park richting Henriëtta Leavittbrug,Henriëtta Leavittbrug richting Science Park ,-1,2022-04-05,741,21.74
Fietspad Science Park (2.80 m),52.357669548,4.955033327,Science Park richting Henriëtta Leavittbrug,Henriëtta Leavittbrug richting Science Park ,1,2022-04-05,2740,16.08
Fietspad Science Park (2.80 m),52.357669548,4.955033327,Science Park richting Henriëtta Leavittbrug,Henriëtta Leavittbrug richting Science Park ,-1,2022-04-06,679,20.55
Fietspad Science Park (2.80 m),52.357669548,4.955033327,Science Park richting Henriëtta Leavittbrug,Henriëtta Leavittbrug richting Science Park ,1,2022-04-06,2578,16.36
Fietspad Science Park (2.80 m),52.357669548,4.955033327,Science Park richting Henriëtta Leavittbrug,Henriëtta Leavittbrug richting Science Park ,-1,2022-04-07,539,22.82
Fietspad Science Park (2.80 m),52.357669548,4.955033327,Science Park richting Henriëtta Leavittbrug,Henriëtta Leavittbrug richting Science Park ,1,2022-04-07,1808,15.69
Fietspad Science Park (2.80 m),52.357669548,4.955033327,Science Park richting Henriëtta Leavittbrug,Henriëtta Leavittbrug richting Science Park ,-1,2022-04-08,859,20.73
Fietspad Science Park (2.80 m),52.357669548,4.955033327,Science Park richting Henriëtta Leavittbrug,Henriëtta Leavittbrug richting Science Park ,1,2022-04-08,3244,16.78
Fietspad Science Park (2.80 m),52.357669548,4.955033327,Science Park richting Henriëtta Leavittbrug,Henriëtta Leavittbrug richting Science Park ,-1,2022-04-09,602,20.54
Fietspad Science Park (2.80 m),52.357669548,4.955033327,Science Park richting Henriëtta Leavittbrug,Henriëtta Leavittbrug richting Science Park ,1,2022-04-09,1806,16.36
Fietspad Science Park (2.80 m),52.357669548,4.955033327,Science Park richting Henriëtta Leavittbrug,Henriëtta Leavittbrug richting Science Park ,-1,2022-04-10,875,19.31
Fietspad Science Park (2.80 m),52.357669548,4.955033327,Science Park richting Henriëtta Leavittbrug,Henriëtta Leavittbrug richting Science Park ,1,2022-04-10,2261,16.31
Fietspad Science Park (2.80 m),52.357669548,4.955033327,Science Park richting Henriëtta Leavittbrug,Henriëtta Leavittbrug richting Science Park ,-1,2022-04-11,1006,18.98
Fietspad Science Park (2.80 m),52.357669548,4.955033327,Science Park richting Henriëtta Leavittbrug,Henriëtta Leavittbrug richting Science Park ,1,2022-04-11,3691,18.1
Fietspad Science Park (2.80 m),52.357669548,4.955033327,Science Park richting Henriëtta Leavittbrug,Henriëtta Leavittbrug richting Science Park ,-1,2022-04-12,1138,20.67
Fietspad Science Park (2.80 m),52.357669548,4.955033327,Science Park richting Henriëtta Leavittbrug,Henriëtta Leavittbrug richting Science Park ,1,2022-04-12,4151,18.32
Fietspad Science Park (2.80 m),52.357669548,4.955033327,Science Park richting Henriëtta Leavittbrug,Henriëtta Leavittbrug richting Science Park ,-1,2022-04-13,1075,20.99
Fietspad Science Park (2.80 m),52.357669548,4.955033327,Science Park richting Henriëtta Leavittbrug,Henriëtta Leavittbrug richting Science Park ,1,2022-04-13,3948,16.87
Fietspad Science Park (2.80 m),52.357669548,4.955033327,Science Park richting Henriëtta Leavittbrug,Henriëtta Leavittbrug richting Science Park ,-1,2022-04-14,1327,20.57
Fietspad Science Park (2.80 m),52.357669548,4.955033327,Science Park richting Henriëtta Leavittbrug,Henriëtta Leavittbrug richting Science Park ,1,2022-04-14,4415,17.41
Fietspad Science Park (2.80 m),52.357669548,4.955033327,Science Park richting Henriëtta Leavittbrug,Henriëtta Leavittbrug richting Science Park ,-1,2022-04-15,789,19.74
Fietspad Science Park (2.80 m),52.357669548,4.955033327,Science Park richting Henriëtta Leavittbrug,Henriëtta Leavittbrug richting Science Park ,1,2022-04-15,3061,17.99
Fietspad Science Park (2.80 m),52.357669548,4.955033327,Science Park richting Henriëtta Leavittbrug,Henriëtta Leavittbrug richting Science Park ,-1,2022-04-16,898,18.64
Fietspad Science Park (2.80 m),52.357669548,4.955033327,Science Park richting Henriëtta Leavittbrug,Henriëtta Leavittbrug richting Science Park ,1,2022-04-16,2676,18.06
Fietspad Science Park (2.80 m),52.357669548,4.955033327,Science Park richting Henriëtta Leavittbrug,Henriëtta Leavittbrug richting Science Park ,-1,2022-04-17,851,18.54
Fietspad Science Park (2.80 m),52.357669548,4.955033327,Science Park richting Henriëtta Leavittbrug,Henriëtta Leavittbrug richting Science Park ,1,2022-04-17,2295,17.6
Fietspad Science Park (2.80 m),52.357669548,4.955033327,Science Park richting Henriëtta Leavittbrug,Henriëtta Leavittbrug richting Science Park ,-1,2022-04-18,913,19.12
Fietspad Science Park (2.80 m),52.357669548,4.955033327,Science Park richting Henriëtta Leavittbrug,Henriëtta Leavittbrug richting Science Park ,1,2022-04-18,2576,17.51
Fietspad Science Park (2.80 m),52.357669548,4.955033327,Science Park richting Henriëtta Leavittbrug,Henriëtta Leavittbrug richting Science Park ,-1,2022-04-19,1059,20.53
Fietspad Science Park (2.80 m),52.357669548,4.955033327,Science Park richting Henriëtta Leavittbrug,Henriëtta Leavittbrug richting Science Park ,1,2022-04-19,4171,17.91
Fietspad Science Park (2.80 m),52.357669548,4.955033327,Science Park richting Henriëtta Leavittbrug,Henriëtta Leavittbrug richting Science Park ,-1,2022-04-20,1001,20.04
Fietspad Science Park (2.80 m),52.357669548,4.955033327,Science Park richting Henriëtta Leavittbrug,Henriëtta Leavittbrug richting Science Park ,1,2022-04-20,4236,17.83
Fietspad Science Park (2.80 m),52.357669548,4.955033327,Science Park richting Henriëtta Leavittbrug,Henriëtta Leavittbrug richting Science Park ,-1,2022-04-21,993,20.4
Fietspad Science Park (2.80 m),52.357669548,4.955033327,Science Park richting Henriëtta Leavittbrug,Henriëtta Leavittbrug richting Science Park ,1,2022-04-21,4108,17.85
Fietspad Science Park (2.80 m),52.357669548,4.955033327,Science Park richting Henriëtta Leavittbrug,Henriëtta Leavittbrug richting Science Park ,-1,2022-04-22,878,19.87
Fietspad Science Park (2.80 m),52.357669548,4.955033327,Science Park richting Henriëtta Leavittbrug,Henriëtta Leavittbrug richting Science Park ,1,2022-04-22,3803,18.43
Fietspad Science Park (2.80 m),52.357669548,4.955033327,Science Park richting Henriëtta Leavittbrug,Henriëtta Leavittbrug richting Science Park ,-1,2022-04-23,797,18.83
Fietspad Science Park (2.80 m),52.357669548,4.955033327,Science Park richting Henriëtta Leavittbrug,Henriëtta Leavittbrug richting Science Park ,1,2022-04-23,2863,17.96
Fietspad Science Park (2.80 m),52.357669548,4.955033327,Science Park richting Henriëtta Leavittbrug,Henriëtta Leavittbrug richting Science Park ,-1,2022-04-24,746,19.24
Fietspad Science Park (2.80 m),52.357669548,4.955033327,Science Park richting Henriëtta Leavittbrug,Henriëtta Leavittbrug richting Science Park ,1,2022-04-24,2528,17.23
Fietspad Science Park (2.80 m),52.357669548,4.955033327,Science Park richting Henriëtta Leavittbrug,Henriëtta Leavittbrug richting Science Park ,-1,2022-04-25,523,20.66
Fietspad Science Park (2.80 m),52.357669548,4.955033327,Science Park richting Henriëtta Leavittbrug,Henriëtta Leavittbrug richting Science Park ,1,2022-04-25,2201,17.84
Fietspad Science Park (2.80 m),52.357669548,4.955033327,Science Park richting Henriëtta Leavittbrug,Henriëtta Leavittbrug richting Science Park ,-1,2022-04-26,661,20.12
Fietspad Science Park (2.80 m),52.357669548,4.955033327,Science Park richting Henriëtta Leavittbrug,Henriëtta Leavittbrug richting Science Park ,1,2022-04-26,3424,17.67
Fietspad Science Park (2.80 m),52.357669548,4.955033327,Science Park richting Henriëtta Leavittbrug,Henriëtta Leavittbrug richting Science Park ,-1,2022-04-27,1211,18.43
Fietspad Science Park (2.80 m),52.357669548,4.955033327,Science Park richting Henriëtta Leavittbrug,Henriëtta Leavittbrug richting Science Park ,1,2022-04-27,3045,16.93
Fietspad Science Park (2.80 m),52.357669548,4.955033327,Science Park richting Henriëtta Leavittbrug,Henriëtta Leavittbrug richting Science Park ,-1,2022-04-28,627,20.58
Fietspad Science Park (2.80 m),52.357669548,4.955033327,Science Park richting Henriëtta Leavittbrug,Henriëtta Leavittbrug richting Science Park ,1,2022-04-28,2595,17.58
Fietspad Science Park (2.80 m),52.357669548,4.955033327,Science Park richting Henriëtta Leavittbrug,Henriëtta Leavittbrug richting Science Park ,-1,2022-04-29,534,20.16
Fietspad Science Park (2.80 m),52.357669548,4.955033327,Science Park richting Henriëtta Leavittbrug,Henriëtta Leavittbrug richting Science Park ,1,2022-04-29,2519,17.72
Fietspad Science Park (2.80 m),52.357669548,4.955033327,Science Park richting Henriëtta Leavittbrug,Henriëtta Leavittbrug richting Science Park ,-1,2022-04-30,572,19.21
Fietspad Science Park (2.80 m),52.357669548,4.955033327,Science Park richting Henriëtta Leavittbrug,Henriëtta Leavittbrug richting Science Park ,1,2022-04-30,1963,17.34
Fietspad Science Park (2.80 m),52.357669548,4.955033327,Science Park richting Henriëtta Leavittbrug,Henriëtta Leavittbrug richting Science Park ,-1,2022-05-01,745,18.57
Fietspad Science Park (2.80 m),52.357669548,4.955033327,Science Park richting Henriëtta Leavittbrug,Henriëtta Leavittbrug richting Science Park ,1,2022-05-01,2238,17.52
Fietspad Science Park (2.80 m),52.357669548,4.955033327,Science Park richting Henriëtta Leavittbrug,Henriëtta Leavittbrug richting Science Park ,-1,2022-05-02,655,19.87
Fietspad Science Park (2.80 m),52.357669548,4.955033327,Science Park richting Henriëtta Leavittbrug,Henriëtta Leavittbrug richting Science Park ,1,2022-05-02,2806,17.47
Fietspad Science Park (2.80 m),52.357669548,4.955033327,Science Park richting Henriëtta Leavittbrug,Henriëtta Leavittbrug richting Science Park ,-1,2022-05-03,584,20.68
Fietspad Science Park (2.80 m),52.357669548,4.955033327,Science Park richting Henriëtta Leavittbrug,Henriëtta Leavittbrug richting Science Park ,1,2022-05-03,2561,17.53
Fietspad Science Park (2.80 m),52.357669548,4.955033327,Science Park richting Henriëtta Leavittbrug,Henriëtta Leavittbrug richting Science Park ,-1,2022-05-04,652,20.05
Fietspad Science Park (2.80 m),52.357669548,4.955033327,Science Park richting Henriëtta Leavittbrug,Henriëtta Leavittbrug richting Science Park ,1,2022-05-04,2857,17.32
Fietspad Science Park (2.80 m),52.357669548,4.955033327,Science Park richting Henriëtta Leavittbrug,Henriëtta Leavittbrug richting Science Park ,-1,2022-05-05,567,19.98
Fietspad Science Park (2.80 m),52.357669548,4.955033327,Science Park richting Henriëtta Leavittbrug,Henriëtta Leavittbrug richting Science Park ,1,2022-05-05,2484,17.65
Fietspad Science Park (2.80 m),52.357669548,4.955033327,Science Park richting Henriëtta Leavittbrug,Henriëtta Leavittbrug richting Science Park ,-1,2022-05-06,685,20.25
Fietspad Science Park (2.80 m),52.357669548,4.955033327,Science Park richting Henriëtta Leavittbrug,Henriëtta Leavittbrug richting Science Park ,1,2022-05-06,2890,17.01
Fietspad Science Park (2.80 m),52.357669548,4.955033327,Science Park richting Henriëtta Leavittbrug,Henriëtta Leavittbrug richting Science Park ,-1,2022-05-07,702,19.56
Fietspad Science Park (2.80 m),52.357669548,4.955033327,Science Park richting Henriëtta Leavittbrug,Henriëtta Leavittbrug richting Science Park ,1,2022-05-07,2389,17.49
Fietspad Science Park (2.80 m),52.357669548,4.955033327,Science Park richting Henriëtta Leavittbrug,Henriëtta Leavittbrug richting Science Park ,-1,2022-05-08,748,19.36
Fietspad Science Park (2.80 m),52.357669548,4.955033327,Science Park richting Henriëtta Leavittbrug,Henriëtta Leavittbrug richting Science Park ,1,2022-05-08,2517,17.18
Fietspad Science Park (2.80 m),52.357669548,4.955033327,Science Park richting Henriëtta Leavittbrug,Henriëtta Leavittbrug richting Science Park ,-1,2022-05-09,1014,20.91
Fietspad Science Park (2.80 m),52.357669548,4.955033327,Science Park richting Henriëtta Leavittbrug,Henriëtta Leavittbrug richting Science Park ,1,2022-05-09,4103,17.9
Fietspad Science Park (2.80 m),52.357669548,4.955033327,Science Park richting Henriëtta Leavittbrug,Henriëtta Leavittbrug richting Science Park ,-1,2022-05-10,927,21.43
Fietspad Science Park (2.80 m),52.357669548,4.955033327,Science Park richting Henriëtta Leavittbrug,Henriëtta Leavittbrug richting Science Park ,1,2022-05-10,3996,17.16
Fietspad Science Park (2.80 m),52.357669548,4.955033327,Science Park richting Henriëtta Leavittbrug,Henriëtta Leavittbrug richting Science Park ,-1,2022-05-11,904,21.16
Fietspad Science Park (2.80 m),52.357669548,4.955033327,Science Park richting Henriëtta Leavittbrug,Henriëtta Leavittbrug richting Science Park ,1,2022-05-11,3975,16.39
Fietspad Science Park (2.80 m),52.357669548,4.955033327,Science Park richting Henriëtta Leavittbrug,Henriëtta Leavittbrug richting Science Park ,-1,2022-05-12,1029,21.67
Fietspad Science Park (2.80 m),52.357669548,4.955033327,Science Park richting Henriëtta Leavittbrug,Henriëtta Leavittbrug richting Science Park ,1,2022-05-12,4297,16.86
Fietspad Science Park (2.80 m),52.357669548,4.955033327,Science Park richting Henriëtta Leavittbrug,Henriëtta Leavittbrug richting Science Park ,-1,2022-05-13,907,21.4
Fietspad Science Park (2.80 m),52.357669548,4.955033327,Science Park richting Henriëtta Leavittbrug,Henriëtta Leavittbrug richting Science Park ,1,2022-05-13,3726,16.58
Fietspad Science Park (2.80 m),52.357669548,4.955033327,Science Park richting Henriëtta Leavittbrug,Henriëtta Leavittbrug richting Science Park ,-1,2022-05-14,900,18.91
Fietspad Science Park (2.80 m),52.357669548,4.955033327,Science Park richting Henriëtta Leavittbrug,Henriëtta Leavittbrug richting Science Park ,1,2022-05-14,3033,17.25
Fietspad Science Park (2.80 m),52.357669548,4.955033327,Science Park richting Henriëtta Leavittbrug,Henriëtta Leavittbrug richting Science Park ,-1,2022-05-15,1160,18.95
Fietspad Science Park (2.80 m),52.357669548,4.955033327,Science Park richting Henriëtta Leavittbrug,Henriëtta Leavittbrug richting Science Park ,1,2022-05-15,3118,17.39
Fietspad Science Park (2.80 m),52.357669548,4.955033327,Science Park richting Henriëtta Leavittbrug,Henriëtta Leavittbrug richting Science Park ,-1,2022-05-16,920,21.03
Fietspad Science Park (2.80 m),52.357669548,4.955033327,Science Park richting Henriëtta Leavittbrug,Henriëtta Leavittbrug richting Science Park ,1,2022-05-16,3819,17.19
Fietspad Science Park (2.80 m),52.357669548,4.955033327,Science Park richting Henriëtta Leavittbrug,Henriëtta Leavittbrug richting Science Park ,-1,2022-05-17,1070,20.48
Fietspad Science Park (2.80 m),52.357669548,4.955033327,Science Park richting Henriëtta Leavittbrug,Henriëtta Leavittbrug richting Science Park ,1,2022-05-17,4170,17.83
Fietspad Science Park (2.80 m),52.357669548,4.955033327,Science Park richting Henriëtta Leavittbrug,Henriëtta Leavittbrug richting Science Park ,-1,2022-05-18,1136,20.47
Fietspad Science Park (2.80 m),52.357669548,4.955033327,Science Park richting Henriëtta Leavittbrug,Henriëtta Leavittbrug richting Science Park ,1,2022-05-18,4398,17.66
Fietspad Science Park (2.80 m),52.357669548,4.955033327,Science Park richting Henriëtta Leavittbrug,Henriëtta Leavittbrug richting Science Park ,-1,2022-05-19,819,21.17
Fietspad Science Park (2.80 m),52.357669548,4.955033327,Science Park richting Henriëtta Leavittbrug,Henriëtta Leavittbrug richting Science Park ,1,2022-05-19,3497,17.71
Fietspad Science Park (2.80 m),52.357669548,4.955033327,Science Park richting Henriëtta Leavittbrug,Henriëtta Leavittbrug richting Science Park ,-1,2022-05-20,663,20.74
Fietspad Science Park (2.80 m),52.357669548,4.955033327,Science Park richting Henriëtta Leavittbrug,Henriëtta Leavittbrug richting Science Park ,1,2022-05-20,3044,17.95
Fietspad Science Park (2.80 m),52.357669548,4.955033327,Science Park richting Henriëtta Leavittbrug,Henriëtta Leavittbrug richting Science Park ,-1,2022-05-21,816,20.18
Fietspad Science Park (2.80 m),52.357669548,4.955033327,Science Park richting Henriëtta Leavittbrug,Henriëtta Leavittbrug richting Science Park ,1,2022-05-21,2866,16.4
Fietspad Science Park (2.80 m),52.357669548,4.955033327,Science Park richting Henriëtta Leavittbrug,Henriëtta Leavittbrug richting Science Park ,-1,2022-05-22,983,18.92
Fietspad Science Park (2.80 m),52.357669548,4.955033327,Science Park richting Henriëtta Leavittbrug,Henriëtta Leavittbrug richting Science Park ,1,2022-05-22,3144,17.13
Fietspad Science Park (2.80 m),52.357669548,4.955033327,Science Park richting Henriëtta Leavittbrug,Henriëtta Leavittbrug richting Science Park ,-1,2022-05-23,717,20.58
Fietspad Science Park (2.80 m),52.357669548,4.955033327,Science Park richting Henriëtta Leavittbrug,Henriëtta Leavittbrug richting Science Park ,1,2022-05-23,3253,17.83
Fietspad Science Park (2.80 m),52.357669548,4.955033327,Science Park richting Henriëtta Leavittbrug,Henriëtta Leavittbrug richting Science Park ,-1,2022-05-24,815,21.49
Fietspad Science Park (2.80 m),52.357669548,4.955033327,Science Park richting Henriëtta Leavittbrug,Henriëtta Leavittbrug richting Science Park ,1,2022-05-24,3480,16.89
Fietspad Science Park (2.80 m),52.357669548,4.955033327,Science Park richting Henriëtta Leavittbrug,Henriëtta Leavittbrug richting Science Park ,-1,2022-05-25,811,21.15
Fietspad Science Park (2.80 m),52.357669548,4.955033327,Science Park richting Henriëtta Leavittbrug,Henriëtta Leavittbrug richting Science Park ,1,2022-05-25,3514,16.86
Fietspad Science Park (2.80 m),52.357669548,4.955033327,Science Park richting Henriëtta Leavittbrug,Henriëtta Leavittbrug richting Science Park ,-1,2022-05-26,825,20.57
Fietspad Science Park (2.80 m),52.357669548,4.955033327,Science Park richting Henriëtta Leavittbrug,Henriëtta Leavittbrug richting Science Park ,1,2022-05-26,2654,16.27
Fietspad Science Park (2.80 m),52.357669548,4.955033327,Science Park richting Henriëtta Leavittbrug,Henriëtta Leavittbrug richting Science Park ,-1,2022-05-27,655,20.99
Fietspad Science Park (2.80 m),52.357669548,4.955033327,Science Park richting Henriëtta Leavittbrug,Henriëtta Leavittbrug richting Science Park ,1,2022-05-27,2636,16.9
Fietspad Science Park (2.80 m),52.357669548,4.955033327,Science Park richting Henriëtta Leavittbrug,Henriëtta Leavittbrug richting Science Park ,-1,2022-05-28,691,19.26
Fietspad Science Park (2.80 m),52.357669548,4.955033327,Science Park richting Henriëtta Leavittbrug,Henriëtta Leavittbrug richting Science Park ,1,2022-05-28,2561,17.27
Fietspad Science Park (2.80 m),52.357669548,4.955033327,Science Park richting Henriëtta Leavittbrug,Henriëtta Leavittbrug richting Science Park ,-1,2022-05-29,588,19.35
Fietspad Science Park (2.80 m),52.357669548,4.955033327,Science Park richting Henriëtta Leavittbrug,Henriëtta Leavittbrug richting Science Park ,1,2022-05-29,1959,16.77
Fietspad Science Park (2.80 m),52.357669548,4.955033327,Science Park richting Henriëtta Leavittbrug,Henriëtta Leavittbrug richting Science Park ,-1,2022-05-30,1275,18.19
Fietspad Science Park (2.80 m),52.357669548,4.955033327,Science Park richting Henriëtta Leavittbrug,Henriëtta Leavittbrug richting Science Park ,1,2022-05-30,3879,17.14
Fietspad Science Park (2.80 m),52.357669548,4.955033327,Science Park richting Henriëtta Leavittbrug,Henriëtta Leavittbrug richting Science Park ,-1,2022-05-31,921,19.97
Fietspad Science Park (2.80 m),52.357669548,4.955033327,Science Park richting Henriëtta Leavittbrug,Henriëtta Leavittbrug richting Science Park ,1,2022-05-31,3801,17.78
Fietspad Science Park (2.80 m),52.357669548,4.955033327,Science Park richting Henriëtta Leavittbrug,Henriëtta Leavittbrug richting Science Park ,-1,2022-06-01,870,20.76
Fietspad Science Park (2.80 m),52.357669548,4.955033327,Science Park richting Henriëtta Leavittbrug,Henriëtta Leavittbrug richting Science Park ,1,2022-06-01,3859,16.76
Fietspad Science Park (2.80 m),52.357669548,4.955033327,Science Park richting Henriëtta Leavittbrug,Henriëtta Leavittbrug richting Science Park ,-1,2022-06-02,1558,17.87
Fietspad Science Park (2.80 m),52.357669548,4.955033327,Science Park richting Henriëtta Leavittbrug,Henriëtta Leavittbrug richting Science Park ,1,2022-06-02,4562,17.32
Fietspad Science Park (2.80 m),52.357669548,4.955033327,Science Park richting Henriëtta Leavittbrug,Henriëtta Leavittbrug richting Science Park ,-1,2022-06-03,1040,19.94
Fietspad Science Park (2.80 m),52.357669548,4.955033327,Science Park richting Henriëtta Leavittbrug,Henriëtta Leavittbrug richting Science Park ,1,2022-06-03,4294,17.88
Fietspad Science Park (2.80 m),52.357669548,4.955033327,Science Park richting Henriëtta Leavittbrug,Henriëtta Leavittbrug richting Science Park ,-1,2022-06-04,768,19.39
Fietspad Science Park (2.80 m),52.357669548,4.955033327,Science Park richting Henriëtta Leavittbrug,Henriëtta Leavittbrug richting Science Park ,1,2022-06-04,2586,17.82
Fietspad Science Park (2.80 m),52.357669548,4.955033327,Science Park richting Henriëtta Leavittbrug,Henriëtta Leavittbrug richting Science Park ,-1,2022-06-05,265,18.21
Fietspad Science Park (2.80 m),52.357669548,4.955033327,Science Park richting Henriëtta Leavittbrug,Henriëtta Leavittbrug richting Science Park ,1,2022-06-05,862,16.44
Fietspad Science Park (2.80 m),52.357669548,4.955033327,Science Park richting Henriëtta Leavittbrug,Henriëtta Leavittbrug richting Science Park ,-1,2022-06-06,233,20.19
Fietspad Science Park (2.80 m),52.357669548,4.955033327,Science Park richting Henriëtta Leavittbrug,Henriëtta Leavittbrug richting Science Park ,1,2022-06-06,840,15.73
Fietspad Science Park (2.80 m),52.357669548,4.955033327,Science Park richting Henriëtta Leavittbrug,Henriëtta Leavittbrug richting Science Park ,-1,2022-06-07,619,21.47
Fietspad Science Park (2.80 m),52.357669548,4.955033327,Science Park richting Henriëtta Leavittbrug,Henriëtta Leavittbrug richting Science Park ,1,2022-06-07,2864,16.81
Fietspad Science Park (2.80 m),52.357669548,4.955033327,Science Park richting Henriëtta Leavittbrug,Henriëtta Leavittbrug richting Science Park ,-1,2022-06-08,473,20.62
Fietspad Science Park (2.80 m),52.357669548,4.955033327,Science Park richting Henriëtta Leavittbrug,Henriëtta Leavittbrug richting Science Park ,1,2022-06-08,2277,18.02
Fietspad Science Park (2.80 m),52.357669548,4.955033327,Science Park richting Henriëtta Leavittbrug,Henriëtta Leavittbrug richting Science Park ,-1,2022-06-09,537,21.49
Fietspad Science Park (2.80 m),52.357669548,4.955033327,Science Park richting Henriëtta Leavittbrug,Henriëtta Leavittbrug richting Science Park ,1,2022-06-09,2733,17.53
Fietspad Science Park (2.80 m),52.357669548,4.955033327,Science Park richting Henriëtta Leavittbrug,Henriëtta Leavittbrug richting Science Park ,-1,2022-06-10,913,20.44
Fietspad Science Park (2.80 m),52.357669548,4.955033327,Science Park richting Henriëtta Leavittbrug,Henriëtta Leavittbrug richting Science Park ,1,2022-06-10,3800,17.48
Fietspad Science Park (2.80 m),52.357669548,4.955033327,Science Park richting Henriëtta Leavittbrug,Henriëtta Leavittbrug richting Science Park ,-1,2022-06-11,1067,20.24
Fietspad Science Park (2.80 m),52.357669548,4.955033327,Science Park richting Henriëtta Leavittbrug,Henriëtta Leavittbrug richting Science Park ,1,2022-06-11,3724,16.8
Fietspad Science Park (2.80 m),52.357669548,4.955033327,Science Park richting Henriëtta Leavittbrug,Henriëtta Leavittbrug richting Science Park ,-1,2022-06-12,1029,20.12
Fietspad Science Park (2.80 m),52.357669548,4.955033327,Science Park richting Henriëtta Leavittbrug,Henriëtta Leavittbrug richting Science Park ,1,2022-06-12,3037,16.3
Fietspad Science Park (2.80 m),52.357669548,4.955033327,Science Park richting Henriëtta Leavittbrug,Henriëtta Leavittbrug richting Science Park ,-1,2022-06-13,982,21.19
Fietspad Science Park (2.80 m),52.357669548,4.955033327,Science Park richting Henriëtta Leavittbrug,Henriëtta Leavittbrug richting Science Park ,1,2022-06-13,4158,17.15
Fietspad Science Park (2.80 m),52.357669548,4.955033327,Science Park richting Henriëtta Leavittbrug,Henriëtta Leavittbrug richting Science Park ,-1,2022-06-14,1077,20.14
Fietspad Science Park (2.80 m),52.357669548,4.955033327,Science Park richting Henriëtta Leavittbrug,Henriëtta Leavittbrug richting Science Park ,1,2022-06-14,4489,17.84
Fietspad Science Park (2.80 m),52.357669548,4.955033327,Science Park richting Henriëtta Leavittbrug,Henriëtta Leavittbrug richting Science Park ,-1,2022-06-15,1197,20.29
Fietspad Science Park (2.80 m),52.357669548,4.955033327,Science Park richting Henriëtta Leavittbrug,Henriëtta Leavittbrug richting Science Park ,1,2022-06-15,4628,17.72
Fietspad Science Park (2.80 m),52.357669548,4.955033327,Science Park richting Henriëtta Leavittbrug,Henriëtta Leavittbrug richting Science Park ,-1,2022-06-16,1249,20.33
Fietspad Science Park (2.80 m),52.357669548,4.955033327,Science Park richting Henriëtta Leavittbrug,Henriëtta Leavittbrug richting Science Park ,1,2022-06-16,4738,18.08
Fietspad Science Park (2.80 m),52.357669548,4.955033327,Science Park richting Henriëtta Leavittbrug,Henriëtta Leavittbrug richting Science Park ,-1,2022-06-17,1148,20.35
Fietspad Science Park (2.80 m),52.357669548,4.955033327,Science Park richting Henriëtta Leavittbrug,Henriëtta Leavittbrug richting Science Park ,1,2022-06-17,4416,17.85
Fietspad Science Park (2.80 m),52.357669548,4.955033327,Science Park richting Henriëtta Leavittbrug,Henriëtta Leavittbrug richting Science Park ,-1,2022-06-18,1061,18.93
Fietspad Science Park (2.80 m),52.357669548,4.955033327,Science Park richting Henriëtta Leavittbrug,Henriëtta Leavittbrug richting Science Park ,1,2022-06-18,3413,17.36
Fietspad Science Park (2.80 m),52.357669548,4.955033327,Science Park richting Henriëtta Leavittbrug,Henriëtta Leavittbrug richting Science Park ,-1,2022-06-19,729,19.05
Fietspad Science Park (2.80 m),52.357669548,4.955033327,Science Park richting Henriëtta Leavittbrug,Henriëtta Leavittbrug richting Science Park ,1,2022-06-19,2258,16.79
Fietspad Science Park (2.80 m),52.357669548,4.955033327,Science Park richting Henriëtta Leavittbrug,Henriëtta Leavittbrug richting Science Park ,-1,2022-06-20,968,20.86
Fietspad Science Park (2.80 m),52.357669548,4.955033327,Science Park richting Henriëtta Leavittbrug,Henriëtta Leavittbrug richting Science Park ,1,2022-06-20,3969,17.59
Fietspad Science Park (2.80 m),52.357669548,4.955033327,Science Park richting Henriëtta Leavittbrug,Henriëtta Leavittbrug richting Science Park ,-1,2022-06-21,1111,20.63
Fietspad Science Park (2.80 m),52.357669548,4.955033327,Science Park richting Henriëtta Leavittbrug,Henriëtta Leavittbrug richting Science Park ,1,2022-06-21,4567,17.93
Fietspad Science Park (2.80 m),52.357669548,4.955033327,Science Park richting Henriëtta Leavittbrug,Henriëtta Leavittbrug richting Science Park ,-1,2022-06-22,1389,20.14
Fietspad Science Park (2.80 m),52.357669548,4.955033327,Science Park richting Henriëtta Leavittbrug,Henriëtta Leavittbrug richting Science Park ,1,2022-06-22,4708,17.78
Fietspad Science Park (2.80 m),52.357669548,4.955033327,Science Park richting Henriëtta Leavittbrug,Henriëtta Leavittbrug richting Science Park ,-1,2022-06-23,1139,20.52
Fietspad Science Park (2.80 m),52.357669548,4.955033327,Science Park richting Henriëtta Leavittbrug,Henriëtta Leavittbrug richting Science Park ,1,2022-06-23,4473,18.32
Fietspad Science Park (2.80 m),52.357669548,4.955033327,Science Park richting Henriëtta Leavittbrug,Henriëtta Leavittbrug richting Science Park ,-1,2022-06-24,703,20.77
Fietspad Science Park (2.80 m),52.357669548,4.955033327,Science Park richting Henriëtta Leavittbrug,Henriëtta Leavittbrug richting Science Park ,1,2022-06-24,3224,17.46
