location,latitude,longitude,plusdirection,mindirection,direction,datetime,count,speed_mean
Geldersekade,52.376104,4.902494,Bantammerbrug richting Prins Hendrikkade,Prins Hendrikkade richting Bantammerbrug,-1,2022-01-01,2489,14.53
Geldersekade,52.376104,4.902494,Bantammerbrug richting Prins Hendrikkade,Prins Hendrikkade richting Bantammerbrug,1,2022-01-01,2492,12.97
Geldersekade,52.376104,4.902494,Bantammerbrug richting Prins Hendrikkade,Prins Hendrikkade richting Bantammerbrug,-1,2022-01-02,1864,14.29
Geldersekade,52.376104,4.902494,Bantammerbrug richting Prins Hendrikkade,Prins Hendrikkade richting Bantammerbrug,1,2022-01-02,1924,13.71
Geldersekade,52.376104,4.902494,Bantammerbrug richting Prins Hendrikkade,Prins Hendrikkade richting Bantammerbrug,-1,2022-01-03,3220,14.75
Geldersekade,52.376104,4.902494,Bantammerbrug richting Prins Hendrikkade,Prins Hendrikkade richting Bantammerbrug,1,2022-01-03,3523,13.84
Geldersekade,52.376104,4.902494,Bantammerbrug richting Prins Hendrikkade,Prins Hendrikkade richting Bantammerbrug,-1,2022-01-04,3056,15.71
Geldersekade,52.376104,4.902494,Bantammerbrug richting Prins Hendrikkade,Prins Hendrikkade richting Bantammerbrug,1,2022-01-04,3116,13.5
Geldersekade,52.376104,4.902494,Bantammerbrug richting Prins Hendrikkade,Prins Hendrikkade richting Bantammerbrug,-1,2022-01-05,2450,15.62
Geldersekade,52.376104,4.902494,Bantammerbrug richting Prins Hendrikkade,Prins Hendrikkade richting Bantammerbrug,1,2022-01-05,2466,13.25
Geldersekade,52.376104,4.902494,Bantammerbrug richting Prins Hendrikkade,Prins Hendrikkade richting Bantammerbrug,-1,2022-01-06,3514,15.24
Geldersekade,52.376104,4.902494,Bantammerbrug richting Prins Hendrikkade,Prins Hendrikkade richting Bantammerbrug,1,2022-01-06,3641,13.85
Geldersekade,52.376104,4.902494,Bantammerbrug richting Prins Hendrikkade,Prins Hendrikkade richting Bantammerbrug,-1,2022-01-07,2961,15.04
Geldersekade,52.376104,4.902494,Bantammerbrug richting Prins Hendrikkade,Prins Hendrikkade richting Bantammerbrug,1,2022-01-07,2968,13.83
Geldersekade,52.376104,4.902494,Bantammerbrug richting Prins Hendrikkade,Prins Hendrikkade richting Bantammerbrug,-1,2022-01-08,1750,15.01
Geldersekade,52.376104,4.902494,Bantammerbrug richting Prins Hendrikkade,Prins Hendrikkade richting Bantammerbrug,1,2022-01-08,1868,14.02
Geldersekade,52.376104,4.902494,Bantammerbrug richting Prins Hendrikkade,Prins Hendrikkade richting Bantammerbrug,-1,2022-01-09,2010,15.07
Geldersekade,52.376104,4.902494,Bantammerbrug richting Prins Hendrikkade,Prins Hendrikkade richting Bantammerbrug,1,2022-01-09,2032,13.36
Geldersekade,52.376104,4.902494,Bantammerbrug richting Prins Hendrikkade,Prins Hendrikkade richting Bantammerbrug,-1,2022-01-10,3984,15.55
Geldersekade,52.376104,4.902494,Bantammerbrug richting Prins Hendrikkade,Prins Hendrikkade richting Bantammerbrug,1,2022-01-10,4094,13.63
Geldersekade,52.376104,4.902494,Bantammerbrug richting Prins Hendrikkade,Prins Hendrikkade richting Bantammerbrug,-1,2022-01-11,3998,15.37
Geldersekade,52.376104,4.902494,Bantammerbrug richting Prins Hendrikkade,Prins Hendrikkade richting Bantammerbrug,1,2022-01-11,4300,14.06
Geldersekade,52.376104,4.902494,Bantammerbrug richting Prins Hendrikkade,Prins Hendrikkade richting Bantammerbrug,-1,2022-01-12,4480,15.4
Geldersekade,52.376104,4.902494,Bantammerbrug richting Prins Hendrikkade,Prins Hendrikkade richting Bantammerbrug,1,2022-01-12,4679,13.43
Geldersekade,52.376104,4.902494,Bantammerbrug richting Prins Hendrikkade,Prins Hendrikkade richting Bantammerbrug,-1,2022-01-13,4304,15.37
Geldersekade,52.376104,4.902494,Bantammerbrug richting Prins Hendrikkade,Prins Hendrikkade richting Bantammerbrug,1,2022-01-13,4321,13.75
Geldersekade,52.376104,4.902494,Bantammerbrug richting Prins Hendrikkade,Prins Hendrikkade richting Bantammerbrug,-1,2022-01-14,4339,15.93
Geldersekade,52.376104,4.902494,Bantammerbrug richting Prins Hendrikkade,Prins Hendrikkade richting Bantammerbrug,1,2022-01-14,4514,13.44
Geldersekade,52.376104,4.902494,Bantammerbrug richting Prins Hendrikkade,Prins Hendrikkade richting Bantammerbrug,-1,2022-01-15,3376,15.03
Geldersekade,52.376104,4.902494,Bantammerbrug richting Prins Hendrikkade,Prins Hendrikkade richting Bantammerbrug,1,2022-01-15,3559,13.36
Geldersekade,52.376104,4.902494,Bantammerbrug richting Prins Hendrikkade,Prins Hendrikkade richting Bantammerbrug,-1,2022-01-16,2725,15.04
Geldersekade,52.376104,4.902494,Bantammerbrug richting Prins Hendrikkade,Prins Hendrikkade richting Bantammerbrug,1,2022-01-16,2680,13.32
Geldersekade,52.376104,4.902494,Bantammerbrug richting Prins Hendrikkade,Prins Hendrikkade richting Bantammerbrug,-1,2022-01-17,4637,15.89
Geldersekade,52.376104,4.902494,Bantammerbrug richting Prins Hendrikkade,Prins Hendrikkade richting Bantammerbrug,1,2022-01-17,4612,13.14
Geldersekade,52.376104,4.902494,Bantammerbrug richting Prins Hendrikkade,Prins Hendrikkade richting Bantammerbrug,-1,2022-01-18,4709,15.71
Geldersekade,52.376104,4.902494,Bantammerbrug richting Prins Hendrikkade,Prins Hendrikkade richting Bantammerbrug,1,2022-01-18,4749,13.92
Geldersekade,52.376104,4.902494,Bantammerbrug richting Prins Hendrikkade,Prins Hendrikkade richting Bantammerbrug,-1,2022-01-19,2972,15.57
Geldersekade,52.376104,4.902494,Bantammerbrug richting Prins Hendrikkade,Prins Hendrikkade richting Bantammerbrug,1,2022-01-19,2862,13.91
Geldersekade,52.376104,4.902494,Bantammerbrug richting Prins Hendrikkade,Prins Hendrikkade richting Bantammerbrug,-1,2022-01-20,4763,15.93
Geldersekade,52.376104,4.902494,Bantammerbrug richting Prins Hendrikkade,Prins Hendrikkade richting Bantammerbrug,1,2022-01-20,4758,12.45
Geldersekade,52.376104,4.902494,Bantammerbrug richting Prins Hendrikkade,Prins Hendrikkade richting Bantammerbrug,-1,2022-01-21,4708,15.79
Geldersekade,52.376104,4.902494,Bantammerbrug richting Prins Hendrikkade,Prins Hendrikkade richting Bantammerbrug,1,2022-01-21,4811,13.27
Geldersekade,52.376104,4.902494,Bantammerbrug richting Prins Hendrikkade,Prins Hendrikkade richting Bantammerbrug,-1,2022-01-22,3955,14.97
Geldersekade,52.376104,4.902494,Bantammerbrug richting Prins Hendrikkade,Prins Hendrikkade richting Bantammerbrug,1,2022-01-22,3949,12.94
Geldersekade,52.376104,4.902494,Bantammerbrug richting Prins Hendrikkade,Prins Hendrikkade richting Bantammerbrug,-1,2022-01-23,3100,15.12
Geldersekade,52.376104,4.902494,Bantammerbrug richting Prins Hendrikkade,Prins Hendrikkade richting Bantammerbrug,1,2022-01-23,3409,13.35
Geldersekade,52.376104,4.902494,Bantammerbrug richting Prins Hendrikkade,Prins Hendrikkade richting Bantammerbrug,-1,2022-01-24,4698,15.9
Geldersekade,52.376104,4.902494,Bantammerbrug richting Prins Hendrikkade,Prins Hendrikkade richting Bantammerbrug,1,2022-01-24,4819,13.46
Geldersekade,52.376104,4.902494,Bantammerbrug richting Prins Hendrikkade,Prins Hendrikkade richting Bantammerbrug,-1,2022-01-25,4774,15.92
Geldersekade,52.376104,4.902494,Bantammerbrug richting Prins Hendrikkade,Prins Hendrikkade richting Bantammerbrug,1,2022-01-25,4879,13.57
Geldersekade,52.376104,4.902494,Bantammerbrug richting Prins Hendrikkade,Prins Hendrikkade richting Bantammerbrug,-1,2022-01-26,5471,15.4
Geldersekade,52.376104,4.902494,Bantammerbrug richting Prins Hendrikkade,Prins Hendrikkade richting Bantammerbrug,1,2022-01-26,5499,13.93
Geldersekade,52.376104,4.902494,Bantammerbrug richting Prins Hendrikkade,Prins Hendrikkade richting Bantammerbrug,-1,2022-01-27,5144,15.65
Geldersekade,52.376104,4.902494,Bantammerbrug richting Prins Hendrikkade,Prins Hendrikkade richting Bantammerbrug,1,2022-01-27,5024,13.47
Geldersekade,52.376104,4.902494,Bantammerbrug richting Prins Hendrikkade,Prins Hendrikkade richting Bantammerbrug,-1,2022-01-28,5945,15.49
Geldersekade,52.376104,4.902494,Bantammerbrug richting Prins Hendrikkade,Prins Hendrikkade richting Bantammerbrug,1,2022-01-28,5952,13.77
Geldersekade,52.376104,4.902494,Bantammerbrug richting Prins Hendrikkade,Prins Hendrikkade richting Bantammerbrug,-1,2022-01-29,4731,14.53
Geldersekade,52.376104,4.902494,Bantammerbrug richting Prins Hendrikkade,Prins Hendrikkade richting Bantammerbrug,1,2022-01-29,4617,13.38
Geldersekade,52.376104,4.902494,Bantammerbrug richting Prins Hendrikkade,Prins Hendrikkade richting Bantammerbrug,-1,2022-01-30,3900,15.18
Geldersekade,52.376104,4.902494,Bantammerbrug richting Prins Hendrikkade,Prins Hendrikkade richting Bantammerbrug,1,2022-01-30,3836,13.06
Geldersekade,52.376104,4.902494,Bantammerbrug richting Prins Hendrikkade,Prins Hendrikkade richting Bantammerbrug,-1,2022-01-31,2412,15.74
Geldersekade,52.376104,4.902494,Bantammerbrug richting Prins Hendrikkade,Prins Hendrikkade richting Bantammerbrug,1,2022-01-31,2356,12.18
Geldersekade,52.376104,4.902494,Bantammerbrug richting Prins Hendrikkade,Prins Hendrikkade richting Bantammerbrug,-1,2022-02-01,4627,15.46
Geldersekade,52.376104,4.902494,Bantammerbrug richting Prins Hendrikkade,Prins Hendrikkade richting Bantammerbrug,1,2022-02-01,4463,13.67
Geldersekade,52.376104,4.902494,Bantammerbrug richting Prins Hendrikkade,Prins Hendrikkade richting Bantammerbrug,-1,2022-02-02,5527,15.73
Geldersekade,52.376104,4.902494,Bantammerbrug richting Prins Hendrikkade,Prins Hendrikkade richting Bantammerbrug,1,2022-02-02,5631,13.59
Geldersekade,52.376104,4.902494,Bantammerbrug richting Prins Hendrikkade,Prins Hendrikkade richting Bantammerbrug,-1,2022-02-03,5322,15.06
Geldersekade,52.376104,4.902494,Bantammerbrug richting Prins Hendrikkade,Prins Hendrikkade richting Bantammerbrug,1,2022-02-03,5314,13.78
Geldersekade,52.376104,4.902494,Bantammerbrug richting Prins Hendrikkade,Prins Hendrikkade richting Bantammerbrug,-1,2022-02-04,5062,15.44
Geldersekade,52.376104,4.902494,Bantammerbrug richting Prins Hendrikkade,Prins Hendrikkade richting Bantammerbrug,1,2022-02-04,4904,13.94
Geldersekade,52.376104,4.902494,Bantammerbrug richting Prins Hendrikkade,Prins Hendrikkade richting Bantammerbrug,-1,2022-02-05,4610,14.22
Geldersekade,52.376104,4.902494,Bantammerbrug richting Prins Hendrikkade,Prins Hendrikkade richting Bantammerbrug,1,2022-02-05,4656,13.48
Geldersekade,52.376104,4.902494,Bantammerbrug richting Prins Hendrikkade,Prins Hendrikkade richting Bantammerbrug,-1,2022-02-06,2215,14.77
Geldersekade,52.376104,4.902494,Bantammerbrug richting Prins Hendrikkade,Prins Hendrikkade richting Bantammerbrug,1,2022-02-06,1912,13.62
Geldersekade,52.376104,4.902494,Bantammerbrug richting Prins Hendrikkade,Prins Hendrikkade richting Bantammerbrug,-1,2022-02-07,5393,15.35
Geldersekade,52.376104,4.902494,Bantammerbrug richting Prins Hendrikkade,Prins Hendrikkade richting Bantammerbrug,1,2022-02-07,5357,13.71
Geldersekade,52.376104,4.902494,Bantammerbrug richting Prins Hendrikkade,Prins Hendrikkade richting Bantammerbrug,-1,2022-02-08,4774,15.7
Geldersekade,52.376104,4.902494,Bantammerbrug richting Prins Hendrikkade,Prins Hendrikkade richting Bantammerbrug,1,2022-02-08,4457,14.25
Geldersekade,52.376104,4.902494,Bantammerbrug richting Prins Hendrikkade,Prins Hendrikkade richting Bantammerbrug,-1,2022-02-09,6259,16.55
Geldersekade,52.376104,4.902494,Bantammerbrug richting Prins Hendrikkade,Prins Hendrikkade richting Bantammerbrug,1,2022-02-09,5826,14.45
Geldersekade,52.376104,4.902494,Bantammerbrug richting Prins Hendrikkade,Prins Hendrikkade richting Bantammerbrug,-1,2022-02-10,6763,17.03
Geldersekade,52.376104,4.902494,Bantammerbrug richting Prins Hendrikkade,Prins Hendrikkade richting Bantammerbrug,1,2022-02-10,6296,14.03
Geldersekade,52.376104,4.902494,Bantammerbrug richting Prins Hendrikkade,Prins Hendrikkade richting Bantammerbrug,-1,2022-02-11,7106,17.13
Geldersekade,52.376104,4.902494,Bantammerbrug richting Prins Hendrikkade,Prins Hendrikkade richting Bantammerbrug,1,2022-02-11,6490,13.39
Geldersekade,52.376104,4.902494,Bantammerbrug richting Prins Hendrikkade,Prins Hendrikkade richting Bantammerbrug,-1,2022-02-12,5963,15.86
Geldersekade,52.376104,4.902494,Bantammerbrug richting Prins Hendrikkade,Prins Hendrikkade richting Bantammerbrug,1,2022-02-12,5834,13.85
Geldersekade,52.376104,4.902494,Bantammerbrug richting Prins Hendrikkade,Prins Hendrikkade richting Bantammerbrug,-1,2022-02-13,4241,16.25
Geldersekade,52.376104,4.902494,Bantammerbrug richting Prins Hendrikkade,Prins Hendrikkade richting Bantammerbrug,1,2022-02-13,3772,14.17
Geldersekade,52.376104,4.902494,Bantammerbrug richting Prins Hendrikkade,Prins Hendrikkade richting Bantammerbrug,-1,2022-02-14,5845,16.4
Geldersekade,52.376104,4.902494,Bantammerbrug richting Prins Hendrikkade,Prins Hendrikkade richting Bantammerbrug,1,2022-02-14,5611,14.63
Geldersekade,52.376104,4.902494,Bantammerbrug richting Prins Hendrikkade,Prins Hendrikkade richting Bantammerbrug,-1,2022-02-15,5537,16.65
Geldersekade,52.376104,4.902494,Bantammerbrug richting Prins Hendrikkade,Prins Hendrikkade richting Bantammerbrug,1,2022-02-15,5207,15.04
Geldersekade,52.376104,4.902494,Bantammerbrug richting Prins Hendrikkade,Prins Hendrikkade richting Bantammerbrug,-1,2022-02-16,5066,16.06
Geldersekade,52.376104,4.902494,Bantammerbrug richting Prins Hendrikkade,Prins Hendrikkade richting Bantammerbrug,1,2022-02-16,4978,15.08
Geldersekade,52.376104,4.902494,Bantammerbrug richting Prins Hendrikkade,Prins Hendrikkade richting Bantammerbrug,-1,2022-02-17,5783,16.8
Geldersekade,52.376104,4.902494,Bantammerbrug richting Prins Hendrikkade,Prins Hendrikkade richting Bantammerbrug,1,2022-02-17,5371,14.44
Geldersekade,52.376104,4.902494,Bantammerbrug richting Prins Hendrikkade,Prins Hendrikkade richting Bantammerbrug,-1,2022-02-18,1995,16.3
Geldersekade,52.376104,4.902494,Bantammerbrug richting Prins Hendrikkade,Prins Hendrikkade richting Bantammerbrug,1,2022-02-18,1901,15.33
Geldersekade,52.376104,4.902494,Bantammerbrug richting Prins Hendrikkade,Prins Hendrikkade richting Bantammerbrug,-1,2022-02-19,3576,16.02
Geldersekade,52.376104,4.902494,Bantammerbrug richting Prins Hendrikkade,Prins Hendrikkade richting Bantammerbrug,1,2022-02-19,3480,14.53
Geldersekade,52.376104,4.902494,Bantammerbrug richting Prins Hendrikkade,Prins Hendrikkade richting Bantammerbrug,-1,2022-02-20,1734,15.73
Geldersekade,52.376104,4.902494,Bantammerbrug richting Prins Hendrikkade,Prins Hendrikkade richting Bantammerbrug,1,2022-02-20,1764,15.02
Geldersekade,52.376104,4.902494,Bantammerbrug richting Prins Hendrikkade,Prins Hendrikkade richting Bantammerbrug,-1,2022-02-21,3093,17.3
Geldersekade,52.376104,4.902494,Bantammerbrug richting Prins Hendrikkade,Prins Hendrikkade richting Bantammerbrug,1,2022-02-21,2790,14.24
Geldersekade,52.376104,4.902494,Bantammerbrug richting Prins Hendrikkade,Prins Hendrikkade richting Bantammerbrug,-1,2022-02-22,5220,16.75
Geldersekade,52.376104,4.902494,Bantammerbrug richting Prins Hendrikkade,Prins Hendrikkade richting Bantammerbrug,1,2022-02-22,4755,14.58
Geldersekade,52.376104,4.902494,Bantammerbrug richting Prins Hendrikkade,Prins Hendrikkade richting Bantammerbrug,-1,2022-02-23,6733,16.43
Geldersekade,52.376104,4.902494,Bantammerbrug richting Prins Hendrikkade,Prins Hendrikkade richting Bantammerbrug,1,2022-02-23,6194,14.53
Geldersekade,52.376104,4.902494,Bantammerbrug richting Prins Hendrikkade,Prins Hendrikkade richting Bantammerbrug,-1,2022-02-24,4989,16.8
Geldersekade,52.376104,4.902494,Bantammerbrug richting Prins Hendrikkade,Prins Hendrikkade richting Bantammerbrug,1,2022-02-24,4749,14.69
Geldersekade,52.376104,4.902494,Bantammerbrug richting Prins Hendrikkade,Prins Hendrikkade richting Bantammerbrug,-1,2022-02-25,5850,17.07
Geldersekade,52.376104,4.902494,Bantammerbrug richting Prins Hendrikkade,Prins Hendrikkade richting Bantammerbrug,1,2022-02-25,5563,13.78
Geldersekade,52.376104,4.902494,Bantammerbrug richting Prins Hendrikkade,Prins Hendrikkade richting Bantammerbrug,-1,2022-02-26,6536,15.93
Geldersekade,52.376104,4.902494,Bantammerbrug richting Prins Hendrikkade,Prins Hendrikkade richting Bantammerbrug,1,2022-02-26,6110,13.4
Geldersekade,52.376104,4.902494,Bantammerbrug richting Prins Hendrikkade,Prins Hendrikkade richting Bantammerbrug,-1,2022-02-27,5344,15.85
Geldersekade,52.376104,4.902494,Bantammerbrug richting Prins Hendrikkade,Prins Hendrikkade richting Bantammerbrug,1,2022-02-27,4937,13.31
Geldersekade,52.376104,4.902494,Bantammerbrug richting Prins Hendrikkade,Prins Hendrikkade richting Bantammerbrug,-1,2022-02-28,6964,16.58
Geldersekade,52.376104,4.902494,Bantammerbrug richting Prins Hendrikkade,Prins Hendrikkade richting Bantammerbrug,1,2022-02-28,6477,14.1
Geldersekade,52.376104,4.902494,Bantammerbrug richting Prins Hendrikkade,Prins Hendrikkade richting Bantammerbrug,-1,2022-03-01,6534,17.11
Geldersekade,52.376104,4.902494,Bantammerbrug richting Prins Hendrikkade,Prins Hendrikkade richting Bantammerbrug,1,2022-03-01,5842,13.83
Geldersekade,52.376104,4.902494,Bantammerbrug richting Prins Hendrikkade,Prins Hendrikkade richting Bantammerbrug,-1,2022-03-02,7708,17.02
Geldersekade,52.376104,4.902494,Bantammerbrug richting Prins Hendrikkade,Prins Hendrikkade richting Bantammerbrug,1,2022-03-02,6976,13.2
Geldersekade,52.376104,4.902494,Bantammerbrug richting Prins Hendrikkade,Prins Hendrikkade richting Bantammerbrug,-1,2022-03-03,8840,17.04
Geldersekade,52.376104,4.902494,Bantammerbrug richting Prins Hendrikkade,Prins Hendrikkade richting Bantammerbrug,1,2022-03-03,7760,12.92
Geldersekade,52.376104,4.902494,Bantammerbrug richting Prins Hendrikkade,Prins Hendrikkade richting Bantammerbrug,-1,2022-03-04,8404,17.01
Geldersekade,52.376104,4.902494,Bantammerbrug richting Prins Hendrikkade,Prins Hendrikkade richting Bantammerbrug,1,2022-03-04,7676,12.93
Geldersekade,52.376104,4.902494,Bantammerbrug richting Prins Hendrikkade,Prins Hendrikkade richting Bantammerbrug,-1,2022-03-05,6988,16.37
Geldersekade,52.376104,4.902494,Bantammerbrug richting Prins Hendrikkade,Prins Hendrikkade richting Bantammerbrug,1,2022-03-05,6355,12.71
Geldersekade,52.376104,4.902494,Bantammerbrug richting Prins Hendrikkade,Prins Hendrikkade richting Bantammerbrug,-1,2022-03-06,4797,16.89
Geldersekade,52.376104,4.902494,Bantammerbrug richting Prins Hendrikkade,Prins Hendrikkade richting Bantammerbrug,1,2022-03-06,4437,12.91
Geldersekade,52.376104,4.902494,Bantammerbrug richting Prins Hendrikkade,Prins Hendrikkade richting Bantammerbrug,-1,2022-03-07,6962,17.32
Geldersekade,52.376104,4.902494,Bantammerbrug richting Prins Hendrikkade,Prins Hendrikkade richting Bantammerbrug,1,2022-03-07,6360,13.42
Geldersekade,52.376104,4.902494,Bantammerbrug richting Prins Hendrikkade,Prins Hendrikkade richting Bantammerbrug,-1,2022-03-08,7700,16.9
Geldersekade,52.376104,4.902494,Bantammerbrug richting Prins Hendrikkade,Prins Hendrikkade richting Bantammerbrug,1,2022-03-08,7018,14.27
Geldersekade,52.376104,4.902494,Bantammerbrug richting Prins Hendrikkade,Prins Hendrikkade richting Bantammerbrug,-1,2022-03-09,7788,17.03
Geldersekade,52.376104,4.902494,Bantammerbrug richting Prins Hendrikkade,Prins Hendrikkade richting Bantammerbrug,1,2022-03-09,7254,14.18
Geldersekade,52.376104,4.902494,Bantammerbrug richting Prins Hendrikkade,Prins Hendrikkade richting Bantammerbrug,-1,2022-03-10,8853,16.81
Geldersekade,52.376104,4.902494,Bantammerbrug richting Prins Hendrikkade,Prins Hendrikkade richting Bantammerbrug,1,2022-03-10,7900,13.99
Geldersekade,52.376104,4.902494,Bantammerbrug richting Prins Hendrikkade,Prins Hendrikkade richting Bantammerbrug,-1,2022-03-11,8641,16.61
Geldersekade,52.376104,4.902494,Bantammerbrug richting Prins Hendrikkade,Prins Hendrikkade richting Bantammerbrug,1,2022-03-11,7971,14.12
Geldersekade,52.376104,4.902494,Bantammerbrug richting Prins Hendrikkade,Prins Hendrikkade richting Bantammerbrug,-1,2022-03-12,7371,15.71
Geldersekade,52.376104,4.902494,Bantammerbrug richting Prins Hendrikkade,Prins Hendrikkade richting Bantammerbrug,1,2022-03-12,6815,13.58
Geldersekade,52.376104,4.902494,Bantammerbrug richting Prins Hendrikkade,Prins Hendrikkade richting Bantammerbrug,-1,2022-03-13,6017,15.99
Geldersekade,52.376104,4.902494,Bantammerbrug richting Prins Hendrikkade,Prins Hendrikkade richting Bantammerbrug,1,2022-03-13,5599,13.63
Geldersekade,52.376104,4.902494,Bantammerbrug richting Prins Hendrikkade,Prins Hendrikkade richting Bantammerbrug,-1,2022-03-14,7256,16.62
Geldersekade,52.376104,4.902494,Bantammerbrug richting Prins Hendrikkade,Prins Hendrikkade richting Bantammerbrug,1,2022-03-14,6721,14.35
Geldersekade,52.376104,4.902494,Bantammerbrug richting Prins Hendrikkade,Prins Hendrikkade richting Bantammerbrug,-1,2022-03-15,8579,17.34
Geldersekade,52.376104,4.902494,Bantammerbrug richting Prins Hendrikkade,Prins Hendrikkade richting Bantammerbrug,1,2022-03-15,7738,13.71
Geldersekade,52.376104,4.902494,Bantammerbrug richting Prins Hendrikkade,Prins Hendrikkade richting Bantammerbrug,-1,2022-03-16,8082,17.04
Geldersekade,52.376104,4.902494,Bantammerbrug richting Prins Hendrikkade,Prins Hendrikkade richting Bantammerbrug,1,2022-03-16,7506,14.04
Geldersekade,52.376104,4.902494,Bantammerbrug richting Prins Hendrikkade,Prins Hendrikkade richting Bantammerbrug,-1,2022-03-17,8705,16.84
Geldersekade,52.376104,4.902494,Bantammerbrug richting Prins Hendrikkade,Prins Hendrikkade richting Bantammerbrug,1,2022-03-17,7525,13.85
Geldersekade,52.376104,4.902494,Bantammerbrug richting Prins Hendrikkade,Prins Hendrikkade richting Bantammerbrug,-1,2022-03-18,8886,16.93
Geldersekade,52.376104,4.902494,Bantammerbrug richting Prins Hendrikkade,Prins Hendrikkade richting Bantammerbrug,1,2022-03-18,8244,13.37
Geldersekade,52.376104,4.902494,Bantammerbrug richting Prins Hendrikkade,Prins Hendrikkade richting Bantammerbrug,-1,2022-03-19,7959,16.06
Geldersekade,52.376104,4.902494,Bantammerbrug richting Prins Hendrikkade,Prins Hendrikkade richting Bantammerbrug,1,2022-03-19,7165,12.21
Geldersekade,52.376104,4.902494,Bantammerbrug richting Prins Hendrikkade,Prins Hendrikkade richting Bantammerbrug,-1,2022-03-20,5000,16.7
Geldersekade,52.376104,4.902494,Bantammerbrug richting Prins Hendrikkade,Prins Hendrikkade richting Bantammerbrug,1,2022-03-20,4515,13.21
Geldersekade,52.376104,4.902494,Bantammerbrug richting Prins Hendrikkade,Prins Hendrikkade richting Bantammerbrug,-1,2022-03-21,8142,17.03
Geldersekade,52.376104,4.902494,Bantammerbrug richting Prins Hendrikkade,Prins Hendrikkade richting Bantammerbrug,1,2022-03-21,7349,13.69
Geldersekade,52.376104,4.902494,Bantammerbrug richting Prins Hendrikkade,Prins Hendrikkade richting Bantammerbrug,-1,2022-03-22,9352,17.14
Geldersekade,52.376104,4.902494,Bantammerbrug richting Prins Hendrikkade,Prins Hendrikkade richting Bantammerbrug,1,2022-03-22,8450,13.5
Geldersekade,52.376104,4.902494,Bantammerbrug richting Prins Hendrikkade,Prins Hendrikkade richting Bantammerbrug,-1,2022-03-23,9398,17.03
Geldersekade,52.376104,4.902494,Bantammerbrug richting Prins Hendrikkade,Prins Hendrikkade richting Bantammerbrug,1,2022-03-23,8213,13.48
Geldersekade,52.376104,4.902494,Bantammerbrug richting Prins Hendrikkade,Prins Hendrikkade richting Bantammerbrug,-1,2022-03-24,10257,16.96
Geldersekade,52.376104,4.902494,Bantammerbrug richting Prins Hendrikkade,Prins Hendrikkade richting Bantammerbrug,1,2022-03-24,8887,13.45
Geldersekade,52.376104,4.902494,Bantammerbrug richting Prins Hendrikkade,Prins Hendrikkade richting Bantammerbrug,-1,2022-03-25,9669,16.96
Geldersekade,52.376104,4.902494,Bantammerbrug richting Prins Hendrikkade,Prins Hendrikkade richting Bantammerbrug,1,2022-03-25,8659,13.23
Geldersekade,52.376104,4.902494,Bantammerbrug richting Prins Hendrikkade,Prins Hendrikkade richting Bantammerbrug,-1,2022-03-26,8804,15.8
Geldersekade,52.376104,4.902494,Bantammerbrug richting Prins Hendrikkade,Prins Hendrikkade richting Bantammerbrug,1,2022-03-26,7801,12.46
Geldersekade,52.376104,4.902494,Bantammerbrug richting Prins Hendrikkade,Prins Hendrikkade richting Bantammerbrug,-1,2022-03-27,6504,15.85
Geldersekade,52.376104,4.902494,Bantammerbrug richting Prins Hendrikkade,Prins Hendrikkade richting Bantammerbrug,1,2022-03-27,5203,12.74
Geldersekade,52.376104,4.902494,Bantammerbrug richting Prins Hendrikkade,Prins Hendrikkade richting Bantammerbrug,-1,2022-03-28,7680,17.2
Geldersekade,52.376104,4.902494,Bantammerbrug richting Prins Hendrikkade,Prins Hendrikkade richting Bantammerbrug,1,2022-03-28,7150,13.54
Geldersekade,52.376104,4.902494,Bantammerbrug richting Prins Hendrikkade,Prins Hendrikkade richting Bantammerbrug,-1,2022-03-29,8426,17.31
Geldersekade,52.376104,4.902494,Bantammerbrug richting Prins Hendrikkade,Prins Hendrikkade richting Bantammerbrug,1,2022-03-29,7691,13.59
Geldersekade,52.376104,4.902494,Bantammerbrug richting Prins Hendrikkade,Prins Hendrikkade richting Bantammerbrug,-1,2022-03-30,8321,17.35
Geldersekade,52.376104,4.902494,Bantammerbrug richting Prins Hendrikkade,Prins Hendrikkade richting Bantammerbrug,1,2022-03-30,7272,13.61
Geldersekade,52.376104,4.902494,Bantammerbrug richting Prins Hendrikkade,Prins Hendrikkade richting Bantammerbrug,-1,2022-03-31,5824,17.62
Geldersekade,52.376104,4.902494,Bantammerbrug richting Prins Hendrikkade,Prins Hendrikkade richting Bantammerbrug,1,2022-03-31,5335,13.39
Geldersekade,52.376104,4.902494,Bantammerbrug richting Prins Hendrikkade,Prins Hendrikkade richting Bantammerbrug,-1,2022-04-01,6201,17.49
Geldersekade,52.376104,4.902494,Bantammerbrug richting Prins Hendrikkade,Prins Hendrikkade richting Bantammerbrug,1,2022-04-01,5719,13.03
Geldersekade,52.376104,4.902494,Bantammerbrug richting Prins Hendrikkade,Prins Hendrikkade richting Bantammerbrug,-1,2022-04-02,6866,16.8
Geldersekade,52.376104,4.902494,Bantammerbrug richting Prins Hendrikkade,Prins Hendrikkade richting Bantammerbrug,1,2022-04-02,6264,12.78
Geldersekade,52.376104,4.902494,Bantammerbrug richting Prins Hendrikkade,Prins Hendrikkade richting Bantammerbrug,-1,2022-04-03,4849,16.71
Geldersekade,52.376104,4.902494,Bantammerbrug richting Prins Hendrikkade,Prins Hendrikkade richting Bantammerbrug,1,2022-04-03,4168,13.6
Geldersekade,52.376104,4.902494,Bantammerbrug richting Prins Hendrikkade,Prins Hendrikkade richting Bantammerbrug,-1,2022-04-04,4509,16.12
Geldersekade,52.376104,4.902494,Bantammerbrug richting Prins Hendrikkade,Prins Hendrikkade richting Bantammerbrug,1,2022-04-04,4380,14.95
Geldersekade,52.376104,4.902494,Bantammerbrug richting Prins Hendrikkade,Prins Hendrikkade richting Bantammerbrug,-1,2022-04-05,6886,16.7
Geldersekade,52.376104,4.902494,Bantammerbrug richting Prins Hendrikkade,Prins Hendrikkade richting Bantammerbrug,1,2022-04-05,6331,14.39
Geldersekade,52.376104,4.902494,Bantammerbrug richting Prins Hendrikkade,Prins Hendrikkade richting Bantammerbrug,-1,2022-04-06,6441,15.97
Geldersekade,52.376104,4.902494,Bantammerbrug richting Prins Hendrikkade,Prins Hendrikkade richting Bantammerbrug,1,2022-04-06,6134,15.12
Geldersekade,52.376104,4.902494,Bantammerbrug richting Prins Hendrikkade,Prins Hendrikkade richting Bantammerbrug,-1,2022-04-07,5761,16.1
Geldersekade,52.376104,4.902494,Bantammerbrug richting Prins Hendrikkade,Prins Hendrikkade richting Bantammerbrug,1,2022-04-07,5446,14.99
Geldersekade,52.376104,4.902494,Bantammerbrug richting Prins Hendrikkade,Prins Hendrikkade richting Bantammerbrug,-1,2022-04-08,8248,16.81
Geldersekade,52.376104,4.902494,Bantammerbrug richting Prins Hendrikkade,Prins Hendrikkade richting Bantammerbrug,1,2022-04-08,7824,13.73
Geldersekade,52.376104,4.902494,Bantammerbrug richting Prins Hendrikkade,Prins Hendrikkade richting Bantammerbrug,-1,2022-04-09,6224,16.59
Geldersekade,52.376104,4.902494,Bantammerbrug richting Prins Hendrikkade,Prins Hendrikkade richting Bantammerbrug,1,2022-04-09,6105,13.4
Geldersekade,52.376104,4.902494,Bantammerbrug richting Prins Hendrikkade,Prins Hendrikkade richting Bantammerbrug,-1,2022-04-10,6328,16.21
Geldersekade,52.376104,4.902494,Bantammerbrug richting Prins Hendrikkade,Prins Hendrikkade richting Bantammerbrug,1,2022-04-10,5654,13.29
Geldersekade,52.376104,4.902494,Bantammerbrug richting Prins Hendrikkade,Prins Hendrikkade richting Bantammerbrug,-1,2022-04-11,9090,17.06
Geldersekade,52.376104,4.902494,Bantammerbrug richting Prins Hendrikkade,Prins Hendrikkade richting Bantammerbrug,1,2022-04-11,7897,12.92
Geldersekade,52.376104,4.902494,Bantammerbrug richting Prins Hendrikkade,Prins Hendrikkade richting Bantammerbrug,-1,2022-04-12,10794,16.59
Geldersekade,52.376104,4.902494,Bantammerbrug richting Prins Hendrikkade,Prins Hendrikkade richting Bantammerbrug,1,2022-04-12,9476,13.64
Geldersekade,52.376104,4.902494,Bantammerbrug richting Prins Hendrikkade,Prins Hendrikkade richting Bantammerbrug,-1,2022-04-13,9892,16.48
Geldersekade,52.376104,4.902494,Bantammerbrug richting Prins Hendrikkade,Prins Hendrikkade richting Bantammerbrug,1,2022-04-13,8801,13.97
Geldersekade,52.376104,4.902494,Bantammerbrug richting Prins Hendrikkade,Prins Hendrikkade richting Bantammerbrug,-1,2022-04-14,11044,16.7
Geldersekade,52.376104,4.902494,Bantammerbrug richting Prins Hendrikkade,Prins Hendrikkade richting Bantammerbrug,1,2022-04-14,9873,13.25
Geldersekade,52.376104,4.902494,Bantammerbrug richting Prins Hendrikkade,Prins Hendrikkade richting Bantammerbrug,-1,2022-04-15,9099,16.67
Geldersekade,52.376104,4.902494,Bantammerbrug richting Prins Hendrikkade,Prins Hendrikkade richting Bantammerbrug,1,2022-04-15,8092,13.23
Geldersekade,52.376104,4.902494,Bantammerbrug richting Prins Hendrikkade,Prins Hendrikkade richting Bantammerbrug,-1,2022-04-16,8688,15.66
Geldersekade,52.376104,4.902494,Bantammerbrug richting Prins Hendrikkade,Prins Hendrikkade richting Bantammerbrug,1,2022-04-16,8125,12.3
Geldersekade,52.376104,4.902494,Bantammerbrug richting Prins Hendrikkade,Prins Hendrikkade richting Bantammerbrug,-1,2022-04-17,7226,15.83
Geldersekade,52.376104,4.902494,Bantammerbrug richting Prins Hendrikkade,Prins Hendrikkade richting Bantammerbrug,1,2022-04-17,6380,12.59
Geldersekade,52.376104,4.902494,Bantammerbrug richting Prins Hendrikkade,Prins Hendrikkade richting Bantammerbrug,-1,2022-04-18,7149,15.83
Geldersekade,52.376104,4.902494,Bantammerbrug richting Prins Hendrikkade,Prins Hendrikkade richting Bantammerbrug,1,2022-04-18,5826,13.35
Geldersekade,52.376104,4.902494,Bantammerbrug richting Prins Hendrikkade,Prins Hendrikkade richting Bantammerbrug,-1,2022-04-19,10669,16.79
Geldersekade,52.376104,4.902494,Bantammerbrug richting Prins Hendrikkade,Prins Hendrikkade richting Bantammerbrug,1,2022-04-19,9094,13.1
Geldersekade,52.376104,4.902494,Bantammerbrug richting Prins Hendrikkade,Prins Hendrikkade richting Bantammerbrug,-1,2022-04-20,10895,16.76
Geldersekade,52.376104,4.902494,Bantammerbrug richting Prins Hendrikkade,Prins Hendrikkade richting Bantammerbrug,1,2022-04-20,9477,13.04
Geldersekade,52.376104,4.902494,Bantammerbrug richting Prins Hendrikkade,Prins Hendrikkade richting Bantammerbrug,-1,2022-04-21,11708,16.58
Geldersekade,52.376104,4.902494,Bantammerbrug richting Prins Hendrikkade,Prins Hendrikkade richting Bantammerbrug,1,2022-04-21,9921,13.06
Geldersekade,52.376104,4.902494,Bantammerbrug richting Prins Hendrikkade,Prins Hendrikkade richting Bantammerbrug,-1,2022-04-22,11155,16.61
Geldersekade,52.376104,4.902494,Bantammerbrug richting Prins Hendrikkade,Prins Hendrikkade richting Bantammerbrug,1,2022-04-22,9610,12.86
Geldersekade,52.376104,4.902494,Bantammerbrug richting Prins Hendrikkade,Prins Hendrikkade richting Bantammerbrug,-1,2022-04-23,9716,16.08
Geldersekade,52.376104,4.902494,Bantammerbrug richting Prins Hendrikkade,Prins Hendrikkade richting Bantammerbrug,1,2022-04-23,8049,11.82
Geldersekade,52.376104,4.902494,Bantammerbrug richting Prins Hendrikkade,Prins Hendrikkade richting Bantammerbrug,-1,2022-04-24,7116,16.41
Geldersekade,52.376104,4.902494,Bantammerbrug richting Prins Hendrikkade,Prins Hendrikkade richting Bantammerbrug,1,2022-04-24,6657,12.57
Geldersekade,52.376104,4.902494,Bantammerbrug richting Prins Hendrikkade,Prins Hendrikkade richting Bantammerbrug,-1,2022-04-25,7448,17.29
Geldersekade,52.376104,4.902494,Bantammerbrug richting Prins Hendrikkade,Prins Hendrikkade richting Bantammerbrug,1,2022-04-25,6749,13.74
Geldersekade,52.376104,4.902494,Bantammerbrug richting Prins Hendrikkade,Prins Hendrikkade richting Bantammerbrug,-1,2022-04-26,11546,16.89
Geldersekade,52.376104,4.902494,Bantammerbrug richting Prins Hendrikkade,Prins Hendrikkade richting Bantammerbrug,1,2022-04-26,9516,12.91
Geldersekade,52.376104,4.902494,Bantammerbrug richting Prins Hendrikkade,Prins Hendrikkade richting Bantammerbrug,-1,2022-04-27,7083,16.05
Geldersekade,52.376104,4.902494,Bantammerbrug richting Prins Hendrikkade,Prins Hendrikkade richting Bantammerbrug,1,2022-04-27,5795,12.93
Geldersekade,52.376104,4.902494,Bantammerbrug richting Prins Hendrikkade,Prins Hendrikkade richting Bantammerbrug,-1,2022-04-28,7901,16.93
Geldersekade,52.376104,4.902494,Bantammerbrug richting Prins Hendrikkade,Prins Hendrikkade richting Bantammerbrug,1,2022-04-28,7045,13.14
Geldersekade,52.376104,4.902494,Bantammerbrug richting Prins Hendrikkade,Prins Hendrikkade richting Bantammerbrug,-1,2022-04-29,7840,16.97
Geldersekade,52.376104,4.902494,Bantammerbrug richting Prins Hendrikkade,Prins Hendrikkade richting Bantammerbrug,1,2022-04-29,7074,13.25
Geldersekade,52.376104,4.902494,Bantammerbrug richting Prins Hendrikkade,Prins Hendrikkade richting Bantammerbrug,-1,2022-04-30,7272,16.36
Geldersekade,52.376104,4.902494,Bantammerbrug richting Prins Hendrikkade,Prins Hendrikkade richting Bantammerbrug,1,2022-04-30,6518,12.93
Geldersekade,52.376104,4.902494,Bantammerbrug richting Prins Hendrikkade,Prins Hendrikkade richting Bantammerbrug,-1,2022-05-01,6347,16.24
Geldersekade,52.376104,4.902494,Bantammerbrug richting Prins Hendrikkade,Prins Hendrikkade richting Bantammerbrug,1,2022-05-01,5358,13.1
