location,latitude,longitude,plusdirection,mindirection,direction,datetime,count,speed_mean
Geldersekade,52.376104,4.902494,Bantammerbrug richting Prins Hendrikkade,Prins Hendrikkade richting Bantammerbrug,-1,2022-05-02,7692,17.04
Geldersekade,52.376104,4.902494,Bantammerbrug richting Prins Hendrikkade,Prins Hendrikkade richting Bantammerbrug,1,2022-05-02,7002,13.33
Geldersekade,52.376104,4.902494,Bantammerbrug richting Prins Hendrikkade,Prins Hendrikkade richting Bantammerbrug,-1,2022-05-03,7892,17.3
Geldersekade,52.376104,4.902494,Bantammerbrug richting Prins Hendrikkade,Prins Hendrikkade richting Bantammerbrug,1,2022-05-03,7257,13.35
Geldersekade,52.376104,4.902494,Bantammerbrug richting Prins Hendrikkade,Prins Hendrikkade richting Bantammerbrug,-1,2022-05-04,8865,16.84
Geldersekade,52.376104,4.902494,Bantammerbrug richting Prins Hendrikkade,Prins Hendrikkade richting Bantammerbrug,1,2022-05-04,8053,13.35
Geldersekade,52.376104,4.902494,Bantammerbrug richting Prins Hendrikkade,Prins Hendrikkade richting Bantammerbrug,-1,2022-05-05,7997,16.9
Geldersekade,52.376104,4.902494,Bantammerbrug richting Prins Hendrikkade,Prins Hendrikkade richting Bantammerbrug,1,2022-05-05,7314,13.62
Geldersekade,52.376104,4.902494,Bantammerbrug richting Prins Hendrikkade,Prins Hendrikkade richting Bantammerbrug,-1,2022-05-06,9089,16.25
Geldersekade,52.376104,4.902494,Bantammerbrug richting Prins Hendrikkade,Prins Hendrikkade richting Bantammerbrug,1,2022-05-06,8241,13.83
Geldersekade,52.376104,4.902494,Bantammerbrug richting Prins Hendrikkade,Prins Hendrikkade richting Bantammerbrug,-1,2022-05-07,7924,16.21
Geldersekade,52.376104,4.902494,Bantammerbrug richting Prins Hendrikkade,Prins Hendrikkade richting Bantammerbrug,1,2022-05-07,7229,12.74
Geldersekade,52.376104,4.902494,Bantammerbrug richting Prins Hendrikkade,Prins Hendrikkade richting Bantammerbrug,-1,2022-05-08,6712,16.61
Geldersekade,52.376104,4.902494,Bantammerbrug richting Prins Hendrikkade,Prins Hendrikkade richting Bantammerbrug,1,2022-05-08,5824,12.95
Geldersekade,52.376104,4.902494,Bantammerbrug richting Prins Hendrikkade,Prins Hendrikkade richting Bantammerbrug,-1,2022-05-09,9645,16.85
Geldersekade,52.376104,4.902494,Bantammerbrug richting Prins Hendrikkade,Prins Hendrikkade richting Bantammerbrug,1,2022-05-09,8446,13.79
Geldersekade,52.376104,4.902494,Bantammerbrug richting Prins Hendrikkade,Prins Hendrikkade richting Bantammerbrug,-1,2022-05-10,9853,16.43
Geldersekade,52.376104,4.902494,Bantammerbrug richting Prins Hendrikkade,Prins Hendrikkade richting Bantammerbrug,1,2022-05-10,8973,14.44
Geldersekade,52.376104,4.902494,Bantammerbrug richting Prins Hendrikkade,Prins Hendrikkade richting Bantammerbrug,-1,2022-05-11,9797,16.19
Geldersekade,52.376104,4.902494,Bantammerbrug richting Prins Hendrikkade,Prins Hendrikkade richting Bantammerbrug,1,2022-05-11,8873,14.31
Geldersekade,52.376104,4.902494,Bantammerbrug richting Prins Hendrikkade,Prins Hendrikkade richting Bantammerbrug,-1,2022-05-12,11261,16.11
Geldersekade,52.376104,4.902494,Bantammerbrug richting Prins Hendrikkade,Prins Hendrikkade richting Bantammerbrug,1,2022-05-12,9909,13.94
Geldersekade,52.376104,4.902494,Bantammerbrug richting Prins Hendrikkade,Prins Hendrikkade richting Bantammerbrug,-1,2022-05-13,10646,15.98
Geldersekade,52.376104,4.902494,Bantammerbrug richting Prins Hendrikkade,Prins Hendrikkade richting Bantammerbrug,1,2022-05-13,9596,14.03
Geldersekade,52.376104,4.902494,Bantammerbrug richting Prins Hendrikkade,Prins Hendrikkade richting Bantammerbrug,-1,2022-05-14,9987,15.76
Geldersekade,52.376104,4.902494,Bantammerbrug richting Prins Hendrikkade,Prins Hendrikkade richting Bantammerbrug,1,2022-05-14,8940,12.92
Geldersekade,52.376104,4.902494,Bantammerbrug richting Prins Hendrikkade,Prins Hendrikkade richting Bantammerbrug,-1,2022-05-15,8145,16.03
Geldersekade,52.376104,4.902494,Bantammerbrug richting Prins Hendrikkade,Prins Hendrikkade richting Bantammerbrug,1,2022-05-15,7016,12.85
Geldersekade,52.376104,4.902494,Bantammerbrug richting Prins Hendrikkade,Prins Hendrikkade richting Bantammerbrug,-1,2022-05-16,9443,16.47
Geldersekade,52.376104,4.902494,Bantammerbrug richting Prins Hendrikkade,Prins Hendrikkade richting Bantammerbrug,1,2022-05-16,8602,14.26
Geldersekade,52.376104,4.902494,Bantammerbrug richting Prins Hendrikkade,Prins Hendrikkade richting Bantammerbrug,-1,2022-05-17,10547,17.06
Geldersekade,52.376104,4.902494,Bantammerbrug richting Prins Hendrikkade,Prins Hendrikkade richting Bantammerbrug,1,2022-05-17,9528,13.7
Geldersekade,52.376104,4.902494,Bantammerbrug richting Prins Hendrikkade,Prins Hendrikkade richting Bantammerbrug,-1,2022-05-18,10804,16.98
Geldersekade,52.376104,4.902494,Bantammerbrug richting Prins Hendrikkade,Prins Hendrikkade richting Bantammerbrug,1,2022-05-18,9556,13.69
Geldersekade,52.376104,4.902494,Bantammerbrug richting Prins Hendrikkade,Prins Hendrikkade richting Bantammerbrug,-1,2022-05-19,9246,17.14
Geldersekade,52.376104,4.902494,Bantammerbrug richting Prins Hendrikkade,Prins Hendrikkade richting Bantammerbrug,1,2022-05-19,8687,14.22
Geldersekade,52.376104,4.902494,Bantammerbrug richting Prins Hendrikkade,Prins Hendrikkade richting Bantammerbrug,-1,2022-05-20,8010,17.37
Geldersekade,52.376104,4.902494,Bantammerbrug richting Prins Hendrikkade,Prins Hendrikkade richting Bantammerbrug,1,2022-05-20,7514,14.03
Geldersekade,52.376104,4.902494,Bantammerbrug richting Prins Hendrikkade,Prins Hendrikkade richting Bantammerbrug,-1,2022-05-21,3600,16.1
Geldersekade,52.376104,4.902494,Bantammerbrug richting Prins Hendrikkade,Prins Hendrikkade richting Bantammerbrug,1,2022-05-21,3448,13.83
Geldersekade,52.376104,4.902494,Bantammerbrug richting Prins Hendrikkade,Prins Hendrikkade richting Bantammerbrug,-1,2022-05-22,0,
Geldersekade,52.376104,4.902494,Bantammerbrug richting Prins Hendrikkade,Prins Hendrikkade richting Bantammerbrug,1,2022-05-22,0,
Geldersekade,52.376104,4.902494,Bantammerbrug richting Prins Hendrikkade,Prins Hendrikkade richting Bantammerbrug,-1,2022-05-23,0,
Geldersekade,52.376104,4.902494,Bantammerbrug richting Prins Hendrikkade,Prins Hendrikkade richting Bantammerbrug,1,2022-05-23,0,
Geldersekade,52.376104,4.902494,Bantammerbrug richting Prins Hendrikkade,Prins Hendrikkade richting Bantammerbrug,-1,2022-05-24,0,
Geldersekade,52.376104,4.902494,Bantammerbrug richting Prins Hendrikkade,Prins Hendrikkade richting Bantammerbrug,1,2022-05-24,0,
Geldersekade,52.376104,4.902494,Bantammerbrug richting Prins Hendrikkade,Prins Hendrikkade richting Bantammerbrug,-1,2022-05-25,4746,16.08
Geldersekade,52.376104,4.902494,Bantammerbrug richting Prins Hendrikkade,Prins Hendrikkade richting Bantammerbrug,1,2022-05-25,5078,14.38
Geldersekade,52.376104,4.902494,Bantammerbrug richting Prins Hendrikkade,Prins Hendrikkade richting Bantammerbrug,-1,2022-05-26,7647,15.47
Geldersekade,52.376104,4.902494,Bantammerbrug richting Prins Hendrikkade,Prins Hendrikkade richting Bantammerbrug,1,2022-05-26,7238,13.66
Geldersekade,52.376104,4.902494,Bantammerbrug richting Prins Hendrikkade,Prins Hendrikkade richting Bantammerbrug,-1,2022-05-27,8942,16.3
Geldersekade,52.376104,4.902494,Bantammerbrug richting Prins Hendrikkade,Prins Hendrikkade richting Bantammerbrug,1,2022-05-27,8456,13.22
Geldersekade,52.376104,4.902494,Bantammerbrug richting Prins Hendrikkade,Prins Hendrikkade richting Bantammerbrug,-1,2022-05-28,8764,16.2
Geldersekade,52.376104,4.902494,Bantammerbrug richting Prins Hendrikkade,Prins Hendrikkade richting Bantammerbrug,1,2022-05-28,7846,12.47
Geldersekade,52.376104,4.902494,Bantammerbrug richting Prins Hendrikkade,Prins Hendrikkade richting Bantammerbrug,-1,2022-05-29,5659,17.08
Geldersekade,52.376104,4.902494,Bantammerbrug richting Prins Hendrikkade,Prins Hendrikkade richting Bantammerbrug,1,2022-05-29,5151,12.97
Geldersekade,52.376104,4.902494,Bantammerbrug richting Prins Hendrikkade,Prins Hendrikkade richting Bantammerbrug,-1,2022-05-30,8533,17.5
Geldersekade,52.376104,4.902494,Bantammerbrug richting Prins Hendrikkade,Prins Hendrikkade richting Bantammerbrug,1,2022-05-30,7783,13.91
Geldersekade,52.376104,4.902494,Bantammerbrug richting Prins Hendrikkade,Prins Hendrikkade richting Bantammerbrug,-1,2022-05-31,8917,17.39
Geldersekade,52.376104,4.902494,Bantammerbrug richting Prins Hendrikkade,Prins Hendrikkade richting Bantammerbrug,1,2022-05-31,8282,14.06
Geldersekade,52.376104,4.902494,Bantammerbrug richting Prins Hendrikkade,Prins Hendrikkade richting Bantammerbrug,-1,2022-06-01,9146,17.25
Geldersekade,52.376104,4.902494,Bantammerbrug richting Prins Hendrikkade,Prins Hendrikkade richting Bantammerbrug,1,2022-06-01,8356,14.06
Geldersekade,52.376104,4.902494,Bantammerbrug richting Prins Hendrikkade,Prins Hendrikkade richting Bantammerbrug,-1,2022-06-02,10846,17.08
Geldersekade,52.376104,4.902494,Bantammerbrug richting Prins Hendrikkade,Prins Hendrikkade richting Bantammerbrug,1,2022-06-02,9618,13.47
Geldersekade,52.376104,4.902494,Bantammerbrug richting Prins Hendrikkade,Prins Hendrikkade richting Bantammerbrug,-1,2022-06-03,11126,16.81
Geldersekade,52.376104,4.902494,Bantammerbrug richting Prins Hendrikkade,Prins Hendrikkade richting Bantammerbrug,1,2022-06-03,9664,13.32
Geldersekade,52.376104,4.902494,Bantammerbrug richting Prins Hendrikkade,Prins Hendrikkade richting Bantammerbrug,-1,2022-06-04,8770,16.04
Geldersekade,52.376104,4.902494,Bantammerbrug richting Prins Hendrikkade,Prins Hendrikkade richting Bantammerbrug,1,2022-06-04,8725,12.73
Geldersekade,52.376104,4.902494,Bantammerbrug richting Prins Hendrikkade,Prins Hendrikkade richting Bantammerbrug,-1,2022-06-05,6247,16.86
Geldersekade,52.376104,4.902494,Bantammerbrug richting Prins Hendrikkade,Prins Hendrikkade richting Bantammerbrug,1,2022-06-05,5177,13.38
Geldersekade,52.376104,4.902494,Bantammerbrug richting Prins Hendrikkade,Prins Hendrikkade richting Bantammerbrug,-1,2022-06-06,4160,16.7
Geldersekade,52.376104,4.902494,Bantammerbrug richting Prins Hendrikkade,Prins Hendrikkade richting Bantammerbrug,1,2022-06-06,3477,14.56
Geldersekade,52.376104,4.902494,Bantammerbrug richting Prins Hendrikkade,Prins Hendrikkade richting Bantammerbrug,-1,2022-06-07,9996,16.77
Geldersekade,52.376104,4.902494,Bantammerbrug richting Prins Hendrikkade,Prins Hendrikkade richting Bantammerbrug,1,2022-06-07,8929,14.05
Geldersekade,52.376104,4.902494,Bantammerbrug richting Prins Hendrikkade,Prins Hendrikkade richting Bantammerbrug,-1,2022-06-08,7691,17.29
Geldersekade,52.376104,4.902494,Bantammerbrug richting Prins Hendrikkade,Prins Hendrikkade richting Bantammerbrug,1,2022-06-08,7100,14.75
Geldersekade,52.376104,4.902494,Bantammerbrug richting Prins Hendrikkade,Prins Hendrikkade richting Bantammerbrug,-1,2022-06-09,11038,16.72
Geldersekade,52.376104,4.902494,Bantammerbrug richting Prins Hendrikkade,Prins Hendrikkade richting Bantammerbrug,1,2022-06-09,9787,14.02
Geldersekade,52.376104,4.902494,Bantammerbrug richting Prins Hendrikkade,Prins Hendrikkade richting Bantammerbrug,-1,2022-06-10,9736,16.64
Geldersekade,52.376104,4.902494,Bantammerbrug richting Prins Hendrikkade,Prins Hendrikkade richting Bantammerbrug,1,2022-06-10,9220,14.23
Geldersekade,52.376104,4.902494,Bantammerbrug richting Prins Hendrikkade,Prins Hendrikkade richting Bantammerbrug,-1,2022-06-11,9660,15.67
Geldersekade,52.376104,4.902494,Bantammerbrug richting Prins Hendrikkade,Prins Hendrikkade richting Bantammerbrug,1,2022-06-11,8987,13.46
Geldersekade,52.376104,4.902494,Bantammerbrug richting Prins Hendrikkade,Prins Hendrikkade richting Bantammerbrug,-1,2022-06-12,7851,16.24
Geldersekade,52.376104,4.902494,Bantammerbrug richting Prins Hendrikkade,Prins Hendrikkade richting Bantammerbrug,1,2022-06-12,6863,13.46
Geldersekade,52.376104,4.902494,Bantammerbrug richting Prins Hendrikkade,Prins Hendrikkade richting Bantammerbrug,-1,2022-06-13,9730,17.08
Geldersekade,52.376104,4.902494,Bantammerbrug richting Prins Hendrikkade,Prins Hendrikkade richting Bantammerbrug,1,2022-06-13,8590,13.71
Geldersekade,52.376104,4.902494,Bantammerbrug richting Prins Hendrikkade,Prins Hendrikkade richting Bantammerbrug,-1,2022-06-14,10860,17.08
Geldersekade,52.376104,4.902494,Bantammerbrug richting Prins Hendrikkade,Prins Hendrikkade richting Bantammerbrug,1,2022-06-14,9577,13.59
Geldersekade,52.376104,4.902494,Bantammerbrug richting Prins Hendrikkade,Prins Hendrikkade richting Bantammerbrug,-1,2022-06-15,10620,17.1
Geldersekade,52.376104,4.902494,Bantammerbrug richting Prins Hendrikkade,Prins Hendrikkade richting Bantammerbrug,1,2022-06-15,9444,13.43
Geldersekade,52.376104,4.902494,Bantammerbrug richting Prins Hendrikkade,Prins Hendrikkade richting Bantammerbrug,-1,2022-06-16,12075,16.88
Geldersekade,52.376104,4.902494,Bantammerbrug richting Prins Hendrikkade,Prins Hendrikkade richting Bantammerbrug,1,2022-06-16,10802,13.27
Geldersekade,52.376104,4.902494,Bantammerbrug richting Prins Hendrikkade,Prins Hendrikkade richting Bantammerbrug,-1,2022-06-17,11749,16.25
Geldersekade,52.376104,4.902494,Bantammerbrug richting Prins Hendrikkade,Prins Hendrikkade richting Bantammerbrug,1,2022-06-17,10618,13.89
Geldersekade,52.376104,4.902494,Bantammerbrug richting Prins Hendrikkade,Prins Hendrikkade richting Bantammerbrug,-1,2022-06-18,9931,16.21
Geldersekade,52.376104,4.902494,Bantammerbrug richting Prins Hendrikkade,Prins Hendrikkade richting Bantammerbrug,1,2022-06-18,8438,12.69
Geldersekade,52.376104,4.902494,Bantammerbrug richting Prins Hendrikkade,Prins Hendrikkade richting Bantammerbrug,-1,2022-06-19,6488,16.83
Geldersekade,52.376104,4.902494,Bantammerbrug richting Prins Hendrikkade,Prins Hendrikkade richting Bantammerbrug,1,2022-06-19,5586,12.95
Geldersekade,52.376104,4.902494,Bantammerbrug richting Prins Hendrikkade,Prins Hendrikkade richting Bantammerbrug,-1,2022-06-20,10030,17.07
Geldersekade,52.376104,4.902494,Bantammerbrug richting Prins Hendrikkade,Prins Hendrikkade richting Bantammerbrug,1,2022-06-20,8740,13.03
Geldersekade,52.376104,4.902494,Bantammerbrug richting Prins Hendrikkade,Prins Hendrikkade richting Bantammerbrug,-1,2022-06-21,11646,16.93
Geldersekade,52.376104,4.902494,Bantammerbrug richting Prins Hendrikkade,Prins Hendrikkade richting Bantammerbrug,1,2022-06-21,10062,13.48
Geldersekade,52.376104,4.902494,Bantammerbrug richting Prins Hendrikkade,Prins Hendrikkade richting Bantammerbrug,-1,2022-06-22,11149,17.0
Geldersekade,52.376104,4.902494,Bantammerbrug richting Prins Hendrikkade,Prins Hendrikkade richting Bantammerbrug,1,2022-06-22,9858,13.35
Geldersekade,52.376104,4.902494,Bantammerbrug richting Prins Hendrikkade,Prins Hendrikkade richting Bantammerbrug,-1,2022-06-23,11969,16.71
Geldersekade,52.376104,4.902494,Bantammerbrug richting Prins Hendrikkade,Prins Hendrikkade richting Bantammerbrug,1,2022-06-23,10761,13.52
Geldersekade,52.376104,4.902494,Bantammerbrug richting Prins Hendrikkade,Prins Hendrikkade richting Bantammerbrug,-1,2022-06-24,9488,16.69
Geldersekade,52.376104,4.902494,Bantammerbrug richting Prins Hendrikkade,Prins Hendrikkade richting Bantammerbrug,1,2022-06-24,8876,13.98
Geldersekade,52.376104,4.902494,Bantammerbrug richting Prins Hendrikkade,Prins Hendrikkade richting Bantammerbrug,-1,2022-06-25,8672,16.1
Geldersekade,52.376104,4.902494,Bantammerbrug richting Prins Hendrikkade,Prins Hendrikkade richting Bantammerbrug,1,2022-06-25,7461,13.68
Geldersekade,52.376104,4.902494,Bantammerbrug richting Prins Hendrikkade,Prins Hendrikkade richting Bantammerbrug,-1,2022-06-26,7499,16.13
Geldersekade,52.376104,4.902494,Bantammerbrug richting Prins Hendrikkade,Prins Hendrikkade richting Bantammerbrug,1,2022-06-26,6474,13.58
Geldersekade,52.376104,4.902494,Bantammerbrug richting Prins Hendrikkade,Prins Hendrikkade richting Bantammerbrug,-1,2022-06-27,8989,16.96
Geldersekade,52.376104,4.902494,Bantammerbrug richting Prins Hendrikkade,Prins Hendrikkade richting Bantammerbrug,1,2022-06-27,8100,14.14
Geldersekade,52.376104,4.902494,Bantammerbrug richting Prins Hendrikkade,Prins Hendrikkade richting Bantammerbrug,-1,2022-06-28,11350,16.67
Geldersekade,52.376104,4.902494,Bantammerbrug richting Prins Hendrikkade,Prins Hendrikkade richting Bantammerbrug,1,2022-06-28,10034,13.84
Geldersekade,52.376104,4.902494,Bantammerbrug richting Prins Hendrikkade,Prins Hendrikkade richting Bantammerbrug,-1,2022-06-29,11547,16.83
Geldersekade,52.376104,4.902494,Bantammerbrug richting Prins Hendrikkade,Prins Hendrikkade richting Bantammerbrug,1,2022-06-29,9958,13.45
Geldersekade,52.376104,4.902494,Bantammerbrug richting Prins Hendrikkade,Prins Hendrikkade richting Bantammerbrug,-1,2022-06-30,10100,16.93
Geldersekade,52.376104,4.902494,Bantammerbrug richting Prins Hendrikkade,Prins Hendrikkade richting Bantammerbrug,1,2022-06-30,8789,13.75
Geldersekade,52.376104,4.902494,Bantammerbrug richting Prins Hendrikkade,Prins Hendrikkade richting Bantammerbrug,-1,2022-07-01,9371,16.46
Geldersekade,52.376104,4.902494,Bantammerbrug richting Prins Hendrikkade,Prins Hendrikkade richting Bantammerbrug,1,2022-07-01,8805,14.18
Geldersekade,52.376104,4.902494,Bantammerbrug richting Prins Hendrikkade,Prins Hendrikkade richting Bantammerbrug,-1,2022-07-02,8472,15.79
Geldersekade,52.376104,4.902494,Bantammerbrug richting Prins Hendrikkade,Prins Hendrikkade richting Bantammerbrug,1,2022-07-02,7823,13.41
Geldersekade,52.376104,4.902494,Bantammerbrug richting Prins Hendrikkade,Prins Hendrikkade richting Bantammerbrug,-1,2022-07-03,6693,16.14
Geldersekade,52.376104,4.902494,Bantammerbrug richting Prins Hendrikkade,Prins Hendrikkade richting Bantammerbrug,1,2022-07-03,5932,13.5
Geldersekade,52.376104,4.902494,Bantammerbrug richting Prins Hendrikkade,Prins Hendrikkade richting Bantammerbrug,-1,2022-07-04,9907,16.55
Geldersekade,52.376104,4.902494,Bantammerbrug richting Prins Hendrikkade,Prins Hendrikkade richting Bantammerbrug,1,2022-07-04,8882,13.85
Geldersekade,52.376104,4.902494,Bantammerbrug richting Prins Hendrikkade,Prins Hendrikkade richting Bantammerbrug,-1,2022-07-05,10423,16.97
Geldersekade,52.376104,4.902494,Bantammerbrug richting Prins Hendrikkade,Prins Hendrikkade richting Bantammerbrug,1,2022-07-05,9255,13.57
Geldersekade,52.376104,4.902494,Bantammerbrug richting Prins Hendrikkade,Prins Hendrikkade richting Bantammerbrug,-1,2022-07-06,10099,16.75
Geldersekade,52.376104,4.902494,Bantammerbrug richting Prins Hendrikkade,Prins Hendrikkade richting Bantammerbrug,1,2022-07-06,8927,13.84
Geldersekade,52.376104,4.902494,Bantammerbrug richting Prins Hendrikkade,Prins Hendrikkade richting Bantammerbrug,-1,2022-07-07,9293,17.29
Geldersekade,52.376104,4.902494,Bantammerbrug richting Prins Hendrikkade,Prins Hendrikkade richting Bantammerbrug,1,2022-07-07,8309,12.94
Geldersekade,52.376104,4.902494,Bantammerbrug richting Prins Hendrikkade,Prins Hendrikkade richting Bantammerbrug,-1,2022-07-08,9978,16.65
Geldersekade,52.376104,4.902494,Bantammerbrug richting Prins Hendrikkade,Prins Hendrikkade richting Bantammerbrug,1,2022-07-08,9111,13.58
Geldersekade,52.376104,4.902494,Bantammerbrug richting Prins Hendrikkade,Prins Hendrikkade richting Bantammerbrug,-1,2022-07-09,8743,16.26
Geldersekade,52.376104,4.902494,Bantammerbrug richting Prins Hendrikkade,Prins Hendrikkade richting Bantammerbrug,1,2022-07-09,7601,12.64
Geldersekade,52.376104,4.902494,Bantammerbrug richting Prins Hendrikkade,Prins Hendrikkade richting Bantammerbrug,-1,2022-07-10,7094,16.1
Geldersekade,52.376104,4.902494,Bantammerbrug richting Prins Hendrikkade,Prins Hendrikkade richting Bantammerbrug,1,2022-07-10,6056,13.1
Geldersekade,52.376104,4.902494,Bantammerbrug richting Prins Hendrikkade,Prins Hendrikkade richting Bantammerbrug,-1,2022-07-11,9454,16.83
Geldersekade,52.376104,4.902494,Bantammerbrug richting Prins Hendrikkade,Prins Hendrikkade richting Bantammerbrug,1,2022-07-11,8262,13.55
Geldersekade,52.376104,4.902494,Bantammerbrug richting Prins Hendrikkade,Prins Hendrikkade richting Bantammerbrug,-1,2022-07-12,11020,16.69
Geldersekade,52.376104,4.902494,Bantammerbrug richting Prins Hendrikkade,Prins Hendrikkade richting Bantammerbrug,1,2022-07-12,9719,13.76
Geldersekade,52.376104,4.902494,Bantammerbrug richting Prins Hendrikkade,Prins Hendrikkade richting Bantammerbrug,-1,2022-07-13,10563,16.84
Geldersekade,52.376104,4.902494,Bantammerbrug richting Prins Hendrikkade,Prins Hendrikkade richting Bantammerbrug,1,2022-07-13,9203,13.42
Geldersekade,52.376104,4.902494,Bantammerbrug richting Prins Hendrikkade,Prins Hendrikkade richting Bantammerbrug,-1,2022-07-14,11362,16.91
Geldersekade,52.376104,4.902494,Bantammerbrug richting Prins Hendrikkade,Prins Hendrikkade richting Bantammerbrug,1,2022-07-14,9962,13.18
Geldersekade,52.376104,4.902494,Bantammerbrug richting Prins Hendrikkade,Prins Hendrikkade richting Bantammerbrug,-1,2022-07-15,9907,16.61
Geldersekade,52.376104,4.902494,Bantammerbrug richting Prins Hendrikkade,Prins Hendrikkade richting Bantammerbrug,1,2022-07-15,9063,13.71
Geldersekade,52.376104,4.902494,Bantammerbrug richting Prins Hendrikkade,Prins Hendrikkade richting Bantammerbrug,-1,2022-07-16,9095,16.07
Geldersekade,52.376104,4.902494,Bantammerbrug richting Prins Hendrikkade,Prins Hendrikkade richting Bantammerbrug,1,2022-07-16,8110,12.81
Geldersekade,52.376104,4.902494,Bantammerbrug richting Prins Hendrikkade,Prins Hendrikkade richting Bantammerbrug,-1,2022-07-17,7415,16.28
Geldersekade,52.376104,4.902494,Bantammerbrug richting Prins Hendrikkade,Prins Hendrikkade richting Bantammerbrug,1,2022-07-17,6446,12.85
Geldersekade,52.376104,4.902494,Bantammerbrug richting Prins Hendrikkade,Prins Hendrikkade richting Bantammerbrug,-1,2022-07-18,8935,16.59
Geldersekade,52.376104,4.902494,Bantammerbrug richting Prins Hendrikkade,Prins Hendrikkade richting Bantammerbrug,1,2022-07-18,7912,13.77
Geldersekade,52.376104,4.902494,Bantammerbrug richting Prins Hendrikkade,Prins Hendrikkade richting Bantammerbrug,-1,2022-07-19,8402,16.67
Geldersekade,52.376104,4.902494,Bantammerbrug richting Prins Hendrikkade,Prins Hendrikkade richting Bantammerbrug,1,2022-07-19,7929,13.83
Geldersekade,52.376104,4.902494,Bantammerbrug richting Prins Hendrikkade,Prins Hendrikkade richting Bantammerbrug,-1,2022-07-20,8902,16.43
Geldersekade,52.376104,4.902494,Bantammerbrug richting Prins Hendrikkade,Prins Hendrikkade richting Bantammerbrug,1,2022-07-20,7540,14.11
Geldersekade,52.376104,4.902494,Bantammerbrug richting Prins Hendrikkade,Prins Hendrikkade richting Bantammerbrug,-1,2022-07-21,6177,17.36
Geldersekade,52.376104,4.902494,Bantammerbrug richting Prins Hendrikkade,Prins Hendrikkade richting Bantammerbrug,1,2022-07-21,5914,13.97
Geldersekade,52.376104,4.902494,Bantammerbrug richting Prins Hendrikkade,Prins Hendrikkade richting Bantammerbrug,-1,2022-07-22,8601,16.76
Geldersekade,52.376104,4.902494,Bantammerbrug richting Prins Hendrikkade,Prins Hendrikkade richting Bantammerbrug,1,2022-07-22,7869,13.24
Geldersekade,52.376104,4.902494,Bantammerbrug richting Prins Hendrikkade,Prins Hendrikkade richting Bantammerbrug,-1,2022-07-23,8601,15.98
Geldersekade,52.376104,4.902494,Bantammerbrug richting Prins Hendrikkade,Prins Hendrikkade richting Bantammerbrug,1,2022-07-23,7780,12.96
Geldersekade,52.376104,4.902494,Bantammerbrug richting Prins Hendrikkade,Prins Hendrikkade richting Bantammerbrug,-1,2022-07-24,7989,15.64
Geldersekade,52.376104,4.902494,Bantammerbrug richting Prins Hendrikkade,Prins Hendrikkade richting Bantammerbrug,1,2022-07-24,6748,13.3
Geldersekade,52.376104,4.902494,Bantammerbrug richting Prins Hendrikkade,Prins Hendrikkade richting Bantammerbrug,-1,2022-07-25,7695,16.25
Geldersekade,52.376104,4.902494,Bantammerbrug richting Prins Hendrikkade,Prins Hendrikkade richting Bantammerbrug,1,2022-07-25,6796,14.07
Geldersekade,52.376104,4.902494,Bantammerbrug richting Prins Hendrikkade,Prins Hendrikkade richting Bantammerbrug,-1,2022-07-26,8588,16.92
Geldersekade,52.376104,4.902494,Bantammerbrug richting Prins Hendrikkade,Prins Hendrikkade richting Bantammerbrug,1,2022-07-26,7459,12.96
Geldersekade,52.376104,4.902494,Bantammerbrug richting Prins Hendrikkade,Prins Hendrikkade richting Bantammerbrug,-1,2022-07-27,8656,17.06
Geldersekade,52.376104,4.902494,Bantammerbrug richting Prins Hendrikkade,Prins Hendrikkade richting Bantammerbrug,1,2022-07-27,7928,13.11
Geldersekade,52.376104,4.902494,Bantammerbrug richting Prins Hendrikkade,Prins Hendrikkade richting Bantammerbrug,-1,2022-07-28,9075,16.82
Geldersekade,52.376104,4.902494,Bantammerbrug richting Prins Hendrikkade,Prins Hendrikkade richting Bantammerbrug,1,2022-07-28,8328,13.16
Geldersekade,52.376104,4.902494,Bantammerbrug richting Prins Hendrikkade,Prins Hendrikkade richting Bantammerbrug,-1,2022-07-29,8671,16.81
Geldersekade,52.376104,4.902494,Bantammerbrug richting Prins Hendrikkade,Prins Hendrikkade richting Bantammerbrug,1,2022-07-29,8261,13.04
Geldersekade,52.376104,4.902494,Bantammerbrug richting Prins Hendrikkade,Prins Hendrikkade richting Bantammerbrug,-1,2022-07-30,7994,16.03
Geldersekade,52.376104,4.902494,Bantammerbrug richting Prins Hendrikkade,Prins Hendrikkade richting Bantammerbrug,1,2022-07-30,7613,13.13
Geldersekade,52.376104,4.902494,Bantammerbrug richting Prins Hendrikkade,Prins Hendrikkade richting Bantammerbrug,-1,2022-07-31,4385,16.17
Geldersekade,52.376104,4.902494,Bantammerbrug richting Prins Hendrikkade,Prins Hendrikkade richting Bantammerbrug,1,2022-07-31,3861,13.99
Geldersekade,52.376104,4.902494,Bantammerbrug richting Prins Hendrikkade,Prins Hendrikkade richting Bantammerbrug,-1,2022-08-01,7992,16.77
Geldersekade,52.376104,4.902494,Bantammerbrug richting Prins Hendrikkade,Prins Hendrikkade richting Bantammerbrug,1,2022-08-01,6887,13.08
Geldersekade,52.376104,4.902494,Bantammerbrug richting Prins Hendrikkade,Prins Hendrikkade richting Bantammerbrug,-1,2022-08-02,9230,16.18
Geldersekade,52.376104,4.902494,Bantammerbrug richting Prins Hendrikkade,Prins Hendrikkade richting Bantammerbrug,1,2022-08-02,8289,13.96
Geldersekade,52.376104,4.902494,Bantammerbrug richting Prins Hendrikkade,Prins Hendrikkade richting Bantammerbrug,-1,2022-08-03,9483,16.17
Geldersekade,52.376104,4.902494,Bantammerbrug richting Prins Hendrikkade,Prins Hendrikkade richting Bantammerbrug,1,2022-08-03,8641,13.71
Geldersekade,52.376104,4.902494,Bantammerbrug richting Prins Hendrikkade,Prins Hendrikkade richting Bantammerbrug,-1,2022-08-04,10008,16.61
Geldersekade,52.376104,4.902494,Bantammerbrug richting Prins Hendrikkade,Prins Hendrikkade richting Bantammerbrug,1,2022-08-04,9011,13.04
Geldersekade,52.376104,4.902494,Bantammerbrug richting Prins Hendrikkade,Prins Hendrikkade richting Bantammerbrug,-1,2022-08-05,9101,16.78
Geldersekade,52.376104,4.902494,Bantammerbrug richting Prins Hendrikkade,Prins Hendrikkade richting Bantammerbrug,1,2022-08-05,7864,13.04
Geldersekade,52.376104,4.902494,Bantammerbrug richting Prins Hendrikkade,Prins Hendrikkade richting Bantammerbrug,-1,2022-08-06,8651,15.94
Geldersekade,52.376104,4.902494,Bantammerbrug richting Prins Hendrikkade,Prins Hendrikkade richting Bantammerbrug,1,2022-08-06,7154,12.61
Geldersekade,52.376104,4.902494,Bantammerbrug richting Prins Hendrikkade,Prins Hendrikkade richting Bantammerbrug,-1,2022-08-07,6549,15.96
Geldersekade,52.376104,4.902494,Bantammerbrug richting Prins Hendrikkade,Prins Hendrikkade richting Bantammerbrug,1,2022-08-07,6115,12.55
Geldersekade,52.376104,4.902494,Bantammerbrug richting Prins Hendrikkade,Prins Hendrikkade richting Bantammerbrug,-1,2022-08-08,8148,16.76
Geldersekade,52.376104,4.902494,Bantammerbrug richting Prins Hendrikkade,Prins Hendrikkade richting Bantammerbrug,1,2022-08-08,7294,13.02
Geldersekade,52.376104,4.902494,Bantammerbrug richting Prins Hendrikkade,Prins Hendrikkade richting Bantammerbrug,-1,2022-08-09,9417,16.59
Geldersekade,52.376104,4.902494,Bantammerbrug richting Prins Hendrikkade,Prins Hendrikkade richting Bantammerbrug,1,2022-08-09,8276,12.99
Geldersekade,52.376104,4.902494,Bantammerbrug richting Prins Hendrikkade,Prins Hendrikkade richting Bantammerbrug,-1,2022-08-10,9404,16.5
Geldersekade,52.376104,4.902494,Bantammerbrug richting Prins Hendrikkade,Prins Hendrikkade richting Bantammerbrug,1,2022-08-10,8569,13.11
Geldersekade,52.376104,4.902494,Bantammerbrug richting Prins Hendrikkade,Prins Hendrikkade richting Bantammerbrug,-1,2022-08-11,9777,16.56
Geldersekade,52.376104,4.902494,Bantammerbrug richting Prins Hendrikkade,Prins Hendrikkade richting Bantammerbrug,1,2022-08-11,8769,13.06
Geldersekade,52.376104,4.902494,Bantammerbrug richting Prins Hendrikkade,Prins Hendrikkade richting Bantammerbrug,-1,2022-08-12,9315,16.41
Geldersekade,52.376104,4.902494,Bantammerbrug richting Prins Hendrikkade,Prins Hendrikkade richting Bantammerbrug,1,2022-08-12,8813,13.12
Geldersekade,52.376104,4.902494,Bantammerbrug richting Prins Hendrikkade,Prins Hendrikkade richting Bantammerbrug,-1,2022-08-13,8947,15.72
Geldersekade,52.376104,4.902494,Bantammerbrug richting Prins Hendrikkade,Prins Hendrikkade richting Bantammerbrug,1,2022-08-13,8270,12.5
Geldersekade,52.376104,4.902494,Bantammerbrug richting Prins Hendrikkade,Prins Hendrikkade richting Bantammerbrug,-1,2022-08-14,7604,15.68
Geldersekade,52.376104,4.902494,Bantammerbrug richting Prins Hendrikkade,Prins Hendrikkade richting Bantammerbrug,1,2022-08-14,6751,12.52
Geldersekade,52.376104,4.902494,Bantammerbrug richting Prins Hendrikkade,Prins Hendrikkade richting Bantammerbrug,-1,2022-08-15,9015,16.2
Geldersekade,52.376104,4.902494,Bantammerbrug richting Prins Hendrikkade,Prins Hendrikkade richting Bantammerbrug,1,2022-08-15,7725,13.47
Geldersekade,52.376104,4.902494,Bantammerbrug richting Prins Hendrikkade,Prins Hendrikkade richting Bantammerbrug,-1,2022-08-16,4906,16.58
Geldersekade,52.376104,4.902494,Bantammerbrug richting Prins Hendrikkade,Prins Hendrikkade richting Bantammerbrug,1,2022-08-16,3967,13.82
Geldersekade,52.376104,4.902494,Bantammerbrug richting Prins Hendrikkade,Prins Hendrikkade richting Bantammerbrug,-1,2022-08-17,0,
Geldersekade,52.376104,4.902494,Bantammerbrug richting Prins Hendrikkade,Prins Hendrikkade richting Bantammerbrug,1,2022-08-17,0,
Geldersekade,52.376104,4.902494,Bantammerbrug richting Prins Hendrikkade,Prins Hendrikkade richting Bantammerbrug,-1,2022-08-18,0,
Geldersekade,52.376104,4.902494,Bantammerbrug richting Prins Hendrikkade,Prins Hendrikkade richting Bantammerbrug,1,2022-08-18,0,
Geldersekade,52.376104,4.902494,Bantammerbrug richting Prins Hendrikkade,Prins Hendrikkade richting Bantammerbrug,-1,2022-08-19,0,
Geldersekade,52.376104,4.902494,Bantammerbrug richting Prins Hendrikkade,Prins Hendrikkade richting Bantammerbrug,1,2022-08-19,0,
Geldersekade,52.376104,4.902494,Bantammerbrug richting Prins Hendrikkade,Prins Hendrikkade richting Bantammerbrug,-1,2022-08-20,0,
Geldersekade,52.376104,4.902494,Bantammerbrug richting Prins Hendrikkade,Prins Hendrikkade richting Bantammerbrug,1,2022-08-20,0,
Geldersekade,52.376104,4.902494,Bantammerbrug richting Prins Hendrikkade,Prins Hendrikkade richting Bantammerbrug,-1,2022-08-21,0,
Geldersekade,52.376104,4.902494,Bantammerbrug richting Prins Hendrikkade,Prins Hendrikkade richting Bantammerbrug,1,2022-08-21,0,
Geldersekade,52.376104,4.902494,Bantammerbrug richting Prins Hendrikkade,Prins Hendrikkade richting Bantammerbrug,-1,2022-08-22,0,
Geldersekade,52.376104,4.902494,Bantammerbrug richting Prins Hendrikkade,Prins Hendrikkade richting Bantammerbrug,1,2022-08-22,0,
Geldersekade,52.376104,4.902494,Bantammerbrug richting Prins Hendrikkade,Prins Hendrikkade richting Bantammerbrug,-1,2022-08-23,2154,16.27
Geldersekade,52.376104,4.902494,Bantammerbrug richting Prins Hendrikkade,Prins Hendrikkade richting Bantammerbrug,1,2022-08-23,2116,13.42
Geldersekade,52.376104,4.902494,Bantammerbrug richting Prins Hendrikkade,Prins Hendrikkade richting Bantammerbrug,-1,2022-08-24,11024,16.45
Geldersekade,52.376104,4.902494,Bantammerbrug richting Prins Hendrikkade,Prins Hendrikkade richting Bantammerbrug,1,2022-08-24,9757,13.24
Geldersekade,52.376104,4.902494,Bantammerbrug richting Prins Hendrikkade,Prins Hendrikkade richting Bantammerbrug,-1,2022-08-25,11502,16.51
Geldersekade,52.376104,4.902494,Bantammerbrug richting Prins Hendrikkade,Prins Hendrikkade richting Bantammerbrug,1,2022-08-25,10609,13.13
Geldersekade,52.376104,4.902494,Bantammerbrug richting Prins Hendrikkade,Prins Hendrikkade richting Bantammerbrug,-1,2022-08-26,9987,16.59
Geldersekade,52.376104,4.902494,Bantammerbrug richting Prins Hendrikkade,Prins Hendrikkade richting Bantammerbrug,1,2022-08-26,8935,12.76
Geldersekade,52.376104,4.902494,Bantammerbrug richting Prins Hendrikkade,Prins Hendrikkade richting Bantammerbrug,-1,2022-08-27,8896,16.09
Geldersekade,52.376104,4.902494,Bantammerbrug richting Prins Hendrikkade,Prins Hendrikkade richting Bantammerbrug,1,2022-08-27,8260,12.64
Geldersekade,52.376104,4.902494,Bantammerbrug richting Prins Hendrikkade,Prins Hendrikkade richting Bantammerbrug,-1,2022-08-28,7821,16.26
Geldersekade,52.376104,4.902494,Bantammerbrug richting Prins Hendrikkade,Prins Hendrikkade richting Bantammerbrug,1,2022-08-28,6832,12.64
Geldersekade,52.376104,4.902494,Bantammerbrug richting Prins Hendrikkade,Prins Hendrikkade richting Bantammerbrug,-1,2022-08-29,10230,16.78
Geldersekade,52.376104,4.902494,Bantammerbrug richting Prins Hendrikkade,Prins Hendrikkade richting Bantammerbrug,1,2022-08-29,9088,12.9
Geldersekade,52.376104,4.902494,Bantammerbrug richting Prins Hendrikkade,Prins Hendrikkade richting Bantammerbrug,-1,2022-08-30,11234,16.81
Geldersekade,52.376104,4.902494,Bantammerbrug richting Prins Hendrikkade,Prins Hendrikkade richting Bantammerbrug,1,2022-08-30,9619,13.01
Geldersekade,52.376104,4.902494,Bantammerbrug richting Prins Hendrikkade,Prins Hendrikkade richting Bantammerbrug,-1,2022-08-31,11849,16.55
Geldersekade,52.376104,4.902494,Bantammerbrug richting Prins Hendrikkade,Prins Hendrikkade richting Bantammerbrug,1,2022-08-31,10766,12.89
Geldersekade,52.376104,4.902494,Bantammerbrug richting Prins Hendrikkade,Prins Hendrikkade richting Bantammerbrug,-1,2022-09-01,12564,16.66
Geldersekade,52.376104,4.902494,Bantammerbrug richting Prins Hendrikkade,Prins Hendrikkade richting Bantammerbrug,1,2022-09-01,11012,13.03
Geldersekade,52.376104,4.902494,Bantammerbrug richting Prins Hendrikkade,Prins Hendrikkade richting Bantammerbrug,-1,2022-09-02,11573,16.68
Geldersekade,52.376104,4.902494,Bantammerbrug richting Prins Hendrikkade,Prins Hendrikkade richting Bantammerbrug,1,2022-09-02,10625,12.77
Geldersekade,52.376104,4.902494,Bantammerbrug richting Prins Hendrikkade,Prins Hendrikkade richting Bantammerbrug,-1,2022-09-03,9673,16.01
Geldersekade,52.376104,4.902494,Bantammerbrug richting Prins Hendrikkade,Prins Hendrikkade richting Bantammerbrug,1,2022-09-03,8903,12.54
Geldersekade,52.376104,4.902494,Bantammerbrug richting Prins Hendrikkade,Prins Hendrikkade richting Bantammerbrug,-1,2022-09-04,7833,16.05
Geldersekade,52.376104,4.902494,Bantammerbrug richting Prins Hendrikkade,Prins Hendrikkade richting Bantammerbrug,1,2022-09-04,7057,13.04
Geldersekade,52.376104,4.902494,Bantammerbrug richting Prins Hendrikkade,Prins Hendrikkade richting Bantammerbrug,-1,2022-09-05,11472,16.64
Geldersekade,52.376104,4.902494,Bantammerbrug richting Prins Hendrikkade,Prins Hendrikkade richting Bantammerbrug,1,2022-09-05,10157,13.47
Geldersekade,52.376104,4.902494,Bantammerbrug richting Prins Hendrikkade,Prins Hendrikkade richting Bantammerbrug,-1,2022-09-06,12335,16.55
Geldersekade,52.376104,4.902494,Bantammerbrug richting Prins Hendrikkade,Prins Hendrikkade richting Bantammerbrug,1,2022-09-06,10837,13.42
Geldersekade,52.376104,4.902494,Bantammerbrug richting Prins Hendrikkade,Prins Hendrikkade richting Bantammerbrug,-1,2022-09-07,11686,16.59
Geldersekade,52.376104,4.902494,Bantammerbrug richting Prins Hendrikkade,Prins Hendrikkade richting Bantammerbrug,1,2022-09-07,10319,13.74
Geldersekade,52.376104,4.902494,Bantammerbrug richting Prins Hendrikkade,Prins Hendrikkade richting Bantammerbrug,-1,2022-09-08,9383,16.8
Geldersekade,52.376104,4.902494,Bantammerbrug richting Prins Hendrikkade,Prins Hendrikkade richting Bantammerbrug,1,2022-09-08,8654,14.03
Geldersekade,52.376104,4.902494,Bantammerbrug richting Prins Hendrikkade,Prins Hendrikkade richting Bantammerbrug,-1,2022-09-09,8445,16.97
Geldersekade,52.376104,4.902494,Bantammerbrug richting Prins Hendrikkade,Prins Hendrikkade richting Bantammerbrug,1,2022-09-09,8050,14.37
Geldersekade,52.376104,4.902494,Bantammerbrug richting Prins Hendrikkade,Prins Hendrikkade richting Bantammerbrug,-1,2022-09-10,8891,16.26
Geldersekade,52.376104,4.902494,Bantammerbrug richting Prins Hendrikkade,Prins Hendrikkade richting Bantammerbrug,1,2022-09-10,8440,12.77
Geldersekade,52.376104,4.902494,Bantammerbrug richting Prins Hendrikkade,Prins Hendrikkade richting Bantammerbrug,-1,2022-09-11,7863,16.2
Geldersekade,52.376104,4.902494,Bantammerbrug richting Prins Hendrikkade,Prins Hendrikkade richting Bantammerbrug,1,2022-09-11,7193,12.85
Geldersekade,52.376104,4.902494,Bantammerbrug richting Prins Hendrikkade,Prins Hendrikkade richting Bantammerbrug,-1,2022-09-12,11341,16.49
Geldersekade,52.376104,4.902494,Bantammerbrug richting Prins Hendrikkade,Prins Hendrikkade richting Bantammerbrug,1,2022-09-12,9977,13.71
Geldersekade,52.376104,4.902494,Bantammerbrug richting Prins Hendrikkade,Prins Hendrikkade richting Bantammerbrug,-1,2022-09-13,12647,16.86
Geldersekade,52.376104,4.902494,Bantammerbrug richting Prins Hendrikkade,Prins Hendrikkade richting Bantammerbrug,1,2022-09-13,11106,13.13
Geldersekade,52.376104,4.902494,Bantammerbrug richting Prins Hendrikkade,Prins Hendrikkade richting Bantammerbrug,-1,2022-09-14,11416,16.94
Geldersekade,52.376104,4.902494,Bantammerbrug richting Prins Hendrikkade,Prins Hendrikkade richting Bantammerbrug,1,2022-09-14,10200,13.36
Geldersekade,52.376104,4.902494,Bantammerbrug richting Prins Hendrikkade,Prins Hendrikkade richting Bantammerbrug,-1,2022-09-15,11700,16.85
Geldersekade,52.376104,4.902494,Bantammerbrug richting Prins Hendrikkade,Prins Hendrikkade richting Bantammerbrug,1,2022-09-15,10429,13.27
Geldersekade,52.376104,4.902494,Bantammerbrug richting Prins Hendrikkade,Prins Hendrikkade richting Bantammerbrug,-1,2022-09-16,8600,17.06
Geldersekade,52.376104,4.902494,Bantammerbrug richting Prins Hendrikkade,Prins Hendrikkade richting Bantammerbrug,1,2022-09-16,7742,13.54
Geldersekade,52.376104,4.902494,Bantammerbrug richting Prins Hendrikkade,Prins Hendrikkade richting Bantammerbrug,-1,2022-09-17,7033,16.4
Geldersekade,52.376104,4.902494,Bantammerbrug richting Prins Hendrikkade,Prins Hendrikkade richting Bantammerbrug,1,2022-09-17,6466,12.73
Geldersekade,52.376104,4.902494,Bantammerbrug richting Prins Hendrikkade,Prins Hendrikkade richting Bantammerbrug,-1,2022-09-18,3792,16.02
Geldersekade,52.376104,4.902494,Bantammerbrug richting Prins Hendrikkade,Prins Hendrikkade richting Bantammerbrug,1,2022-09-18,2953,13.2
Geldersekade,52.376104,4.902494,Bantammerbrug richting Prins Hendrikkade,Prins Hendrikkade richting Bantammerbrug,-1,2022-09-19,9306,17.09
Geldersekade,52.376104,4.902494,Bantammerbrug richting Prins Hendrikkade,Prins Hendrikkade richting Bantammerbrug,1,2022-09-19,8253,13.3
Geldersekade,52.376104,4.902494,Bantammerbrug richting Prins Hendrikkade,Prins Hendrikkade richting Bantammerbrug,-1,2022-09-20,11271,17.06
Geldersekade,52.376104,4.902494,Bantammerbrug richting Prins Hendrikkade,Prins Hendrikkade richting Bantammerbrug,1,2022-09-20,9628,13.39
Geldersekade,52.376104,4.902494,Bantammerbrug richting Prins Hendrikkade,Prins Hendrikkade richting Bantammerbrug,-1,2022-09-21,11354,16.98
Geldersekade,52.376104,4.902494,Bantammerbrug richting Prins Hendrikkade,Prins Hendrikkade richting Bantammerbrug,1,2022-09-21,9715,13.57
Geldersekade,52.376104,4.902494,Bantammerbrug richting Prins Hendrikkade,Prins Hendrikkade richting Bantammerbrug,-1,2022-09-22,12476,16.65
Geldersekade,52.376104,4.902494,Bantammerbrug richting Prins Hendrikkade,Prins Hendrikkade richting Bantammerbrug,1,2022-09-22,10984,13.7
Geldersekade,52.376104,4.902494,Bantammerbrug richting Prins Hendrikkade,Prins Hendrikkade richting Bantammerbrug,-1,2022-09-23,9975,16.78
Geldersekade,52.376104,4.902494,Bantammerbrug richting Prins Hendrikkade,Prins Hendrikkade richting Bantammerbrug,1,2022-09-23,9316,13.95
Geldersekade,52.376104,4.902494,Bantammerbrug richting Prins Hendrikkade,Prins Hendrikkade richting Bantammerbrug,-1,2022-09-24,7897,16.47
Geldersekade,52.376104,4.902494,Bantammerbrug richting Prins Hendrikkade,Prins Hendrikkade richting Bantammerbrug,1,2022-09-24,7523,12.69
Geldersekade,52.376104,4.902494,Bantammerbrug richting Prins Hendrikkade,Prins Hendrikkade richting Bantammerbrug,-1,2022-09-25,6726,16.41
Geldersekade,52.376104,4.902494,Bantammerbrug richting Prins Hendrikkade,Prins Hendrikkade richting Bantammerbrug,1,2022-09-25,5908,13.15
Geldersekade,52.376104,4.902494,Bantammerbrug richting Prins Hendrikkade,Prins Hendrikkade richting Bantammerbrug,-1,2022-09-26,7600,17.0
Geldersekade,52.376104,4.902494,Bantammerbrug richting Prins Hendrikkade,Prins Hendrikkade richting Bantammerbrug,1,2022-09-26,6872,14.21
Geldersekade,52.376104,4.902494,Bantammerbrug richting Prins Hendrikkade,Prins Hendrikkade richting Bantammerbrug,-1,2022-09-27,7095,17.18
Geldersekade,52.376104,4.902494,Bantammerbrug richting Prins Hendrikkade,Prins Hendrikkade richting Bantammerbrug,1,2022-09-27,6565,14.19
Geldersekade,52.376104,4.902494,Bantammerbrug richting Prins Hendrikkade,Prins Hendrikkade richting Bantammerbrug,-1,2022-09-28,8210,17.16
Geldersekade,52.376104,4.902494,Bantammerbrug richting Prins Hendrikkade,Prins Hendrikkade richting Bantammerbrug,1,2022-09-28,7668,14.16
Geldersekade,52.376104,4.902494,Bantammerbrug richting Prins Hendrikkade,Prins Hendrikkade richting Bantammerbrug,-1,2022-09-29,11158,16.87
Geldersekade,52.376104,4.902494,Bantammerbrug richting Prins Hendrikkade,Prins Hendrikkade richting Bantammerbrug,1,2022-09-29,9864,13.72
Geldersekade,52.376104,4.902494,Bantammerbrug richting Prins Hendrikkade,Prins Hendrikkade richting Bantammerbrug,-1,2022-09-30,10068,16.6
Geldersekade,52.376104,4.902494,Bantammerbrug richting Prins Hendrikkade,Prins Hendrikkade richting Bantammerbrug,1,2022-09-30,9305,13.94
Geldersekade,52.376104,4.902494,Bantammerbrug richting Prins Hendrikkade,Prins Hendrikkade richting Bantammerbrug,-1,2022-10-01,7885,16.08
Geldersekade,52.376104,4.902494,Bantammerbrug richting Prins Hendrikkade,Prins Hendrikkade richting Bantammerbrug,1,2022-10-01,7309,13.57
Geldersekade,52.376104,4.902494,Bantammerbrug richting Prins Hendrikkade,Prins Hendrikkade richting Bantammerbrug,-1,2022-10-02,7003,16.27
Geldersekade,52.376104,4.902494,Bantammerbrug richting Prins Hendrikkade,Prins Hendrikkade richting Bantammerbrug,1,2022-10-02,6239,13.09
Geldersekade,52.376104,4.902494,Bantammerbrug richting Prins Hendrikkade,Prins Hendrikkade richting Bantammerbrug,-1,2022-10-03,10585,16.6
Geldersekade,52.376104,4.902494,Bantammerbrug richting Prins Hendrikkade,Prins Hendrikkade richting Bantammerbrug,1,2022-10-03,9386,13.8
Geldersekade,52.376104,4.902494,Bantammerbrug richting Prins Hendrikkade,Prins Hendrikkade richting Bantammerbrug,-1,2022-10-04,11938,16.6
Geldersekade,52.376104,4.902494,Bantammerbrug richting Prins Hendrikkade,Prins Hendrikkade richting Bantammerbrug,1,2022-10-04,10158,14.0
Geldersekade,52.376104,4.902494,Bantammerbrug richting Prins Hendrikkade,Prins Hendrikkade richting Bantammerbrug,-1,2022-10-05,10347,16.54
Geldersekade,52.376104,4.902494,Bantammerbrug richting Prins Hendrikkade,Prins Hendrikkade richting Bantammerbrug,1,2022-10-05,9305,14.15
Geldersekade,52.376104,4.902494,Bantammerbrug richting Prins Hendrikkade,Prins Hendrikkade richting Bantammerbrug,-1,2022-10-06,12291,16.19
Geldersekade,52.376104,4.902494,Bantammerbrug richting Prins Hendrikkade,Prins Hendrikkade richting Bantammerbrug,1,2022-10-06,10553,13.83
Geldersekade,52.376104,4.902494,Bantammerbrug richting Prins Hendrikkade,Prins Hendrikkade richting Bantammerbrug,-1,2022-10-07,11237,16.43
Geldersekade,52.376104,4.902494,Bantammerbrug richting Prins Hendrikkade,Prins Hendrikkade richting Bantammerbrug,1,2022-10-07,10076,13.95
Geldersekade,52.376104,4.902494,Bantammerbrug richting Prins Hendrikkade,Prins Hendrikkade richting Bantammerbrug,-1,2022-10-08,9496,15.78
Geldersekade,52.376104,4.902494,Bantammerbrug richting Prins Hendrikkade,Prins Hendrikkade richting Bantammerbrug,1,2022-10-08,8364,13.19
Geldersekade,52.376104,4.902494,Bantammerbrug richting Prins Hendrikkade,Prins Hendrikkade richting Bantammerbrug,-1,2022-10-09,7991,15.95
Geldersekade,52.376104,4.902494,Bantammerbrug richting Prins Hendrikkade,Prins Hendrikkade richting Bantammerbrug,1,2022-10-09,6831,13.38
Geldersekade,52.376104,4.902494,Bantammerbrug richting Prins Hendrikkade,Prins Hendrikkade richting Bantammerbrug,-1,2022-10-10,9526,16.86
Geldersekade,52.376104,4.902494,Bantammerbrug richting Prins Hendrikkade,Prins Hendrikkade richting Bantammerbrug,1,2022-10-10,8281,13.86
Geldersekade,52.376104,4.902494,Bantammerbrug richting Prins Hendrikkade,Prins Hendrikkade richting Bantammerbrug,-1,2022-10-11,11777,16.69
Geldersekade,52.376104,4.902494,Bantammerbrug richting Prins Hendrikkade,Prins Hendrikkade richting Bantammerbrug,1,2022-10-11,9992,13.64
Geldersekade,52.376104,4.902494,Bantammerbrug richting Prins Hendrikkade,Prins Hendrikkade richting Bantammerbrug,-1,2022-10-12,11414,16.74
Geldersekade,52.376104,4.902494,Bantammerbrug richting Prins Hendrikkade,Prins Hendrikkade richting Bantammerbrug,1,2022-10-12,9681,13.82
Geldersekade,52.376104,4.902494,Bantammerbrug richting Prins Hendrikkade,Prins Hendrikkade richting Bantammerbrug,-1,2022-10-13,8655,16.9
Geldersekade,52.376104,4.902494,Bantammerbrug richting Prins Hendrikkade,Prins Hendrikkade richting Bantammerbrug,1,2022-10-13,7885,14.07
Geldersekade,52.376104,4.902494,Bantammerbrug richting Prins Hendrikkade,Prins Hendrikkade richting Bantammerbrug,-1,2022-10-14,8668,16.76
Geldersekade,52.376104,4.902494,Bantammerbrug richting Prins Hendrikkade,Prins Hendrikkade richting Bantammerbrug,1,2022-10-14,8044,14.06
Geldersekade,52.376104,4.902494,Bantammerbrug richting Prins Hendrikkade,Prins Hendrikkade richting Bantammerbrug,-1,2022-10-15,7603,16.01
Geldersekade,52.376104,4.902494,Bantammerbrug richting Prins Hendrikkade,Prins Hendrikkade richting Bantammerbrug,1,2022-10-15,7261,13.78
Geldersekade,52.376104,4.902494,Bantammerbrug richting Prins Hendrikkade,Prins Hendrikkade richting Bantammerbrug,-1,2022-10-16,7024,16.09
Geldersekade,52.376104,4.902494,Bantammerbrug richting Prins Hendrikkade,Prins Hendrikkade richting Bantammerbrug,1,2022-10-16,5979,13.6
Geldersekade,52.376104,4.902494,Bantammerbrug richting Prins Hendrikkade,Prins Hendrikkade richting Bantammerbrug,-1,2022-10-17,7658,16.82
Geldersekade,52.376104,4.902494,Bantammerbrug richting Prins Hendrikkade,Prins Hendrikkade richting Bantammerbrug,1,2022-10-17,6849,14.1
Geldersekade,52.376104,4.902494,Bantammerbrug richting Prins Hendrikkade,Prins Hendrikkade richting Bantammerbrug,-1,2022-10-18,10530,16.77
Geldersekade,52.376104,4.902494,Bantammerbrug richting Prins Hendrikkade,Prins Hendrikkade richting Bantammerbrug,1,2022-10-18,9122,13.5
Geldersekade,52.376104,4.902494,Bantammerbrug richting Prins Hendrikkade,Prins Hendrikkade richting Bantammerbrug,-1,2022-10-19,9959,17.21
Geldersekade,52.376104,4.902494,Bantammerbrug richting Prins Hendrikkade,Prins Hendrikkade richting Bantammerbrug,1,2022-10-19,8526,12.98
Geldersekade,52.376104,4.902494,Bantammerbrug richting Prins Hendrikkade,Prins Hendrikkade richting Bantammerbrug,-1,2022-10-20,9556,16.83
Geldersekade,52.376104,4.902494,Bantammerbrug richting Prins Hendrikkade,Prins Hendrikkade richting Bantammerbrug,1,2022-10-20,8668,13.84
Geldersekade,52.376104,4.902494,Bantammerbrug richting Prins Hendrikkade,Prins Hendrikkade richting Bantammerbrug,-1,2022-10-21,10202,16.55
Geldersekade,52.376104,4.902494,Bantammerbrug richting Prins Hendrikkade,Prins Hendrikkade richting Bantammerbrug,1,2022-10-21,9808,13.65
Geldersekade,52.376104,4.902494,Bantammerbrug richting Prins Hendrikkade,Prins Hendrikkade richting Bantammerbrug,-1,2022-10-22,10357,15.74
Geldersekade,52.376104,4.902494,Bantammerbrug richting Prins Hendrikkade,Prins Hendrikkade richting Bantammerbrug,1,2022-10-22,9293,13.39
Geldersekade,52.376104,4.902494,Bantammerbrug richting Prins Hendrikkade,Prins Hendrikkade richting Bantammerbrug,-1,2022-10-23,8062,16.06
Geldersekade,52.376104,4.902494,Bantammerbrug richting Prins Hendrikkade,Prins Hendrikkade richting Bantammerbrug,1,2022-10-23,6581,13.35
Geldersekade,52.376104,4.902494,Bantammerbrug richting Prins Hendrikkade,Prins Hendrikkade richting Bantammerbrug,-1,2022-10-24,9156,16.22
Geldersekade,52.376104,4.902494,Bantammerbrug richting Prins Hendrikkade,Prins Hendrikkade richting Bantammerbrug,1,2022-10-24,7757,14.1
Geldersekade,52.376104,4.902494,Bantammerbrug richting Prins Hendrikkade,Prins Hendrikkade richting Bantammerbrug,-1,2022-10-25,11369,16.2
Geldersekade,52.376104,4.902494,Bantammerbrug richting Prins Hendrikkade,Prins Hendrikkade richting Bantammerbrug,1,2022-10-25,9369,13.8
Geldersekade,52.376104,4.902494,Bantammerbrug richting Prins Hendrikkade,Prins Hendrikkade richting Bantammerbrug,-1,2022-10-26,11873,16.32
Geldersekade,52.376104,4.902494,Bantammerbrug richting Prins Hendrikkade,Prins Hendrikkade richting Bantammerbrug,1,2022-10-26,10096,13.82
Geldersekade,52.376104,4.902494,Bantammerbrug richting Prins Hendrikkade,Prins Hendrikkade richting Bantammerbrug,-1,2022-10-27,12903,16.34
Geldersekade,52.376104,4.902494,Bantammerbrug richting Prins Hendrikkade,Prins Hendrikkade richting Bantammerbrug,1,2022-10-27,10764,13.68
Geldersekade,52.376104,4.902494,Bantammerbrug richting Prins Hendrikkade,Prins Hendrikkade richting Bantammerbrug,-1,2022-10-28,12444,16.04
Geldersekade,52.376104,4.902494,Bantammerbrug richting Prins Hendrikkade,Prins Hendrikkade richting Bantammerbrug,1,2022-10-28,10173,13.68
Geldersekade,52.376104,4.902494,Bantammerbrug richting Prins Hendrikkade,Prins Hendrikkade richting Bantammerbrug,-1,2022-10-29,10332,15.69
Geldersekade,52.376104,4.902494,Bantammerbrug richting Prins Hendrikkade,Prins Hendrikkade richting Bantammerbrug,1,2022-10-29,9198,13.13
Geldersekade,52.376104,4.902494,Bantammerbrug richting Prins Hendrikkade,Prins Hendrikkade richting Bantammerbrug,-1,2022-10-30,9358,15.57
Geldersekade,52.376104,4.902494,Bantammerbrug richting Prins Hendrikkade,Prins Hendrikkade richting Bantammerbrug,1,2022-10-30,7785,13.1
Geldersekade,52.376104,4.902494,Bantammerbrug richting Prins Hendrikkade,Prins Hendrikkade richting Bantammerbrug,-1,2022-10-31,12602,16.22
Geldersekade,52.376104,4.902494,Bantammerbrug richting Prins Hendrikkade,Prins Hendrikkade richting Bantammerbrug,1,2022-10-31,10060,13.0
Geldersekade,52.376104,4.902494,Bantammerbrug richting Prins Hendrikkade,Prins Hendrikkade richting Bantammerbrug,-1,2022-11-01,11237,15.96
Geldersekade,52.376104,4.902494,Bantammerbrug richting Prins Hendrikkade,Prins Hendrikkade richting Bantammerbrug,1,2022-11-01,9324,14.17
Geldersekade,52.376104,4.902494,Bantammerbrug richting Prins Hendrikkade,Prins Hendrikkade richting Bantammerbrug,-1,2022-11-02,11424,16.1
Geldersekade,52.376104,4.902494,Bantammerbrug richting Prins Hendrikkade,Prins Hendrikkade richting Bantammerbrug,1,2022-11-02,9622,13.84
Geldersekade,52.376104,4.902494,Bantammerbrug richting Prins Hendrikkade,Prins Hendrikkade richting Bantammerbrug,-1,2022-11-03,11192,16.41
Geldersekade,52.376104,4.902494,Bantammerbrug richting Prins Hendrikkade,Prins Hendrikkade richting Bantammerbrug,1,2022-11-03,9538,14.04
Geldersekade,52.376104,4.902494,Bantammerbrug richting Prins Hendrikkade,Prins Hendrikkade richting Bantammerbrug,-1,2022-11-04,10214,16.7
Geldersekade,52.376104,4.902494,Bantammerbrug richting Prins Hendrikkade,Prins Hendrikkade richting Bantammerbrug,1,2022-11-04,8903,13.79
Geldersekade,52.376104,4.902494,Bantammerbrug richting Prins Hendrikkade,Prins Hendrikkade richting Bantammerbrug,-1,2022-11-05,9774,15.54
Geldersekade,52.376104,4.902494,Bantammerbrug richting Prins Hendrikkade,Prins Hendrikkade richting Bantammerbrug,1,2022-11-05,8830,13.29
Geldersekade,52.376104,4.902494,Bantammerbrug richting Prins Hendrikkade,Prins Hendrikkade richting Bantammerbrug,-1,2022-11-06,4468,16.24
Geldersekade,52.376104,4.902494,Bantammerbrug richting Prins Hendrikkade,Prins Hendrikkade richting Bantammerbrug,1,2022-11-06,4023,14.2
Geldersekade,52.376104,4.902494,Bantammerbrug richting Prins Hendrikkade,Prins Hendrikkade richting Bantammerbrug,-1,2022-11-07,8363,16.54
Geldersekade,52.376104,4.902494,Bantammerbrug richting Prins Hendrikkade,Prins Hendrikkade richting Bantammerbrug,1,2022-11-07,7324,14.37
Geldersekade,52.376104,4.902494,Bantammerbrug richting Prins Hendrikkade,Prins Hendrikkade richting Bantammerbrug,-1,2022-11-08,11281,16.5
Geldersekade,52.376104,4.902494,Bantammerbrug richting Prins Hendrikkade,Prins Hendrikkade richting Bantammerbrug,1,2022-11-08,9346,14.04
Geldersekade,52.376104,4.902494,Bantammerbrug richting Prins Hendrikkade,Prins Hendrikkade richting Bantammerbrug,-1,2022-11-09,9442,16.5
Geldersekade,52.376104,4.902494,Bantammerbrug richting Prins Hendrikkade,Prins Hendrikkade richting Bantammerbrug,1,2022-11-09,8409,14.29
Geldersekade,52.376104,4.902494,Bantammerbrug richting Prins Hendrikkade,Prins Hendrikkade richting Bantammerbrug,-1,2022-11-10,11799,16.3
Geldersekade,52.376104,4.902494,Bantammerbrug richting Prins Hendrikkade,Prins Hendrikkade richting Bantammerbrug,1,2022-11-10,9983,14.06
Geldersekade,52.376104,4.902494,Bantammerbrug richting Prins Hendrikkade,Prins Hendrikkade richting Bantammerbrug,-1,2022-11-11,11203,16.36
Geldersekade,52.376104,4.902494,Bantammerbrug richting Prins Hendrikkade,Prins Hendrikkade richting Bantammerbrug,1,2022-11-11,9835,13.76
Geldersekade,52.376104,4.902494,Bantammerbrug richting Prins Hendrikkade,Prins Hendrikkade richting Bantammerbrug,-1,2022-11-12,9607,15.88
Geldersekade,52.376104,4.902494,Bantammerbrug richting Prins Hendrikkade,Prins Hendrikkade richting Bantammerbrug,1,2022-11-12,8677,13.04
Geldersekade,52.376104,4.902494,Bantammerbrug richting Prins Hendrikkade,Prins Hendrikkade richting Bantammerbrug,-1,2022-11-13,8376,16.26
Geldersekade,52.376104,4.902494,Bantammerbrug richting Prins Hendrikkade,Prins Hendrikkade richting Bantammerbrug,1,2022-11-13,7015,12.77
Geldersekade,52.376104,4.902494,Bantammerbrug richting Prins Hendrikkade,Prins Hendrikkade richting Bantammerbrug,-1,2022-11-14,10760,16.9
Geldersekade,52.376104,4.902494,Bantammerbrug richting Prins Hendrikkade,Prins Hendrikkade richting Bantammerbrug,1,2022-11-14,8954,13.62
Geldersekade,52.376104,4.902494,Bantammerbrug richting Prins Hendrikkade,Prins Hendrikkade richting Bantammerbrug,-1,2022-11-15,10764,16.53
Geldersekade,52.376104,4.902494,Bantammerbrug richting Prins Hendrikkade,Prins Hendrikkade richting Bantammerbrug,1,2022-11-15,9267,13.91
Geldersekade,52.376104,4.902494,Bantammerbrug richting Prins Hendrikkade,Prins Hendrikkade richting Bantammerbrug,-1,2022-11-16,10705,16.65
Geldersekade,52.376104,4.902494,Bantammerbrug richting Prins Hendrikkade,Prins Hendrikkade richting Bantammerbrug,1,2022-11-16,9278,13.91
Geldersekade,52.376104,4.902494,Bantammerbrug richting Prins Hendrikkade,Prins Hendrikkade richting Bantammerbrug,-1,2022-11-17,7978,16.75
Geldersekade,52.376104,4.902494,Bantammerbrug richting Prins Hendrikkade,Prins Hendrikkade richting Bantammerbrug,1,2022-11-17,7092,14.42
Geldersekade,52.376104,4.902494,Bantammerbrug richting Prins Hendrikkade,Prins Hendrikkade richting Bantammerbrug,-1,2022-11-18,9786,16.76
Geldersekade,52.376104,4.902494,Bantammerbrug richting Prins Hendrikkade,Prins Hendrikkade richting Bantammerbrug,1,2022-11-18,8629,13.59
Geldersekade,52.376104,4.902494,Bantammerbrug richting Prins Hendrikkade,Prins Hendrikkade richting Bantammerbrug,-1,2022-11-19,7525,16.61
Geldersekade,52.376104,4.902494,Bantammerbrug richting Prins Hendrikkade,Prins Hendrikkade richting Bantammerbrug,1,2022-11-19,6766,12.52
Geldersekade,52.376104,4.902494,Bantammerbrug richting Prins Hendrikkade,Prins Hendrikkade richting Bantammerbrug,-1,2022-11-20,4155,17.03
Geldersekade,52.376104,4.902494,Bantammerbrug richting Prins Hendrikkade,Prins Hendrikkade richting Bantammerbrug,1,2022-11-20,3741,13.69
Geldersekade,52.376104,4.902494,Bantammerbrug richting Prins Hendrikkade,Prins Hendrikkade richting Bantammerbrug,-1,2022-11-21,8407,17.13
Geldersekade,52.376104,4.902494,Bantammerbrug richting Prins Hendrikkade,Prins Hendrikkade richting Bantammerbrug,1,2022-11-21,7356,14.01
Geldersekade,52.376104,4.902494,Bantammerbrug richting Prins Hendrikkade,Prins Hendrikkade richting Bantammerbrug,-1,2022-11-22,9860,16.77
Geldersekade,52.376104,4.902494,Bantammerbrug richting Prins Hendrikkade,Prins Hendrikkade richting Bantammerbrug,1,2022-11-22,8612,14.15
Geldersekade,52.376104,4.902494,Bantammerbrug richting Prins Hendrikkade,Prins Hendrikkade richting Bantammerbrug,-1,2022-11-23,9053,16.73
Geldersekade,52.376104,4.902494,Bantammerbrug richting Prins Hendrikkade,Prins Hendrikkade richting Bantammerbrug,1,2022-11-23,7160,14.19
Geldersekade,52.376104,4.902494,Bantammerbrug richting Prins Hendrikkade,Prins Hendrikkade richting Bantammerbrug,-1,2022-11-24,11120,16.43
Geldersekade,52.376104,4.902494,Bantammerbrug richting Prins Hendrikkade,Prins Hendrikkade richting Bantammerbrug,1,2022-11-24,9289,13.93
Geldersekade,52.376104,4.902494,Bantammerbrug richting Prins Hendrikkade,Prins Hendrikkade richting Bantammerbrug,-1,2022-11-25,10613,16.37
Geldersekade,52.376104,4.902494,Bantammerbrug richting Prins Hendrikkade,Prins Hendrikkade richting Bantammerbrug,1,2022-11-25,8989,13.79
Geldersekade,52.376104,4.902494,Bantammerbrug richting Prins Hendrikkade,Prins Hendrikkade richting Bantammerbrug,-1,2022-11-26,8434,15.95
Geldersekade,52.376104,4.902494,Bantammerbrug richting Prins Hendrikkade,Prins Hendrikkade richting Bantammerbrug,1,2022-11-26,7432,13.38
Geldersekade,52.376104,4.902494,Bantammerbrug richting Prins Hendrikkade,Prins Hendrikkade richting Bantammerbrug,-1,2022-11-27,4774,16.44
Geldersekade,52.376104,4.902494,Bantammerbrug richting Prins Hendrikkade,Prins Hendrikkade richting Bantammerbrug,1,2022-11-27,3952,14.04
Geldersekade,52.376104,4.902494,Bantammerbrug richting Prins Hendrikkade,Prins Hendrikkade richting Bantammerbrug,-1,2022-11-28,8516,16.88
Geldersekade,52.376104,4.902494,Bantammerbrug richting Prins Hendrikkade,Prins Hendrikkade richting Bantammerbrug,1,2022-11-28,7355,13.98
Geldersekade,52.376104,4.902494,Bantammerbrug richting Prins Hendrikkade,Prins Hendrikkade richting Bantammerbrug,-1,2022-11-29,10364,17.07
Geldersekade,52.376104,4.902494,Bantammerbrug richting Prins Hendrikkade,Prins Hendrikkade richting Bantammerbrug,1,2022-11-29,8748,13.83
Geldersekade,52.376104,4.902494,Bantammerbrug richting Prins Hendrikkade,Prins Hendrikkade richting Bantammerbrug,-1,2022-11-30,9952,17.2
Geldersekade,52.376104,4.902494,Bantammerbrug richting Prins Hendrikkade,Prins Hendrikkade richting Bantammerbrug,1,2022-11-30,8338,13.52
Geldersekade,52.376104,4.902494,Bantammerbrug richting Prins Hendrikkade,Prins Hendrikkade richting Bantammerbrug,-1,2022-12-01,10951,17.11
Geldersekade,52.376104,4.902494,Bantammerbrug richting Prins Hendrikkade,Prins Hendrikkade richting Bantammerbrug,1,2022-12-01,9423,13.43
Geldersekade,52.376104,4.902494,Bantammerbrug richting Prins Hendrikkade,Prins Hendrikkade richting Bantammerbrug,-1,2022-12-02,9282,17.3
Geldersekade,52.376104,4.902494,Bantammerbrug richting Prins Hendrikkade,Prins Hendrikkade richting Bantammerbrug,1,2022-12-02,7923,13.11
Geldersekade,52.376104,4.902494,Bantammerbrug richting Prins Hendrikkade,Prins Hendrikkade richting Bantammerbrug,-1,2022-12-03,6245,17.04
Geldersekade,52.376104,4.902494,Bantammerbrug richting Prins Hendrikkade,Prins Hendrikkade richting Bantammerbrug,1,2022-12-03,5612,12.53
Geldersekade,52.376104,4.902494,Bantammerbrug richting Prins Hendrikkade,Prins Hendrikkade richting Bantammerbrug,-1,2022-12-04,4434,17.28
Geldersekade,52.376104,4.902494,Bantammerbrug richting Prins Hendrikkade,Prins Hendrikkade richting Bantammerbrug,1,2022-12-04,3943,12.53
Geldersekade,52.376104,4.902494,Bantammerbrug richting Prins Hendrikkade,Prins Hendrikkade richting Bantammerbrug,-1,2022-12-05,8498,17.23
Geldersekade,52.376104,4.902494,Bantammerbrug richting Prins Hendrikkade,Prins Hendrikkade richting Bantammerbrug,1,2022-12-05,7309,13.37
Geldersekade,52.376104,4.902494,Bantammerbrug richting Prins Hendrikkade,Prins Hendrikkade richting Bantammerbrug,-1,2022-12-06,9804,16.79
Geldersekade,52.376104,4.902494,Bantammerbrug richting Prins Hendrikkade,Prins Hendrikkade richting Bantammerbrug,1,2022-12-06,8395,13.8
Geldersekade,52.376104,4.902494,Bantammerbrug richting Prins Hendrikkade,Prins Hendrikkade richting Bantammerbrug,-1,2022-12-07,9256,16.91
Geldersekade,52.376104,4.902494,Bantammerbrug richting Prins Hendrikkade,Prins Hendrikkade richting Bantammerbrug,1,2022-12-07,8058,13.74
Geldersekade,52.376104,4.902494,Bantammerbrug richting Prins Hendrikkade,Prins Hendrikkade richting Bantammerbrug,-1,2022-12-08,9437,16.78
Geldersekade,52.376104,4.902494,Bantammerbrug richting Prins Hendrikkade,Prins Hendrikkade richting Bantammerbrug,1,2022-12-08,8071,14.06
Geldersekade,52.376104,4.902494,Bantammerbrug richting Prins Hendrikkade,Prins Hendrikkade richting Bantammerbrug,-1,2022-12-09,8892,16.51
Geldersekade,52.376104,4.902494,Bantammerbrug richting Prins Hendrikkade,Prins Hendrikkade richting Bantammerbrug,1,2022-12-09,7915,13.88
Geldersekade,52.376104,4.902494,Bantammerbrug richting Prins Hendrikkade,Prins Hendrikkade richting Bantammerbrug,-1,2022-12-10,6372,16.28
Geldersekade,52.376104,4.902494,Bantammerbrug richting Prins Hendrikkade,Prins Hendrikkade richting Bantammerbrug,1,2022-12-10,5733,13.75
Geldersekade,52.376104,4.902494,Bantammerbrug richting Prins Hendrikkade,Prins Hendrikkade richting Bantammerbrug,-1,2022-12-11,5376,16.69
Geldersekade,52.376104,4.902494,Bantammerbrug richting Prins Hendrikkade,Prins Hendrikkade richting Bantammerbrug,1,2022-12-11,4568,13.85
Geldersekade,52.376104,4.902494,Bantammerbrug richting Prins Hendrikkade,Prins Hendrikkade richting Bantammerbrug,-1,2022-12-12,8658,16.86
Geldersekade,52.376104,4.902494,Bantammerbrug richting Prins Hendrikkade,Prins Hendrikkade richting Bantammerbrug,1,2022-12-12,7303,13.81
Geldersekade,52.376104,4.902494,Bantammerbrug richting Prins Hendrikkade,Prins Hendrikkade richting Bantammerbrug,-1,2022-12-13,8788,16.86
Geldersekade,52.376104,4.902494,Bantammerbrug richting Prins Hendrikkade,Prins Hendrikkade richting Bantammerbrug,1,2022-12-13,7760,13.54
Geldersekade,52.376104,4.902494,Bantammerbrug richting Prins Hendrikkade,Prins Hendrikkade richting Bantammerbrug,-1,2022-12-14,8217,17.09
Geldersekade,52.376104,4.902494,Bantammerbrug richting Prins Hendrikkade,Prins Hendrikkade richting Bantammerbrug,1,2022-12-14,7227,13.7
Geldersekade,52.376104,4.902494,Bantammerbrug richting Prins Hendrikkade,Prins Hendrikkade richting Bantammerbrug,-1,2022-12-15,9065,16.32
Geldersekade,52.376104,4.902494,Bantammerbrug richting Prins Hendrikkade,Prins Hendrikkade richting Bantammerbrug,1,2022-12-15,8049,13.77
Geldersekade,52.376104,4.902494,Bantammerbrug richting Prins Hendrikkade,Prins Hendrikkade richting Bantammerbrug,-1,2022-12-16,8044,16.71
Geldersekade,52.376104,4.902494,Bantammerbrug richting Prins Hendrikkade,Prins Hendrikkade richting Bantammerbrug,1,2022-12-16,7310,13.23
Geldersekade,52.376104,4.902494,Bantammerbrug richting Prins Hendrikkade,Prins Hendrikkade richting Bantammerbrug,-1,2022-12-17,5973,16.06
Geldersekade,52.376104,4.902494,Bantammerbrug richting Prins Hendrikkade,Prins Hendrikkade richting Bantammerbrug,1,2022-12-17,5422,13.69
Geldersekade,52.376104,4.902494,Bantammerbrug richting Prins Hendrikkade,Prins Hendrikkade richting Bantammerbrug,-1,2022-12-18,3826,16.42
Geldersekade,52.376104,4.902494,Bantammerbrug richting Prins Hendrikkade,Prins Hendrikkade richting Bantammerbrug,1,2022-12-18,3513,13.95
Geldersekade,52.376104,4.902494,Bantammerbrug richting Prins Hendrikkade,Prins Hendrikkade richting Bantammerbrug,-1,2022-12-19,5906,16.77
Geldersekade,52.376104,4.902494,Bantammerbrug richting Prins Hendrikkade,Prins Hendrikkade richting Bantammerbrug,1,2022-12-19,5419,14.45
Geldersekade,52.376104,4.902494,Bantammerbrug richting Prins Hendrikkade,Prins Hendrikkade richting Bantammerbrug,-1,2022-12-20,7532,16.75
Geldersekade,52.376104,4.902494,Bantammerbrug richting Prins Hendrikkade,Prins Hendrikkade richting Bantammerbrug,1,2022-12-20,6713,14.38
Geldersekade,52.376104,4.902494,Bantammerbrug richting Prins Hendrikkade,Prins Hendrikkade richting Bantammerbrug,-1,2022-12-21,7646,16.76
Geldersekade,52.376104,4.902494,Bantammerbrug richting Prins Hendrikkade,Prins Hendrikkade richting Bantammerbrug,1,2022-12-21,6897,14.23
Geldersekade,52.376104,4.902494,Bantammerbrug richting Prins Hendrikkade,Prins Hendrikkade richting Bantammerbrug,-1,2022-12-22,8112,16.99
Geldersekade,52.376104,4.902494,Bantammerbrug richting Prins Hendrikkade,Prins Hendrikkade richting Bantammerbrug,1,2022-12-22,7238,14.2
Geldersekade,52.376104,4.902494,Bantammerbrug richting Prins Hendrikkade,Prins Hendrikkade richting Bantammerbrug,-1,2022-12-23,5737,17.38
Geldersekade,52.376104,4.902494,Bantammerbrug richting Prins Hendrikkade,Prins Hendrikkade richting Bantammerbrug,1,2022-12-23,5279,14.17
Geldersekade,52.376104,4.902494,Bantammerbrug richting Prins Hendrikkade,Prins Hendrikkade richting Bantammerbrug,-1,2022-12-24,4766,16.28
Geldersekade,52.376104,4.902494,Bantammerbrug richting Prins Hendrikkade,Prins Hendrikkade richting Bantammerbrug,1,2022-12-24,4430,14.09
Geldersekade,52.376104,4.902494,Bantammerbrug richting Prins Hendrikkade,Prins Hendrikkade richting Bantammerbrug,-1,2022-12-25,1767,16.88
Geldersekade,52.376104,4.902494,Bantammerbrug richting Prins Hendrikkade,Prins Hendrikkade richting Bantammerbrug,1,2022-12-25,1734,14.22
Geldersekade,52.376104,4.902494,Bantammerbrug richting Prins Hendrikkade,Prins Hendrikkade richting Bantammerbrug,-1,2022-12-26,2702,16.32
Geldersekade,52.376104,4.902494,Bantammerbrug richting Prins Hendrikkade,Prins Hendrikkade richting Bantammerbrug,1,2022-12-26,2515,13.76
Geldersekade,52.376104,4.902494,Bantammerbrug richting Prins Hendrikkade,Prins Hendrikkade richting Bantammerbrug,-1,2022-12-27,5235,16.51
Geldersekade,52.376104,4.902494,Bantammerbrug richting Prins Hendrikkade,Prins Hendrikkade richting Bantammerbrug,1,2022-12-27,4663,14.22
Geldersekade,52.376104,4.902494,Bantammerbrug richting Prins Hendrikkade,Prins Hendrikkade richting Bantammerbrug,-1,2022-12-28,4367,16.3
Geldersekade,52.376104,4.902494,Bantammerbrug richting Prins Hendrikkade,Prins Hendrikkade richting Bantammerbrug,1,2022-12-28,4000,14.68
Geldersekade,52.376104,4.902494,Bantammerbrug richting Prins Hendrikkade,Prins Hendrikkade richting Bantammerbrug,-1,2022-12-29,5421,15.91
Geldersekade,52.376104,4.902494,Bantammerbrug richting Prins Hendrikkade,Prins Hendrikkade richting Bantammerbrug,1,2022-12-29,5120,14.22
Geldersekade,52.376104,4.902494,Bantammerbrug richting Prins Hendrikkade,Prins Hendrikkade richting Bantammerbrug,-1,2022-12-30,4889,16.35
Geldersekade,52.376104,4.902494,Bantammerbrug richting Prins Hendrikkade,Prins Hendrikkade richting Bantammerbrug,1,2022-12-30,4669,14.51
Geldersekade,52.376104,4.902494,Bantammerbrug richting Prins Hendrikkade,Prins Hendrikkade richting Bantammerbrug,-1,2022-12-31,3942,15.9
Geldersekade,52.376104,4.902494,Bantammerbrug richting Prins Hendrikkade,Prins Hendrikkade richting Bantammerbrug,1,2022-12-31,3897,14.62
