location,latitude,longitude,plusdirection,mindirection,direction,datetime,count,speed_mean
IJburglaan,52.353496,4.99815,Diemerparklaan richting Ruisrietstraat,Ruisrietstraat richting Diemerparklaan ,-1,2022-01-01,427,14.91
IJburglaan,52.353496,4.99815,Diemerparklaan richting Ruisrietstraat,Ruisrietstraat richting Diemerparklaan ,1,2022-01-01,167,12.6
IJburglaan,52.353496,4.99815,Diemerparklaan richting Ruisrietstraat,Ruisrietstraat richting Diemerparklaan ,-1,2022-01-02,325,16.38
IJburglaan,52.353496,4.99815,Diemerparklaan richting Ruisrietstraat,Ruisrietstraat richting Diemerparklaan ,1,2022-01-02,96,15.06
IJburglaan,52.353496,4.99815,Diemerparklaan richting Ruisrietstraat,Ruisrietstraat richting Diemerparklaan ,-1,2022-01-03,480,16.3
IJburglaan,52.353496,4.99815,Diemerparklaan richting Ruisrietstraat,Ruisrietstraat richting Diemerparklaan ,1,2022-01-03,158,14.78
IJburglaan,52.353496,4.99815,Diemerparklaan richting Ruisrietstraat,Ruisrietstraat richting Diemerparklaan ,-1,2022-01-04,460,16.76
IJburglaan,52.353496,4.99815,Diemerparklaan richting Ruisrietstraat,Ruisrietstraat richting Diemerparklaan ,1,2022-01-04,142,14.99
IJburglaan,52.353496,4.99815,Diemerparklaan richting Ruisrietstraat,Ruisrietstraat richting Diemerparklaan ,-1,2022-01-05,379,16.79
IJburglaan,52.353496,4.99815,Diemerparklaan richting Ruisrietstraat,Ruisrietstraat richting Diemerparklaan ,1,2022-01-05,132,14.93
IJburglaan,52.353496,4.99815,Diemerparklaan richting Ruisrietstraat,Ruisrietstraat richting Diemerparklaan ,-1,2022-01-06,517,16.83
IJburglaan,52.353496,4.99815,Diemerparklaan richting Ruisrietstraat,Ruisrietstraat richting Diemerparklaan ,1,2022-01-06,166,16.31
IJburglaan,52.353496,4.99815,Diemerparklaan richting Ruisrietstraat,Ruisrietstraat richting Diemerparklaan ,-1,2022-01-07,387,16.82
IJburglaan,52.353496,4.99815,Diemerparklaan richting Ruisrietstraat,Ruisrietstraat richting Diemerparklaan ,1,2022-01-07,122,16.1
IJburglaan,52.353496,4.99815,Diemerparklaan richting Ruisrietstraat,Ruisrietstraat richting Diemerparklaan ,-1,2022-01-08,396,15.36
IJburglaan,52.353496,4.99815,Diemerparklaan richting Ruisrietstraat,Ruisrietstraat richting Diemerparklaan ,1,2022-01-08,182,13.83
IJburglaan,52.353496,4.99815,Diemerparklaan richting Ruisrietstraat,Ruisrietstraat richting Diemerparklaan ,-1,2022-01-09,392,16.31
IJburglaan,52.353496,4.99815,Diemerparklaan richting Ruisrietstraat,Ruisrietstraat richting Diemerparklaan ,1,2022-01-09,130,15.08
IJburglaan,52.353496,4.99815,Diemerparklaan richting Ruisrietstraat,Ruisrietstraat richting Diemerparklaan ,-1,2022-01-10,766,15.91
IJburglaan,52.353496,4.99815,Diemerparklaan richting Ruisrietstraat,Ruisrietstraat richting Diemerparklaan ,1,2022-01-10,236,15.34
IJburglaan,52.353496,4.99815,Diemerparklaan richting Ruisrietstraat,Ruisrietstraat richting Diemerparklaan ,-1,2022-01-11,822,15.65
IJburglaan,52.353496,4.99815,Diemerparklaan richting Ruisrietstraat,Ruisrietstraat richting Diemerparklaan ,1,2022-01-11,257,15.69
IJburglaan,52.353496,4.99815,Diemerparklaan richting Ruisrietstraat,Ruisrietstraat richting Diemerparklaan ,-1,2022-01-12,907,15.76
IJburglaan,52.353496,4.99815,Diemerparklaan richting Ruisrietstraat,Ruisrietstraat richting Diemerparklaan ,1,2022-01-12,268,15.17
IJburglaan,52.353496,4.99815,Diemerparklaan richting Ruisrietstraat,Ruisrietstraat richting Diemerparklaan ,-1,2022-01-13,766,16.43
IJburglaan,52.353496,4.99815,Diemerparklaan richting Ruisrietstraat,Ruisrietstraat richting Diemerparklaan ,1,2022-01-13,268,15.43
IJburglaan,52.353496,4.99815,Diemerparklaan richting Ruisrietstraat,Ruisrietstraat richting Diemerparklaan ,-1,2022-01-14,851,16.21
IJburglaan,52.353496,4.99815,Diemerparklaan richting Ruisrietstraat,Ruisrietstraat richting Diemerparklaan ,1,2022-01-14,268,15.7
IJburglaan,52.353496,4.99815,Diemerparklaan richting Ruisrietstraat,Ruisrietstraat richting Diemerparklaan ,-1,2022-01-15,710,15.7
IJburglaan,52.353496,4.99815,Diemerparklaan richting Ruisrietstraat,Ruisrietstraat richting Diemerparklaan ,1,2022-01-15,188,15.54
IJburglaan,52.353496,4.99815,Diemerparklaan richting Ruisrietstraat,Ruisrietstraat richting Diemerparklaan ,-1,2022-01-16,520,16.35
IJburglaan,52.353496,4.99815,Diemerparklaan richting Ruisrietstraat,Ruisrietstraat richting Diemerparklaan ,1,2022-01-16,188,14.94
IJburglaan,52.353496,4.99815,Diemerparklaan richting Ruisrietstraat,Ruisrietstraat richting Diemerparklaan ,-1,2022-01-17,886,16.46
IJburglaan,52.353496,4.99815,Diemerparklaan richting Ruisrietstraat,Ruisrietstraat richting Diemerparklaan ,1,2022-01-17,268,15.15
IJburglaan,52.353496,4.99815,Diemerparklaan richting Ruisrietstraat,Ruisrietstraat richting Diemerparklaan ,-1,2022-01-18,840,16.07
IJburglaan,52.353496,4.99815,Diemerparklaan richting Ruisrietstraat,Ruisrietstraat richting Diemerparklaan ,1,2022-01-18,255,15.51
IJburglaan,52.353496,4.99815,Diemerparklaan richting Ruisrietstraat,Ruisrietstraat richting Diemerparklaan ,-1,2022-01-19,849,16.62
IJburglaan,52.353496,4.99815,Diemerparklaan richting Ruisrietstraat,Ruisrietstraat richting Diemerparklaan ,1,2022-01-19,274,15.54
IJburglaan,52.353496,4.99815,Diemerparklaan richting Ruisrietstraat,Ruisrietstraat richting Diemerparklaan ,-1,2022-01-20,768,16.74
IJburglaan,52.353496,4.99815,Diemerparklaan richting Ruisrietstraat,Ruisrietstraat richting Diemerparklaan ,1,2022-01-20,219,14.86
IJburglaan,52.353496,4.99815,Diemerparklaan richting Ruisrietstraat,Ruisrietstraat richting Diemerparklaan ,-1,2022-01-21,833,16.48
IJburglaan,52.353496,4.99815,Diemerparklaan richting Ruisrietstraat,Ruisrietstraat richting Diemerparklaan ,1,2022-01-21,228,15.67
IJburglaan,52.353496,4.99815,Diemerparklaan richting Ruisrietstraat,Ruisrietstraat richting Diemerparklaan ,-1,2022-01-22,714,16.35
IJburglaan,52.353496,4.99815,Diemerparklaan richting Ruisrietstraat,Ruisrietstraat richting Diemerparklaan ,1,2022-01-22,177,14.6
IJburglaan,52.353496,4.99815,Diemerparklaan richting Ruisrietstraat,Ruisrietstraat richting Diemerparklaan ,-1,2022-01-23,514,15.68
IJburglaan,52.353496,4.99815,Diemerparklaan richting Ruisrietstraat,Ruisrietstraat richting Diemerparklaan ,1,2022-01-23,157,15.46
IJburglaan,52.353496,4.99815,Diemerparklaan richting Ruisrietstraat,Ruisrietstraat richting Diemerparklaan ,-1,2022-01-24,811,16.23
IJburglaan,52.353496,4.99815,Diemerparklaan richting Ruisrietstraat,Ruisrietstraat richting Diemerparklaan ,1,2022-01-24,261,16.47
IJburglaan,52.353496,4.99815,Diemerparklaan richting Ruisrietstraat,Ruisrietstraat richting Diemerparklaan ,-1,2022-01-25,820,16.17
IJburglaan,52.353496,4.99815,Diemerparklaan richting Ruisrietstraat,Ruisrietstraat richting Diemerparklaan ,1,2022-01-25,265,16.32
IJburglaan,52.353496,4.99815,Diemerparklaan richting Ruisrietstraat,Ruisrietstraat richting Diemerparklaan ,-1,2022-01-26,891,16.2
IJburglaan,52.353496,4.99815,Diemerparklaan richting Ruisrietstraat,Ruisrietstraat richting Diemerparklaan ,1,2022-01-26,297,15.65
IJburglaan,52.353496,4.99815,Diemerparklaan richting Ruisrietstraat,Ruisrietstraat richting Diemerparklaan ,-1,2022-01-27,775,16.61
IJburglaan,52.353496,4.99815,Diemerparklaan richting Ruisrietstraat,Ruisrietstraat richting Diemerparklaan ,1,2022-01-27,247,15.41
IJburglaan,52.353496,4.99815,Diemerparklaan richting Ruisrietstraat,Ruisrietstraat richting Diemerparklaan ,-1,2022-01-28,915,16.01
IJburglaan,52.353496,4.99815,Diemerparklaan richting Ruisrietstraat,Ruisrietstraat richting Diemerparklaan ,1,2022-01-28,265,15.79
IJburglaan,52.353496,4.99815,Diemerparklaan richting Ruisrietstraat,Ruisrietstraat richting Diemerparklaan ,-1,2022-01-29,701,16.36
IJburglaan,52.353496,4.99815,Diemerparklaan richting Ruisrietstraat,Ruisrietstraat richting Diemerparklaan ,1,2022-01-29,189,14.58
IJburglaan,52.353496,4.99815,Diemerparklaan richting Ruisrietstraat,Ruisrietstraat richting Diemerparklaan ,-1,2022-01-30,599,16.54
IJburglaan,52.353496,4.99815,Diemerparklaan richting Ruisrietstraat,Ruisrietstraat richting Diemerparklaan ,1,2022-01-30,149,14.84
IJburglaan,52.353496,4.99815,Diemerparklaan richting Ruisrietstraat,Ruisrietstraat richting Diemerparklaan ,-1,2022-01-31,342,17.24
IJburglaan,52.353496,4.99815,Diemerparklaan richting Ruisrietstraat,Ruisrietstraat richting Diemerparklaan ,1,2022-01-31,103,14.92
IJburglaan,52.353496,4.99815,Diemerparklaan richting Ruisrietstraat,Ruisrietstraat richting Diemerparklaan ,-1,2022-02-01,679,16.24
IJburglaan,52.353496,4.99815,Diemerparklaan richting Ruisrietstraat,Ruisrietstraat richting Diemerparklaan ,1,2022-02-01,243,15.19
IJburglaan,52.353496,4.99815,Diemerparklaan richting Ruisrietstraat,Ruisrietstraat richting Diemerparklaan ,-1,2022-02-02,979,16.24
IJburglaan,52.353496,4.99815,Diemerparklaan richting Ruisrietstraat,Ruisrietstraat richting Diemerparklaan ,1,2022-02-02,274,15.5
IJburglaan,52.353496,4.99815,Diemerparklaan richting Ruisrietstraat,Ruisrietstraat richting Diemerparklaan ,-1,2022-02-03,842,16.51
IJburglaan,52.353496,4.99815,Diemerparklaan richting Ruisrietstraat,Ruisrietstraat richting Diemerparklaan ,1,2022-02-03,291,16.03
IJburglaan,52.353496,4.99815,Diemerparklaan richting Ruisrietstraat,Ruisrietstraat richting Diemerparklaan ,-1,2022-02-04,755,16.44
IJburglaan,52.353496,4.99815,Diemerparklaan richting Ruisrietstraat,Ruisrietstraat richting Diemerparklaan ,1,2022-02-04,238,16.89
IJburglaan,52.353496,4.99815,Diemerparklaan richting Ruisrietstraat,Ruisrietstraat richting Diemerparklaan ,-1,2022-02-05,730,16.39
IJburglaan,52.353496,4.99815,Diemerparklaan richting Ruisrietstraat,Ruisrietstraat richting Diemerparklaan ,1,2022-02-05,168,14.98
IJburglaan,52.353496,4.99815,Diemerparklaan richting Ruisrietstraat,Ruisrietstraat richting Diemerparklaan ,-1,2022-02-06,286,16.47
IJburglaan,52.353496,4.99815,Diemerparklaan richting Ruisrietstraat,Ruisrietstraat richting Diemerparklaan ,1,2022-02-06,91,14.65
IJburglaan,52.353496,4.99815,Diemerparklaan richting Ruisrietstraat,Ruisrietstraat richting Diemerparklaan ,-1,2022-02-07,192,16.43
IJburglaan,52.353496,4.99815,Diemerparklaan richting Ruisrietstraat,Ruisrietstraat richting Diemerparklaan ,1,2022-02-07,113,16.0
IJburglaan,52.353496,4.99815,Diemerparklaan richting Ruisrietstraat,Ruisrietstraat richting Diemerparklaan ,-1,2022-02-08,126,19.62
IJburglaan,52.353496,4.99815,Diemerparklaan richting Ruisrietstraat,Ruisrietstraat richting Diemerparklaan ,1,2022-02-08,533,18.96
IJburglaan,52.353496,4.99815,Diemerparklaan richting Ruisrietstraat,Ruisrietstraat richting Diemerparklaan ,-1,2022-02-09,282,19.49
IJburglaan,52.353496,4.99815,Diemerparklaan richting Ruisrietstraat,Ruisrietstraat richting Diemerparklaan ,1,2022-02-09,999,18.62
IJburglaan,52.353496,4.99815,Diemerparklaan richting Ruisrietstraat,Ruisrietstraat richting Diemerparklaan ,-1,2022-02-10,265,19.91
IJburglaan,52.353496,4.99815,Diemerparklaan richting Ruisrietstraat,Ruisrietstraat richting Diemerparklaan ,1,2022-02-10,912,18.78
IJburglaan,52.353496,4.99815,Diemerparklaan richting Ruisrietstraat,Ruisrietstraat richting Diemerparklaan ,-1,2022-02-11,272,19.02
IJburglaan,52.353496,4.99815,Diemerparklaan richting Ruisrietstraat,Ruisrietstraat richting Diemerparklaan ,1,2022-02-11,1007,19.37
IJburglaan,52.353496,4.99815,Diemerparklaan richting Ruisrietstraat,Ruisrietstraat richting Diemerparklaan ,-1,2022-02-12,213,19.82
IJburglaan,52.353496,4.99815,Diemerparklaan richting Ruisrietstraat,Ruisrietstraat richting Diemerparklaan ,1,2022-02-12,798,18.31
IJburglaan,52.353496,4.99815,Diemerparklaan richting Ruisrietstraat,Ruisrietstraat richting Diemerparklaan ,-1,2022-02-13,130,21.04
IJburglaan,52.353496,4.99815,Diemerparklaan richting Ruisrietstraat,Ruisrietstraat richting Diemerparklaan ,1,2022-02-13,544,17.87
IJburglaan,52.353496,4.99815,Diemerparklaan richting Ruisrietstraat,Ruisrietstraat richting Diemerparklaan ,-1,2022-02-14,255,19.26
IJburglaan,52.353496,4.99815,Diemerparklaan richting Ruisrietstraat,Ruisrietstraat richting Diemerparklaan ,1,2022-02-14,843,18.84
IJburglaan,52.353496,4.99815,Diemerparklaan richting Ruisrietstraat,Ruisrietstraat richting Diemerparklaan ,-1,2022-02-15,213,19.41
IJburglaan,52.353496,4.99815,Diemerparklaan richting Ruisrietstraat,Ruisrietstraat richting Diemerparklaan ,1,2022-02-15,781,18.63
IJburglaan,52.353496,4.99815,Diemerparklaan richting Ruisrietstraat,Ruisrietstraat richting Diemerparklaan ,-1,2022-02-16,136,19.62
IJburglaan,52.353496,4.99815,Diemerparklaan richting Ruisrietstraat,Ruisrietstraat richting Diemerparklaan ,1,2022-02-16,565,19.5
IJburglaan,52.353496,4.99815,Diemerparklaan richting Ruisrietstraat,Ruisrietstraat richting Diemerparklaan ,-1,2022-02-17,190,19.65
IJburglaan,52.353496,4.99815,Diemerparklaan richting Ruisrietstraat,Ruisrietstraat richting Diemerparklaan ,1,2022-02-17,644,19.32
IJburglaan,52.353496,4.99815,Diemerparklaan richting Ruisrietstraat,Ruisrietstraat richting Diemerparklaan ,-1,2022-02-18,79,21.68
IJburglaan,52.353496,4.99815,Diemerparklaan richting Ruisrietstraat,Ruisrietstraat richting Diemerparklaan ,1,2022-02-18,305,19.26
IJburglaan,52.353496,4.99815,Diemerparklaan richting Ruisrietstraat,Ruisrietstraat richting Diemerparklaan ,-1,2022-02-19,105,19.71
IJburglaan,52.353496,4.99815,Diemerparklaan richting Ruisrietstraat,Ruisrietstraat richting Diemerparklaan ,1,2022-02-19,336,19.24
IJburglaan,52.353496,4.99815,Diemerparklaan richting Ruisrietstraat,Ruisrietstraat richting Diemerparklaan ,-1,2022-02-20,47,19.3
IJburglaan,52.353496,4.99815,Diemerparklaan richting Ruisrietstraat,Ruisrietstraat richting Diemerparklaan ,1,2022-02-20,142,20.36
IJburglaan,52.353496,4.99815,Diemerparklaan richting Ruisrietstraat,Ruisrietstraat richting Diemerparklaan ,-1,2022-02-21,71,21.01
IJburglaan,52.353496,4.99815,Diemerparklaan richting Ruisrietstraat,Ruisrietstraat richting Diemerparklaan ,1,2022-02-21,254,20.4
IJburglaan,52.353496,4.99815,Diemerparklaan richting Ruisrietstraat,Ruisrietstraat richting Diemerparklaan ,-1,2022-02-22,87,19.32
IJburglaan,52.353496,4.99815,Diemerparklaan richting Ruisrietstraat,Ruisrietstraat richting Diemerparklaan ,1,2022-02-22,401,19.72
IJburglaan,52.353496,4.99815,Diemerparklaan richting Ruisrietstraat,Ruisrietstraat richting Diemerparklaan ,-1,2022-02-23,122,19.6
IJburglaan,52.353496,4.99815,Diemerparklaan richting Ruisrietstraat,Ruisrietstraat richting Diemerparklaan ,1,2022-02-23,500,19.41
IJburglaan,52.353496,4.99815,Diemerparklaan richting Ruisrietstraat,Ruisrietstraat richting Diemerparklaan ,-1,2022-02-24,91,22.15
IJburglaan,52.353496,4.99815,Diemerparklaan richting Ruisrietstraat,Ruisrietstraat richting Diemerparklaan ,1,2022-02-24,384,19.93
IJburglaan,52.353496,4.99815,Diemerparklaan richting Ruisrietstraat,Ruisrietstraat richting Diemerparklaan ,-1,2022-02-25,137,19.39
IJburglaan,52.353496,4.99815,Diemerparklaan richting Ruisrietstraat,Ruisrietstraat richting Diemerparklaan ,1,2022-02-25,421,20.67
IJburglaan,52.353496,4.99815,Diemerparklaan richting Ruisrietstraat,Ruisrietstraat richting Diemerparklaan ,-1,2022-02-26,114,20.4
IJburglaan,52.353496,4.99815,Diemerparklaan richting Ruisrietstraat,Ruisrietstraat richting Diemerparklaan ,1,2022-02-26,587,18.5
IJburglaan,52.353496,4.99815,Diemerparklaan richting Ruisrietstraat,Ruisrietstraat richting Diemerparklaan ,-1,2022-02-27,142,20.63
IJburglaan,52.353496,4.99815,Diemerparklaan richting Ruisrietstraat,Ruisrietstraat richting Diemerparklaan ,1,2022-02-27,502,18.09
IJburglaan,52.353496,4.99815,Diemerparklaan richting Ruisrietstraat,Ruisrietstraat richting Diemerparklaan ,-1,2022-02-28,275,19.75
IJburglaan,52.353496,4.99815,Diemerparklaan richting Ruisrietstraat,Ruisrietstraat richting Diemerparklaan ,1,2022-02-28,967,18.02
IJburglaan,52.353496,4.99815,Diemerparklaan richting Ruisrietstraat,Ruisrietstraat richting Diemerparklaan ,-1,2022-03-01,264,19.42
IJburglaan,52.353496,4.99815,Diemerparklaan richting Ruisrietstraat,Ruisrietstraat richting Diemerparklaan ,1,2022-03-01,957,18.69
IJburglaan,52.353496,4.99815,Diemerparklaan richting Ruisrietstraat,Ruisrietstraat richting Diemerparklaan ,-1,2022-03-02,286,19.2
IJburglaan,52.353496,4.99815,Diemerparklaan richting Ruisrietstraat,Ruisrietstraat richting Diemerparklaan ,1,2022-03-02,1115,18.08
IJburglaan,52.353496,4.99815,Diemerparklaan richting Ruisrietstraat,Ruisrietstraat richting Diemerparklaan ,-1,2022-03-03,284,20.03
IJburglaan,52.353496,4.99815,Diemerparklaan richting Ruisrietstraat,Ruisrietstraat richting Diemerparklaan ,1,2022-03-03,959,18.24
IJburglaan,52.353496,4.99815,Diemerparklaan richting Ruisrietstraat,Ruisrietstraat richting Diemerparklaan ,-1,2022-03-04,267,20.77
IJburglaan,52.353496,4.99815,Diemerparklaan richting Ruisrietstraat,Ruisrietstraat richting Diemerparklaan ,1,2022-03-04,1057,18.19
IJburglaan,52.353496,4.99815,Diemerparklaan richting Ruisrietstraat,Ruisrietstraat richting Diemerparklaan ,-1,2022-03-05,187,18.85
IJburglaan,52.353496,4.99815,Diemerparklaan richting Ruisrietstraat,Ruisrietstraat richting Diemerparklaan ,1,2022-03-05,795,19.2
IJburglaan,52.353496,4.99815,Diemerparklaan richting Ruisrietstraat,Ruisrietstraat richting Diemerparklaan ,-1,2022-03-06,133,20.03
IJburglaan,52.353496,4.99815,Diemerparklaan richting Ruisrietstraat,Ruisrietstraat richting Diemerparklaan ,1,2022-03-06,545,19.18
IJburglaan,52.353496,4.99815,Diemerparklaan richting Ruisrietstraat,Ruisrietstraat richting Diemerparklaan ,-1,2022-03-07,283,19.96
IJburglaan,52.353496,4.99815,Diemerparklaan richting Ruisrietstraat,Ruisrietstraat richting Diemerparklaan ,1,2022-03-07,1026,19.09
IJburglaan,52.353496,4.99815,Diemerparklaan richting Ruisrietstraat,Ruisrietstraat richting Diemerparklaan ,-1,2022-03-08,259,19.72
IJburglaan,52.353496,4.99815,Diemerparklaan richting Ruisrietstraat,Ruisrietstraat richting Diemerparklaan ,1,2022-03-08,999,18.08
IJburglaan,52.353496,4.99815,Diemerparklaan richting Ruisrietstraat,Ruisrietstraat richting Diemerparklaan ,-1,2022-03-09,310,19.56
IJburglaan,52.353496,4.99815,Diemerparklaan richting Ruisrietstraat,Ruisrietstraat richting Diemerparklaan ,1,2022-03-09,1145,18.34
IJburglaan,52.353496,4.99815,Diemerparklaan richting Ruisrietstraat,Ruisrietstraat richting Diemerparklaan ,-1,2022-03-10,312,20.15
IJburglaan,52.353496,4.99815,Diemerparklaan richting Ruisrietstraat,Ruisrietstraat richting Diemerparklaan ,1,2022-03-10,1093,18.66
IJburglaan,52.353496,4.99815,Diemerparklaan richting Ruisrietstraat,Ruisrietstraat richting Diemerparklaan ,-1,2022-03-11,317,19.96
IJburglaan,52.353496,4.99815,Diemerparklaan richting Ruisrietstraat,Ruisrietstraat richting Diemerparklaan ,1,2022-03-11,1079,17.79
IJburglaan,52.353496,4.99815,Diemerparklaan richting Ruisrietstraat,Ruisrietstraat richting Diemerparklaan ,-1,2022-03-12,234,19.43
IJburglaan,52.353496,4.99815,Diemerparklaan richting Ruisrietstraat,Ruisrietstraat richting Diemerparklaan ,1,2022-03-12,930,17.85
IJburglaan,52.353496,4.99815,Diemerparklaan richting Ruisrietstraat,Ruisrietstraat richting Diemerparklaan ,-1,2022-03-13,175,21.15
IJburglaan,52.353496,4.99815,Diemerparklaan richting Ruisrietstraat,Ruisrietstraat richting Diemerparklaan ,1,2022-03-13,683,18.11
IJburglaan,52.353496,4.99815,Diemerparklaan richting Ruisrietstraat,Ruisrietstraat richting Diemerparklaan ,-1,2022-03-14,297,19.07
IJburglaan,52.353496,4.99815,Diemerparklaan richting Ruisrietstraat,Ruisrietstraat richting Diemerparklaan ,1,2022-03-14,1014,18.99
IJburglaan,52.353496,4.99815,Diemerparklaan richting Ruisrietstraat,Ruisrietstraat richting Diemerparklaan ,-1,2022-03-15,299,19.92
IJburglaan,52.353496,4.99815,Diemerparklaan richting Ruisrietstraat,Ruisrietstraat richting Diemerparklaan ,1,2022-03-15,1104,18.8
IJburglaan,52.353496,4.99815,Diemerparklaan richting Ruisrietstraat,Ruisrietstraat richting Diemerparklaan ,-1,2022-03-16,340,20.21
IJburglaan,52.353496,4.99815,Diemerparklaan richting Ruisrietstraat,Ruisrietstraat richting Diemerparklaan ,1,2022-03-16,1187,17.81
IJburglaan,52.353496,4.99815,Diemerparklaan richting Ruisrietstraat,Ruisrietstraat richting Diemerparklaan ,-1,2022-03-17,286,19.4
IJburglaan,52.353496,4.99815,Diemerparklaan richting Ruisrietstraat,Ruisrietstraat richting Diemerparklaan ,1,2022-03-17,1007,19.29
IJburglaan,52.353496,4.99815,Diemerparklaan richting Ruisrietstraat,Ruisrietstraat richting Diemerparklaan ,-1,2022-03-18,283,19.43
IJburglaan,52.353496,4.99815,Diemerparklaan richting Ruisrietstraat,Ruisrietstraat richting Diemerparklaan ,1,2022-03-18,1085,19.07
IJburglaan,52.353496,4.99815,Diemerparklaan richting Ruisrietstraat,Ruisrietstraat richting Diemerparklaan ,-1,2022-03-19,232,20.23
IJburglaan,52.353496,4.99815,Diemerparklaan richting Ruisrietstraat,Ruisrietstraat richting Diemerparklaan ,1,2022-03-19,910,17.92
IJburglaan,52.353496,4.99815,Diemerparklaan richting Ruisrietstraat,Ruisrietstraat richting Diemerparklaan ,-1,2022-03-20,188,20.14
IJburglaan,52.353496,4.99815,Diemerparklaan richting Ruisrietstraat,Ruisrietstraat richting Diemerparklaan ,1,2022-03-20,588,18.15
IJburglaan,52.353496,4.99815,Diemerparklaan richting Ruisrietstraat,Ruisrietstraat richting Diemerparklaan ,-1,2022-03-21,305,19.89
IJburglaan,52.353496,4.99815,Diemerparklaan richting Ruisrietstraat,Ruisrietstraat richting Diemerparklaan ,1,2022-03-21,1065,18.82
IJburglaan,52.353496,4.99815,Diemerparklaan richting Ruisrietstraat,Ruisrietstraat richting Diemerparklaan ,-1,2022-03-22,309,19.45
IJburglaan,52.353496,4.99815,Diemerparklaan richting Ruisrietstraat,Ruisrietstraat richting Diemerparklaan ,1,2022-03-22,1134,18.9
IJburglaan,52.353496,4.99815,Diemerparklaan richting Ruisrietstraat,Ruisrietstraat richting Diemerparklaan ,-1,2022-03-23,336,18.61
IJburglaan,52.353496,4.99815,Diemerparklaan richting Ruisrietstraat,Ruisrietstraat richting Diemerparklaan ,1,2022-03-23,1268,19.1
IJburglaan,52.353496,4.99815,Diemerparklaan richting Ruisrietstraat,Ruisrietstraat richting Diemerparklaan ,-1,2022-03-24,317,19.41
IJburglaan,52.353496,4.99815,Diemerparklaan richting Ruisrietstraat,Ruisrietstraat richting Diemerparklaan ,1,2022-03-24,1080,19.1
IJburglaan,52.353496,4.99815,Diemerparklaan richting Ruisrietstraat,Ruisrietstraat richting Diemerparklaan ,-1,2022-03-25,334,19.39
IJburglaan,52.353496,4.99815,Diemerparklaan richting Ruisrietstraat,Ruisrietstraat richting Diemerparklaan ,1,2022-03-25,1183,19.68
IJburglaan,52.353496,4.99815,Diemerparklaan richting Ruisrietstraat,Ruisrietstraat richting Diemerparklaan ,-1,2022-03-26,222,19.47
IJburglaan,52.353496,4.99815,Diemerparklaan richting Ruisrietstraat,Ruisrietstraat richting Diemerparklaan ,1,2022-03-26,986,19.13
IJburglaan,52.353496,4.99815,Diemerparklaan richting Ruisrietstraat,Ruisrietstraat richting Diemerparklaan ,-1,2022-03-27,165,18.83
IJburglaan,52.353496,4.99815,Diemerparklaan richting Ruisrietstraat,Ruisrietstraat richting Diemerparklaan ,1,2022-03-27,676,19.62
IJburglaan,52.353496,4.99815,Diemerparklaan richting Ruisrietstraat,Ruisrietstraat richting Diemerparklaan ,-1,2022-03-28,290,20.14
IJburglaan,52.353496,4.99815,Diemerparklaan richting Ruisrietstraat,Ruisrietstraat richting Diemerparklaan ,1,2022-03-28,963,18.86
IJburglaan,52.353496,4.99815,Diemerparklaan richting Ruisrietstraat,Ruisrietstraat richting Diemerparklaan ,-1,2022-03-29,305,19.49
IJburglaan,52.353496,4.99815,Diemerparklaan richting Ruisrietstraat,Ruisrietstraat richting Diemerparklaan ,1,2022-03-29,1066,19.15
IJburglaan,52.353496,4.99815,Diemerparklaan richting Ruisrietstraat,Ruisrietstraat richting Diemerparklaan ,-1,2022-03-30,309,18.4
IJburglaan,52.353496,4.99815,Diemerparklaan richting Ruisrietstraat,Ruisrietstraat richting Diemerparklaan ,1,2022-03-30,1152,19.0
IJburglaan,52.353496,4.99815,Diemerparklaan richting Ruisrietstraat,Ruisrietstraat richting Diemerparklaan ,-1,2022-03-31,177,18.72
IJburglaan,52.353496,4.99815,Diemerparklaan richting Ruisrietstraat,Ruisrietstraat richting Diemerparklaan ,1,2022-03-31,647,19.59
IJburglaan,52.353496,4.99815,Diemerparklaan richting Ruisrietstraat,Ruisrietstraat richting Diemerparklaan ,-1,2022-04-01,191,19.07
IJburglaan,52.353496,4.99815,Diemerparklaan richting Ruisrietstraat,Ruisrietstraat richting Diemerparklaan ,1,2022-04-01,708,19.97
IJburglaan,52.353496,4.99815,Diemerparklaan richting Ruisrietstraat,Ruisrietstraat richting Diemerparklaan ,-1,2022-04-02,192,18.67
IJburglaan,52.353496,4.99815,Diemerparklaan richting Ruisrietstraat,Ruisrietstraat richting Diemerparklaan ,1,2022-04-02,746,19.08
IJburglaan,52.353496,4.99815,Diemerparklaan richting Ruisrietstraat,Ruisrietstraat richting Diemerparklaan ,-1,2022-04-03,141,20.19
IJburglaan,52.353496,4.99815,Diemerparklaan richting Ruisrietstraat,Ruisrietstraat richting Diemerparklaan ,1,2022-04-03,494,19.38
IJburglaan,52.353496,4.99815,Diemerparklaan richting Ruisrietstraat,Ruisrietstraat richting Diemerparklaan ,-1,2022-04-04,176,19.89
IJburglaan,52.353496,4.99815,Diemerparklaan richting Ruisrietstraat,Ruisrietstraat richting Diemerparklaan ,1,2022-04-04,570,19.36
IJburglaan,52.353496,4.99815,Diemerparklaan richting Ruisrietstraat,Ruisrietstraat richting Diemerparklaan ,-1,2022-04-05,234,19.41
IJburglaan,52.353496,4.99815,Diemerparklaan richting Ruisrietstraat,Ruisrietstraat richting Diemerparklaan ,1,2022-04-05,813,19.0
IJburglaan,52.353496,4.99815,Diemerparklaan richting Ruisrietstraat,Ruisrietstraat richting Diemerparklaan ,-1,2022-04-06,230,19.74
IJburglaan,52.353496,4.99815,Diemerparklaan richting Ruisrietstraat,Ruisrietstraat richting Diemerparklaan ,1,2022-04-06,823,19.28
IJburglaan,52.353496,4.99815,Diemerparklaan richting Ruisrietstraat,Ruisrietstraat richting Diemerparklaan ,-1,2022-04-07,166,19.69
IJburglaan,52.353496,4.99815,Diemerparklaan richting Ruisrietstraat,Ruisrietstraat richting Diemerparklaan ,1,2022-04-07,544,19.55
IJburglaan,52.353496,4.99815,Diemerparklaan richting Ruisrietstraat,Ruisrietstraat richting Diemerparklaan ,-1,2022-04-08,281,18.9
IJburglaan,52.353496,4.99815,Diemerparklaan richting Ruisrietstraat,Ruisrietstraat richting Diemerparklaan ,1,2022-04-08,960,19.49
IJburglaan,52.353496,4.99815,Diemerparklaan richting Ruisrietstraat,Ruisrietstraat richting Diemerparklaan ,-1,2022-04-09,211,19.36
IJburglaan,52.353496,4.99815,Diemerparklaan richting Ruisrietstraat,Ruisrietstraat richting Diemerparklaan ,1,2022-04-09,766,18.9
IJburglaan,52.353496,4.99815,Diemerparklaan richting Ruisrietstraat,Ruisrietstraat richting Diemerparklaan ,-1,2022-04-10,175,19.97
IJburglaan,52.353496,4.99815,Diemerparklaan richting Ruisrietstraat,Ruisrietstraat richting Diemerparklaan ,1,2022-04-10,613,19.17
IJburglaan,52.353496,4.99815,Diemerparklaan richting Ruisrietstraat,Ruisrietstraat richting Diemerparklaan ,-1,2022-04-11,310,20.14
IJburglaan,52.353496,4.99815,Diemerparklaan richting Ruisrietstraat,Ruisrietstraat richting Diemerparklaan ,1,2022-04-11,1086,18.23
IJburglaan,52.353496,4.99815,Diemerparklaan richting Ruisrietstraat,Ruisrietstraat richting Diemerparklaan ,-1,2022-04-12,313,19.65
IJburglaan,52.353496,4.99815,Diemerparklaan richting Ruisrietstraat,Ruisrietstraat richting Diemerparklaan ,1,2022-04-12,1131,18.56
IJburglaan,52.353496,4.99815,Diemerparklaan richting Ruisrietstraat,Ruisrietstraat richting Diemerparklaan ,-1,2022-04-13,315,19.29
IJburglaan,52.353496,4.99815,Diemerparklaan richting Ruisrietstraat,Ruisrietstraat richting Diemerparklaan ,1,2022-04-13,1221,19.03
IJburglaan,52.353496,4.99815,Diemerparklaan richting Ruisrietstraat,Ruisrietstraat richting Diemerparklaan ,-1,2022-04-14,308,19.49
IJburglaan,52.353496,4.99815,Diemerparklaan richting Ruisrietstraat,Ruisrietstraat richting Diemerparklaan ,1,2022-04-14,1114,19.28
IJburglaan,52.353496,4.99815,Diemerparklaan richting Ruisrietstraat,Ruisrietstraat richting Diemerparklaan ,-1,2022-04-15,240,20.48
IJburglaan,52.353496,4.99815,Diemerparklaan richting Ruisrietstraat,Ruisrietstraat richting Diemerparklaan ,1,2022-04-15,908,19.35
IJburglaan,52.353496,4.99815,Diemerparklaan richting Ruisrietstraat,Ruisrietstraat richting Diemerparklaan ,-1,2022-04-16,211,19.91
IJburglaan,52.353496,4.99815,Diemerparklaan richting Ruisrietstraat,Ruisrietstraat richting Diemerparklaan ,1,2022-04-16,900,18.6
IJburglaan,52.353496,4.99815,Diemerparklaan richting Ruisrietstraat,Ruisrietstraat richting Diemerparklaan ,-1,2022-04-17,141,21.29
IJburglaan,52.353496,4.99815,Diemerparklaan richting Ruisrietstraat,Ruisrietstraat richting Diemerparklaan ,1,2022-04-17,613,18.67
IJburglaan,52.353496,4.99815,Diemerparklaan richting Ruisrietstraat,Ruisrietstraat richting Diemerparklaan ,-1,2022-04-18,151,19.67
IJburglaan,52.353496,4.99815,Diemerparklaan richting Ruisrietstraat,Ruisrietstraat richting Diemerparklaan ,1,2022-04-18,646,18.87
IJburglaan,52.353496,4.99815,Diemerparklaan richting Ruisrietstraat,Ruisrietstraat richting Diemerparklaan ,-1,2022-04-19,278,19.47
IJburglaan,52.353496,4.99815,Diemerparklaan richting Ruisrietstraat,Ruisrietstraat richting Diemerparklaan ,1,2022-04-19,1188,19.28
IJburglaan,52.353496,4.99815,Diemerparklaan richting Ruisrietstraat,Ruisrietstraat richting Diemerparklaan ,-1,2022-04-20,336,18.93
IJburglaan,52.353496,4.99815,Diemerparklaan richting Ruisrietstraat,Ruisrietstraat richting Diemerparklaan ,1,2022-04-20,1272,18.95
IJburglaan,52.353496,4.99815,Diemerparklaan richting Ruisrietstraat,Ruisrietstraat richting Diemerparklaan ,-1,2022-04-21,300,19.41
IJburglaan,52.353496,4.99815,Diemerparklaan richting Ruisrietstraat,Ruisrietstraat richting Diemerparklaan ,1,2022-04-21,1138,19.37
IJburglaan,52.353496,4.99815,Diemerparklaan richting Ruisrietstraat,Ruisrietstraat richting Diemerparklaan ,-1,2022-04-22,291,20.29
IJburglaan,52.353496,4.99815,Diemerparklaan richting Ruisrietstraat,Ruisrietstraat richting Diemerparklaan ,1,2022-04-22,1049,18.76
IJburglaan,52.353496,4.99815,Diemerparklaan richting Ruisrietstraat,Ruisrietstraat richting Diemerparklaan ,-1,2022-04-23,241,20.48
IJburglaan,52.353496,4.99815,Diemerparklaan richting Ruisrietstraat,Ruisrietstraat richting Diemerparklaan ,1,2022-04-23,842,17.92
IJburglaan,52.353496,4.99815,Diemerparklaan richting Ruisrietstraat,Ruisrietstraat richting Diemerparklaan ,-1,2022-04-24,177,19.54
IJburglaan,52.353496,4.99815,Diemerparklaan richting Ruisrietstraat,Ruisrietstraat richting Diemerparklaan ,1,2022-04-24,725,20.17
IJburglaan,52.353496,4.99815,Diemerparklaan richting Ruisrietstraat,Ruisrietstraat richting Diemerparklaan ,-1,2022-04-25,165,21.19
IJburglaan,52.353496,4.99815,Diemerparklaan richting Ruisrietstraat,Ruisrietstraat richting Diemerparklaan ,1,2022-04-25,611,19.52
IJburglaan,52.353496,4.99815,Diemerparklaan richting Ruisrietstraat,Ruisrietstraat richting Diemerparklaan ,-1,2022-04-26,215,19.07
IJburglaan,52.353496,4.99815,Diemerparklaan richting Ruisrietstraat,Ruisrietstraat richting Diemerparklaan ,1,2022-04-26,760,20.09
IJburglaan,52.353496,4.99815,Diemerparklaan richting Ruisrietstraat,Ruisrietstraat richting Diemerparklaan ,-1,2022-04-27,189,19.35
IJburglaan,52.353496,4.99815,Diemerparklaan richting Ruisrietstraat,Ruisrietstraat richting Diemerparklaan ,1,2022-04-27,754,19.31
IJburglaan,52.353496,4.99815,Diemerparklaan richting Ruisrietstraat,Ruisrietstraat richting Diemerparklaan ,-1,2022-04-28,168,20.62
IJburglaan,52.353496,4.99815,Diemerparklaan richting Ruisrietstraat,Ruisrietstraat richting Diemerparklaan ,1,2022-04-28,744,19.94
IJburglaan,52.353496,4.99815,Diemerparklaan richting Ruisrietstraat,Ruisrietstraat richting Diemerparklaan ,-1,2022-04-29,181,20.1
IJburglaan,52.353496,4.99815,Diemerparklaan richting Ruisrietstraat,Ruisrietstraat richting Diemerparklaan ,1,2022-04-29,632,19.71
IJburglaan,52.353496,4.99815,Diemerparklaan richting Ruisrietstraat,Ruisrietstraat richting Diemerparklaan ,-1,2022-04-30,120,18.38
IJburglaan,52.353496,4.99815,Diemerparklaan richting Ruisrietstraat,Ruisrietstraat richting Diemerparklaan ,1,2022-04-30,555,20.15
IJburglaan,52.353496,4.99815,Diemerparklaan richting Ruisrietstraat,Ruisrietstraat richting Diemerparklaan ,-1,2022-05-01,139,18.82
IJburglaan,52.353496,4.99815,Diemerparklaan richting Ruisrietstraat,Ruisrietstraat richting Diemerparklaan ,1,2022-05-01,578,20.14
IJburglaan,52.353496,4.99815,Diemerparklaan richting Ruisrietstraat,Ruisrietstraat richting Diemerparklaan ,-1,2022-05-02,151,19.52
IJburglaan,52.353496,4.99815,Diemerparklaan richting Ruisrietstraat,Ruisrietstraat richting Diemerparklaan ,1,2022-05-02,633,19.85
IJburglaan,52.353496,4.99815,Diemerparklaan richting Ruisrietstraat,Ruisrietstraat richting Diemerparklaan ,-1,2022-05-03,157,19.83
IJburglaan,52.353496,4.99815,Diemerparklaan richting Ruisrietstraat,Ruisrietstraat richting Diemerparklaan ,1,2022-05-03,643,20.39
IJburglaan,52.353496,4.99815,Diemerparklaan richting Ruisrietstraat,Ruisrietstraat richting Diemerparklaan ,-1,2022-05-04,200,20.6
IJburglaan,52.353496,4.99815,Diemerparklaan richting Ruisrietstraat,Ruisrietstraat richting Diemerparklaan ,1,2022-05-04,747,20.26
IJburglaan,52.353496,4.99815,Diemerparklaan richting Ruisrietstraat,Ruisrietstraat richting Diemerparklaan ,-1,2022-05-05,177,19.2
IJburglaan,52.353496,4.99815,Diemerparklaan richting Ruisrietstraat,Ruisrietstraat richting Diemerparklaan ,1,2022-05-05,674,19.8
IJburglaan,52.353496,4.99815,Diemerparklaan richting Ruisrietstraat,Ruisrietstraat richting Diemerparklaan ,-1,2022-05-06,202,19.75
IJburglaan,52.353496,4.99815,Diemerparklaan richting Ruisrietstraat,Ruisrietstraat richting Diemerparklaan ,1,2022-05-06,766,19.21
IJburglaan,52.353496,4.99815,Diemerparklaan richting Ruisrietstraat,Ruisrietstraat richting Diemerparklaan ,-1,2022-05-07,154,19.61
IJburglaan,52.353496,4.99815,Diemerparklaan richting Ruisrietstraat,Ruisrietstraat richting Diemerparklaan ,1,2022-05-07,778,19.78
IJburglaan,52.353496,4.99815,Diemerparklaan richting Ruisrietstraat,Ruisrietstraat richting Diemerparklaan ,-1,2022-05-08,164,19.99
IJburglaan,52.353496,4.99815,Diemerparklaan richting Ruisrietstraat,Ruisrietstraat richting Diemerparklaan ,1,2022-05-08,654,19.49
IJburglaan,52.353496,4.99815,Diemerparklaan richting Ruisrietstraat,Ruisrietstraat richting Diemerparklaan ,-1,2022-05-09,344,19.89
IJburglaan,52.353496,4.99815,Diemerparklaan richting Ruisrietstraat,Ruisrietstraat richting Diemerparklaan ,1,2022-05-09,1222,18.81
IJburglaan,52.353496,4.99815,Diemerparklaan richting Ruisrietstraat,Ruisrietstraat richting Diemerparklaan ,-1,2022-05-10,342,19.93
IJburglaan,52.353496,4.99815,Diemerparklaan richting Ruisrietstraat,Ruisrietstraat richting Diemerparklaan ,1,2022-05-10,1132,19.08
IJburglaan,52.353496,4.99815,Diemerparklaan richting Ruisrietstraat,Ruisrietstraat richting Diemerparklaan ,-1,2022-05-11,316,19.01
IJburglaan,52.353496,4.99815,Diemerparklaan richting Ruisrietstraat,Ruisrietstraat richting Diemerparklaan ,1,2022-05-11,1183,18.78
IJburglaan,52.353496,4.99815,Diemerparklaan richting Ruisrietstraat,Ruisrietstraat richting Diemerparklaan ,-1,2022-05-12,325,19.1
IJburglaan,52.353496,4.99815,Diemerparklaan richting Ruisrietstraat,Ruisrietstraat richting Diemerparklaan ,1,2022-05-12,1288,19.08
IJburglaan,52.353496,4.99815,Diemerparklaan richting Ruisrietstraat,Ruisrietstraat richting Diemerparklaan ,-1,2022-05-13,327,19.01
IJburglaan,52.353496,4.99815,Diemerparklaan richting Ruisrietstraat,Ruisrietstraat richting Diemerparklaan ,1,2022-05-13,1208,19.29
IJburglaan,52.353496,4.99815,Diemerparklaan richting Ruisrietstraat,Ruisrietstraat richting Diemerparklaan ,-1,2022-05-14,343,18.83
IJburglaan,52.353496,4.99815,Diemerparklaan richting Ruisrietstraat,Ruisrietstraat richting Diemerparklaan ,1,2022-05-14,1185,18.96
IJburglaan,52.353496,4.99815,Diemerparklaan richting Ruisrietstraat,Ruisrietstraat richting Diemerparklaan ,-1,2022-05-15,213,18.82
IJburglaan,52.353496,4.99815,Diemerparklaan richting Ruisrietstraat,Ruisrietstraat richting Diemerparklaan ,1,2022-05-15,967,18.99
IJburglaan,52.353496,4.99815,Diemerparklaan richting Ruisrietstraat,Ruisrietstraat richting Diemerparklaan ,-1,2022-05-16,333,19.23
IJburglaan,52.353496,4.99815,Diemerparklaan richting Ruisrietstraat,Ruisrietstraat richting Diemerparklaan ,1,2022-05-16,1159,18.95
IJburglaan,52.353496,4.99815,Diemerparklaan richting Ruisrietstraat,Ruisrietstraat richting Diemerparklaan ,-1,2022-05-17,339,19.88
IJburglaan,52.353496,4.99815,Diemerparklaan richting Ruisrietstraat,Ruisrietstraat richting Diemerparklaan ,1,2022-05-17,1207,19.52
IJburglaan,52.353496,4.99815,Diemerparklaan richting Ruisrietstraat,Ruisrietstraat richting Diemerparklaan ,-1,2022-05-18,381,19.27
IJburglaan,52.353496,4.99815,Diemerparklaan richting Ruisrietstraat,Ruisrietstraat richting Diemerparklaan ,1,2022-05-18,1343,18.9
IJburglaan,52.353496,4.99815,Diemerparklaan richting Ruisrietstraat,Ruisrietstraat richting Diemerparklaan ,-1,2022-05-19,280,19.45
IJburglaan,52.353496,4.99815,Diemerparklaan richting Ruisrietstraat,Ruisrietstraat richting Diemerparklaan ,1,2022-05-19,930,19.4
IJburglaan,52.353496,4.99815,Diemerparklaan richting Ruisrietstraat,Ruisrietstraat richting Diemerparklaan ,-1,2022-05-20,287,20.28
IJburglaan,52.353496,4.99815,Diemerparklaan richting Ruisrietstraat,Ruisrietstraat richting Diemerparklaan ,1,2022-05-20,949,19.45
IJburglaan,52.353496,4.99815,Diemerparklaan richting Ruisrietstraat,Ruisrietstraat richting Diemerparklaan ,-1,2022-05-21,273,18.75
IJburglaan,52.353496,4.99815,Diemerparklaan richting Ruisrietstraat,Ruisrietstraat richting Diemerparklaan ,1,2022-05-21,1187,18.79
IJburglaan,52.353496,4.99815,Diemerparklaan richting Ruisrietstraat,Ruisrietstraat richting Diemerparklaan ,-1,2022-05-22,219,19.25
IJburglaan,52.353496,4.99815,Diemerparklaan richting Ruisrietstraat,Ruisrietstraat richting Diemerparklaan ,1,2022-05-22,954,18.9
IJburglaan,52.353496,4.99815,Diemerparklaan richting Ruisrietstraat,Ruisrietstraat richting Diemerparklaan ,-1,2022-05-23,285,19.88
IJburglaan,52.353496,4.99815,Diemerparklaan richting Ruisrietstraat,Ruisrietstraat richting Diemerparklaan ,1,2022-05-23,915,19.44
IJburglaan,52.353496,4.99815,Diemerparklaan richting Ruisrietstraat,Ruisrietstraat richting Diemerparklaan ,-1,2022-05-24,272,19.71
IJburglaan,52.353496,4.99815,Diemerparklaan richting Ruisrietstraat,Ruisrietstraat richting Diemerparklaan ,1,2022-05-24,978,19.14
IJburglaan,52.353496,4.99815,Diemerparklaan richting Ruisrietstraat,Ruisrietstraat richting Diemerparklaan ,-1,2022-05-25,334,19.36
IJburglaan,52.353496,4.99815,Diemerparklaan richting Ruisrietstraat,Ruisrietstraat richting Diemerparklaan ,1,2022-05-25,1103,19.27
IJburglaan,52.353496,4.99815,Diemerparklaan richting Ruisrietstraat,Ruisrietstraat richting Diemerparklaan ,-1,2022-05-26,196,19.26
IJburglaan,52.353496,4.99815,Diemerparklaan richting Ruisrietstraat,Ruisrietstraat richting Diemerparklaan ,1,2022-05-26,738,19.54
IJburglaan,52.353496,4.99815,Diemerparklaan richting Ruisrietstraat,Ruisrietstraat richting Diemerparklaan ,-1,2022-05-27,249,19.66
IJburglaan,52.353496,4.99815,Diemerparklaan richting Ruisrietstraat,Ruisrietstraat richting Diemerparklaan ,1,2022-05-27,820,19.6
IJburglaan,52.353496,4.99815,Diemerparklaan richting Ruisrietstraat,Ruisrietstraat richting Diemerparklaan ,-1,2022-05-28,211,19.27
IJburglaan,52.353496,4.99815,Diemerparklaan richting Ruisrietstraat,Ruisrietstraat richting Diemerparklaan ,1,2022-05-28,872,19.68
IJburglaan,52.353496,4.99815,Diemerparklaan richting Ruisrietstraat,Ruisrietstraat richting Diemerparklaan ,-1,2022-05-29,165,19.45
IJburglaan,52.353496,4.99815,Diemerparklaan richting Ruisrietstraat,Ruisrietstraat richting Diemerparklaan ,1,2022-05-29,573,19.68
IJburglaan,52.353496,4.99815,Diemerparklaan richting Ruisrietstraat,Ruisrietstraat richting Diemerparklaan ,-1,2022-05-30,313,19.45
IJburglaan,52.353496,4.99815,Diemerparklaan richting Ruisrietstraat,Ruisrietstraat richting Diemerparklaan ,1,2022-05-30,1145,19.46
IJburglaan,52.353496,4.99815,Diemerparklaan richting Ruisrietstraat,Ruisrietstraat richting Diemerparklaan ,-1,2022-05-31,283,19.78
IJburglaan,52.353496,4.99815,Diemerparklaan richting Ruisrietstraat,Ruisrietstraat richting Diemerparklaan ,1,2022-05-31,1172,18.87
IJburglaan,52.353496,4.99815,Diemerparklaan richting Ruisrietstraat,Ruisrietstraat richting Diemerparklaan ,-1,2022-06-01,314,18.64
IJburglaan,52.353496,4.99815,Diemerparklaan richting Ruisrietstraat,Ruisrietstraat richting Diemerparklaan ,1,2022-06-01,1153,19.15
IJburglaan,52.353496,4.99815,Diemerparklaan richting Ruisrietstraat,Ruisrietstraat richting Diemerparklaan ,-1,2022-06-02,342,19.14
IJburglaan,52.353496,4.99815,Diemerparklaan richting Ruisrietstraat,Ruisrietstraat richting Diemerparklaan ,1,2022-06-02,1178,19.37
IJburglaan,52.353496,4.99815,Diemerparklaan richting Ruisrietstraat,Ruisrietstraat richting Diemerparklaan ,-1,2022-06-03,325,19.26
IJburglaan,52.353496,4.99815,Diemerparklaan richting Ruisrietstraat,Ruisrietstraat richting Diemerparklaan ,1,2022-06-03,1323,18.89
IJburglaan,52.353496,4.99815,Diemerparklaan richting Ruisrietstraat,Ruisrietstraat richting Diemerparklaan ,-1,2022-06-04,200,18.31
IJburglaan,52.353496,4.99815,Diemerparklaan richting Ruisrietstraat,Ruisrietstraat richting Diemerparklaan ,1,2022-06-04,882,19.3
IJburglaan,52.353496,4.99815,Diemerparklaan richting Ruisrietstraat,Ruisrietstraat richting Diemerparklaan ,-1,2022-06-05,107,19.74
IJburglaan,52.353496,4.99815,Diemerparklaan richting Ruisrietstraat,Ruisrietstraat richting Diemerparklaan ,1,2022-06-05,393,20.03
IJburglaan,52.353496,4.99815,Diemerparklaan richting Ruisrietstraat,Ruisrietstraat richting Diemerparklaan ,-1,2022-06-06,107,19.98
IJburglaan,52.353496,4.99815,Diemerparklaan richting Ruisrietstraat,Ruisrietstraat richting Diemerparklaan ,1,2022-06-06,374,19.95
IJburglaan,52.353496,4.99815,Diemerparklaan richting Ruisrietstraat,Ruisrietstraat richting Diemerparklaan ,-1,2022-06-07,259,19.64
IJburglaan,52.353496,4.99815,Diemerparklaan richting Ruisrietstraat,Ruisrietstraat richting Diemerparklaan ,1,2022-06-07,993,19.38
IJburglaan,52.353496,4.99815,Diemerparklaan richting Ruisrietstraat,Ruisrietstraat richting Diemerparklaan ,-1,2022-06-08,256,19.22
IJburglaan,52.353496,4.99815,Diemerparklaan richting Ruisrietstraat,Ruisrietstraat richting Diemerparklaan ,1,2022-06-08,997,19.15
IJburglaan,52.353496,4.99815,Diemerparklaan richting Ruisrietstraat,Ruisrietstraat richting Diemerparklaan ,-1,2022-06-09,312,19.18
IJburglaan,52.353496,4.99815,Diemerparklaan richting Ruisrietstraat,Ruisrietstraat richting Diemerparklaan ,1,2022-06-09,1157,19.46
IJburglaan,52.353496,4.99815,Diemerparklaan richting Ruisrietstraat,Ruisrietstraat richting Diemerparklaan ,-1,2022-06-10,315,19.44
IJburglaan,52.353496,4.99815,Diemerparklaan richting Ruisrietstraat,Ruisrietstraat richting Diemerparklaan ,1,2022-06-10,1201,18.9
IJburglaan,52.353496,4.99815,Diemerparklaan richting Ruisrietstraat,Ruisrietstraat richting Diemerparklaan ,-1,2022-06-11,203,19.35
IJburglaan,52.353496,4.99815,Diemerparklaan richting Ruisrietstraat,Ruisrietstraat richting Diemerparklaan ,1,2022-06-11,1105,19.2
IJburglaan,52.353496,4.99815,Diemerparklaan richting Ruisrietstraat,Ruisrietstraat richting Diemerparklaan ,-1,2022-06-12,166,19.51
IJburglaan,52.353496,4.99815,Diemerparklaan richting Ruisrietstraat,Ruisrietstraat richting Diemerparklaan ,1,2022-06-12,828,19.71
IJburglaan,52.353496,4.99815,Diemerparklaan richting Ruisrietstraat,Ruisrietstraat richting Diemerparklaan ,-1,2022-06-13,309,19.25
IJburglaan,52.353496,4.99815,Diemerparklaan richting Ruisrietstraat,Ruisrietstraat richting Diemerparklaan ,1,2022-06-13,1135,19.51
IJburglaan,52.353496,4.99815,Diemerparklaan richting Ruisrietstraat,Ruisrietstraat richting Diemerparklaan ,-1,2022-06-14,331,19.35
IJburglaan,52.353496,4.99815,Diemerparklaan richting Ruisrietstraat,Ruisrietstraat richting Diemerparklaan ,1,2022-06-14,1197,19.52
IJburglaan,52.353496,4.99815,Diemerparklaan richting Ruisrietstraat,Ruisrietstraat richting Diemerparklaan ,-1,2022-06-15,371,18.67
IJburglaan,52.353496,4.99815,Diemerparklaan richting Ruisrietstraat,Ruisrietstraat richting Diemerparklaan ,1,2022-06-15,1377,19.23
IJburglaan,52.353496,4.99815,Diemerparklaan richting Ruisrietstraat,Ruisrietstraat richting Diemerparklaan ,-1,2022-06-16,366,20.19
IJburglaan,52.353496,4.99815,Diemerparklaan richting Ruisrietstraat,Ruisrietstraat richting Diemerparklaan ,1,2022-06-16,1218,19.22
IJburglaan,52.353496,4.99815,Diemerparklaan richting Ruisrietstraat,Ruisrietstraat richting Diemerparklaan ,-1,2022-06-17,375,19.62
IJburglaan,52.353496,4.99815,Diemerparklaan richting Ruisrietstraat,Ruisrietstraat richting Diemerparklaan ,1,2022-06-17,1456,18.97
IJburglaan,52.353496,4.99815,Diemerparklaan richting Ruisrietstraat,Ruisrietstraat richting Diemerparklaan ,-1,2022-06-18,280,19.01
IJburglaan,52.353496,4.99815,Diemerparklaan richting Ruisrietstraat,Ruisrietstraat richting Diemerparklaan ,1,2022-06-18,1293,18.94
IJburglaan,52.353496,4.99815,Diemerparklaan richting Ruisrietstraat,Ruisrietstraat richting Diemerparklaan ,-1,2022-06-19,186,19.89
IJburglaan,52.353496,4.99815,Diemerparklaan richting Ruisrietstraat,Ruisrietstraat richting Diemerparklaan ,1,2022-06-19,696,19.99
IJburglaan,52.353496,4.99815,Diemerparklaan richting Ruisrietstraat,Ruisrietstraat richting Diemerparklaan ,-1,2022-06-20,330,18.73
IJburglaan,52.353496,4.99815,Diemerparklaan richting Ruisrietstraat,Ruisrietstraat richting Diemerparklaan ,1,2022-06-20,1117,19.69
IJburglaan,52.353496,4.99815,Diemerparklaan richting Ruisrietstraat,Ruisrietstraat richting Diemerparklaan ,-1,2022-06-21,312,20.23
IJburglaan,52.353496,4.99815,Diemerparklaan richting Ruisrietstraat,Ruisrietstraat richting Diemerparklaan ,1,2022-06-21,1207,19.65
IJburglaan,52.353496,4.99815,Diemerparklaan richting Ruisrietstraat,Ruisrietstraat richting Diemerparklaan ,-1,2022-06-22,318,19.86
IJburglaan,52.353496,4.99815,Diemerparklaan richting Ruisrietstraat,Ruisrietstraat richting Diemerparklaan ,1,2022-06-22,1424,19.29
IJburglaan,52.353496,4.99815,Diemerparklaan richting Ruisrietstraat,Ruisrietstraat richting Diemerparklaan ,-1,2022-06-23,370,20.51
IJburglaan,52.353496,4.99815,Diemerparklaan richting Ruisrietstraat,Ruisrietstraat richting Diemerparklaan ,1,2022-06-23,1332,19.19
IJburglaan,52.353496,4.99815,Diemerparklaan richting Ruisrietstraat,Ruisrietstraat richting Diemerparklaan ,-1,2022-06-24,323,20.5
IJburglaan,52.353496,4.99815,Diemerparklaan richting Ruisrietstraat,Ruisrietstraat richting Diemerparklaan ,1,2022-06-24,1080,19.69
IJburglaan,52.353496,4.99815,Diemerparklaan richting Ruisrietstraat,Ruisrietstraat richting Diemerparklaan ,-1,2022-06-25,240,20.03
IJburglaan,52.353496,4.99815,Diemerparklaan richting Ruisrietstraat,Ruisrietstraat richting Diemerparklaan ,1,2022-06-25,935,19.5
IJburglaan,52.353496,4.99815,Diemerparklaan richting Ruisrietstraat,Ruisrietstraat richting Diemerparklaan ,-1,2022-06-26,159,19.96
IJburglaan,52.353496,4.99815,Diemerparklaan richting Ruisrietstraat,Ruisrietstraat richting Diemerparklaan ,1,2022-06-26,762,19.22
IJburglaan,52.353496,4.99815,Diemerparklaan richting Ruisrietstraat,Ruisrietstraat richting Diemerparklaan ,-1,2022-06-27,269,19.47
IJburglaan,52.353496,4.99815,Diemerparklaan richting Ruisrietstraat,Ruisrietstraat richting Diemerparklaan ,1,2022-06-27,1042,19.33
IJburglaan,52.353496,4.99815,Diemerparklaan richting Ruisrietstraat,Ruisrietstraat richting Diemerparklaan ,-1,2022-06-28,225,20.21
IJburglaan,52.353496,4.99815,Diemerparklaan richting Ruisrietstraat,Ruisrietstraat richting Diemerparklaan ,1,2022-06-28,1185,19.14
IJburglaan,52.353496,4.99815,Diemerparklaan richting Ruisrietstraat,Ruisrietstraat richting Diemerparklaan ,-1,2022-06-29,262,19.24
IJburglaan,52.353496,4.99815,Diemerparklaan richting Ruisrietstraat,Ruisrietstraat richting Diemerparklaan ,1,2022-06-29,1469,19.0
IJburglaan,52.353496,4.99815,Diemerparklaan richting Ruisrietstraat,Ruisrietstraat richting Diemerparklaan ,-1,2022-06-30,214,19.14
IJburglaan,52.353496,4.99815,Diemerparklaan richting Ruisrietstraat,Ruisrietstraat richting Diemerparklaan ,1,2022-06-30,1066,19.83
IJburglaan,52.353496,4.99815,Diemerparklaan richting Ruisrietstraat,Ruisrietstraat richting Diemerparklaan ,-1,2022-07-01,213,19.18
IJburglaan,52.353496,4.99815,Diemerparklaan richting Ruisrietstraat,Ruisrietstraat richting Diemerparklaan ,1,2022-07-01,1101,19.55
IJburglaan,52.353496,4.99815,Diemerparklaan richting Ruisrietstraat,Ruisrietstraat richting Diemerparklaan ,-1,2022-07-02,155,18.23
IJburglaan,52.353496,4.99815,Diemerparklaan richting Ruisrietstraat,Ruisrietstraat richting Diemerparklaan ,1,2022-07-02,1108,19.49
IJburglaan,52.353496,4.99815,Diemerparklaan richting Ruisrietstraat,Ruisrietstraat richting Diemerparklaan ,-1,2022-07-03,131,17.99
IJburglaan,52.353496,4.99815,Diemerparklaan richting Ruisrietstraat,Ruisrietstraat richting Diemerparklaan ,1,2022-07-03,662,19.29
IJburglaan,52.353496,4.99815,Diemerparklaan richting Ruisrietstraat,Ruisrietstraat richting Diemerparklaan ,-1,2022-07-04,201,19.11
IJburglaan,52.353496,4.99815,Diemerparklaan richting Ruisrietstraat,Ruisrietstraat richting Diemerparklaan ,1,2022-07-04,1167,19.44
IJburglaan,52.353496,4.99815,Diemerparklaan richting Ruisrietstraat,Ruisrietstraat richting Diemerparklaan ,-1,2022-07-05,211,19.25
IJburglaan,52.353496,4.99815,Diemerparklaan richting Ruisrietstraat,Ruisrietstraat richting Diemerparklaan ,1,2022-07-05,1101,19.78
IJburglaan,52.353496,4.99815,Diemerparklaan richting Ruisrietstraat,Ruisrietstraat richting Diemerparklaan ,-1,2022-07-06,213,18.37
IJburglaan,52.353496,4.99815,Diemerparklaan richting Ruisrietstraat,Ruisrietstraat richting Diemerparklaan ,1,2022-07-06,1208,19.43
IJburglaan,52.353496,4.99815,Diemerparklaan richting Ruisrietstraat,Ruisrietstraat richting Diemerparklaan ,-1,2022-07-07,191,18.87
IJburglaan,52.353496,4.99815,Diemerparklaan richting Ruisrietstraat,Ruisrietstraat richting Diemerparklaan ,1,2022-07-07,1005,20.0
IJburglaan,52.353496,4.99815,Diemerparklaan richting Ruisrietstraat,Ruisrietstraat richting Diemerparklaan ,-1,2022-07-08,199,18.54
IJburglaan,52.353496,4.99815,Diemerparklaan richting Ruisrietstraat,Ruisrietstraat richting Diemerparklaan ,1,2022-07-08,1145,19.42
IJburglaan,52.353496,4.99815,Diemerparklaan richting Ruisrietstraat,Ruisrietstraat richting Diemerparklaan ,-1,2022-07-09,128,17.65
IJburglaan,52.353496,4.99815,Diemerparklaan richting Ruisrietstraat,Ruisrietstraat richting Diemerparklaan ,1,2022-07-09,950,19.36
IJburglaan,52.353496,4.99815,Diemerparklaan richting Ruisrietstraat,Ruisrietstraat richting Diemerparklaan ,-1,2022-07-10,123,18.64
IJburglaan,52.353496,4.99815,Diemerparklaan richting Ruisrietstraat,Ruisrietstraat richting Diemerparklaan ,1,2022-07-10,732,19.55
IJburglaan,52.353496,4.99815,Diemerparklaan richting Ruisrietstraat,Ruisrietstraat richting Diemerparklaan ,-1,2022-07-11,176,19.33
IJburglaan,52.353496,4.99815,Diemerparklaan richting Ruisrietstraat,Ruisrietstraat richting Diemerparklaan ,1,2022-07-11,1002,19.72
IJburglaan,52.353496,4.99815,Diemerparklaan richting Ruisrietstraat,Ruisrietstraat richting Diemerparklaan ,-1,2022-07-12,209,19.08
IJburglaan,52.353496,4.99815,Diemerparklaan richting Ruisrietstraat,Ruisrietstraat richting Diemerparklaan ,1,2022-07-12,1217,19.36
IJburglaan,52.353496,4.99815,Diemerparklaan richting Ruisrietstraat,Ruisrietstraat richting Diemerparklaan ,-1,2022-07-13,229,18.7
IJburglaan,52.353496,4.99815,Diemerparklaan richting Ruisrietstraat,Ruisrietstraat richting Diemerparklaan ,1,2022-07-13,1307,19.39
IJburglaan,52.353496,4.99815,Diemerparklaan richting Ruisrietstraat,Ruisrietstraat richting Diemerparklaan ,-1,2022-07-14,213,18.92
IJburglaan,52.353496,4.99815,Diemerparklaan richting Ruisrietstraat,Ruisrietstraat richting Diemerparklaan ,1,2022-07-14,1118,19.58
IJburglaan,52.353496,4.99815,Diemerparklaan richting Ruisrietstraat,Ruisrietstraat richting Diemerparklaan ,-1,2022-07-15,239,18.96
IJburglaan,52.353496,4.99815,Diemerparklaan richting Ruisrietstraat,Ruisrietstraat richting Diemerparklaan ,1,2022-07-15,1038,19.83
IJburglaan,52.353496,4.99815,Diemerparklaan richting Ruisrietstraat,Ruisrietstraat richting Diemerparklaan ,-1,2022-07-16,198,18.36
IJburglaan,52.353496,4.99815,Diemerparklaan richting Ruisrietstraat,Ruisrietstraat richting Diemerparklaan ,1,2022-07-16,887,19.11
IJburglaan,52.353496,4.99815,Diemerparklaan richting Ruisrietstraat,Ruisrietstraat richting Diemerparklaan ,-1,2022-07-17,166,18.46
IJburglaan,52.353496,4.99815,Diemerparklaan richting Ruisrietstraat,Ruisrietstraat richting Diemerparklaan ,1,2022-07-17,711,18.76
IJburglaan,52.353496,4.99815,Diemerparklaan richting Ruisrietstraat,Ruisrietstraat richting Diemerparklaan ,-1,2022-07-18,200,19.64
IJburglaan,52.353496,4.99815,Diemerparklaan richting Ruisrietstraat,Ruisrietstraat richting Diemerparklaan ,1,2022-07-18,902,19.2
IJburglaan,52.353496,4.99815,Diemerparklaan richting Ruisrietstraat,Ruisrietstraat richting Diemerparklaan ,-1,2022-07-19,228,19.27
IJburglaan,52.353496,4.99815,Diemerparklaan richting Ruisrietstraat,Ruisrietstraat richting Diemerparklaan ,1,2022-07-19,960,18.87
IJburglaan,52.353496,4.99815,Diemerparklaan richting Ruisrietstraat,Ruisrietstraat richting Diemerparklaan ,-1,2022-07-20,212,19.37
IJburglaan,52.353496,4.99815,Diemerparklaan richting Ruisrietstraat,Ruisrietstraat richting Diemerparklaan ,1,2022-07-20,790,19.78
IJburglaan,52.353496,4.99815,Diemerparklaan richting Ruisrietstraat,Ruisrietstraat richting Diemerparklaan ,-1,2022-07-21,146,20.32
IJburglaan,52.353496,4.99815,Diemerparklaan richting Ruisrietstraat,Ruisrietstraat richting Diemerparklaan ,1,2022-07-21,476,20.3
IJburglaan,52.353496,4.99815,Diemerparklaan richting Ruisrietstraat,Ruisrietstraat richting Diemerparklaan ,-1,2022-07-22,140,18.74
IJburglaan,52.353496,4.99815,Diemerparklaan richting Ruisrietstraat,Ruisrietstraat richting Diemerparklaan ,1,2022-07-22,667,19.71
IJburglaan,52.353496,4.99815,Diemerparklaan richting Ruisrietstraat,Ruisrietstraat richting Diemerparklaan ,-1,2022-07-23,138,20.05
IJburglaan,52.353496,4.99815,Diemerparklaan richting Ruisrietstraat,Ruisrietstraat richting Diemerparklaan ,1,2022-07-23,736,19.45
IJburglaan,52.353496,4.99815,Diemerparklaan richting Ruisrietstraat,Ruisrietstraat richting Diemerparklaan ,-1,2022-07-24,144,19.83
IJburglaan,52.353496,4.99815,Diemerparklaan richting Ruisrietstraat,Ruisrietstraat richting Diemerparklaan ,1,2022-07-24,755,18.49
IJburglaan,52.353496,4.99815,Diemerparklaan richting Ruisrietstraat,Ruisrietstraat richting Diemerparklaan ,-1,2022-07-25,132,20.21
IJburglaan,52.353496,4.99815,Diemerparklaan richting Ruisrietstraat,Ruisrietstraat richting Diemerparklaan ,1,2022-07-25,557,19.58
IJburglaan,52.353496,4.99815,Diemerparklaan richting Ruisrietstraat,Ruisrietstraat richting Diemerparklaan ,-1,2022-07-26,116,19.66
IJburglaan,52.353496,4.99815,Diemerparklaan richting Ruisrietstraat,Ruisrietstraat richting Diemerparklaan ,1,2022-07-26,539,19.82
IJburglaan,52.353496,4.99815,Diemerparklaan richting Ruisrietstraat,Ruisrietstraat richting Diemerparklaan ,-1,2022-07-27,154,18.16
IJburglaan,52.353496,4.99815,Diemerparklaan richting Ruisrietstraat,Ruisrietstraat richting Diemerparklaan ,1,2022-07-27,664,19.71
IJburglaan,52.353496,4.99815,Diemerparklaan richting Ruisrietstraat,Ruisrietstraat richting Diemerparklaan ,-1,2022-07-28,150,21.25
IJburglaan,52.353496,4.99815,Diemerparklaan richting Ruisrietstraat,Ruisrietstraat richting Diemerparklaan ,1,2022-07-28,636,19.79
IJburglaan,52.353496,4.99815,Diemerparklaan richting Ruisrietstraat,Ruisrietstraat richting Diemerparklaan ,-1,2022-07-29,122,19.62
IJburglaan,52.353496,4.99815,Diemerparklaan richting Ruisrietstraat,Ruisrietstraat richting Diemerparklaan ,1,2022-07-29,682,19.54
IJburglaan,52.353496,4.99815,Diemerparklaan richting Ruisrietstraat,Ruisrietstraat richting Diemerparklaan ,-1,2022-07-30,102,19.72
IJburglaan,52.353496,4.99815,Diemerparklaan richting Ruisrietstraat,Ruisrietstraat richting Diemerparklaan ,1,2022-07-30,627,19.44
IJburglaan,52.353496,4.99815,Diemerparklaan richting Ruisrietstraat,Ruisrietstraat richting Diemerparklaan ,-1,2022-07-31,83,22.01
IJburglaan,52.353496,4.99815,Diemerparklaan richting Ruisrietstraat,Ruisrietstraat richting Diemerparklaan ,1,2022-07-31,278,20.26
IJburglaan,52.353496,4.99815,Diemerparklaan richting Ruisrietstraat,Ruisrietstraat richting Diemerparklaan ,-1,2022-08-01,128,20.67
IJburglaan,52.353496,4.99815,Diemerparklaan richting Ruisrietstraat,Ruisrietstraat richting Diemerparklaan ,1,2022-08-01,562,19.62
IJburglaan,52.353496,4.99815,Diemerparklaan richting Ruisrietstraat,Ruisrietstraat richting Diemerparklaan ,-1,2022-08-02,134,20.39
IJburglaan,52.353496,4.99815,Diemerparklaan richting Ruisrietstraat,Ruisrietstraat richting Diemerparklaan ,1,2022-08-02,640,19.55
IJburglaan,52.353496,4.99815,Diemerparklaan richting Ruisrietstraat,Ruisrietstraat richting Diemerparklaan ,-1,2022-08-03,142,19.99
IJburglaan,52.353496,4.99815,Diemerparklaan richting Ruisrietstraat,Ruisrietstraat richting Diemerparklaan ,1,2022-08-03,741,19.32
IJburglaan,52.353496,4.99815,Diemerparklaan richting Ruisrietstraat,Ruisrietstraat richting Diemerparklaan ,-1,2022-08-04,142,19.99
IJburglaan,52.353496,4.99815,Diemerparklaan richting Ruisrietstraat,Ruisrietstraat richting Diemerparklaan ,1,2022-08-04,686,19.66
IJburglaan,52.353496,4.99815,Diemerparklaan richting Ruisrietstraat,Ruisrietstraat richting Diemerparklaan ,-1,2022-08-05,119,20.53
IJburglaan,52.353496,4.99815,Diemerparklaan richting Ruisrietstraat,Ruisrietstraat richting Diemerparklaan ,1,2022-08-05,589,20.22
IJburglaan,52.353496,4.99815,Diemerparklaan richting Ruisrietstraat,Ruisrietstraat richting Diemerparklaan ,-1,2022-08-06,96,20.67
IJburglaan,52.353496,4.99815,Diemerparklaan richting Ruisrietstraat,Ruisrietstraat richting Diemerparklaan ,1,2022-08-06,603,19.02
IJburglaan,52.353496,4.99815,Diemerparklaan richting Ruisrietstraat,Ruisrietstraat richting Diemerparklaan ,-1,2022-08-07,113,20.66
IJburglaan,52.353496,4.99815,Diemerparklaan richting Ruisrietstraat,Ruisrietstraat richting Diemerparklaan ,1,2022-08-07,553,19.45
IJburglaan,52.353496,4.99815,Diemerparklaan richting Ruisrietstraat,Ruisrietstraat richting Diemerparklaan ,-1,2022-08-08,124,20.41
IJburglaan,52.353496,4.99815,Diemerparklaan richting Ruisrietstraat,Ruisrietstraat richting Diemerparklaan ,1,2022-08-08,579,19.83
IJburglaan,52.353496,4.99815,Diemerparklaan richting Ruisrietstraat,Ruisrietstraat richting Diemerparklaan ,-1,2022-08-09,162,20.18
IJburglaan,52.353496,4.99815,Diemerparklaan richting Ruisrietstraat,Ruisrietstraat richting Diemerparklaan ,1,2022-08-09,667,19.34
IJburglaan,52.353496,4.99815,Diemerparklaan richting Ruisrietstraat,Ruisrietstraat richting Diemerparklaan ,-1,2022-08-10,163,19.78
IJburglaan,52.353496,4.99815,Diemerparklaan richting Ruisrietstraat,Ruisrietstraat richting Diemerparklaan ,1,2022-08-10,757,19.27
IJburglaan,52.353496,4.99815,Diemerparklaan richting Ruisrietstraat,Ruisrietstraat richting Diemerparklaan ,-1,2022-08-11,162,19.9
IJburglaan,52.353496,4.99815,Diemerparklaan richting Ruisrietstraat,Ruisrietstraat richting Diemerparklaan ,1,2022-08-11,769,19.46
IJburglaan,52.353496,4.99815,Diemerparklaan richting Ruisrietstraat,Ruisrietstraat richting Diemerparklaan ,-1,2022-08-12,171,19.64
IJburglaan,52.353496,4.99815,Diemerparklaan richting Ruisrietstraat,Ruisrietstraat richting Diemerparklaan ,1,2022-08-12,771,18.99
IJburglaan,52.353496,4.99815,Diemerparklaan richting Ruisrietstraat,Ruisrietstraat richting Diemerparklaan ,-1,2022-08-13,172,19.33
IJburglaan,52.353496,4.99815,Diemerparklaan richting Ruisrietstraat,Ruisrietstraat richting Diemerparklaan ,1,2022-08-13,806,18.9
IJburglaan,52.353496,4.99815,Diemerparklaan richting Ruisrietstraat,Ruisrietstraat richting Diemerparklaan ,-1,2022-08-14,135,19.64
IJburglaan,52.353496,4.99815,Diemerparklaan richting Ruisrietstraat,Ruisrietstraat richting Diemerparklaan ,1,2022-08-14,745,18.7
IJburglaan,52.353496,4.99815,Diemerparklaan richting Ruisrietstraat,Ruisrietstraat richting Diemerparklaan ,-1,2022-08-15,171,19.65
IJburglaan,52.353496,4.99815,Diemerparklaan richting Ruisrietstraat,Ruisrietstraat richting Diemerparklaan ,1,2022-08-15,707,19.56
IJburglaan,52.353496,4.99815,Diemerparklaan richting Ruisrietstraat,Ruisrietstraat richting Diemerparklaan ,-1,2022-08-16,190,19.22
IJburglaan,52.353496,4.99815,Diemerparklaan richting Ruisrietstraat,Ruisrietstraat richting Diemerparklaan ,1,2022-08-16,771,19.31
IJburglaan,52.353496,4.99815,Diemerparklaan richting Ruisrietstraat,Ruisrietstraat richting Diemerparklaan ,-1,2022-08-17,160,20.3
IJburglaan,52.353496,4.99815,Diemerparklaan richting Ruisrietstraat,Ruisrietstraat richting Diemerparklaan ,1,2022-08-17,520,19.91
IJburglaan,52.353496,4.99815,Diemerparklaan richting Ruisrietstraat,Ruisrietstraat richting Diemerparklaan ,-1,2022-08-18,205,19.86
IJburglaan,52.353496,4.99815,Diemerparklaan richting Ruisrietstraat,Ruisrietstraat richting Diemerparklaan ,1,2022-08-18,738,19.47
IJburglaan,52.353496,4.99815,Diemerparklaan richting Ruisrietstraat,Ruisrietstraat richting Diemerparklaan ,-1,2022-08-19,195,20.33
IJburglaan,52.353496,4.99815,Diemerparklaan richting Ruisrietstraat,Ruisrietstraat richting Diemerparklaan ,1,2022-08-19,751,19.25
IJburglaan,52.353496,4.99815,Diemerparklaan richting Ruisrietstraat,Ruisrietstraat richting Diemerparklaan ,-1,2022-08-20,180,19.42
IJburglaan,52.353496,4.99815,Diemerparklaan richting Ruisrietstraat,Ruisrietstraat richting Diemerparklaan ,1,2022-08-20,859,18.62
IJburglaan,52.353496,4.99815,Diemerparklaan richting Ruisrietstraat,Ruisrietstraat richting Diemerparklaan ,-1,2022-08-21,160,19.12
IJburglaan,52.353496,4.99815,Diemerparklaan richting Ruisrietstraat,Ruisrietstraat richting Diemerparklaan ,1,2022-08-21,734,18.89
IJburglaan,52.353496,4.99815,Diemerparklaan richting Ruisrietstraat,Ruisrietstraat richting Diemerparklaan ,-1,2022-08-22,216,20.9
IJburglaan,52.353496,4.99815,Diemerparklaan richting Ruisrietstraat,Ruisrietstraat richting Diemerparklaan ,1,2022-08-22,846,19.31
IJburglaan,52.353496,4.99815,Diemerparklaan richting Ruisrietstraat,Ruisrietstraat richting Diemerparklaan ,-1,2022-08-23,292,19.86
IJburglaan,52.353496,4.99815,Diemerparklaan richting Ruisrietstraat,Ruisrietstraat richting Diemerparklaan ,1,2022-08-23,945,19.27
IJburglaan,52.353496,4.99815,Diemerparklaan richting Ruisrietstraat,Ruisrietstraat richting Diemerparklaan ,-1,2022-08-24,261,19.23
IJburglaan,52.353496,4.99815,Diemerparklaan richting Ruisrietstraat,Ruisrietstraat richting Diemerparklaan ,1,2022-08-24,1068,18.93
IJburglaan,52.353496,4.99815,Diemerparklaan richting Ruisrietstraat,Ruisrietstraat richting Diemerparklaan ,-1,2022-08-25,280,19.81
IJburglaan,52.353496,4.99815,Diemerparklaan richting Ruisrietstraat,Ruisrietstraat richting Diemerparklaan ,1,2022-08-25,1095,19.28
IJburglaan,52.353496,4.99815,Diemerparklaan richting Ruisrietstraat,Ruisrietstraat richting Diemerparklaan ,-1,2022-08-26,266,19.52
IJburglaan,52.353496,4.99815,Diemerparklaan richting Ruisrietstraat,Ruisrietstraat richting Diemerparklaan ,1,2022-08-26,928,19.98
IJburglaan,52.353496,4.99815,Diemerparklaan richting Ruisrietstraat,Ruisrietstraat richting Diemerparklaan ,-1,2022-08-27,205,20.14
IJburglaan,52.353496,4.99815,Diemerparklaan richting Ruisrietstraat,Ruisrietstraat richting Diemerparklaan ,1,2022-08-27,941,19.34
IJburglaan,52.353496,4.99815,Diemerparklaan richting Ruisrietstraat,Ruisrietstraat richting Diemerparklaan ,-1,2022-08-28,210,19.59
IJburglaan,52.353496,4.99815,Diemerparklaan richting Ruisrietstraat,Ruisrietstraat richting Diemerparklaan ,1,2022-08-28,803,19.33
IJburglaan,52.353496,4.99815,Diemerparklaan richting Ruisrietstraat,Ruisrietstraat richting Diemerparklaan ,-1,2022-08-29,367,19.39
IJburglaan,52.353496,4.99815,Diemerparklaan richting Ruisrietstraat,Ruisrietstraat richting Diemerparklaan ,1,2022-08-29,1294,19.19
IJburglaan,52.353496,4.99815,Diemerparklaan richting Ruisrietstraat,Ruisrietstraat richting Diemerparklaan ,-1,2022-08-30,370,19.81
IJburglaan,52.353496,4.99815,Diemerparklaan richting Ruisrietstraat,Ruisrietstraat richting Diemerparklaan ,1,2022-08-30,1283,19.59
IJburglaan,52.353496,4.99815,Diemerparklaan richting Ruisrietstraat,Ruisrietstraat richting Diemerparklaan ,-1,2022-08-31,340,19.25
IJburglaan,52.353496,4.99815,Diemerparklaan richting Ruisrietstraat,Ruisrietstraat richting Diemerparklaan ,1,2022-08-31,1450,18.26
IJburglaan,52.353496,4.99815,Diemerparklaan richting Ruisrietstraat,Ruisrietstraat richting Diemerparklaan ,-1,2022-09-01,389,19.77
IJburglaan,52.353496,4.99815,Diemerparklaan richting Ruisrietstraat,Ruisrietstraat richting Diemerparklaan ,1,2022-09-01,1362,18.61
IJburglaan,52.353496,4.99815,Diemerparklaan richting Ruisrietstraat,Ruisrietstraat richting Diemerparklaan ,-1,2022-09-02,404,20.01
IJburglaan,52.353496,4.99815,Diemerparklaan richting Ruisrietstraat,Ruisrietstraat richting Diemerparklaan ,1,2022-09-02,1366,18.85
IJburglaan,52.353496,4.99815,Diemerparklaan richting Ruisrietstraat,Ruisrietstraat richting Diemerparklaan ,-1,2022-09-03,289,20.57
IJburglaan,52.353496,4.99815,Diemerparklaan richting Ruisrietstraat,Ruisrietstraat richting Diemerparklaan ,1,2022-09-03,1250,18.57
IJburglaan,52.353496,4.99815,Diemerparklaan richting Ruisrietstraat,Ruisrietstraat richting Diemerparklaan ,-1,2022-09-04,260,19.55
IJburglaan,52.353496,4.99815,Diemerparklaan richting Ruisrietstraat,Ruisrietstraat richting Diemerparklaan ,1,2022-09-04,1008,18.55
IJburglaan,52.353496,4.99815,Diemerparklaan richting Ruisrietstraat,Ruisrietstraat richting Diemerparklaan ,-1,2022-09-05,443,19.61
IJburglaan,52.353496,4.99815,Diemerparklaan richting Ruisrietstraat,Ruisrietstraat richting Diemerparklaan ,1,2022-09-05,1427,18.78
IJburglaan,52.353496,4.99815,Diemerparklaan richting Ruisrietstraat,Ruisrietstraat richting Diemerparklaan ,-1,2022-09-06,417,19.97
IJburglaan,52.353496,4.99815,Diemerparklaan richting Ruisrietstraat,Ruisrietstraat richting Diemerparklaan ,1,2022-09-06,1371,19.24
IJburglaan,52.353496,4.99815,Diemerparklaan richting Ruisrietstraat,Ruisrietstraat richting Diemerparklaan ,-1,2022-09-07,419,19.44
IJburglaan,52.353496,4.99815,Diemerparklaan richting Ruisrietstraat,Ruisrietstraat richting Diemerparklaan ,1,2022-09-07,1427,18.91
IJburglaan,52.353496,4.99815,Diemerparklaan richting Ruisrietstraat,Ruisrietstraat richting Diemerparklaan ,-1,2022-09-08,296,20.03
IJburglaan,52.353496,4.99815,Diemerparklaan richting Ruisrietstraat,Ruisrietstraat richting Diemerparklaan ,1,2022-09-08,983,19.47
IJburglaan,52.353496,4.99815,Diemerparklaan richting Ruisrietstraat,Ruisrietstraat richting Diemerparklaan ,-1,2022-09-09,366,20.8
IJburglaan,52.353496,4.99815,Diemerparklaan richting Ruisrietstraat,Ruisrietstraat richting Diemerparklaan ,1,2022-09-09,1205,19.16
IJburglaan,52.353496,4.99815,Diemerparklaan richting Ruisrietstraat,Ruisrietstraat richting Diemerparklaan ,-1,2022-09-10,294,19.33
IJburglaan,52.353496,4.99815,Diemerparklaan richting Ruisrietstraat,Ruisrietstraat richting Diemerparklaan ,1,2022-09-10,1107,18.84
IJburglaan,52.353496,4.99815,Diemerparklaan richting Ruisrietstraat,Ruisrietstraat richting Diemerparklaan ,-1,2022-09-11,265,20.62
IJburglaan,52.353496,4.99815,Diemerparklaan richting Ruisrietstraat,Ruisrietstraat richting Diemerparklaan ,1,2022-09-11,914,19.21
IJburglaan,52.353496,4.99815,Diemerparklaan richting Ruisrietstraat,Ruisrietstraat richting Diemerparklaan ,-1,2022-09-12,420,20.02
IJburglaan,52.353496,4.99815,Diemerparklaan richting Ruisrietstraat,Ruisrietstraat richting Diemerparklaan ,1,2022-09-12,1310,18.95
IJburglaan,52.353496,4.99815,Diemerparklaan richting Ruisrietstraat,Ruisrietstraat richting Diemerparklaan ,-1,2022-09-13,398,19.62
IJburglaan,52.353496,4.99815,Diemerparklaan richting Ruisrietstraat,Ruisrietstraat richting Diemerparklaan ,1,2022-09-13,1353,19.5
IJburglaan,52.353496,4.99815,Diemerparklaan richting Ruisrietstraat,Ruisrietstraat richting Diemerparklaan ,-1,2022-09-14,420,19.88
IJburglaan,52.353496,4.99815,Diemerparklaan richting Ruisrietstraat,Ruisrietstraat richting Diemerparklaan ,1,2022-09-14,1383,19.03
IJburglaan,52.353496,4.99815,Diemerparklaan richting Ruisrietstraat,Ruisrietstraat richting Diemerparklaan ,-1,2022-09-15,403,19.86
IJburglaan,52.353496,4.99815,Diemerparklaan richting Ruisrietstraat,Ruisrietstraat richting Diemerparklaan ,1,2022-09-15,1202,19.55
IJburglaan,52.353496,4.99815,Diemerparklaan richting Ruisrietstraat,Ruisrietstraat richting Diemerparklaan ,-1,2022-09-16,319,20.47
IJburglaan,52.353496,4.99815,Diemerparklaan richting Ruisrietstraat,Ruisrietstraat richting Diemerparklaan ,1,2022-09-16,1016,19.84
IJburglaan,52.353496,4.99815,Diemerparklaan richting Ruisrietstraat,Ruisrietstraat richting Diemerparklaan ,-1,2022-09-17,248,19.65
IJburglaan,52.353496,4.99815,Diemerparklaan richting Ruisrietstraat,Ruisrietstraat richting Diemerparklaan ,1,2022-09-17,869,19.74
IJburglaan,52.353496,4.99815,Diemerparklaan richting Ruisrietstraat,Ruisrietstraat richting Diemerparklaan ,-1,2022-09-18,151,20.54
IJburglaan,52.353496,4.99815,Diemerparklaan richting Ruisrietstraat,Ruisrietstraat richting Diemerparklaan ,1,2022-09-18,438,20.59
IJburglaan,52.353496,4.99815,Diemerparklaan richting Ruisrietstraat,Ruisrietstraat richting Diemerparklaan ,-1,2022-09-19,339,19.58
IJburglaan,52.353496,4.99815,Diemerparklaan richting Ruisrietstraat,Ruisrietstraat richting Diemerparklaan ,1,2022-09-19,1115,19.68
IJburglaan,52.353496,4.99815,Diemerparklaan richting Ruisrietstraat,Ruisrietstraat richting Diemerparklaan ,-1,2022-09-20,373,19.61
IJburglaan,52.353496,4.99815,Diemerparklaan richting Ruisrietstraat,Ruisrietstraat richting Diemerparklaan ,1,2022-09-20,1236,19.35
IJburglaan,52.353496,4.99815,Diemerparklaan richting Ruisrietstraat,Ruisrietstraat richting Diemerparklaan ,-1,2022-09-21,394,20.07
IJburglaan,52.353496,4.99815,Diemerparklaan richting Ruisrietstraat,Ruisrietstraat richting Diemerparklaan ,1,2022-09-21,1281,19.09
IJburglaan,52.353496,4.99815,Diemerparklaan richting Ruisrietstraat,Ruisrietstraat richting Diemerparklaan ,-1,2022-09-22,391,19.6
IJburglaan,52.353496,4.99815,Diemerparklaan richting Ruisrietstraat,Ruisrietstraat richting Diemerparklaan ,1,2022-09-22,1278,19.42
IJburglaan,52.353496,4.99815,Diemerparklaan richting Ruisrietstraat,Ruisrietstraat richting Diemerparklaan ,-1,2022-09-23,388,20.37
IJburglaan,52.353496,4.99815,Diemerparklaan richting Ruisrietstraat,Ruisrietstraat richting Diemerparklaan ,1,2022-09-23,1236,19.2
IJburglaan,52.353496,4.99815,Diemerparklaan richting Ruisrietstraat,Ruisrietstraat richting Diemerparklaan ,-1,2022-09-24,234,20.35
IJburglaan,52.353496,4.99815,Diemerparklaan richting Ruisrietstraat,Ruisrietstraat richting Diemerparklaan ,1,2022-09-24,815,19.74
IJburglaan,52.353496,4.99815,Diemerparklaan richting Ruisrietstraat,Ruisrietstraat richting Diemerparklaan ,-1,2022-09-25,267,19.74
IJburglaan,52.353496,4.99815,Diemerparklaan richting Ruisrietstraat,Ruisrietstraat richting Diemerparklaan ,1,2022-09-25,912,19.09
IJburglaan,52.353496,4.99815,Diemerparklaan richting Ruisrietstraat,Ruisrietstraat richting Diemerparklaan ,-1,2022-09-26,305,19.54
IJburglaan,52.353496,4.99815,Diemerparklaan richting Ruisrietstraat,Ruisrietstraat richting Diemerparklaan ,1,2022-09-26,830,19.55
IJburglaan,52.353496,4.99815,Diemerparklaan richting Ruisrietstraat,Ruisrietstraat richting Diemerparklaan ,-1,2022-09-27,235,20.49
IJburglaan,52.353496,4.99815,Diemerparklaan richting Ruisrietstraat,Ruisrietstraat richting Diemerparklaan ,1,2022-09-27,744,19.33
IJburglaan,52.353496,4.99815,Diemerparklaan richting Ruisrietstraat,Ruisrietstraat richting Diemerparklaan ,-1,2022-09-28,341,19.94
IJburglaan,52.353496,4.99815,Diemerparklaan richting Ruisrietstraat,Ruisrietstraat richting Diemerparklaan ,1,2022-09-28,1051,19.22
IJburglaan,52.353496,4.99815,Diemerparklaan richting Ruisrietstraat,Ruisrietstraat richting Diemerparklaan ,-1,2022-09-29,364,20.06
IJburglaan,52.353496,4.99815,Diemerparklaan richting Ruisrietstraat,Ruisrietstraat richting Diemerparklaan ,1,2022-09-29,1103,19.52
IJburglaan,52.353496,4.99815,Diemerparklaan richting Ruisrietstraat,Ruisrietstraat richting Diemerparklaan ,-1,2022-09-30,404,20.71
IJburglaan,52.353496,4.99815,Diemerparklaan richting Ruisrietstraat,Ruisrietstraat richting Diemerparklaan ,1,2022-09-30,1137,19.2
IJburglaan,52.353496,4.99815,Diemerparklaan richting Ruisrietstraat,Ruisrietstraat richting Diemerparklaan ,-1,2022-10-01,275,20.76
IJburglaan,52.353496,4.99815,Diemerparklaan richting Ruisrietstraat,Ruisrietstraat richting Diemerparklaan ,1,2022-10-01,856,19.85
IJburglaan,52.353496,4.99815,Diemerparklaan richting Ruisrietstraat,Ruisrietstraat richting Diemerparklaan ,-1,2022-10-02,214,20.14
IJburglaan,52.353496,4.99815,Diemerparklaan richting Ruisrietstraat,Ruisrietstraat richting Diemerparklaan ,1,2022-10-02,710,19.35
IJburglaan,52.353496,4.99815,Diemerparklaan richting Ruisrietstraat,Ruisrietstraat richting Diemerparklaan ,-1,2022-10-03,366,19.79
IJburglaan,52.353496,4.99815,Diemerparklaan richting Ruisrietstraat,Ruisrietstraat richting Diemerparklaan ,1,2022-10-03,1188,19.26
IJburglaan,52.353496,4.99815,Diemerparklaan richting Ruisrietstraat,Ruisrietstraat richting Diemerparklaan ,-1,2022-10-04,370,20.15
IJburglaan,52.353496,4.99815,Diemerparklaan richting Ruisrietstraat,Ruisrietstraat richting Diemerparklaan ,1,2022-10-04,1145,19.14
IJburglaan,52.353496,4.99815,Diemerparklaan richting Ruisrietstraat,Ruisrietstraat richting Diemerparklaan ,-1,2022-10-05,359,19.63
IJburglaan,52.353496,4.99815,Diemerparklaan richting Ruisrietstraat,Ruisrietstraat richting Diemerparklaan ,1,2022-10-05,1151,18.85
IJburglaan,52.353496,4.99815,Diemerparklaan richting Ruisrietstraat,Ruisrietstraat richting Diemerparklaan ,-1,2022-10-06,329,20.49
IJburglaan,52.353496,4.99815,Diemerparklaan richting Ruisrietstraat,Ruisrietstraat richting Diemerparklaan ,1,2022-10-06,1095,19.37
IJburglaan,52.353496,4.99815,Diemerparklaan richting Ruisrietstraat,Ruisrietstraat richting Diemerparklaan ,-1,2022-10-07,340,20.34
IJburglaan,52.353496,4.99815,Diemerparklaan richting Ruisrietstraat,Ruisrietstraat richting Diemerparklaan ,1,2022-10-07,1146,19.05
IJburglaan,52.353496,4.99815,Diemerparklaan richting Ruisrietstraat,Ruisrietstraat richting Diemerparklaan ,-1,2022-10-08,258,19.88
IJburglaan,52.353496,4.99815,Diemerparklaan richting Ruisrietstraat,Ruisrietstraat richting Diemerparklaan ,1,2022-10-08,990,19.0
IJburglaan,52.353496,4.99815,Diemerparklaan richting Ruisrietstraat,Ruisrietstraat richting Diemerparklaan ,-1,2022-10-09,223,20.34
IJburglaan,52.353496,4.99815,Diemerparklaan richting Ruisrietstraat,Ruisrietstraat richting Diemerparklaan ,1,2022-10-09,806,19.31
IJburglaan,52.353496,4.99815,Diemerparklaan richting Ruisrietstraat,Ruisrietstraat richting Diemerparklaan ,-1,2022-10-10,353,20.14
IJburglaan,52.353496,4.99815,Diemerparklaan richting Ruisrietstraat,Ruisrietstraat richting Diemerparklaan ,1,2022-10-10,1086,19.05
IJburglaan,52.353496,4.99815,Diemerparklaan richting Ruisrietstraat,Ruisrietstraat richting Diemerparklaan ,-1,2022-10-11,355,19.7
IJburglaan,52.353496,4.99815,Diemerparklaan richting Ruisrietstraat,Ruisrietstraat richting Diemerparklaan ,1,2022-10-11,1173,19.16
IJburglaan,52.353496,4.99815,Diemerparklaan richting Ruisrietstraat,Ruisrietstraat richting Diemerparklaan ,-1,2022-10-12,374,20.09
IJburglaan,52.353496,4.99815,Diemerparklaan richting Ruisrietstraat,Ruisrietstraat richting Diemerparklaan ,1,2022-10-12,1229,18.79
IJburglaan,52.353496,4.99815,Diemerparklaan richting Ruisrietstraat,Ruisrietstraat richting Diemerparklaan ,-1,2022-10-13,280,20.68
IJburglaan,52.353496,4.99815,Diemerparklaan richting Ruisrietstraat,Ruisrietstraat richting Diemerparklaan ,1,2022-10-13,802,19.65
IJburglaan,52.353496,4.99815,Diemerparklaan richting Ruisrietstraat,Ruisrietstraat richting Diemerparklaan ,-1,2022-10-14,288,20.51
IJburglaan,52.353496,4.99815,Diemerparklaan richting Ruisrietstraat,Ruisrietstraat richting Diemerparklaan ,1,2022-10-14,802,19.52
IJburglaan,52.353496,4.99815,Diemerparklaan richting Ruisrietstraat,Ruisrietstraat richting Diemerparklaan ,-1,2022-10-15,193,20.6
IJburglaan,52.353496,4.99815,Diemerparklaan richting Ruisrietstraat,Ruisrietstraat richting Diemerparklaan ,1,2022-10-15,656,19.03
IJburglaan,52.353496,4.99815,Diemerparklaan richting Ruisrietstraat,Ruisrietstraat richting Diemerparklaan ,-1,2022-10-16,174,20.16
IJburglaan,52.353496,4.99815,Diemerparklaan richting Ruisrietstraat,Ruisrietstraat richting Diemerparklaan ,1,2022-10-16,549,19.44
IJburglaan,52.353496,4.99815,Diemerparklaan richting Ruisrietstraat,Ruisrietstraat richting Diemerparklaan ,-1,2022-10-17,160,20.41
IJburglaan,52.353496,4.99815,Diemerparklaan richting Ruisrietstraat,Ruisrietstraat richting Diemerparklaan ,1,2022-10-17,589,19.58
IJburglaan,52.353496,4.99815,Diemerparklaan richting Ruisrietstraat,Ruisrietstraat richting Diemerparklaan ,-1,2022-10-18,219,20.31
IJburglaan,52.353496,4.99815,Diemerparklaan richting Ruisrietstraat,Ruisrietstraat richting Diemerparklaan ,1,2022-10-18,680,19.9
IJburglaan,52.353496,4.99815,Diemerparklaan richting Ruisrietstraat,Ruisrietstraat richting Diemerparklaan ,-1,2022-10-19,172,20.62
IJburglaan,52.353496,4.99815,Diemerparklaan richting Ruisrietstraat,Ruisrietstraat richting Diemerparklaan ,1,2022-10-19,711,19.1
IJburglaan,52.353496,4.99815,Diemerparklaan richting Ruisrietstraat,Ruisrietstraat richting Diemerparklaan ,-1,2022-10-20,189,21.24
IJburglaan,52.353496,4.99815,Diemerparklaan richting Ruisrietstraat,Ruisrietstraat richting Diemerparklaan ,1,2022-10-20,614,19.79
IJburglaan,52.353496,4.99815,Diemerparklaan richting Ruisrietstraat,Ruisrietstraat richting Diemerparklaan ,-1,2022-10-21,207,20.57
IJburglaan,52.353496,4.99815,Diemerparklaan richting Ruisrietstraat,Ruisrietstraat richting Diemerparklaan ,1,2022-10-21,682,19.34
IJburglaan,52.353496,4.99815,Diemerparklaan richting Ruisrietstraat,Ruisrietstraat richting Diemerparklaan ,-1,2022-10-22,185,19.15
IJburglaan,52.353496,4.99815,Diemerparklaan richting Ruisrietstraat,Ruisrietstraat richting Diemerparklaan ,1,2022-10-22,659,19.47
IJburglaan,52.353496,4.99815,Diemerparklaan richting Ruisrietstraat,Ruisrietstraat richting Diemerparklaan ,-1,2022-10-23,153,20.61
IJburglaan,52.353496,4.99815,Diemerparklaan richting Ruisrietstraat,Ruisrietstraat richting Diemerparklaan ,1,2022-10-23,569,18.99
IJburglaan,52.353496,4.99815,Diemerparklaan richting Ruisrietstraat,Ruisrietstraat richting Diemerparklaan ,-1,2022-10-24,286,20.69
IJburglaan,52.353496,4.99815,Diemerparklaan richting Ruisrietstraat,Ruisrietstraat richting Diemerparklaan ,1,2022-10-24,871,19.12
IJburglaan,52.353496,4.99815,Diemerparklaan richting Ruisrietstraat,Ruisrietstraat richting Diemerparklaan ,-1,2022-10-25,333,20.05
IJburglaan,52.353496,4.99815,Diemerparklaan richting Ruisrietstraat,Ruisrietstraat richting Diemerparklaan ,1,2022-10-25,1027,19.17
IJburglaan,52.353496,4.99815,Diemerparklaan richting Ruisrietstraat,Ruisrietstraat richting Diemerparklaan ,-1,2022-10-26,373,19.76
IJburglaan,52.353496,4.99815,Diemerparklaan richting Ruisrietstraat,Ruisrietstraat richting Diemerparklaan ,1,2022-10-26,1190,18.58
IJburglaan,52.353496,4.99815,Diemerparklaan richting Ruisrietstraat,Ruisrietstraat richting Diemerparklaan ,-1,2022-10-27,371,20.34
IJburglaan,52.353496,4.99815,Diemerparklaan richting Ruisrietstraat,Ruisrietstraat richting Diemerparklaan ,1,2022-10-27,1088,18.66
IJburglaan,52.353496,4.99815,Diemerparklaan richting Ruisrietstraat,Ruisrietstraat richting Diemerparklaan ,-1,2022-10-28,421,20.54
IJburglaan,52.353496,4.99815,Diemerparklaan richting Ruisrietstraat,Ruisrietstraat richting Diemerparklaan ,1,2022-10-28,1182,18.81
IJburglaan,52.353496,4.99815,Diemerparklaan richting Ruisrietstraat,Ruisrietstraat richting Diemerparklaan ,-1,2022-10-29,305,19.94
IJburglaan,52.353496,4.99815,Diemerparklaan richting Ruisrietstraat,Ruisrietstraat richting Diemerparklaan ,1,2022-10-29,1070,18.57
IJburglaan,52.353496,4.99815,Diemerparklaan richting Ruisrietstraat,Ruisrietstraat richting Diemerparklaan ,-1,2022-10-30,227,19.71
IJburglaan,52.353496,4.99815,Diemerparklaan richting Ruisrietstraat,Ruisrietstraat richting Diemerparklaan ,1,2022-10-30,842,19.09
IJburglaan,52.353496,4.99815,Diemerparklaan richting Ruisrietstraat,Ruisrietstraat richting Diemerparklaan ,-1,2022-10-31,375,19.95
IJburglaan,52.353496,4.99815,Diemerparklaan richting Ruisrietstraat,Ruisrietstraat richting Diemerparklaan ,1,2022-10-31,1207,18.25
IJburglaan,52.353496,4.99815,Diemerparklaan richting Ruisrietstraat,Ruisrietstraat richting Diemerparklaan ,-1,2022-11-01,312,20.81
IJburglaan,52.353496,4.99815,Diemerparklaan richting Ruisrietstraat,Ruisrietstraat richting Diemerparklaan ,1,2022-11-01,991,18.95
IJburglaan,52.353496,4.99815,Diemerparklaan richting Ruisrietstraat,Ruisrietstraat richting Diemerparklaan ,-1,2022-11-02,394,19.27
IJburglaan,52.353496,4.99815,Diemerparklaan richting Ruisrietstraat,Ruisrietstraat richting Diemerparklaan ,1,2022-11-02,1163,18.14
IJburglaan,52.353496,4.99815,Diemerparklaan richting Ruisrietstraat,Ruisrietstraat richting Diemerparklaan ,-1,2022-11-03,354,20.39
IJburglaan,52.353496,4.99815,Diemerparklaan richting Ruisrietstraat,Ruisrietstraat richting Diemerparklaan ,1,2022-11-03,1008,18.66
IJburglaan,52.353496,4.99815,Diemerparklaan richting Ruisrietstraat,Ruisrietstraat richting Diemerparklaan ,-1,2022-11-04,401,20.47
IJburglaan,52.353496,4.99815,Diemerparklaan richting Ruisrietstraat,Ruisrietstraat richting Diemerparklaan ,1,2022-11-04,1093,19.07
IJburglaan,52.353496,4.99815,Diemerparklaan richting Ruisrietstraat,Ruisrietstraat richting Diemerparklaan ,-1,2022-11-05,252,20.62
IJburglaan,52.353496,4.99815,Diemerparklaan richting Ruisrietstraat,Ruisrietstraat richting Diemerparklaan ,1,2022-11-05,910,19.16
IJburglaan,52.353496,4.99815,Diemerparklaan richting Ruisrietstraat,Ruisrietstraat richting Diemerparklaan ,-1,2022-11-06,113,21.29
IJburglaan,52.353496,4.99815,Diemerparklaan richting Ruisrietstraat,Ruisrietstraat richting Diemerparklaan ,1,2022-11-06,415,19.23
IJburglaan,52.353496,4.99815,Diemerparklaan richting Ruisrietstraat,Ruisrietstraat richting Diemerparklaan ,-1,2022-11-07,298,20.04
IJburglaan,52.353496,4.99815,Diemerparklaan richting Ruisrietstraat,Ruisrietstraat richting Diemerparklaan ,1,2022-11-07,888,18.74
IJburglaan,52.353496,4.99815,Diemerparklaan richting Ruisrietstraat,Ruisrietstraat richting Diemerparklaan ,-1,2022-11-08,342,20.63
IJburglaan,52.353496,4.99815,Diemerparklaan richting Ruisrietstraat,Ruisrietstraat richting Diemerparklaan ,1,2022-11-08,1085,18.55
IJburglaan,52.353496,4.99815,Diemerparklaan richting Ruisrietstraat,Ruisrietstraat richting Diemerparklaan ,-1,2022-11-09,331,19.97
IJburglaan,52.353496,4.99815,Diemerparklaan richting Ruisrietstraat,Ruisrietstraat richting Diemerparklaan ,1,2022-11-09,1043,18.62
IJburglaan,52.353496,4.99815,Diemerparklaan richting Ruisrietstraat,Ruisrietstraat richting Diemerparklaan ,-1,2022-11-10,321,20.37
IJburglaan,52.353496,4.99815,Diemerparklaan richting Ruisrietstraat,Ruisrietstraat richting Diemerparklaan ,1,2022-11-10,1112,18.99
IJburglaan,52.353496,4.99815,Diemerparklaan richting Ruisrietstraat,Ruisrietstraat richting Diemerparklaan ,-1,2022-11-11,407,19.76
IJburglaan,52.353496,4.99815,Diemerparklaan richting Ruisrietstraat,Ruisrietstraat richting Diemerparklaan ,1,2022-11-11,1171,18.91
IJburglaan,52.353496,4.99815,Diemerparklaan richting Ruisrietstraat,Ruisrietstraat richting Diemerparklaan ,-1,2022-11-12,317,19.86
IJburglaan,52.353496,4.99815,Diemerparklaan richting Ruisrietstraat,Ruisrietstraat richting Diemerparklaan ,1,2022-11-12,935,18.83
IJburglaan,52.353496,4.99815,Diemerparklaan richting Ruisrietstraat,Ruisrietstraat richting Diemerparklaan ,-1,2022-11-13,163,19.47
IJburglaan,52.353496,4.99815,Diemerparklaan richting Ruisrietstraat,Ruisrietstraat richting Diemerparklaan ,1,2022-11-13,707,18.64
IJburglaan,52.353496,4.99815,Diemerparklaan richting Ruisrietstraat,Ruisrietstraat richting Diemerparklaan ,-1,2022-11-14,393,19.56
IJburglaan,52.353496,4.99815,Diemerparklaan richting Ruisrietstraat,Ruisrietstraat richting Diemerparklaan ,1,2022-11-14,1173,18.29
IJburglaan,52.353496,4.99815,Diemerparklaan richting Ruisrietstraat,Ruisrietstraat richting Diemerparklaan ,-1,2022-11-15,345,20.3
IJburglaan,52.353496,4.99815,Diemerparklaan richting Ruisrietstraat,Ruisrietstraat richting Diemerparklaan ,1,2022-11-15,1010,18.46
IJburglaan,52.353496,4.99815,Diemerparklaan richting Ruisrietstraat,Ruisrietstraat richting Diemerparklaan ,-1,2022-11-16,376,20.43
IJburglaan,52.353496,4.99815,Diemerparklaan richting Ruisrietstraat,Ruisrietstraat richting Diemerparklaan ,1,2022-11-16,1212,18.42
IJburglaan,52.353496,4.99815,Diemerparklaan richting Ruisrietstraat,Ruisrietstraat richting Diemerparklaan ,-1,2022-11-17,251,21.24
IJburglaan,52.353496,4.99815,Diemerparklaan richting Ruisrietstraat,Ruisrietstraat richting Diemerparklaan ,1,2022-11-17,704,18.62
IJburglaan,52.353496,4.99815,Diemerparklaan richting Ruisrietstraat,Ruisrietstraat richting Diemerparklaan ,-1,2022-11-18,389,20.49
IJburglaan,52.353496,4.99815,Diemerparklaan richting Ruisrietstraat,Ruisrietstraat richting Diemerparklaan ,1,2022-11-18,1132,18.46
IJburglaan,52.353496,4.99815,Diemerparklaan richting Ruisrietstraat,Ruisrietstraat richting Diemerparklaan ,-1,2022-11-19,236,20.72
IJburglaan,52.353496,4.99815,Diemerparklaan richting Ruisrietstraat,Ruisrietstraat richting Diemerparklaan ,1,2022-11-19,811,18.76
IJburglaan,52.353496,4.99815,Diemerparklaan richting Ruisrietstraat,Ruisrietstraat richting Diemerparklaan ,-1,2022-11-20,133,21.67
IJburglaan,52.353496,4.99815,Diemerparklaan richting Ruisrietstraat,Ruisrietstraat richting Diemerparklaan ,1,2022-11-20,372,19.1
IJburglaan,52.353496,4.99815,Diemerparklaan richting Ruisrietstraat,Ruisrietstraat richting Diemerparklaan ,-1,2022-11-21,283,21.0
IJburglaan,52.353496,4.99815,Diemerparklaan richting Ruisrietstraat,Ruisrietstraat richting Diemerparklaan ,1,2022-11-21,852,18.83
IJburglaan,52.353496,4.99815,Diemerparklaan richting Ruisrietstraat,Ruisrietstraat richting Diemerparklaan ,-1,2022-11-22,331,20.29
IJburglaan,52.353496,4.99815,Diemerparklaan richting Ruisrietstraat,Ruisrietstraat richting Diemerparklaan ,1,2022-11-22,1045,18.3
IJburglaan,52.353496,4.99815,Diemerparklaan richting Ruisrietstraat,Ruisrietstraat richting Diemerparklaan ,-1,2022-11-23,340,20.81
IJburglaan,52.353496,4.99815,Diemerparklaan richting Ruisrietstraat,Ruisrietstraat richting Diemerparklaan ,1,2022-11-23,1085,18.31
IJburglaan,52.353496,4.99815,Diemerparklaan richting Ruisrietstraat,Ruisrietstraat richting Diemerparklaan ,-1,2022-11-24,346,20.49
IJburglaan,52.353496,4.99815,Diemerparklaan richting Ruisrietstraat,Ruisrietstraat richting Diemerparklaan ,1,2022-11-24,1098,18.54
IJburglaan,52.353496,4.99815,Diemerparklaan richting Ruisrietstraat,Ruisrietstraat richting Diemerparklaan ,-1,2022-11-25,367,20.19
IJburglaan,52.353496,4.99815,Diemerparklaan richting Ruisrietstraat,Ruisrietstraat richting Diemerparklaan ,1,2022-11-25,1104,18.74
IJburglaan,52.353496,4.99815,Diemerparklaan richting Ruisrietstraat,Ruisrietstraat richting Diemerparklaan ,-1,2022-11-26,261,20.3
IJburglaan,52.353496,4.99815,Diemerparklaan richting Ruisrietstraat,Ruisrietstraat richting Diemerparklaan ,1,2022-11-26,914,18.44
IJburglaan,52.353496,4.99815,Diemerparklaan richting Ruisrietstraat,Ruisrietstraat richting Diemerparklaan ,-1,2022-11-27,135,21.13
IJburglaan,52.353496,4.99815,Diemerparklaan richting Ruisrietstraat,Ruisrietstraat richting Diemerparklaan ,1,2022-11-27,439,18.75
IJburglaan,52.353496,4.99815,Diemerparklaan richting Ruisrietstraat,Ruisrietstraat richting Diemerparklaan ,-1,2022-11-28,333,19.49
IJburglaan,52.353496,4.99815,Diemerparklaan richting Ruisrietstraat,Ruisrietstraat richting Diemerparklaan ,1,2022-11-28,964,18.98
IJburglaan,52.353496,4.99815,Diemerparklaan richting Ruisrietstraat,Ruisrietstraat richting Diemerparklaan ,-1,2022-11-29,323,20.14
IJburglaan,52.353496,4.99815,Diemerparklaan richting Ruisrietstraat,Ruisrietstraat richting Diemerparklaan ,1,2022-11-29,1048,19.44
IJburglaan,52.353496,4.99815,Diemerparklaan richting Ruisrietstraat,Ruisrietstraat richting Diemerparklaan ,-1,2022-11-30,361,19.57
IJburglaan,52.353496,4.99815,Diemerparklaan richting Ruisrietstraat,Ruisrietstraat richting Diemerparklaan ,1,2022-11-30,1195,18.77
IJburglaan,52.353496,4.99815,Diemerparklaan richting Ruisrietstraat,Ruisrietstraat richting Diemerparklaan ,-1,2022-12-01,337,19.59
IJburglaan,52.353496,4.99815,Diemerparklaan richting Ruisrietstraat,Ruisrietstraat richting Diemerparklaan ,1,2022-12-01,1039,19.25
IJburglaan,52.353496,4.99815,Diemerparklaan richting Ruisrietstraat,Ruisrietstraat richting Diemerparklaan ,-1,2022-12-02,349,21.51
IJburglaan,52.353496,4.99815,Diemerparklaan richting Ruisrietstraat,Ruisrietstraat richting Diemerparklaan ,1,2022-12-02,993,18.18
IJburglaan,52.353496,4.99815,Diemerparklaan richting Ruisrietstraat,Ruisrietstraat richting Diemerparklaan ,-1,2022-12-03,191,20.8
IJburglaan,52.353496,4.99815,Diemerparklaan richting Ruisrietstraat,Ruisrietstraat richting Diemerparklaan ,1,2022-12-03,739,18.24
IJburglaan,52.353496,4.99815,Diemerparklaan richting Ruisrietstraat,Ruisrietstraat richting Diemerparklaan ,-1,2022-12-04,149,21.52
IJburglaan,52.353496,4.99815,Diemerparklaan richting Ruisrietstraat,Ruisrietstraat richting Diemerparklaan ,1,2022-12-04,458,18.95
IJburglaan,52.353496,4.99815,Diemerparklaan richting Ruisrietstraat,Ruisrietstraat richting Diemerparklaan ,-1,2022-12-05,287,20.0
IJburglaan,52.353496,4.99815,Diemerparklaan richting Ruisrietstraat,Ruisrietstraat richting Diemerparklaan ,1,2022-12-05,844,19.19
IJburglaan,52.353496,4.99815,Diemerparklaan richting Ruisrietstraat,Ruisrietstraat richting Diemerparklaan ,-1,2022-12-06,298,20.28
IJburglaan,52.353496,4.99815,Diemerparklaan richting Ruisrietstraat,Ruisrietstraat richting Diemerparklaan ,1,2022-12-06,933,19.09
IJburglaan,52.353496,4.99815,Diemerparklaan richting Ruisrietstraat,Ruisrietstraat richting Diemerparklaan ,-1,2022-12-07,312,19.47
IJburglaan,52.353496,4.99815,Diemerparklaan richting Ruisrietstraat,Ruisrietstraat richting Diemerparklaan ,1,2022-12-07,1026,18.64
IJburglaan,52.353496,4.99815,Diemerparklaan richting Ruisrietstraat,Ruisrietstraat richting Diemerparklaan ,-1,2022-12-08,295,20.16
IJburglaan,52.353496,4.99815,Diemerparklaan richting Ruisrietstraat,Ruisrietstraat richting Diemerparklaan ,1,2022-12-08,906,19.27
IJburglaan,52.353496,4.99815,Diemerparklaan richting Ruisrietstraat,Ruisrietstraat richting Diemerparklaan ,-1,2022-12-09,313,20.15
IJburglaan,52.353496,4.99815,Diemerparklaan richting Ruisrietstraat,Ruisrietstraat richting Diemerparklaan ,1,2022-12-09,1016,18.31
IJburglaan,52.353496,4.99815,Diemerparklaan richting Ruisrietstraat,Ruisrietstraat richting Diemerparklaan ,-1,2022-12-10,186,20.03
IJburglaan,52.353496,4.99815,Diemerparklaan richting Ruisrietstraat,Ruisrietstraat richting Diemerparklaan ,1,2022-12-10,630,18.77
IJburglaan,52.353496,4.99815,Diemerparklaan richting Ruisrietstraat,Ruisrietstraat richting Diemerparklaan ,-1,2022-12-11,144,20.75
IJburglaan,52.353496,4.99815,Diemerparklaan richting Ruisrietstraat,Ruisrietstraat richting Diemerparklaan ,1,2022-12-11,443,18.75
IJburglaan,52.353496,4.99815,Diemerparklaan richting Ruisrietstraat,Ruisrietstraat richting Diemerparklaan ,-1,2022-12-12,301,19.51
IJburglaan,52.353496,4.99815,Diemerparklaan richting Ruisrietstraat,Ruisrietstraat richting Diemerparklaan ,1,2022-12-12,926,18.36
IJburglaan,52.353496,4.99815,Diemerparklaan richting Ruisrietstraat,Ruisrietstraat richting Diemerparklaan ,-1,2022-12-13,235,20.09
IJburglaan,52.353496,4.99815,Diemerparklaan richting Ruisrietstraat,Ruisrietstraat richting Diemerparklaan ,1,2022-12-13,794,18.59
IJburglaan,52.353496,4.99815,Diemerparklaan richting Ruisrietstraat,Ruisrietstraat richting Diemerparklaan ,-1,2022-12-14,249,19.32
IJburglaan,52.353496,4.99815,Diemerparklaan richting Ruisrietstraat,Ruisrietstraat richting Diemerparklaan ,1,2022-12-14,910,19.16
IJburglaan,52.353496,4.99815,Diemerparklaan richting Ruisrietstraat,Ruisrietstraat richting Diemerparklaan ,-1,2022-12-15,229,19.31
IJburglaan,52.353496,4.99815,Diemerparklaan richting Ruisrietstraat,Ruisrietstraat richting Diemerparklaan ,1,2022-12-15,847,19.01
IJburglaan,52.353496,4.99815,Diemerparklaan richting Ruisrietstraat,Ruisrietstraat richting Diemerparklaan ,-1,2022-12-16,237,19.86
IJburglaan,52.353496,4.99815,Diemerparklaan richting Ruisrietstraat,Ruisrietstraat richting Diemerparklaan ,1,2022-12-16,813,19.36
IJburglaan,52.353496,4.99815,Diemerparklaan richting Ruisrietstraat,Ruisrietstraat richting Diemerparklaan ,-1,2022-12-17,164,19.94
IJburglaan,52.353496,4.99815,Diemerparklaan richting Ruisrietstraat,Ruisrietstraat richting Diemerparklaan ,1,2022-12-17,598,18.33
IJburglaan,52.353496,4.99815,Diemerparklaan richting Ruisrietstraat,Ruisrietstraat richting Diemerparklaan ,-1,2022-12-18,130,19.6
IJburglaan,52.353496,4.99815,Diemerparklaan richting Ruisrietstraat,Ruisrietstraat richting Diemerparklaan ,1,2022-12-18,389,18.64
IJburglaan,52.353496,4.99815,Diemerparklaan richting Ruisrietstraat,Ruisrietstraat richting Diemerparklaan ,-1,2022-12-19,208,20.5
IJburglaan,52.353496,4.99815,Diemerparklaan richting Ruisrietstraat,Ruisrietstraat richting Diemerparklaan ,1,2022-12-19,652,18.43
IJburglaan,52.353496,4.99815,Diemerparklaan richting Ruisrietstraat,Ruisrietstraat richting Diemerparklaan ,-1,2022-12-20,234,20.41
IJburglaan,52.353496,4.99815,Diemerparklaan richting Ruisrietstraat,Ruisrietstraat richting Diemerparklaan ,1,2022-12-20,799,19.17
IJburglaan,52.353496,4.99815,Diemerparklaan richting Ruisrietstraat,Ruisrietstraat richting Diemerparklaan ,-1,2022-12-21,260,20.33
IJburglaan,52.353496,4.99815,Diemerparklaan richting Ruisrietstraat,Ruisrietstraat richting Diemerparklaan ,1,2022-12-21,973,18.61
IJburglaan,52.353496,4.99815,Diemerparklaan richting Ruisrietstraat,Ruisrietstraat richting Diemerparklaan ,-1,2022-12-22,277,19.97
IJburglaan,52.353496,4.99815,Diemerparklaan richting Ruisrietstraat,Ruisrietstraat richting Diemerparklaan ,1,2022-12-22,892,18.92
IJburglaan,52.353496,4.99815,Diemerparklaan richting Ruisrietstraat,Ruisrietstraat richting Diemerparklaan ,-1,2022-12-23,221,20.75
IJburglaan,52.353496,4.99815,Diemerparklaan richting Ruisrietstraat,Ruisrietstraat richting Diemerparklaan ,1,2022-12-23,658,19.26
IJburglaan,52.353496,4.99815,Diemerparklaan richting Ruisrietstraat,Ruisrietstraat richting Diemerparklaan ,-1,2022-12-24,131,19.33
IJburglaan,52.353496,4.99815,Diemerparklaan richting Ruisrietstraat,Ruisrietstraat richting Diemerparklaan ,1,2022-12-24,664,18.97
IJburglaan,52.353496,4.99815,Diemerparklaan richting Ruisrietstraat,Ruisrietstraat richting Diemerparklaan ,-1,2022-12-25,49,19.8
IJburglaan,52.353496,4.99815,Diemerparklaan richting Ruisrietstraat,Ruisrietstraat richting Diemerparklaan ,1,2022-12-25,145,20.33
IJburglaan,52.353496,4.99815,Diemerparklaan richting Ruisrietstraat,Ruisrietstraat richting Diemerparklaan ,-1,2022-12-26,81,20.65
IJburglaan,52.353496,4.99815,Diemerparklaan richting Ruisrietstraat,Ruisrietstraat richting Diemerparklaan ,1,2022-12-26,215,19.94
IJburglaan,52.353496,4.99815,Diemerparklaan richting Ruisrietstraat,Ruisrietstraat richting Diemerparklaan ,-1,2022-12-27,130,21.43
IJburglaan,52.353496,4.99815,Diemerparklaan richting Ruisrietstraat,Ruisrietstraat richting Diemerparklaan ,1,2022-12-27,502,19.39
IJburglaan,52.353496,4.99815,Diemerparklaan richting Ruisrietstraat,Ruisrietstraat richting Diemerparklaan ,-1,2022-12-28,131,20.12
IJburglaan,52.353496,4.99815,Diemerparklaan richting Ruisrietstraat,Ruisrietstraat richting Diemerparklaan ,1,2022-12-28,414,19.26
IJburglaan,52.353496,4.99815,Diemerparklaan richting Ruisrietstraat,Ruisrietstraat richting Diemerparklaan ,-1,2022-12-29,134,20.56
IJburglaan,52.353496,4.99815,Diemerparklaan richting Ruisrietstraat,Ruisrietstraat richting Diemerparklaan ,1,2022-12-29,445,20.11
IJburglaan,52.353496,4.99815,Diemerparklaan richting Ruisrietstraat,Ruisrietstraat richting Diemerparklaan ,-1,2022-12-30,106,21.0
IJburglaan,52.353496,4.99815,Diemerparklaan richting Ruisrietstraat,Ruisrietstraat richting Diemerparklaan ,1,2022-12-30,414,19.15
IJburglaan,52.353496,4.99815,Diemerparklaan richting Ruisrietstraat,Ruisrietstraat richting Diemerparklaan ,-1,2022-12-31,122,20.48
IJburglaan,52.353496,4.99815,Diemerparklaan richting Ruisrietstraat,Ruisrietstraat richting Diemerparklaan ,1,2022-12-31,360,19.16
