location,latitude,longitude,plusdirection,mindirection,direction,datetime,count,speed_mean
Jachthavenweg,52.333135,4.855049,Pramenpad richting Boeierspad,Boeierspad richting Pramenpad ,-1,2022-01-01,2132,13.94
Jachthavenweg,52.333135,4.855049,Pramenpad richting Boeierspad,Boeierspad richting Pramenpad ,1,2022-01-01,1740,16.41
Jachthavenweg,52.333135,4.855049,Pramenpad richting Boeierspad,Boeierspad richting Pramenpad ,-1,2022-01-02,1944,13.96
Jachthavenweg,52.333135,4.855049,Pramenpad richting Boeierspad,Boeierspad richting Pramenpad ,1,2022-01-02,1526,16.07
Jachthavenweg,52.333135,4.855049,Pramenpad richting Boeierspad,Boeierspad richting Pramenpad ,-1,2022-01-03,2299,14.52
Jachthavenweg,52.333135,4.855049,Pramenpad richting Boeierspad,Boeierspad richting Pramenpad ,1,2022-01-03,1666,16.76
Jachthavenweg,52.333135,4.855049,Pramenpad richting Boeierspad,Boeierspad richting Pramenpad ,-1,2022-01-04,1986,14.53
Jachthavenweg,52.333135,4.855049,Pramenpad richting Boeierspad,Boeierspad richting Pramenpad ,1,2022-01-04,1470,17.99
Jachthavenweg,52.333135,4.855049,Pramenpad richting Boeierspad,Boeierspad richting Pramenpad ,-1,2022-01-05,1537,14.61
Jachthavenweg,52.333135,4.855049,Pramenpad richting Boeierspad,Boeierspad richting Pramenpad ,1,2022-01-05,997,18.36
Jachthavenweg,52.333135,4.855049,Pramenpad richting Boeierspad,Boeierspad richting Pramenpad ,-1,2022-01-06,2423,15.03
Jachthavenweg,52.333135,4.855049,Pramenpad richting Boeierspad,Boeierspad richting Pramenpad ,1,2022-01-06,1964,17.04
Jachthavenweg,52.333135,4.855049,Pramenpad richting Boeierspad,Boeierspad richting Pramenpad ,-1,2022-01-07,1666,15.47
Jachthavenweg,52.333135,4.855049,Pramenpad richting Boeierspad,Boeierspad richting Pramenpad ,1,2022-01-07,1365,17.83
Jachthavenweg,52.333135,4.855049,Pramenpad richting Boeierspad,Boeierspad richting Pramenpad ,-1,2022-01-08,1316,15.34
Jachthavenweg,52.333135,4.855049,Pramenpad richting Boeierspad,Boeierspad richting Pramenpad ,1,2022-01-08,1118,16.82
Jachthavenweg,52.333135,4.855049,Pramenpad richting Boeierspad,Boeierspad richting Pramenpad ,-1,2022-01-09,2191,13.58
Jachthavenweg,52.333135,4.855049,Pramenpad richting Boeierspad,Boeierspad richting Pramenpad ,1,2022-01-09,1613,16.6
Jachthavenweg,52.333135,4.855049,Pramenpad richting Boeierspad,Boeierspad richting Pramenpad ,-1,2022-01-10,2788,14.43
Jachthavenweg,52.333135,4.855049,Pramenpad richting Boeierspad,Boeierspad richting Pramenpad ,1,2022-01-10,2054,17.03
Jachthavenweg,52.333135,4.855049,Pramenpad richting Boeierspad,Boeierspad richting Pramenpad ,-1,2022-01-11,2744,15.03
Jachthavenweg,52.333135,4.855049,Pramenpad richting Boeierspad,Boeierspad richting Pramenpad ,1,2022-01-11,1997,17.17
Jachthavenweg,52.333135,4.855049,Pramenpad richting Boeierspad,Boeierspad richting Pramenpad ,-1,2022-01-12,2938,14.2
Jachthavenweg,52.333135,4.855049,Pramenpad richting Boeierspad,Boeierspad richting Pramenpad ,1,2022-01-12,2227,17.06
Jachthavenweg,52.333135,4.855049,Pramenpad richting Boeierspad,Boeierspad richting Pramenpad ,-1,2022-01-13,2647,14.6
Jachthavenweg,52.333135,4.855049,Pramenpad richting Boeierspad,Boeierspad richting Pramenpad ,1,2022-01-13,2005,17.5
Jachthavenweg,52.333135,4.855049,Pramenpad richting Boeierspad,Boeierspad richting Pramenpad ,-1,2022-01-14,2989,14.68
Jachthavenweg,52.333135,4.855049,Pramenpad richting Boeierspad,Boeierspad richting Pramenpad ,1,2022-01-14,2243,17.92
Jachthavenweg,52.333135,4.855049,Pramenpad richting Boeierspad,Boeierspad richting Pramenpad ,-1,2022-01-15,2521,14.13
Jachthavenweg,52.333135,4.855049,Pramenpad richting Boeierspad,Boeierspad richting Pramenpad ,1,2022-01-15,2043,16.28
Jachthavenweg,52.333135,4.855049,Pramenpad richting Boeierspad,Boeierspad richting Pramenpad ,-1,2022-01-16,2521,13.92
Jachthavenweg,52.333135,4.855049,Pramenpad richting Boeierspad,Boeierspad richting Pramenpad ,1,2022-01-16,1944,16.89
Jachthavenweg,52.333135,4.855049,Pramenpad richting Boeierspad,Boeierspad richting Pramenpad ,-1,2022-01-17,3131,14.06
Jachthavenweg,52.333135,4.855049,Pramenpad richting Boeierspad,Boeierspad richting Pramenpad ,1,2022-01-17,2182,18.04
Jachthavenweg,52.333135,4.855049,Pramenpad richting Boeierspad,Boeierspad richting Pramenpad ,-1,2022-01-18,2906,14.79
Jachthavenweg,52.333135,4.855049,Pramenpad richting Boeierspad,Boeierspad richting Pramenpad ,1,2022-01-18,2217,17.11
Jachthavenweg,52.333135,4.855049,Pramenpad richting Boeierspad,Boeierspad richting Pramenpad ,-1,2022-01-19,2960,14.09
Jachthavenweg,52.333135,4.855049,Pramenpad richting Boeierspad,Boeierspad richting Pramenpad ,1,2022-01-19,1786,17.12
Jachthavenweg,52.333135,4.855049,Pramenpad richting Boeierspad,Boeierspad richting Pramenpad ,-1,2022-01-20,2807,13.86
Jachthavenweg,52.333135,4.855049,Pramenpad richting Boeierspad,Boeierspad richting Pramenpad ,1,2022-01-20,1944,18.24
Jachthavenweg,52.333135,4.855049,Pramenpad richting Boeierspad,Boeierspad richting Pramenpad ,-1,2022-01-21,2561,14.47
Jachthavenweg,52.333135,4.855049,Pramenpad richting Boeierspad,Boeierspad richting Pramenpad ,1,2022-01-21,1876,18.23
Jachthavenweg,52.333135,4.855049,Pramenpad richting Boeierspad,Boeierspad richting Pramenpad ,-1,2022-01-22,2697,13.99
Jachthavenweg,52.333135,4.855049,Pramenpad richting Boeierspad,Boeierspad richting Pramenpad ,1,2022-01-22,1988,17.61
Jachthavenweg,52.333135,4.855049,Pramenpad richting Boeierspad,Boeierspad richting Pramenpad ,-1,2022-01-23,2824,14.23
Jachthavenweg,52.333135,4.855049,Pramenpad richting Boeierspad,Boeierspad richting Pramenpad ,1,2022-01-23,2218,17.0
Jachthavenweg,52.333135,4.855049,Pramenpad richting Boeierspad,Boeierspad richting Pramenpad ,-1,2022-01-24,2831,14.87
Jachthavenweg,52.333135,4.855049,Pramenpad richting Boeierspad,Boeierspad richting Pramenpad ,1,2022-01-24,2075,17.77
Jachthavenweg,52.333135,4.855049,Pramenpad richting Boeierspad,Boeierspad richting Pramenpad ,-1,2022-01-25,2980,14.92
Jachthavenweg,52.333135,4.855049,Pramenpad richting Boeierspad,Boeierspad richting Pramenpad ,1,2022-01-25,2108,17.71
Jachthavenweg,52.333135,4.855049,Pramenpad richting Boeierspad,Boeierspad richting Pramenpad ,-1,2022-01-26,3042,14.75
Jachthavenweg,52.333135,4.855049,Pramenpad richting Boeierspad,Boeierspad richting Pramenpad ,1,2022-01-26,2325,17.35
Jachthavenweg,52.333135,4.855049,Pramenpad richting Boeierspad,Boeierspad richting Pramenpad ,-1,2022-01-27,2563,14.29
Jachthavenweg,52.333135,4.855049,Pramenpad richting Boeierspad,Boeierspad richting Pramenpad ,1,2022-01-27,1762,17.98
Jachthavenweg,52.333135,4.855049,Pramenpad richting Boeierspad,Boeierspad richting Pramenpad ,-1,2022-01-28,3517,14.98
Jachthavenweg,52.333135,4.855049,Pramenpad richting Boeierspad,Boeierspad richting Pramenpad ,1,2022-01-28,2506,17.83
Jachthavenweg,52.333135,4.855049,Pramenpad richting Boeierspad,Boeierspad richting Pramenpad ,-1,2022-01-29,2754,14.84
Jachthavenweg,52.333135,4.855049,Pramenpad richting Boeierspad,Boeierspad richting Pramenpad ,1,2022-01-29,2145,17.35
Jachthavenweg,52.333135,4.855049,Pramenpad richting Boeierspad,Boeierspad richting Pramenpad ,-1,2022-01-30,3252,13.75
Jachthavenweg,52.333135,4.855049,Pramenpad richting Boeierspad,Boeierspad richting Pramenpad ,1,2022-01-30,2393,17.4
Jachthavenweg,52.333135,4.855049,Pramenpad richting Boeierspad,Boeierspad richting Pramenpad ,-1,2022-01-31,1537,14.3
Jachthavenweg,52.333135,4.855049,Pramenpad richting Boeierspad,Boeierspad richting Pramenpad ,1,2022-01-31,905,19.27
Jachthavenweg,52.333135,4.855049,Pramenpad richting Boeierspad,Boeierspad richting Pramenpad ,-1,2022-02-01,2512,14.47
Jachthavenweg,52.333135,4.855049,Pramenpad richting Boeierspad,Boeierspad richting Pramenpad ,1,2022-02-01,1630,18.15
Jachthavenweg,52.333135,4.855049,Pramenpad richting Boeierspad,Boeierspad richting Pramenpad ,-1,2022-02-02,3627,14.43
Jachthavenweg,52.333135,4.855049,Pramenpad richting Boeierspad,Boeierspad richting Pramenpad ,1,2022-02-02,2604,17.7
Jachthavenweg,52.333135,4.855049,Pramenpad richting Boeierspad,Boeierspad richting Pramenpad ,-1,2022-02-03,112,15.04
Jachthavenweg,52.333135,4.855049,Pramenpad richting Boeierspad,Boeierspad richting Pramenpad ,1,2022-02-03,105,18.65
Jachthavenweg,52.333135,4.855049,Pramenpad richting Boeierspad,Boeierspad richting Pramenpad ,-1,2022-02-04,0,
Jachthavenweg,52.333135,4.855049,Pramenpad richting Boeierspad,Boeierspad richting Pramenpad ,1,2022-02-04,0,
Jachthavenweg,52.333135,4.855049,Pramenpad richting Boeierspad,Boeierspad richting Pramenpad ,-1,2022-02-05,0,
Jachthavenweg,52.333135,4.855049,Pramenpad richting Boeierspad,Boeierspad richting Pramenpad ,1,2022-02-05,0,
Jachthavenweg,52.333135,4.855049,Pramenpad richting Boeierspad,Boeierspad richting Pramenpad ,-1,2022-02-06,0,
Jachthavenweg,52.333135,4.855049,Pramenpad richting Boeierspad,Boeierspad richting Pramenpad ,1,2022-02-06,0,
Jachthavenweg,52.333135,4.855049,Pramenpad richting Boeierspad,Boeierspad richting Pramenpad ,-1,2022-02-07,0,
Jachthavenweg,52.333135,4.855049,Pramenpad richting Boeierspad,Boeierspad richting Pramenpad ,1,2022-02-07,0,
Jachthavenweg,52.333135,4.855049,Pramenpad richting Boeierspad,Boeierspad richting Pramenpad ,-1,2022-02-08,1404,22.27
Jachthavenweg,52.333135,4.855049,Pramenpad richting Boeierspad,Boeierspad richting Pramenpad ,1,2022-02-08,1517,17.36
Jachthavenweg,52.333135,4.855049,Pramenpad richting Boeierspad,Boeierspad richting Pramenpad ,-1,2022-02-09,2435,22.27
Jachthavenweg,52.333135,4.855049,Pramenpad richting Boeierspad,Boeierspad richting Pramenpad ,1,2022-02-09,2502,17.77
Jachthavenweg,52.333135,4.855049,Pramenpad richting Boeierspad,Boeierspad richting Pramenpad ,-1,2022-02-10,2312,22.87
Jachthavenweg,52.333135,4.855049,Pramenpad richting Boeierspad,Boeierspad richting Pramenpad ,1,2022-02-10,2416,17.59
Jachthavenweg,52.333135,4.855049,Pramenpad richting Boeierspad,Boeierspad richting Pramenpad ,-1,2022-02-11,2454,23.49
Jachthavenweg,52.333135,4.855049,Pramenpad richting Boeierspad,Boeierspad richting Pramenpad ,1,2022-02-11,2585,16.6
Jachthavenweg,52.333135,4.855049,Pramenpad richting Boeierspad,Boeierspad richting Pramenpad ,-1,2022-02-12,2643,20.59
Jachthavenweg,52.333135,4.855049,Pramenpad richting Boeierspad,Boeierspad richting Pramenpad ,1,2022-02-12,2543,17.3
Jachthavenweg,52.333135,4.855049,Pramenpad richting Boeierspad,Boeierspad richting Pramenpad ,-1,2022-02-13,2091,20.09
Jachthavenweg,52.333135,4.855049,Pramenpad richting Boeierspad,Boeierspad richting Pramenpad ,1,2022-02-13,1968,16.88
Jachthavenweg,52.333135,4.855049,Pramenpad richting Boeierspad,Boeierspad richting Pramenpad ,-1,2022-02-14,2213,21.87
Jachthavenweg,52.333135,4.855049,Pramenpad richting Boeierspad,Boeierspad richting Pramenpad ,1,2022-02-14,2177,18.16
Jachthavenweg,52.333135,4.855049,Pramenpad richting Boeierspad,Boeierspad richting Pramenpad ,-1,2022-02-15,1923,22.35
Jachthavenweg,52.333135,4.855049,Pramenpad richting Boeierspad,Boeierspad richting Pramenpad ,1,2022-02-15,2022,18.64
Jachthavenweg,52.333135,4.855049,Pramenpad richting Boeierspad,Boeierspad richting Pramenpad ,-1,2022-02-16,1769,21.69
Jachthavenweg,52.333135,4.855049,Pramenpad richting Boeierspad,Boeierspad richting Pramenpad ,1,2022-02-16,1840,18.6
Jachthavenweg,52.333135,4.855049,Pramenpad richting Boeierspad,Boeierspad richting Pramenpad ,-1,2022-02-17,1887,22.61
Jachthavenweg,52.333135,4.855049,Pramenpad richting Boeierspad,Boeierspad richting Pramenpad ,1,2022-02-17,1928,17.87
Jachthavenweg,52.333135,4.855049,Pramenpad richting Boeierspad,Boeierspad richting Pramenpad ,-1,2022-02-18,863,22.01
Jachthavenweg,52.333135,4.855049,Pramenpad richting Boeierspad,Boeierspad richting Pramenpad ,1,2022-02-18,933,19.91
Jachthavenweg,52.333135,4.855049,Pramenpad richting Boeierspad,Boeierspad richting Pramenpad ,-1,2022-02-19,1148,21.47
Jachthavenweg,52.333135,4.855049,Pramenpad richting Boeierspad,Boeierspad richting Pramenpad ,1,2022-02-19,1158,18.17
Jachthavenweg,52.333135,4.855049,Pramenpad richting Boeierspad,Boeierspad richting Pramenpad ,-1,2022-02-20,577,20.69
Jachthavenweg,52.333135,4.855049,Pramenpad richting Boeierspad,Boeierspad richting Pramenpad ,1,2022-02-20,650,17.94
Jachthavenweg,52.333135,4.855049,Pramenpad richting Boeierspad,Boeierspad richting Pramenpad ,-1,2022-02-21,913,23.99
Jachthavenweg,52.333135,4.855049,Pramenpad richting Boeierspad,Boeierspad richting Pramenpad ,1,2022-02-21,933,17.95
Jachthavenweg,52.333135,4.855049,Pramenpad richting Boeierspad,Boeierspad richting Pramenpad ,-1,2022-02-22,1440,22.84
Jachthavenweg,52.333135,4.855049,Pramenpad richting Boeierspad,Boeierspad richting Pramenpad ,1,2022-02-22,1576,18.62
Jachthavenweg,52.333135,4.855049,Pramenpad richting Boeierspad,Boeierspad richting Pramenpad ,-1,2022-02-23,2545,21.63
Jachthavenweg,52.333135,4.855049,Pramenpad richting Boeierspad,Boeierspad richting Pramenpad ,1,2022-02-23,2531,17.79
Jachthavenweg,52.333135,4.855049,Pramenpad richting Boeierspad,Boeierspad richting Pramenpad ,-1,2022-02-24,1355,22.71
Jachthavenweg,52.333135,4.855049,Pramenpad richting Boeierspad,Boeierspad richting Pramenpad ,1,2022-02-24,1338,18.64
Jachthavenweg,52.333135,4.855049,Pramenpad richting Boeierspad,Boeierspad richting Pramenpad ,-1,2022-02-25,1411,23.54
Jachthavenweg,52.333135,4.855049,Pramenpad richting Boeierspad,Boeierspad richting Pramenpad ,1,2022-02-25,1614,17.48
Jachthavenweg,52.333135,4.855049,Pramenpad richting Boeierspad,Boeierspad richting Pramenpad ,-1,2022-02-26,2552,21.28
Jachthavenweg,52.333135,4.855049,Pramenpad richting Boeierspad,Boeierspad richting Pramenpad ,1,2022-02-26,2410,17.2
Jachthavenweg,52.333135,4.855049,Pramenpad richting Boeierspad,Boeierspad richting Pramenpad ,-1,2022-02-27,2808,20.22
Jachthavenweg,52.333135,4.855049,Pramenpad richting Boeierspad,Boeierspad richting Pramenpad ,1,2022-02-27,2732,16.83
Jachthavenweg,52.333135,4.855049,Pramenpad richting Boeierspad,Boeierspad richting Pramenpad ,-1,2022-02-28,2897,21.5
Jachthavenweg,52.333135,4.855049,Pramenpad richting Boeierspad,Boeierspad richting Pramenpad ,1,2022-02-28,2870,17.68
Jachthavenweg,52.333135,4.855049,Pramenpad richting Boeierspad,Boeierspad richting Pramenpad ,-1,2022-03-01,2335,22.82
Jachthavenweg,52.333135,4.855049,Pramenpad richting Boeierspad,Boeierspad richting Pramenpad ,1,2022-03-01,2448,18.11
Jachthavenweg,52.333135,4.855049,Pramenpad richting Boeierspad,Boeierspad richting Pramenpad ,-1,2022-03-02,3342,22.94
Jachthavenweg,52.333135,4.855049,Pramenpad richting Boeierspad,Boeierspad richting Pramenpad ,1,2022-03-02,3320,17.04
Jachthavenweg,52.333135,4.855049,Pramenpad richting Boeierspad,Boeierspad richting Pramenpad ,-1,2022-03-03,3217,22.63
Jachthavenweg,52.333135,4.855049,Pramenpad richting Boeierspad,Boeierspad richting Pramenpad ,1,2022-03-03,3242,17.66
Jachthavenweg,52.333135,4.855049,Pramenpad richting Boeierspad,Boeierspad richting Pramenpad ,-1,2022-03-04,3199,22.16
Jachthavenweg,52.333135,4.855049,Pramenpad richting Boeierspad,Boeierspad richting Pramenpad ,1,2022-03-04,3224,17.72
Jachthavenweg,52.333135,4.855049,Pramenpad richting Boeierspad,Boeierspad richting Pramenpad ,-1,2022-03-05,3082,22.17
Jachthavenweg,52.333135,4.855049,Pramenpad richting Boeierspad,Boeierspad richting Pramenpad ,1,2022-03-05,2997,16.34
Jachthavenweg,52.333135,4.855049,Pramenpad richting Boeierspad,Boeierspad richting Pramenpad ,-1,2022-03-06,2622,21.81
Jachthavenweg,52.333135,4.855049,Pramenpad richting Boeierspad,Boeierspad richting Pramenpad ,1,2022-03-06,2623,15.84
Jachthavenweg,52.333135,4.855049,Pramenpad richting Boeierspad,Boeierspad richting Pramenpad ,-1,2022-03-07,2812,22.84
Jachthavenweg,52.333135,4.855049,Pramenpad richting Boeierspad,Boeierspad richting Pramenpad ,1,2022-03-07,2852,17.41
Jachthavenweg,52.333135,4.855049,Pramenpad richting Boeierspad,Boeierspad richting Pramenpad ,-1,2022-03-08,3057,21.52
Jachthavenweg,52.333135,4.855049,Pramenpad richting Boeierspad,Boeierspad richting Pramenpad ,1,2022-03-08,2937,18.12
Jachthavenweg,52.333135,4.855049,Pramenpad richting Boeierspad,Boeierspad richting Pramenpad ,-1,2022-03-09,3315,22.08
Jachthavenweg,52.333135,4.855049,Pramenpad richting Boeierspad,Boeierspad richting Pramenpad ,1,2022-03-09,3238,17.59
Jachthavenweg,52.333135,4.855049,Pramenpad richting Boeierspad,Boeierspad richting Pramenpad ,-1,2022-03-10,3393,21.99
Jachthavenweg,52.333135,4.855049,Pramenpad richting Boeierspad,Boeierspad richting Pramenpad ,1,2022-03-10,3329,17.7
Jachthavenweg,52.333135,4.855049,Pramenpad richting Boeierspad,Boeierspad richting Pramenpad ,-1,2022-03-11,3309,21.14
Jachthavenweg,52.333135,4.855049,Pramenpad richting Boeierspad,Boeierspad richting Pramenpad ,1,2022-03-11,3260,18.02
Jachthavenweg,52.333135,4.855049,Pramenpad richting Boeierspad,Boeierspad richting Pramenpad ,-1,2022-03-12,2993,21.17
Jachthavenweg,52.333135,4.855049,Pramenpad richting Boeierspad,Boeierspad richting Pramenpad ,1,2022-03-12,2922,17.23
Jachthavenweg,52.333135,4.855049,Pramenpad richting Boeierspad,Boeierspad richting Pramenpad ,-1,2022-03-13,3389,20.72
Jachthavenweg,52.333135,4.855049,Pramenpad richting Boeierspad,Boeierspad richting Pramenpad ,1,2022-03-13,3185,16.57
Jachthavenweg,52.333135,4.855049,Pramenpad richting Boeierspad,Boeierspad richting Pramenpad ,-1,2022-03-14,3004,22.79
Jachthavenweg,52.333135,4.855049,Pramenpad richting Boeierspad,Boeierspad richting Pramenpad ,1,2022-03-14,3013,17.53
Jachthavenweg,52.333135,4.855049,Pramenpad richting Boeierspad,Boeierspad richting Pramenpad ,-1,2022-03-15,3375,22.86
Jachthavenweg,52.333135,4.855049,Pramenpad richting Boeierspad,Boeierspad richting Pramenpad ,1,2022-03-15,3373,17.9
Jachthavenweg,52.333135,4.855049,Pramenpad richting Boeierspad,Boeierspad richting Pramenpad ,-1,2022-03-16,3482,21.66
Jachthavenweg,52.333135,4.855049,Pramenpad richting Boeierspad,Boeierspad richting Pramenpad ,1,2022-03-16,3464,17.79
Jachthavenweg,52.333135,4.855049,Pramenpad richting Boeierspad,Boeierspad richting Pramenpad ,-1,2022-03-17,2944,23.3
Jachthavenweg,52.333135,4.855049,Pramenpad richting Boeierspad,Boeierspad richting Pramenpad ,1,2022-03-17,2976,17.48
Jachthavenweg,52.333135,4.855049,Pramenpad richting Boeierspad,Boeierspad richting Pramenpad ,-1,2022-03-18,3565,22.86
Jachthavenweg,52.333135,4.855049,Pramenpad richting Boeierspad,Boeierspad richting Pramenpad ,1,2022-03-18,3719,16.76
Jachthavenweg,52.333135,4.855049,Pramenpad richting Boeierspad,Boeierspad richting Pramenpad ,-1,2022-03-19,3923,21.72
Jachthavenweg,52.333135,4.855049,Pramenpad richting Boeierspad,Boeierspad richting Pramenpad ,1,2022-03-19,3741,16.01
Jachthavenweg,52.333135,4.855049,Pramenpad richting Boeierspad,Boeierspad richting Pramenpad ,-1,2022-03-20,2413,21.74
Jachthavenweg,52.333135,4.855049,Pramenpad richting Boeierspad,Boeierspad richting Pramenpad ,1,2022-03-20,2302,17.17
Jachthavenweg,52.333135,4.855049,Pramenpad richting Boeierspad,Boeierspad richting Pramenpad ,-1,2022-03-21,3655,22.7
Jachthavenweg,52.333135,4.855049,Pramenpad richting Boeierspad,Boeierspad richting Pramenpad ,1,2022-03-21,3550,17.5
Jachthavenweg,52.333135,4.855049,Pramenpad richting Boeierspad,Boeierspad richting Pramenpad ,-1,2022-03-22,4275,22.76
Jachthavenweg,52.333135,4.855049,Pramenpad richting Boeierspad,Boeierspad richting Pramenpad ,1,2022-03-22,4184,17.24
Jachthavenweg,52.333135,4.855049,Pramenpad richting Boeierspad,Boeierspad richting Pramenpad ,-1,2022-03-23,4609,22.8
Jachthavenweg,52.333135,4.855049,Pramenpad richting Boeierspad,Boeierspad richting Pramenpad ,1,2022-03-23,4586,17.07
Jachthavenweg,52.333135,4.855049,Pramenpad richting Boeierspad,Boeierspad richting Pramenpad ,-1,2022-03-24,4029,23.29
Jachthavenweg,52.333135,4.855049,Pramenpad richting Boeierspad,Boeierspad richting Pramenpad ,1,2022-03-24,4056,17.2
Jachthavenweg,52.333135,4.855049,Pramenpad richting Boeierspad,Boeierspad richting Pramenpad ,-1,2022-03-25,4100,22.99
Jachthavenweg,52.333135,4.855049,Pramenpad richting Boeierspad,Boeierspad richting Pramenpad ,1,2022-03-25,4026,16.97
Jachthavenweg,52.333135,4.855049,Pramenpad richting Boeierspad,Boeierspad richting Pramenpad ,-1,2022-03-26,4862,22.09
Jachthavenweg,52.333135,4.855049,Pramenpad richting Boeierspad,Boeierspad richting Pramenpad ,1,2022-03-26,4627,15.67
Jachthavenweg,52.333135,4.855049,Pramenpad richting Boeierspad,Boeierspad richting Pramenpad ,-1,2022-03-27,4840,21.67
Jachthavenweg,52.333135,4.855049,Pramenpad richting Boeierspad,Boeierspad richting Pramenpad ,1,2022-03-27,4570,15.45
Jachthavenweg,52.333135,4.855049,Pramenpad richting Boeierspad,Boeierspad richting Pramenpad ,-1,2022-03-28,3431,23.64
Jachthavenweg,52.333135,4.855049,Pramenpad richting Boeierspad,Boeierspad richting Pramenpad ,1,2022-03-28,3459,17.19
Jachthavenweg,52.333135,4.855049,Pramenpad richting Boeierspad,Boeierspad richting Pramenpad ,-1,2022-03-29,3405,23.43
Jachthavenweg,52.333135,4.855049,Pramenpad richting Boeierspad,Boeierspad richting Pramenpad ,1,2022-03-29,3476,17.44
Jachthavenweg,52.333135,4.855049,Pramenpad richting Boeierspad,Boeierspad richting Pramenpad ,-1,2022-03-30,3491,23.31
Jachthavenweg,52.333135,4.855049,Pramenpad richting Boeierspad,Boeierspad richting Pramenpad ,1,2022-03-30,3463,17.18
Jachthavenweg,52.333135,4.855049,Pramenpad richting Boeierspad,Boeierspad richting Pramenpad ,-1,2022-03-31,1894,23.89
Jachthavenweg,52.333135,4.855049,Pramenpad richting Boeierspad,Boeierspad richting Pramenpad ,1,2022-03-31,1946,17.49
Jachthavenweg,52.333135,4.855049,Pramenpad richting Boeierspad,Boeierspad richting Pramenpad ,-1,2022-04-01,1843,23.2
Jachthavenweg,52.333135,4.855049,Pramenpad richting Boeierspad,Boeierspad richting Pramenpad ,1,2022-04-01,1990,17.21
Jachthavenweg,52.333135,4.855049,Pramenpad richting Boeierspad,Boeierspad richting Pramenpad ,-1,2022-04-02,2632,22.75
Jachthavenweg,52.333135,4.855049,Pramenpad richting Boeierspad,Boeierspad richting Pramenpad ,1,2022-04-02,2588,16.76
Jachthavenweg,52.333135,4.855049,Pramenpad richting Boeierspad,Boeierspad richting Pramenpad ,-1,2022-04-03,2064,22.71
Jachthavenweg,52.333135,4.855049,Pramenpad richting Boeierspad,Boeierspad richting Pramenpad ,1,2022-04-03,1983,16.78
Jachthavenweg,52.333135,4.855049,Pramenpad richting Boeierspad,Boeierspad richting Pramenpad ,-1,2022-04-04,1537,22.5
Jachthavenweg,52.333135,4.855049,Pramenpad richting Boeierspad,Boeierspad richting Pramenpad ,1,2022-04-04,1612,18.68
Jachthavenweg,52.333135,4.855049,Pramenpad richting Boeierspad,Boeierspad richting Pramenpad ,-1,2022-04-05,2337,23.08
Jachthavenweg,52.333135,4.855049,Pramenpad richting Boeierspad,Boeierspad richting Pramenpad ,1,2022-04-05,2331,17.9
Jachthavenweg,52.333135,4.855049,Pramenpad richting Boeierspad,Boeierspad richting Pramenpad ,-1,2022-04-06,2171,21.9
Jachthavenweg,52.333135,4.855049,Pramenpad richting Boeierspad,Boeierspad richting Pramenpad ,1,2022-04-06,2210,18.47
Jachthavenweg,52.333135,4.855049,Pramenpad richting Boeierspad,Boeierspad richting Pramenpad ,-1,2022-04-07,1556,22.67
Jachthavenweg,52.333135,4.855049,Pramenpad richting Boeierspad,Boeierspad richting Pramenpad ,1,2022-04-07,1587,18.81
Jachthavenweg,52.333135,4.855049,Pramenpad richting Boeierspad,Boeierspad richting Pramenpad ,-1,2022-04-08,2640,23.81
Jachthavenweg,52.333135,4.855049,Pramenpad richting Boeierspad,Boeierspad richting Pramenpad ,1,2022-04-08,2860,17.4
Jachthavenweg,52.333135,4.855049,Pramenpad richting Boeierspad,Boeierspad richting Pramenpad ,-1,2022-04-09,2154,23.43
Jachthavenweg,52.333135,4.855049,Pramenpad richting Boeierspad,Boeierspad richting Pramenpad ,1,2022-04-09,2190,16.73
Jachthavenweg,52.333135,4.855049,Pramenpad richting Boeierspad,Boeierspad richting Pramenpad ,-1,2022-04-10,3498,22.33
Jachthavenweg,52.333135,4.855049,Pramenpad richting Boeierspad,Boeierspad richting Pramenpad ,1,2022-04-10,3435,16.6
Jachthavenweg,52.333135,4.855049,Pramenpad richting Boeierspad,Boeierspad richting Pramenpad ,-1,2022-04-11,3667,22.64
Jachthavenweg,52.333135,4.855049,Pramenpad richting Boeierspad,Boeierspad richting Pramenpad ,1,2022-04-11,3537,17.84
Jachthavenweg,52.333135,4.855049,Pramenpad richting Boeierspad,Boeierspad richting Pramenpad ,-1,2022-04-12,4296,22.54
Jachthavenweg,52.333135,4.855049,Pramenpad richting Boeierspad,Boeierspad richting Pramenpad ,1,2022-04-12,4235,18.11
Jachthavenweg,52.333135,4.855049,Pramenpad richting Boeierspad,Boeierspad richting Pramenpad ,-1,2022-04-13,3830,23.51
Jachthavenweg,52.333135,4.855049,Pramenpad richting Boeierspad,Boeierspad richting Pramenpad ,1,2022-04-13,3767,17.78
Jachthavenweg,52.333135,4.855049,Pramenpad richting Boeierspad,Boeierspad richting Pramenpad ,-1,2022-04-14,4099,23.48
Jachthavenweg,52.333135,4.855049,Pramenpad richting Boeierspad,Boeierspad richting Pramenpad ,1,2022-04-14,4018,17.39
Jachthavenweg,52.333135,4.855049,Pramenpad richting Boeierspad,Boeierspad richting Pramenpad ,-1,2022-04-15,3469,22.89
Jachthavenweg,52.333135,4.855049,Pramenpad richting Boeierspad,Boeierspad richting Pramenpad ,1,2022-04-15,3491,17.55
Jachthavenweg,52.333135,4.855049,Pramenpad richting Boeierspad,Boeierspad richting Pramenpad ,-1,2022-04-16,3779,22.13
Jachthavenweg,52.333135,4.855049,Pramenpad richting Boeierspad,Boeierspad richting Pramenpad ,1,2022-04-16,3599,16.97
Jachthavenweg,52.333135,4.855049,Pramenpad richting Boeierspad,Boeierspad richting Pramenpad ,-1,2022-04-17,3673,21.12
Jachthavenweg,52.333135,4.855049,Pramenpad richting Boeierspad,Boeierspad richting Pramenpad ,1,2022-04-17,3679,16.46
Jachthavenweg,52.333135,4.855049,Pramenpad richting Boeierspad,Boeierspad richting Pramenpad ,-1,2022-04-18,4134,21.4
Jachthavenweg,52.333135,4.855049,Pramenpad richting Boeierspad,Boeierspad richting Pramenpad ,1,2022-04-18,4091,16.63
Jachthavenweg,52.333135,4.855049,Pramenpad richting Boeierspad,Boeierspad richting Pramenpad ,-1,2022-04-19,4190,23.31
Jachthavenweg,52.333135,4.855049,Pramenpad richting Boeierspad,Boeierspad richting Pramenpad ,1,2022-04-19,4263,17.28
Jachthavenweg,52.333135,4.855049,Pramenpad richting Boeierspad,Boeierspad richting Pramenpad ,-1,2022-04-20,4508,23.16
Jachthavenweg,52.333135,4.855049,Pramenpad richting Boeierspad,Boeierspad richting Pramenpad ,1,2022-04-20,4474,17.04
Jachthavenweg,52.333135,4.855049,Pramenpad richting Boeierspad,Boeierspad richting Pramenpad ,-1,2022-04-21,4002,23.27
Jachthavenweg,52.333135,4.855049,Pramenpad richting Boeierspad,Boeierspad richting Pramenpad ,1,2022-04-21,4074,17.26
Jachthavenweg,52.333135,4.855049,Pramenpad richting Boeierspad,Boeierspad richting Pramenpad ,-1,2022-04-22,3890,23.08
Jachthavenweg,52.333135,4.855049,Pramenpad richting Boeierspad,Boeierspad richting Pramenpad ,1,2022-04-22,3905,17.18
Jachthavenweg,52.333135,4.855049,Pramenpad richting Boeierspad,Boeierspad richting Pramenpad ,-1,2022-04-23,3798,22.43
Jachthavenweg,52.333135,4.855049,Pramenpad richting Boeierspad,Boeierspad richting Pramenpad ,1,2022-04-23,3762,16.74
Jachthavenweg,52.333135,4.855049,Pramenpad richting Boeierspad,Boeierspad richting Pramenpad ,-1,2022-04-24,4151,22.09
Jachthavenweg,52.333135,4.855049,Pramenpad richting Boeierspad,Boeierspad richting Pramenpad ,1,2022-04-24,3850,16.01
Jachthavenweg,52.333135,4.855049,Pramenpad richting Boeierspad,Boeierspad richting Pramenpad ,-1,2022-04-25,2252,23.79
Jachthavenweg,52.333135,4.855049,Pramenpad richting Boeierspad,Boeierspad richting Pramenpad ,1,2022-04-25,2345,17.82
Jachthavenweg,52.333135,4.855049,Pramenpad richting Boeierspad,Boeierspad richting Pramenpad ,-1,2022-04-26,3148,24.26
Jachthavenweg,52.333135,4.855049,Pramenpad richting Boeierspad,Boeierspad richting Pramenpad ,1,2022-04-26,3420,17.43
Jachthavenweg,52.333135,4.855049,Pramenpad richting Boeierspad,Boeierspad richting Pramenpad ,-1,2022-04-27,2481,22.44
Jachthavenweg,52.333135,4.855049,Pramenpad richting Boeierspad,Boeierspad richting Pramenpad ,1,2022-04-27,2293,16.86
Jachthavenweg,52.333135,4.855049,Pramenpad richting Boeierspad,Boeierspad richting Pramenpad ,-1,2022-04-28,3050,23.05
Jachthavenweg,52.333135,4.855049,Pramenpad richting Boeierspad,Boeierspad richting Pramenpad ,1,2022-04-28,3082,17.25
Jachthavenweg,52.333135,4.855049,Pramenpad richting Boeierspad,Boeierspad richting Pramenpad ,-1,2022-04-29,2653,23.13
Jachthavenweg,52.333135,4.855049,Pramenpad richting Boeierspad,Boeierspad richting Pramenpad ,1,2022-04-29,2710,17.6
Jachthavenweg,52.333135,4.855049,Pramenpad richting Boeierspad,Boeierspad richting Pramenpad ,-1,2022-04-30,2270,23.12
Jachthavenweg,52.333135,4.855049,Pramenpad richting Boeierspad,Boeierspad richting Pramenpad ,1,2022-04-30,2455,17.19
Jachthavenweg,52.333135,4.855049,Pramenpad richting Boeierspad,Boeierspad richting Pramenpad ,-1,2022-05-01,3119,21.85
Jachthavenweg,52.333135,4.855049,Pramenpad richting Boeierspad,Boeierspad richting Pramenpad ,1,2022-05-01,3144,16.58
Jachthavenweg,52.333135,4.855049,Pramenpad richting Boeierspad,Boeierspad richting Pramenpad ,-1,2022-05-02,3360,23.55
Jachthavenweg,52.333135,4.855049,Pramenpad richting Boeierspad,Boeierspad richting Pramenpad ,1,2022-05-02,3596,17.34
Jachthavenweg,52.333135,4.855049,Pramenpad richting Boeierspad,Boeierspad richting Pramenpad ,-1,2022-05-03,2859,24.05
Jachthavenweg,52.333135,4.855049,Pramenpad richting Boeierspad,Boeierspad richting Pramenpad ,1,2022-05-03,2992,17.97
Jachthavenweg,52.333135,4.855049,Pramenpad richting Boeierspad,Boeierspad richting Pramenpad ,-1,2022-05-04,3225,23.55
Jachthavenweg,52.333135,4.855049,Pramenpad richting Boeierspad,Boeierspad richting Pramenpad ,1,2022-05-04,3252,17.65
Jachthavenweg,52.333135,4.855049,Pramenpad richting Boeierspad,Boeierspad richting Pramenpad ,-1,2022-05-05,3614,23.37
Jachthavenweg,52.333135,4.855049,Pramenpad richting Boeierspad,Boeierspad richting Pramenpad ,1,2022-05-05,3483,17.69
Jachthavenweg,52.333135,4.855049,Pramenpad richting Boeierspad,Boeierspad richting Pramenpad ,-1,2022-05-06,3506,23.05
Jachthavenweg,52.333135,4.855049,Pramenpad richting Boeierspad,Boeierspad richting Pramenpad ,1,2022-05-06,3669,17.77
Jachthavenweg,52.333135,4.855049,Pramenpad richting Boeierspad,Boeierspad richting Pramenpad ,-1,2022-05-07,2842,22.98
Jachthavenweg,52.333135,4.855049,Pramenpad richting Boeierspad,Boeierspad richting Pramenpad ,1,2022-05-07,2912,16.95
Jachthavenweg,52.333135,4.855049,Pramenpad richting Boeierspad,Boeierspad richting Pramenpad ,-1,2022-05-08,3807,22.24
Jachthavenweg,52.333135,4.855049,Pramenpad richting Boeierspad,Boeierspad richting Pramenpad ,1,2022-05-08,3763,16.2
Jachthavenweg,52.333135,4.855049,Pramenpad richting Boeierspad,Boeierspad richting Pramenpad ,-1,2022-05-09,4404,23.34
Jachthavenweg,52.333135,4.855049,Pramenpad richting Boeierspad,Boeierspad richting Pramenpad ,1,2022-05-09,4408,17.86
Jachthavenweg,52.333135,4.855049,Pramenpad richting Boeierspad,Boeierspad richting Pramenpad ,-1,2022-05-10,3929,22.91
Jachthavenweg,52.333135,4.855049,Pramenpad richting Boeierspad,Boeierspad richting Pramenpad ,1,2022-05-10,4001,17.86
Jachthavenweg,52.333135,4.855049,Pramenpad richting Boeierspad,Boeierspad richting Pramenpad ,-1,2022-05-11,3991,22.84
Jachthavenweg,52.333135,4.855049,Pramenpad richting Boeierspad,Boeierspad richting Pramenpad ,1,2022-05-11,4034,18.04
Jachthavenweg,52.333135,4.855049,Pramenpad richting Boeierspad,Boeierspad richting Pramenpad ,-1,2022-05-12,4098,23.13
Jachthavenweg,52.333135,4.855049,Pramenpad richting Boeierspad,Boeierspad richting Pramenpad ,1,2022-05-12,4108,17.84
Jachthavenweg,52.333135,4.855049,Pramenpad richting Boeierspad,Boeierspad richting Pramenpad ,-1,2022-05-13,3642,22.72
Jachthavenweg,52.333135,4.855049,Pramenpad richting Boeierspad,Boeierspad richting Pramenpad ,1,2022-05-13,3739,17.78
Jachthavenweg,52.333135,4.855049,Pramenpad richting Boeierspad,Boeierspad richting Pramenpad ,-1,2022-05-14,4466,22.57
Jachthavenweg,52.333135,4.855049,Pramenpad richting Boeierspad,Boeierspad richting Pramenpad ,1,2022-05-14,4433,16.89
Jachthavenweg,52.333135,4.855049,Pramenpad richting Boeierspad,Boeierspad richting Pramenpad ,-1,2022-05-15,5295,22.15
Jachthavenweg,52.333135,4.855049,Pramenpad richting Boeierspad,Boeierspad richting Pramenpad ,1,2022-05-15,5024,16.28
Jachthavenweg,52.333135,4.855049,Pramenpad richting Boeierspad,Boeierspad richting Pramenpad ,-1,2022-05-16,3988,22.67
Jachthavenweg,52.333135,4.855049,Pramenpad richting Boeierspad,Boeierspad richting Pramenpad ,1,2022-05-16,4211,17.46
Jachthavenweg,52.333135,4.855049,Pramenpad richting Boeierspad,Boeierspad richting Pramenpad ,-1,2022-05-17,4798,23.33
Jachthavenweg,52.333135,4.855049,Pramenpad richting Boeierspad,Boeierspad richting Pramenpad ,1,2022-05-17,4769,17.48
Jachthavenweg,52.333135,4.855049,Pramenpad richting Boeierspad,Boeierspad richting Pramenpad ,-1,2022-05-18,5485,23.23
Jachthavenweg,52.333135,4.855049,Pramenpad richting Boeierspad,Boeierspad richting Pramenpad ,1,2022-05-18,5379,17.31
Jachthavenweg,52.333135,4.855049,Pramenpad richting Boeierspad,Boeierspad richting Pramenpad ,-1,2022-05-19,3841,22.96
Jachthavenweg,52.333135,4.855049,Pramenpad richting Boeierspad,Boeierspad richting Pramenpad ,1,2022-05-19,3976,17.41
Jachthavenweg,52.333135,4.855049,Pramenpad richting Boeierspad,Boeierspad richting Pramenpad ,-1,2022-05-20,2657,23.27
Jachthavenweg,52.333135,4.855049,Pramenpad richting Boeierspad,Boeierspad richting Pramenpad ,1,2022-05-20,2812,18.47
Jachthavenweg,52.333135,4.855049,Pramenpad richting Boeierspad,Boeierspad richting Pramenpad ,-1,2022-05-21,3999,22.38
Jachthavenweg,52.333135,4.855049,Pramenpad richting Boeierspad,Boeierspad richting Pramenpad ,1,2022-05-21,3937,16.85
Jachthavenweg,52.333135,4.855049,Pramenpad richting Boeierspad,Boeierspad richting Pramenpad ,-1,2022-05-22,4860,21.58
Jachthavenweg,52.333135,4.855049,Pramenpad richting Boeierspad,Boeierspad richting Pramenpad ,1,2022-05-22,4685,16.54
Jachthavenweg,52.333135,4.855049,Pramenpad richting Boeierspad,Boeierspad richting Pramenpad ,-1,2022-05-23,2795,23.6
Jachthavenweg,52.333135,4.855049,Pramenpad richting Boeierspad,Boeierspad richting Pramenpad ,1,2022-05-23,2943,18.25
Jachthavenweg,52.333135,4.855049,Pramenpad richting Boeierspad,Boeierspad richting Pramenpad ,-1,2022-05-24,3470,23.22
Jachthavenweg,52.333135,4.855049,Pramenpad richting Boeierspad,Boeierspad richting Pramenpad ,1,2022-05-24,3585,18.3
Jachthavenweg,52.333135,4.855049,Pramenpad richting Boeierspad,Boeierspad richting Pramenpad ,-1,2022-05-25,2827,22.49
Jachthavenweg,52.333135,4.855049,Pramenpad richting Boeierspad,Boeierspad richting Pramenpad ,1,2022-05-25,2761,18.42
Jachthavenweg,52.333135,4.855049,Pramenpad richting Boeierspad,Boeierspad richting Pramenpad ,-1,2022-05-26,440,22.37
Jachthavenweg,52.333135,4.855049,Pramenpad richting Boeierspad,Boeierspad richting Pramenpad ,1,2022-05-26,628,17.21
Jachthavenweg,52.333135,4.855049,Pramenpad richting Boeierspad,Boeierspad richting Pramenpad ,-1,2022-05-27,2846,23.37
Jachthavenweg,52.333135,4.855049,Pramenpad richting Boeierspad,Boeierspad richting Pramenpad ,1,2022-05-27,2978,17.35
Jachthavenweg,52.333135,4.855049,Pramenpad richting Boeierspad,Boeierspad richting Pramenpad ,-1,2022-05-28,4099,22.81
Jachthavenweg,52.333135,4.855049,Pramenpad richting Boeierspad,Boeierspad richting Pramenpad ,1,2022-05-28,3904,16.18
Jachthavenweg,52.333135,4.855049,Pramenpad richting Boeierspad,Boeierspad richting Pramenpad ,-1,2022-05-29,2160,23.05
Jachthavenweg,52.333135,4.855049,Pramenpad richting Boeierspad,Boeierspad richting Pramenpad ,1,2022-05-29,2363,16.56
Jachthavenweg,52.333135,4.855049,Pramenpad richting Boeierspad,Boeierspad richting Pramenpad ,-1,2022-05-30,3270,23.84
Jachthavenweg,52.333135,4.855049,Pramenpad richting Boeierspad,Boeierspad richting Pramenpad ,1,2022-05-30,3309,18.28
Jachthavenweg,52.333135,4.855049,Pramenpad richting Boeierspad,Boeierspad richting Pramenpad ,-1,2022-05-31,3487,23.44
Jachthavenweg,52.333135,4.855049,Pramenpad richting Boeierspad,Boeierspad richting Pramenpad ,1,2022-05-31,3609,18.31
Jachthavenweg,52.333135,4.855049,Pramenpad richting Boeierspad,Boeierspad richting Pramenpad ,-1,2022-06-01,3798,23.67
Jachthavenweg,52.333135,4.855049,Pramenpad richting Boeierspad,Boeierspad richting Pramenpad ,1,2022-06-01,3916,17.91
Jachthavenweg,52.333135,4.855049,Pramenpad richting Boeierspad,Boeierspad richting Pramenpad ,-1,2022-06-02,4053,23.64
Jachthavenweg,52.333135,4.855049,Pramenpad richting Boeierspad,Boeierspad richting Pramenpad ,1,2022-06-02,4083,17.76
Jachthavenweg,52.333135,4.855049,Pramenpad richting Boeierspad,Boeierspad richting Pramenpad ,-1,2022-06-03,4525,22.94
Jachthavenweg,52.333135,4.855049,Pramenpad richting Boeierspad,Boeierspad richting Pramenpad ,1,2022-06-03,4343,17.1
Jachthavenweg,52.333135,4.855049,Pramenpad richting Boeierspad,Boeierspad richting Pramenpad ,-1,2022-06-04,5007,22.21
Jachthavenweg,52.333135,4.855049,Pramenpad richting Boeierspad,Boeierspad richting Pramenpad ,1,2022-06-04,4775,15.79
Jachthavenweg,52.333135,4.855049,Pramenpad richting Boeierspad,Boeierspad richting Pramenpad ,-1,2022-06-05,1940,22.68
Jachthavenweg,52.333135,4.855049,Pramenpad richting Boeierspad,Boeierspad richting Pramenpad ,1,2022-06-05,2316,16.55
Jachthavenweg,52.333135,4.855049,Pramenpad richting Boeierspad,Boeierspad richting Pramenpad ,-1,2022-06-06,1364,22.31
Jachthavenweg,52.333135,4.855049,Pramenpad richting Boeierspad,Boeierspad richting Pramenpad ,1,2022-06-06,1488,17.9
Jachthavenweg,52.333135,4.855049,Pramenpad richting Boeierspad,Boeierspad richting Pramenpad ,-1,2022-06-07,4171,23.18
Jachthavenweg,52.333135,4.855049,Pramenpad richting Boeierspad,Boeierspad richting Pramenpad ,1,2022-06-07,4177,17.96
Jachthavenweg,52.333135,4.855049,Pramenpad richting Boeierspad,Boeierspad richting Pramenpad ,-1,2022-06-08,3002,22.84
Jachthavenweg,52.333135,4.855049,Pramenpad richting Boeierspad,Boeierspad richting Pramenpad ,1,2022-06-08,2957,18.37
Jachthavenweg,52.333135,4.855049,Pramenpad richting Boeierspad,Boeierspad richting Pramenpad ,-1,2022-06-09,4241,23.34
Jachthavenweg,52.333135,4.855049,Pramenpad richting Boeierspad,Boeierspad richting Pramenpad ,1,2022-06-09,4277,17.88
Jachthavenweg,52.333135,4.855049,Pramenpad richting Boeierspad,Boeierspad richting Pramenpad ,-1,2022-06-10,4200,22.69
Jachthavenweg,52.333135,4.855049,Pramenpad richting Boeierspad,Boeierspad richting Pramenpad ,1,2022-06-10,4144,17.93
Jachthavenweg,52.333135,4.855049,Pramenpad richting Boeierspad,Boeierspad richting Pramenpad ,-1,2022-06-11,5319,22.19
Jachthavenweg,52.333135,4.855049,Pramenpad richting Boeierspad,Boeierspad richting Pramenpad ,1,2022-06-11,5259,16.45
Jachthavenweg,52.333135,4.855049,Pramenpad richting Boeierspad,Boeierspad richting Pramenpad ,-1,2022-06-12,5044,21.91
Jachthavenweg,52.333135,4.855049,Pramenpad richting Boeierspad,Boeierspad richting Pramenpad ,1,2022-06-12,4982,16.4
Jachthavenweg,52.333135,4.855049,Pramenpad richting Boeierspad,Boeierspad richting Pramenpad ,-1,2022-06-13,3785,23.7
Jachthavenweg,52.333135,4.855049,Pramenpad richting Boeierspad,Boeierspad richting Pramenpad ,1,2022-06-13,3859,17.51
Jachthavenweg,52.333135,4.855049,Pramenpad richting Boeierspad,Boeierspad richting Pramenpad ,-1,2022-06-14,4395,23.54
Jachthavenweg,52.333135,4.855049,Pramenpad richting Boeierspad,Boeierspad richting Pramenpad ,1,2022-06-14,4342,17.72
Jachthavenweg,52.333135,4.855049,Pramenpad richting Boeierspad,Boeierspad richting Pramenpad ,-1,2022-06-15,5223,23.14
Jachthavenweg,52.333135,4.855049,Pramenpad richting Boeierspad,Boeierspad richting Pramenpad ,1,2022-06-15,5140,17.03
Jachthavenweg,52.333135,4.855049,Pramenpad richting Boeierspad,Boeierspad richting Pramenpad ,-1,2022-06-16,5058,23.2
Jachthavenweg,52.333135,4.855049,Pramenpad richting Boeierspad,Boeierspad richting Pramenpad ,1,2022-06-16,4933,17.68
Jachthavenweg,52.333135,4.855049,Pramenpad richting Boeierspad,Boeierspad richting Pramenpad ,-1,2022-06-17,5488,22.17
Jachthavenweg,52.333135,4.855049,Pramenpad richting Boeierspad,Boeierspad richting Pramenpad ,1,2022-06-17,5284,17.1
Jachthavenweg,52.333135,4.855049,Pramenpad richting Boeierspad,Boeierspad richting Pramenpad ,-1,2022-06-18,5950,21.94
Jachthavenweg,52.333135,4.855049,Pramenpad richting Boeierspad,Boeierspad richting Pramenpad ,1,2022-06-18,5772,15.91
Jachthavenweg,52.333135,4.855049,Pramenpad richting Boeierspad,Boeierspad richting Pramenpad ,-1,2022-06-19,2843,22.77
Jachthavenweg,52.333135,4.855049,Pramenpad richting Boeierspad,Boeierspad richting Pramenpad ,1,2022-06-19,2937,16.51
Jachthavenweg,52.333135,4.855049,Pramenpad richting Boeierspad,Boeierspad richting Pramenpad ,-1,2022-06-20,4016,23.87
Jachthavenweg,52.333135,4.855049,Pramenpad richting Boeierspad,Boeierspad richting Pramenpad ,1,2022-06-20,4093,17.29
Jachthavenweg,52.333135,4.855049,Pramenpad richting Boeierspad,Boeierspad richting Pramenpad ,-1,2022-06-21,4878,23.37
Jachthavenweg,52.333135,4.855049,Pramenpad richting Boeierspad,Boeierspad richting Pramenpad ,1,2022-06-21,4759,17.81
Jachthavenweg,52.333135,4.855049,Pramenpad richting Boeierspad,Boeierspad richting Pramenpad ,-1,2022-06-22,5698,23.04
Jachthavenweg,52.333135,4.855049,Pramenpad richting Boeierspad,Boeierspad richting Pramenpad ,1,2022-06-22,5468,16.91
Jachthavenweg,52.333135,4.855049,Pramenpad richting Boeierspad,Boeierspad richting Pramenpad ,-1,2022-06-23,5547,22.76
Jachthavenweg,52.333135,4.855049,Pramenpad richting Boeierspad,Boeierspad richting Pramenpad ,1,2022-06-23,5192,17.27
Jachthavenweg,52.333135,4.855049,Pramenpad richting Boeierspad,Boeierspad richting Pramenpad ,-1,2022-06-24,3966,22.79
Jachthavenweg,52.333135,4.855049,Pramenpad richting Boeierspad,Boeierspad richting Pramenpad ,1,2022-06-24,4361,17.09
Jachthavenweg,52.333135,4.855049,Pramenpad richting Boeierspad,Boeierspad richting Pramenpad ,-1,2022-06-25,3382,22.46
Jachthavenweg,52.333135,4.855049,Pramenpad richting Boeierspad,Boeierspad richting Pramenpad ,1,2022-06-25,3328,17.24
Jachthavenweg,52.333135,4.855049,Pramenpad richting Boeierspad,Boeierspad richting Pramenpad ,-1,2022-06-26,4043,21.58
Jachthavenweg,52.333135,4.855049,Pramenpad richting Boeierspad,Boeierspad richting Pramenpad ,1,2022-06-26,3990,16.66
Jachthavenweg,52.333135,4.855049,Pramenpad richting Boeierspad,Boeierspad richting Pramenpad ,-1,2022-06-27,3283,23.42
Jachthavenweg,52.333135,4.855049,Pramenpad richting Boeierspad,Boeierspad richting Pramenpad ,1,2022-06-27,3330,18.14
Jachthavenweg,52.333135,4.855049,Pramenpad richting Boeierspad,Boeierspad richting Pramenpad ,-1,2022-06-28,4853,22.89
Jachthavenweg,52.333135,4.855049,Pramenpad richting Boeierspad,Boeierspad richting Pramenpad ,1,2022-06-28,4883,17.81
Jachthavenweg,52.333135,4.855049,Pramenpad richting Boeierspad,Boeierspad richting Pramenpad ,-1,2022-06-29,5684,22.87
Jachthavenweg,52.333135,4.855049,Pramenpad richting Boeierspad,Boeierspad richting Pramenpad ,1,2022-06-29,5643,17.3
Jachthavenweg,52.333135,4.855049,Pramenpad richting Boeierspad,Boeierspad richting Pramenpad ,-1,2022-06-30,3726,23.56
Jachthavenweg,52.333135,4.855049,Pramenpad richting Boeierspad,Boeierspad richting Pramenpad ,1,2022-06-30,4010,17.85
Jachthavenweg,52.333135,4.855049,Pramenpad richting Boeierspad,Boeierspad richting Pramenpad ,-1,2022-07-01,3749,22.25
Jachthavenweg,52.333135,4.855049,Pramenpad richting Boeierspad,Boeierspad richting Pramenpad ,1,2022-07-01,3884,18.09
Jachthavenweg,52.333135,4.855049,Pramenpad richting Boeierspad,Boeierspad richting Pramenpad ,-1,2022-07-02,4583,21.69
Jachthavenweg,52.333135,4.855049,Pramenpad richting Boeierspad,Boeierspad richting Pramenpad ,1,2022-07-02,4433,16.77
Jachthavenweg,52.333135,4.855049,Pramenpad richting Boeierspad,Boeierspad richting Pramenpad ,-1,2022-07-03,3870,22.16
Jachthavenweg,52.333135,4.855049,Pramenpad richting Boeierspad,Boeierspad richting Pramenpad ,1,2022-07-03,3889,16.69
Jachthavenweg,52.333135,4.855049,Pramenpad richting Boeierspad,Boeierspad richting Pramenpad ,-1,2022-07-04,4224,23.24
Jachthavenweg,52.333135,4.855049,Pramenpad richting Boeierspad,Boeierspad richting Pramenpad ,1,2022-07-04,4389,17.75
Jachthavenweg,52.333135,4.855049,Pramenpad richting Boeierspad,Boeierspad richting Pramenpad ,-1,2022-07-05,4732,23.52
Jachthavenweg,52.333135,4.855049,Pramenpad richting Boeierspad,Boeierspad richting Pramenpad ,1,2022-07-05,4739,17.35
Jachthavenweg,52.333135,4.855049,Pramenpad richting Boeierspad,Boeierspad richting Pramenpad ,-1,2022-07-06,4794,22.96
Jachthavenweg,52.333135,4.855049,Pramenpad richting Boeierspad,Boeierspad richting Pramenpad ,1,2022-07-06,4843,17.16
Jachthavenweg,52.333135,4.855049,Pramenpad richting Boeierspad,Boeierspad richting Pramenpad ,-1,2022-07-07,3495,23.83
Jachthavenweg,52.333135,4.855049,Pramenpad richting Boeierspad,Boeierspad richting Pramenpad ,1,2022-07-07,3528,17.1
Jachthavenweg,52.333135,4.855049,Pramenpad richting Boeierspad,Boeierspad richting Pramenpad ,-1,2022-07-08,4327,22.91
Jachthavenweg,52.333135,4.855049,Pramenpad richting Boeierspad,Boeierspad richting Pramenpad ,1,2022-07-08,4357,17.26
Jachthavenweg,52.333135,4.855049,Pramenpad richting Boeierspad,Boeierspad richting Pramenpad ,-1,2022-07-09,4354,22.5
Jachthavenweg,52.333135,4.855049,Pramenpad richting Boeierspad,Boeierspad richting Pramenpad ,1,2022-07-09,4130,16.16
Jachthavenweg,52.333135,4.855049,Pramenpad richting Boeierspad,Boeierspad richting Pramenpad ,-1,2022-07-10,4027,22.11
Jachthavenweg,52.333135,4.855049,Pramenpad richting Boeierspad,Boeierspad richting Pramenpad ,1,2022-07-10,3755,16.35
Jachthavenweg,52.333135,4.855049,Pramenpad richting Boeierspad,Boeierspad richting Pramenpad ,-1,2022-07-11,4224,23.35
Jachthavenweg,52.333135,4.855049,Pramenpad richting Boeierspad,Boeierspad richting Pramenpad ,1,2022-07-11,4030,17.63
Jachthavenweg,52.333135,4.855049,Pramenpad richting Boeierspad,Boeierspad richting Pramenpad ,-1,2022-07-12,6029,22.72
Jachthavenweg,52.333135,4.855049,Pramenpad richting Boeierspad,Boeierspad richting Pramenpad ,1,2022-07-12,5781,17.09
Jachthavenweg,52.333135,4.855049,Pramenpad richting Boeierspad,Boeierspad richting Pramenpad ,-1,2022-07-13,5173,23.14
Jachthavenweg,52.333135,4.855049,Pramenpad richting Boeierspad,Boeierspad richting Pramenpad ,1,2022-07-13,5086,17.18
Jachthavenweg,52.333135,4.855049,Pramenpad richting Boeierspad,Boeierspad richting Pramenpad ,-1,2022-07-14,4981,23.44
Jachthavenweg,52.333135,4.855049,Pramenpad richting Boeierspad,Boeierspad richting Pramenpad ,1,2022-07-14,4426,17.34
Jachthavenweg,52.333135,4.855049,Pramenpad richting Boeierspad,Boeierspad richting Pramenpad ,-1,2022-07-15,3959,22.98
Jachthavenweg,52.333135,4.855049,Pramenpad richting Boeierspad,Boeierspad richting Pramenpad ,1,2022-07-15,3470,17.62
Jachthavenweg,52.333135,4.855049,Pramenpad richting Boeierspad,Boeierspad richting Pramenpad ,-1,2022-07-16,4096,22.52
Jachthavenweg,52.333135,4.855049,Pramenpad richting Boeierspad,Boeierspad richting Pramenpad ,1,2022-07-16,3824,16.73
Jachthavenweg,52.333135,4.855049,Pramenpad richting Boeierspad,Boeierspad richting Pramenpad ,-1,2022-07-17,5513,21.51
Jachthavenweg,52.333135,4.855049,Pramenpad richting Boeierspad,Boeierspad richting Pramenpad ,1,2022-07-17,5591,15.86
Jachthavenweg,52.333135,4.855049,Pramenpad richting Boeierspad,Boeierspad richting Pramenpad ,-1,2022-07-18,5132,22.6
Jachthavenweg,52.333135,4.855049,Pramenpad richting Boeierspad,Boeierspad richting Pramenpad ,1,2022-07-18,5554,16.73
Jachthavenweg,52.333135,4.855049,Pramenpad richting Boeierspad,Boeierspad richting Pramenpad ,-1,2022-07-19,6563,21.78
Jachthavenweg,52.333135,4.855049,Pramenpad richting Boeierspad,Boeierspad richting Pramenpad ,1,2022-07-19,6395,16.11
Jachthavenweg,52.333135,4.855049,Pramenpad richting Boeierspad,Boeierspad richting Pramenpad ,-1,2022-07-20,4093,22.78
Jachthavenweg,52.333135,4.855049,Pramenpad richting Boeierspad,Boeierspad richting Pramenpad ,1,2022-07-20,3997,17.57
Jachthavenweg,52.333135,4.855049,Pramenpad richting Boeierspad,Boeierspad richting Pramenpad ,-1,2022-07-21,2101,23.96
Jachthavenweg,52.333135,4.855049,Pramenpad richting Boeierspad,Boeierspad richting Pramenpad ,1,2022-07-21,2181,18.12
Jachthavenweg,52.333135,4.855049,Pramenpad richting Boeierspad,Boeierspad richting Pramenpad ,-1,2022-07-22,3213,23.52
Jachthavenweg,52.333135,4.855049,Pramenpad richting Boeierspad,Boeierspad richting Pramenpad ,1,2022-07-22,3294,17.46
Jachthavenweg,52.333135,4.855049,Pramenpad richting Boeierspad,Boeierspad richting Pramenpad ,-1,2022-07-23,3848,22.16
Jachthavenweg,52.333135,4.855049,Pramenpad richting Boeierspad,Boeierspad richting Pramenpad ,1,2022-07-23,3782,16.55
Jachthavenweg,52.333135,4.855049,Pramenpad richting Boeierspad,Boeierspad richting Pramenpad ,-1,2022-07-24,4602,21.22
Jachthavenweg,52.333135,4.855049,Pramenpad richting Boeierspad,Boeierspad richting Pramenpad ,1,2022-07-24,4563,16.13
Jachthavenweg,52.333135,4.855049,Pramenpad richting Boeierspad,Boeierspad richting Pramenpad ,-1,2022-07-25,2788,22.92
Jachthavenweg,52.333135,4.855049,Pramenpad richting Boeierspad,Boeierspad richting Pramenpad ,1,2022-07-25,2744,18.01
Jachthavenweg,52.333135,4.855049,Pramenpad richting Boeierspad,Boeierspad richting Pramenpad ,-1,2022-07-26,2836,23.89
Jachthavenweg,52.333135,4.855049,Pramenpad richting Boeierspad,Boeierspad richting Pramenpad ,1,2022-07-26,2790,17.51
Jachthavenweg,52.333135,4.855049,Pramenpad richting Boeierspad,Boeierspad richting Pramenpad ,-1,2022-07-27,3403,23.22
Jachthavenweg,52.333135,4.855049,Pramenpad richting Boeierspad,Boeierspad richting Pramenpad ,1,2022-07-27,3293,17.39
Jachthavenweg,52.333135,4.855049,Pramenpad richting Boeierspad,Boeierspad richting Pramenpad ,-1,2022-07-28,3251,23.21
Jachthavenweg,52.333135,4.855049,Pramenpad richting Boeierspad,Boeierspad richting Pramenpad ,1,2022-07-28,3486,17.06
Jachthavenweg,52.333135,4.855049,Pramenpad richting Boeierspad,Boeierspad richting Pramenpad ,-1,2022-07-29,3163,23.08
Jachthavenweg,52.333135,4.855049,Pramenpad richting Boeierspad,Boeierspad richting Pramenpad ,1,2022-07-29,3287,17.14
Jachthavenweg,52.333135,4.855049,Pramenpad richting Boeierspad,Boeierspad richting Pramenpad ,-1,2022-07-30,3231,22.25
Jachthavenweg,52.333135,4.855049,Pramenpad richting Boeierspad,Boeierspad richting Pramenpad ,1,2022-07-30,3122,16.8
Jachthavenweg,52.333135,4.855049,Pramenpad richting Boeierspad,Boeierspad richting Pramenpad ,-1,2022-07-31,1177,22.18
Jachthavenweg,52.333135,4.855049,Pramenpad richting Boeierspad,Boeierspad richting Pramenpad ,1,2022-07-31,1217,17.2
Jachthavenweg,52.333135,4.855049,Pramenpad richting Boeierspad,Boeierspad richting Pramenpad ,-1,2022-08-01,2871,23.5
Jachthavenweg,52.333135,4.855049,Pramenpad richting Boeierspad,Boeierspad richting Pramenpad ,1,2022-08-01,3043,17.38
Jachthavenweg,52.333135,4.855049,Pramenpad richting Boeierspad,Boeierspad richting Pramenpad ,-1,2022-08-02,3378,22.52
Jachthavenweg,52.333135,4.855049,Pramenpad richting Boeierspad,Boeierspad richting Pramenpad ,1,2022-08-02,3450,17.77
Jachthavenweg,52.333135,4.855049,Pramenpad richting Boeierspad,Boeierspad richting Pramenpad ,-1,2022-08-03,4281,22.64
Jachthavenweg,52.333135,4.855049,Pramenpad richting Boeierspad,Boeierspad richting Pramenpad ,1,2022-08-03,4278,17.42
Jachthavenweg,52.333135,4.855049,Pramenpad richting Boeierspad,Boeierspad richting Pramenpad ,-1,2022-08-04,3606,23.33
Jachthavenweg,52.333135,4.855049,Pramenpad richting Boeierspad,Boeierspad richting Pramenpad ,1,2022-08-04,3714,17.2
Jachthavenweg,52.333135,4.855049,Pramenpad richting Boeierspad,Boeierspad richting Pramenpad ,-1,2022-08-05,4992,22.82
Jachthavenweg,52.333135,4.855049,Pramenpad richting Boeierspad,Boeierspad richting Pramenpad ,1,2022-08-05,4274,16.4
Jachthavenweg,52.333135,4.855049,Pramenpad richting Boeierspad,Boeierspad richting Pramenpad ,-1,2022-08-06,5239,22.11
Jachthavenweg,52.333135,4.855049,Pramenpad richting Boeierspad,Boeierspad richting Pramenpad ,1,2022-08-06,5241,15.34
Jachthavenweg,52.333135,4.855049,Pramenpad richting Boeierspad,Boeierspad richting Pramenpad ,-1,2022-08-07,8612,21.65
Jachthavenweg,52.333135,4.855049,Pramenpad richting Boeierspad,Boeierspad richting Pramenpad ,1,2022-08-07,6802,14.96
Jachthavenweg,52.333135,4.855049,Pramenpad richting Boeierspad,Boeierspad richting Pramenpad ,-1,2022-08-08,3490,23.7
Jachthavenweg,52.333135,4.855049,Pramenpad richting Boeierspad,Boeierspad richting Pramenpad ,1,2022-08-08,4426,16.21
Jachthavenweg,52.333135,4.855049,Pramenpad richting Boeierspad,Boeierspad richting Pramenpad ,-1,2022-08-09,4832,23.22
Jachthavenweg,52.333135,4.855049,Pramenpad richting Boeierspad,Boeierspad richting Pramenpad ,1,2022-08-09,4139,16.91
Jachthavenweg,52.333135,4.855049,Pramenpad richting Boeierspad,Boeierspad richting Pramenpad ,-1,2022-08-10,5130,23.03
Jachthavenweg,52.333135,4.855049,Pramenpad richting Boeierspad,Boeierspad richting Pramenpad ,1,2022-08-10,4490,16.56
Jachthavenweg,52.333135,4.855049,Pramenpad richting Boeierspad,Boeierspad richting Pramenpad ,-1,2022-08-11,5246,22.84
Jachthavenweg,52.333135,4.855049,Pramenpad richting Boeierspad,Boeierspad richting Pramenpad ,1,2022-08-11,4566,16.67
Jachthavenweg,52.333135,4.855049,Pramenpad richting Boeierspad,Boeierspad richting Pramenpad ,-1,2022-08-12,5759,22.75
Jachthavenweg,52.333135,4.855049,Pramenpad richting Boeierspad,Boeierspad richting Pramenpad ,1,2022-08-12,4572,16.45
Jachthavenweg,52.333135,4.855049,Pramenpad richting Boeierspad,Boeierspad richting Pramenpad ,-1,2022-08-13,5792,22.01
Jachthavenweg,52.333135,4.855049,Pramenpad richting Boeierspad,Boeierspad richting Pramenpad ,1,2022-08-13,4865,16.3
Jachthavenweg,52.333135,4.855049,Pramenpad richting Boeierspad,Boeierspad richting Pramenpad ,-1,2022-08-14,5714,21.97
Jachthavenweg,52.333135,4.855049,Pramenpad richting Boeierspad,Boeierspad richting Pramenpad ,1,2022-08-14,4953,15.64
Jachthavenweg,52.333135,4.855049,Pramenpad richting Boeierspad,Boeierspad richting Pramenpad ,-1,2022-08-15,4166,23.16
Jachthavenweg,52.333135,4.855049,Pramenpad richting Boeierspad,Boeierspad richting Pramenpad ,1,2022-08-15,3547,17.43
Jachthavenweg,52.333135,4.855049,Pramenpad richting Boeierspad,Boeierspad richting Pramenpad ,-1,2022-08-16,2381,23.1
Jachthavenweg,52.333135,4.855049,Pramenpad richting Boeierspad,Boeierspad richting Pramenpad ,1,2022-08-16,1853,17.74
Jachthavenweg,52.333135,4.855049,Pramenpad richting Boeierspad,Boeierspad richting Pramenpad ,-1,2022-08-17,409,23.84
Jachthavenweg,52.333135,4.855049,Pramenpad richting Boeierspad,Boeierspad richting Pramenpad ,1,2022-08-17,388,17.57
Jachthavenweg,52.333135,4.855049,Pramenpad richting Boeierspad,Boeierspad richting Pramenpad ,-1,2022-08-18,4205,23.4
Jachthavenweg,52.333135,4.855049,Pramenpad richting Boeierspad,Boeierspad richting Pramenpad ,1,2022-08-18,3466,17.48
Jachthavenweg,52.333135,4.855049,Pramenpad richting Boeierspad,Boeierspad richting Pramenpad ,-1,2022-08-19,3958,23.02
Jachthavenweg,52.333135,4.855049,Pramenpad richting Boeierspad,Boeierspad richting Pramenpad ,1,2022-08-19,3202,17.25
Jachthavenweg,52.333135,4.855049,Pramenpad richting Boeierspad,Boeierspad richting Pramenpad ,-1,2022-08-20,4675,22.08
Jachthavenweg,52.333135,4.855049,Pramenpad richting Boeierspad,Boeierspad richting Pramenpad ,1,2022-08-20,3564,16.55
Jachthavenweg,52.333135,4.855049,Pramenpad richting Boeierspad,Boeierspad richting Pramenpad ,-1,2022-08-21,4402,22.02
Jachthavenweg,52.333135,4.855049,Pramenpad richting Boeierspad,Boeierspad richting Pramenpad ,1,2022-08-21,3592,16.15
Jachthavenweg,52.333135,4.855049,Pramenpad richting Boeierspad,Boeierspad richting Pramenpad ,-1,2022-08-22,4928,23.13
Jachthavenweg,52.333135,4.855049,Pramenpad richting Boeierspad,Boeierspad richting Pramenpad ,1,2022-08-22,3990,17.32
Jachthavenweg,52.333135,4.855049,Pramenpad richting Boeierspad,Boeierspad richting Pramenpad ,-1,2022-08-23,5766,23.2
Jachthavenweg,52.333135,4.855049,Pramenpad richting Boeierspad,Boeierspad richting Pramenpad ,1,2022-08-23,4661,17.26
Jachthavenweg,52.333135,4.855049,Pramenpad richting Boeierspad,Boeierspad richting Pramenpad ,-1,2022-08-24,6170,23.03
Jachthavenweg,52.333135,4.855049,Pramenpad richting Boeierspad,Boeierspad richting Pramenpad ,1,2022-08-24,5175,16.85
Jachthavenweg,52.333135,4.855049,Pramenpad richting Boeierspad,Boeierspad richting Pramenpad ,-1,2022-08-25,6381,22.9
Jachthavenweg,52.333135,4.855049,Pramenpad richting Boeierspad,Boeierspad richting Pramenpad ,1,2022-08-25,5264,16.72
Jachthavenweg,52.333135,4.855049,Pramenpad richting Boeierspad,Boeierspad richting Pramenpad ,-1,2022-08-26,4645,23.6
Jachthavenweg,52.333135,4.855049,Pramenpad richting Boeierspad,Boeierspad richting Pramenpad ,1,2022-08-26,3813,16.88
Jachthavenweg,52.333135,4.855049,Pramenpad richting Boeierspad,Boeierspad richting Pramenpad ,-1,2022-08-27,4639,22.42
Jachthavenweg,52.333135,4.855049,Pramenpad richting Boeierspad,Boeierspad richting Pramenpad ,1,2022-08-27,3598,16.16
Jachthavenweg,52.333135,4.855049,Pramenpad richting Boeierspad,Boeierspad richting Pramenpad ,-1,2022-08-28,4360,22.43
Jachthavenweg,52.333135,4.855049,Pramenpad richting Boeierspad,Boeierspad richting Pramenpad ,1,2022-08-28,3607,16.34
Jachthavenweg,52.333135,4.855049,Pramenpad richting Boeierspad,Boeierspad richting Pramenpad ,-1,2022-08-29,4640,23.61
Jachthavenweg,52.333135,4.855049,Pramenpad richting Boeierspad,Boeierspad richting Pramenpad ,1,2022-08-29,3946,17.22
Jachthavenweg,52.333135,4.855049,Pramenpad richting Boeierspad,Boeierspad richting Pramenpad ,-1,2022-08-30,5919,23.26
Jachthavenweg,52.333135,4.855049,Pramenpad richting Boeierspad,Boeierspad richting Pramenpad ,1,2022-08-30,4854,16.89
Jachthavenweg,52.333135,4.855049,Pramenpad richting Boeierspad,Boeierspad richting Pramenpad ,-1,2022-08-31,5962,23.07
Jachthavenweg,52.333135,4.855049,Pramenpad richting Boeierspad,Boeierspad richting Pramenpad ,1,2022-08-31,5060,16.61
Jachthavenweg,52.333135,4.855049,Pramenpad richting Boeierspad,Boeierspad richting Pramenpad ,-1,2022-09-01,6073,23.05
Jachthavenweg,52.333135,4.855049,Pramenpad richting Boeierspad,Boeierspad richting Pramenpad ,1,2022-09-01,5132,16.87
Jachthavenweg,52.333135,4.855049,Pramenpad richting Boeierspad,Boeierspad richting Pramenpad ,-1,2022-09-02,5601,22.93
Jachthavenweg,52.333135,4.855049,Pramenpad richting Boeierspad,Boeierspad richting Pramenpad ,1,2022-09-02,4804,16.88
Jachthavenweg,52.333135,4.855049,Pramenpad richting Boeierspad,Boeierspad richting Pramenpad ,-1,2022-09-03,5346,21.98
Jachthavenweg,52.333135,4.855049,Pramenpad richting Boeierspad,Boeierspad richting Pramenpad ,1,2022-09-03,4932,16.39
Jachthavenweg,52.333135,4.855049,Pramenpad richting Boeierspad,Boeierspad richting Pramenpad ,-1,2022-09-04,4595,21.78
Jachthavenweg,52.333135,4.855049,Pramenpad richting Boeierspad,Boeierspad richting Pramenpad ,1,2022-09-04,4285,16.2
Jachthavenweg,52.333135,4.855049,Pramenpad richting Boeierspad,Boeierspad richting Pramenpad ,-1,2022-09-05,5099,22.96
Jachthavenweg,52.333135,4.855049,Pramenpad richting Boeierspad,Boeierspad richting Pramenpad ,1,2022-09-05,4811,17.41
Jachthavenweg,52.333135,4.855049,Pramenpad richting Boeierspad,Boeierspad richting Pramenpad ,-1,2022-09-06,5080,23.06
Jachthavenweg,52.333135,4.855049,Pramenpad richting Boeierspad,Boeierspad richting Pramenpad ,1,2022-09-06,4836,17.27
Jachthavenweg,52.333135,4.855049,Pramenpad richting Boeierspad,Boeierspad richting Pramenpad ,-1,2022-09-07,4662,22.76
Jachthavenweg,52.333135,4.855049,Pramenpad richting Boeierspad,Boeierspad richting Pramenpad ,1,2022-09-07,4489,17.31
Jachthavenweg,52.333135,4.855049,Pramenpad richting Boeierspad,Boeierspad richting Pramenpad ,-1,2022-09-08,3299,22.68
Jachthavenweg,52.333135,4.855049,Pramenpad richting Boeierspad,Boeierspad richting Pramenpad ,1,2022-09-08,3203,17.82
Jachthavenweg,52.333135,4.855049,Pramenpad richting Boeierspad,Boeierspad richting Pramenpad ,-1,2022-09-09,3145,22.36
Jachthavenweg,52.333135,4.855049,Pramenpad richting Boeierspad,Boeierspad richting Pramenpad ,1,2022-09-09,3151,17.99
Jachthavenweg,52.333135,4.855049,Pramenpad richting Boeierspad,Boeierspad richting Pramenpad ,-1,2022-09-10,3520,22.85
Jachthavenweg,52.333135,4.855049,Pramenpad richting Boeierspad,Boeierspad richting Pramenpad ,1,2022-09-10,3315,16.53
Jachthavenweg,52.333135,4.855049,Pramenpad richting Boeierspad,Boeierspad richting Pramenpad ,-1,2022-09-11,4397,22.33
Jachthavenweg,52.333135,4.855049,Pramenpad richting Boeierspad,Boeierspad richting Pramenpad ,1,2022-09-11,4247,16.12
Jachthavenweg,52.333135,4.855049,Pramenpad richting Boeierspad,Boeierspad richting Pramenpad ,-1,2022-09-12,4559,22.53
Jachthavenweg,52.333135,4.855049,Pramenpad richting Boeierspad,Boeierspad richting Pramenpad ,1,2022-09-12,4562,17.38
Jachthavenweg,52.333135,4.855049,Pramenpad richting Boeierspad,Boeierspad richting Pramenpad ,-1,2022-09-13,4457,23.92
Jachthavenweg,52.333135,4.855049,Pramenpad richting Boeierspad,Boeierspad richting Pramenpad ,1,2022-09-13,4394,17.19
Jachthavenweg,52.333135,4.855049,Pramenpad richting Boeierspad,Boeierspad richting Pramenpad ,-1,2022-09-14,4359,23.34
Jachthavenweg,52.333135,4.855049,Pramenpad richting Boeierspad,Boeierspad richting Pramenpad ,1,2022-09-14,4245,17.32
Jachthavenweg,52.333135,4.855049,Pramenpad richting Boeierspad,Boeierspad richting Pramenpad ,-1,2022-09-15,3633,23.97
Jachthavenweg,52.333135,4.855049,Pramenpad richting Boeierspad,Boeierspad richting Pramenpad ,1,2022-09-15,3596,17.32
Jachthavenweg,52.333135,4.855049,Pramenpad richting Boeierspad,Boeierspad richting Pramenpad ,-1,2022-09-16,2528,23.67
Jachthavenweg,52.333135,4.855049,Pramenpad richting Boeierspad,Boeierspad richting Pramenpad ,1,2022-09-16,2526,17.33
Jachthavenweg,52.333135,4.855049,Pramenpad richting Boeierspad,Boeierspad richting Pramenpad ,-1,2022-09-17,2606,23.3
Jachthavenweg,52.333135,4.855049,Pramenpad richting Boeierspad,Boeierspad richting Pramenpad ,1,2022-09-17,2601,16.45
Jachthavenweg,52.333135,4.855049,Pramenpad richting Boeierspad,Boeierspad richting Pramenpad ,-1,2022-09-18,1471,23.1
Jachthavenweg,52.333135,4.855049,Pramenpad richting Boeierspad,Boeierspad richting Pramenpad ,1,2022-09-18,1359,17.41
Jachthavenweg,52.333135,4.855049,Pramenpad richting Boeierspad,Boeierspad richting Pramenpad ,-1,2022-09-19,3091,23.84
Jachthavenweg,52.333135,4.855049,Pramenpad richting Boeierspad,Boeierspad richting Pramenpad ,1,2022-09-19,3067,17.12
Jachthavenweg,52.333135,4.855049,Pramenpad richting Boeierspad,Boeierspad richting Pramenpad ,-1,2022-09-20,3869,23.65
Jachthavenweg,52.333135,4.855049,Pramenpad richting Boeierspad,Boeierspad richting Pramenpad ,1,2022-09-20,3802,17.55
Jachthavenweg,52.333135,4.855049,Pramenpad richting Boeierspad,Boeierspad richting Pramenpad ,-1,2022-09-21,4507,22.98
Jachthavenweg,52.333135,4.855049,Pramenpad richting Boeierspad,Boeierspad richting Pramenpad ,1,2022-09-21,4346,17.24
Jachthavenweg,52.333135,4.855049,Pramenpad richting Boeierspad,Boeierspad richting Pramenpad ,-1,2022-09-22,4311,22.85
Jachthavenweg,52.333135,4.855049,Pramenpad richting Boeierspad,Boeierspad richting Pramenpad ,1,2022-09-22,4245,17.58
Jachthavenweg,52.333135,4.855049,Pramenpad richting Boeierspad,Boeierspad richting Pramenpad ,-1,2022-09-23,3326,22.69
Jachthavenweg,52.333135,4.855049,Pramenpad richting Boeierspad,Boeierspad richting Pramenpad ,1,2022-09-23,2996,17.49
Jachthavenweg,52.333135,4.855049,Pramenpad richting Boeierspad,Boeierspad richting Pramenpad ,-1,2022-09-24,2618,22.33
Jachthavenweg,52.333135,4.855049,Pramenpad richting Boeierspad,Boeierspad richting Pramenpad ,1,2022-09-24,2537,16.47
Jachthavenweg,52.333135,4.855049,Pramenpad richting Boeierspad,Boeierspad richting Pramenpad ,-1,2022-09-25,3465,22.29
Jachthavenweg,52.333135,4.855049,Pramenpad richting Boeierspad,Boeierspad richting Pramenpad ,1,2022-09-25,3405,16.29
Jachthavenweg,52.333135,4.855049,Pramenpad richting Boeierspad,Boeierspad richting Pramenpad ,-1,2022-09-26,2338,23.16
Jachthavenweg,52.333135,4.855049,Pramenpad richting Boeierspad,Boeierspad richting Pramenpad ,1,2022-09-26,2367,17.81
Jachthavenweg,52.333135,4.855049,Pramenpad richting Boeierspad,Boeierspad richting Pramenpad ,-1,2022-09-27,2333,23.52
Jachthavenweg,52.333135,4.855049,Pramenpad richting Boeierspad,Boeierspad richting Pramenpad ,1,2022-09-27,2231,18.15
Jachthavenweg,52.333135,4.855049,Pramenpad richting Boeierspad,Boeierspad richting Pramenpad ,-1,2022-09-28,2930,23.24
Jachthavenweg,52.333135,4.855049,Pramenpad richting Boeierspad,Boeierspad richting Pramenpad ,1,2022-09-28,2868,17.65
Jachthavenweg,52.333135,4.855049,Pramenpad richting Boeierspad,Boeierspad richting Pramenpad ,-1,2022-09-29,3653,23.24
Jachthavenweg,52.333135,4.855049,Pramenpad richting Boeierspad,Boeierspad richting Pramenpad ,1,2022-09-29,3655,17.55
Jachthavenweg,52.333135,4.855049,Pramenpad richting Boeierspad,Boeierspad richting Pramenpad ,-1,2022-09-30,3165,22.36
Jachthavenweg,52.333135,4.855049,Pramenpad richting Boeierspad,Boeierspad richting Pramenpad ,1,2022-09-30,3273,17.61
Jachthavenweg,52.333135,4.855049,Pramenpad richting Boeierspad,Boeierspad richting Pramenpad ,-1,2022-10-01,2649,22.01
Jachthavenweg,52.333135,4.855049,Pramenpad richting Boeierspad,Boeierspad richting Pramenpad ,1,2022-10-01,2520,16.83
Jachthavenweg,52.333135,4.855049,Pramenpad richting Boeierspad,Boeierspad richting Pramenpad ,-1,2022-10-02,3376,22.39
Jachthavenweg,52.333135,4.855049,Pramenpad richting Boeierspad,Boeierspad richting Pramenpad ,1,2022-10-02,3320,16.17
Jachthavenweg,52.333135,4.855049,Pramenpad richting Boeierspad,Boeierspad richting Pramenpad ,-1,2022-10-03,3699,23.21
Jachthavenweg,52.333135,4.855049,Pramenpad richting Boeierspad,Boeierspad richting Pramenpad ,1,2022-10-03,3683,17.59
Jachthavenweg,52.333135,4.855049,Pramenpad richting Boeierspad,Boeierspad richting Pramenpad ,-1,2022-10-04,4084,22.37
Jachthavenweg,52.333135,4.855049,Pramenpad richting Boeierspad,Boeierspad richting Pramenpad ,1,2022-10-04,4009,17.71
Jachthavenweg,52.333135,4.855049,Pramenpad richting Boeierspad,Boeierspad richting Pramenpad ,-1,2022-10-05,3674,21.87
Jachthavenweg,52.333135,4.855049,Pramenpad richting Boeierspad,Boeierspad richting Pramenpad ,1,2022-10-05,3619,17.75
Jachthavenweg,52.333135,4.855049,Pramenpad richting Boeierspad,Boeierspad richting Pramenpad ,-1,2022-10-06,4169,22.62
Jachthavenweg,52.333135,4.855049,Pramenpad richting Boeierspad,Boeierspad richting Pramenpad ,1,2022-10-06,4186,17.59
Jachthavenweg,52.333135,4.855049,Pramenpad richting Boeierspad,Boeierspad richting Pramenpad ,-1,2022-10-07,3573,22.09
Jachthavenweg,52.333135,4.855049,Pramenpad richting Boeierspad,Boeierspad richting Pramenpad ,1,2022-10-07,3671,17.75
Jachthavenweg,52.333135,4.855049,Pramenpad richting Boeierspad,Boeierspad richting Pramenpad ,-1,2022-10-08,3540,22.33
Jachthavenweg,52.333135,4.855049,Pramenpad richting Boeierspad,Boeierspad richting Pramenpad ,1,2022-10-08,3555,16.66
Jachthavenweg,52.333135,4.855049,Pramenpad richting Boeierspad,Boeierspad richting Pramenpad ,-1,2022-10-09,4503,20.81
Jachthavenweg,52.333135,4.855049,Pramenpad richting Boeierspad,Boeierspad richting Pramenpad ,1,2022-10-09,4198,16.18
Jachthavenweg,52.333135,4.855049,Pramenpad richting Boeierspad,Boeierspad richting Pramenpad ,-1,2022-10-10,3246,23.37
Jachthavenweg,52.333135,4.855049,Pramenpad richting Boeierspad,Boeierspad richting Pramenpad ,1,2022-10-10,3232,17.39
Jachthavenweg,52.333135,4.855049,Pramenpad richting Boeierspad,Boeierspad richting Pramenpad ,-1,2022-10-11,3968,23.23
Jachthavenweg,52.333135,4.855049,Pramenpad richting Boeierspad,Boeierspad richting Pramenpad ,1,2022-10-11,3990,17.61
Jachthavenweg,52.333135,4.855049,Pramenpad richting Boeierspad,Boeierspad richting Pramenpad ,-1,2022-10-12,4021,22.82
Jachthavenweg,52.333135,4.855049,Pramenpad richting Boeierspad,Boeierspad richting Pramenpad ,1,2022-10-12,4067,17.41
Jachthavenweg,52.333135,4.855049,Pramenpad richting Boeierspad,Boeierspad richting Pramenpad ,-1,2022-10-13,2356,23.12
Jachthavenweg,52.333135,4.855049,Pramenpad richting Boeierspad,Boeierspad richting Pramenpad ,1,2022-10-13,2284,18.16
Jachthavenweg,52.333135,4.855049,Pramenpad richting Boeierspad,Boeierspad richting Pramenpad ,-1,2022-10-14,2208,22.92
Jachthavenweg,52.333135,4.855049,Pramenpad richting Boeierspad,Boeierspad richting Pramenpad ,1,2022-10-14,2384,18.25
Jachthavenweg,52.333135,4.855049,Pramenpad richting Boeierspad,Boeierspad richting Pramenpad ,-1,2022-10-15,2356,21.21
Jachthavenweg,52.333135,4.855049,Pramenpad richting Boeierspad,Boeierspad richting Pramenpad ,1,2022-10-15,2215,17.1
Jachthavenweg,52.333135,4.855049,Pramenpad richting Boeierspad,Boeierspad richting Pramenpad ,-1,2022-10-16,4896,21.16
Jachthavenweg,52.333135,4.855049,Pramenpad richting Boeierspad,Boeierspad richting Pramenpad ,1,2022-10-16,3984,16.11
Jachthavenweg,52.333135,4.855049,Pramenpad richting Boeierspad,Boeierspad richting Pramenpad ,-1,2022-10-17,2167,23.01
Jachthavenweg,52.333135,4.855049,Pramenpad richting Boeierspad,Boeierspad richting Pramenpad ,1,2022-10-17,2174,18.45
Jachthavenweg,52.333135,4.855049,Pramenpad richting Boeierspad,Boeierspad richting Pramenpad ,-1,2022-10-18,3638,23.27
Jachthavenweg,52.333135,4.855049,Pramenpad richting Boeierspad,Boeierspad richting Pramenpad ,1,2022-10-18,3641,17.17
Jachthavenweg,52.333135,4.855049,Pramenpad richting Boeierspad,Boeierspad richting Pramenpad ,-1,2022-10-19,3299,22.97
Jachthavenweg,52.333135,4.855049,Pramenpad richting Boeierspad,Boeierspad richting Pramenpad ,1,2022-10-19,3347,17.47
Jachthavenweg,52.333135,4.855049,Pramenpad richting Boeierspad,Boeierspad richting Pramenpad ,-1,2022-10-20,2299,22.89
Jachthavenweg,52.333135,4.855049,Pramenpad richting Boeierspad,Boeierspad richting Pramenpad ,1,2022-10-20,2387,18.22
Jachthavenweg,52.333135,4.855049,Pramenpad richting Boeierspad,Boeierspad richting Pramenpad ,-1,2022-10-21,2634,22.66
Jachthavenweg,52.333135,4.855049,Pramenpad richting Boeierspad,Boeierspad richting Pramenpad ,1,2022-10-21,2690,17.77
Jachthavenweg,52.333135,4.855049,Pramenpad richting Boeierspad,Boeierspad richting Pramenpad ,-1,2022-10-22,2859,21.73
Jachthavenweg,52.333135,4.855049,Pramenpad richting Boeierspad,Boeierspad richting Pramenpad ,1,2022-10-22,2677,16.8
Jachthavenweg,52.333135,4.855049,Pramenpad richting Boeierspad,Boeierspad richting Pramenpad ,-1,2022-10-23,2732,21.39
Jachthavenweg,52.333135,4.855049,Pramenpad richting Boeierspad,Boeierspad richting Pramenpad ,1,2022-10-23,2617,16.59
Jachthavenweg,52.333135,4.855049,Pramenpad richting Boeierspad,Boeierspad richting Pramenpad ,-1,2022-10-24,3022,22.32
Jachthavenweg,52.333135,4.855049,Pramenpad richting Boeierspad,Boeierspad richting Pramenpad ,1,2022-10-24,2883,17.99
Jachthavenweg,52.333135,4.855049,Pramenpad richting Boeierspad,Boeierspad richting Pramenpad ,-1,2022-10-25,3607,22.74
Jachthavenweg,52.333135,4.855049,Pramenpad richting Boeierspad,Boeierspad richting Pramenpad ,1,2022-10-25,3630,17.86
Jachthavenweg,52.333135,4.855049,Pramenpad richting Boeierspad,Boeierspad richting Pramenpad ,-1,2022-10-26,4171,22.29
Jachthavenweg,52.333135,4.855049,Pramenpad richting Boeierspad,Boeierspad richting Pramenpad ,1,2022-10-26,4037,17.43
Jachthavenweg,52.333135,4.855049,Pramenpad richting Boeierspad,Boeierspad richting Pramenpad ,-1,2022-10-27,4091,22.67
Jachthavenweg,52.333135,4.855049,Pramenpad richting Boeierspad,Boeierspad richting Pramenpad ,1,2022-10-27,4018,17.72
Jachthavenweg,52.333135,4.855049,Pramenpad richting Boeierspad,Boeierspad richting Pramenpad ,-1,2022-10-28,4071,22.56
Jachthavenweg,52.333135,4.855049,Pramenpad richting Boeierspad,Boeierspad richting Pramenpad ,1,2022-10-28,4062,17.25
Jachthavenweg,52.333135,4.855049,Pramenpad richting Boeierspad,Boeierspad richting Pramenpad ,-1,2022-10-29,3906,22.05
Jachthavenweg,52.333135,4.855049,Pramenpad richting Boeierspad,Boeierspad richting Pramenpad ,1,2022-10-29,3852,16.58
Jachthavenweg,52.333135,4.855049,Pramenpad richting Boeierspad,Boeierspad richting Pramenpad ,-1,2022-10-30,4870,21.87
Jachthavenweg,52.333135,4.855049,Pramenpad richting Boeierspad,Boeierspad richting Pramenpad ,1,2022-10-30,4439,16.23
Jachthavenweg,52.333135,4.855049,Pramenpad richting Boeierspad,Boeierspad richting Pramenpad ,-1,2022-10-31,3935,23.0
Jachthavenweg,52.333135,4.855049,Pramenpad richting Boeierspad,Boeierspad richting Pramenpad ,1,2022-10-31,3916,17.48
Jachthavenweg,52.333135,4.855049,Pramenpad richting Boeierspad,Boeierspad richting Pramenpad ,-1,2022-11-01,3363,21.48
Jachthavenweg,52.333135,4.855049,Pramenpad richting Boeierspad,Boeierspad richting Pramenpad ,1,2022-11-01,3394,17.9
Jachthavenweg,52.333135,4.855049,Pramenpad richting Boeierspad,Boeierspad richting Pramenpad ,-1,2022-11-02,3748,22.11
Jachthavenweg,52.333135,4.855049,Pramenpad richting Boeierspad,Boeierspad richting Pramenpad ,1,2022-11-02,3775,17.62
Jachthavenweg,52.333135,4.855049,Pramenpad richting Boeierspad,Boeierspad richting Pramenpad ,-1,2022-11-03,3084,22.39
Jachthavenweg,52.333135,4.855049,Pramenpad richting Boeierspad,Boeierspad richting Pramenpad ,1,2022-11-03,3161,18.37
Jachthavenweg,52.333135,4.855049,Pramenpad richting Boeierspad,Boeierspad richting Pramenpad ,-1,2022-11-04,2754,23.14
Jachthavenweg,52.333135,4.855049,Pramenpad richting Boeierspad,Boeierspad richting Pramenpad ,1,2022-11-04,2896,17.83
Jachthavenweg,52.333135,4.855049,Pramenpad richting Boeierspad,Boeierspad richting Pramenpad ,-1,2022-11-05,2896,21.55
Jachthavenweg,52.333135,4.855049,Pramenpad richting Boeierspad,Boeierspad richting Pramenpad ,1,2022-11-05,2848,17.14
Jachthavenweg,52.333135,4.855049,Pramenpad richting Boeierspad,Boeierspad richting Pramenpad ,-1,2022-11-06,1235,21.77
Jachthavenweg,52.333135,4.855049,Pramenpad richting Boeierspad,Boeierspad richting Pramenpad ,1,2022-11-06,1102,18.05
Jachthavenweg,52.333135,4.855049,Pramenpad richting Boeierspad,Boeierspad richting Pramenpad ,-1,2022-11-07,2420,22.17
Jachthavenweg,52.333135,4.855049,Pramenpad richting Boeierspad,Boeierspad richting Pramenpad ,1,2022-11-07,2478,17.92
Jachthavenweg,52.333135,4.855049,Pramenpad richting Boeierspad,Boeierspad richting Pramenpad ,-1,2022-11-08,3407,22.2
Jachthavenweg,52.333135,4.855049,Pramenpad richting Boeierspad,Boeierspad richting Pramenpad ,1,2022-11-08,3457,18.24
Jachthavenweg,52.333135,4.855049,Pramenpad richting Boeierspad,Boeierspad richting Pramenpad ,-1,2022-11-09,3003,22.2
Jachthavenweg,52.333135,4.855049,Pramenpad richting Boeierspad,Boeierspad richting Pramenpad ,1,2022-11-09,3109,17.81
Jachthavenweg,52.333135,4.855049,Pramenpad richting Boeierspad,Boeierspad richting Pramenpad ,-1,2022-11-10,3397,22.38
Jachthavenweg,52.333135,4.855049,Pramenpad richting Boeierspad,Boeierspad richting Pramenpad ,1,2022-11-10,3423,17.94
Jachthavenweg,52.333135,4.855049,Pramenpad richting Boeierspad,Boeierspad richting Pramenpad ,-1,2022-11-11,3205,22.47
Jachthavenweg,52.333135,4.855049,Pramenpad richting Boeierspad,Boeierspad richting Pramenpad ,1,2022-11-11,3330,17.63
Jachthavenweg,52.333135,4.855049,Pramenpad richting Boeierspad,Boeierspad richting Pramenpad ,-1,2022-11-12,3850,21.81
Jachthavenweg,52.333135,4.855049,Pramenpad richting Boeierspad,Boeierspad richting Pramenpad ,1,2022-11-12,3728,16.45
Jachthavenweg,52.333135,4.855049,Pramenpad richting Boeierspad,Boeierspad richting Pramenpad ,-1,2022-11-13,5134,19.51
Jachthavenweg,52.333135,4.855049,Pramenpad richting Boeierspad,Boeierspad richting Pramenpad ,1,2022-11-13,3893,16.21
Jachthavenweg,52.333135,4.855049,Pramenpad richting Boeierspad,Boeierspad richting Pramenpad ,-1,2022-11-14,3595,22.54
Jachthavenweg,52.333135,4.855049,Pramenpad richting Boeierspad,Boeierspad richting Pramenpad ,1,2022-11-14,3609,17.68
Jachthavenweg,52.333135,4.855049,Pramenpad richting Boeierspad,Boeierspad richting Pramenpad ,-1,2022-11-15,3195,22.38
Jachthavenweg,52.333135,4.855049,Pramenpad richting Boeierspad,Boeierspad richting Pramenpad ,1,2022-11-15,3167,18.21
Jachthavenweg,52.333135,4.855049,Pramenpad richting Boeierspad,Boeierspad richting Pramenpad ,-1,2022-11-16,3563,22.47
Jachthavenweg,52.333135,4.855049,Pramenpad richting Boeierspad,Boeierspad richting Pramenpad ,1,2022-11-16,3568,17.63
Jachthavenweg,52.333135,4.855049,Pramenpad richting Boeierspad,Boeierspad richting Pramenpad ,-1,2022-11-17,2116,22.1
Jachthavenweg,52.333135,4.855049,Pramenpad richting Boeierspad,Boeierspad richting Pramenpad ,1,2022-11-17,2060,18.75
Jachthavenweg,52.333135,4.855049,Pramenpad richting Boeierspad,Boeierspad richting Pramenpad ,-1,2022-11-18,2604,22.55
Jachthavenweg,52.333135,4.855049,Pramenpad richting Boeierspad,Boeierspad richting Pramenpad ,1,2022-11-18,2654,18.12
Jachthavenweg,52.333135,4.855049,Pramenpad richting Boeierspad,Boeierspad richting Pramenpad ,-1,2022-11-19,2558,22.02
Jachthavenweg,52.333135,4.855049,Pramenpad richting Boeierspad,Boeierspad richting Pramenpad ,1,2022-11-19,2431,16.8
Jachthavenweg,52.333135,4.855049,Pramenpad richting Boeierspad,Boeierspad richting Pramenpad ,-1,2022-11-20,1234,21.71
Jachthavenweg,52.333135,4.855049,Pramenpad richting Boeierspad,Boeierspad richting Pramenpad ,1,2022-11-20,1244,17.84
Jachthavenweg,52.333135,4.855049,Pramenpad richting Boeierspad,Boeierspad richting Pramenpad ,-1,2022-11-21,2500,22.53
Jachthavenweg,52.333135,4.855049,Pramenpad richting Boeierspad,Boeierspad richting Pramenpad ,1,2022-11-21,2567,18.12
Jachthavenweg,52.333135,4.855049,Pramenpad richting Boeierspad,Boeierspad richting Pramenpad ,-1,2022-11-22,2891,22.17
Jachthavenweg,52.333135,4.855049,Pramenpad richting Boeierspad,Boeierspad richting Pramenpad ,1,2022-11-22,2929,18.47
Jachthavenweg,52.333135,4.855049,Pramenpad richting Boeierspad,Boeierspad richting Pramenpad ,-1,2022-11-23,2813,22.07
Jachthavenweg,52.333135,4.855049,Pramenpad richting Boeierspad,Boeierspad richting Pramenpad ,1,2022-11-23,2787,17.98
Jachthavenweg,52.333135,4.855049,Pramenpad richting Boeierspad,Boeierspad richting Pramenpad ,-1,2022-11-24,3201,22.33
Jachthavenweg,52.333135,4.855049,Pramenpad richting Boeierspad,Boeierspad richting Pramenpad ,1,2022-11-24,3188,18.09
Jachthavenweg,52.333135,4.855049,Pramenpad richting Boeierspad,Boeierspad richting Pramenpad ,-1,2022-11-25,2888,22.52
Jachthavenweg,52.333135,4.855049,Pramenpad richting Boeierspad,Boeierspad richting Pramenpad ,1,2022-11-25,2903,17.61
Jachthavenweg,52.333135,4.855049,Pramenpad richting Boeierspad,Boeierspad richting Pramenpad ,-1,2022-11-26,2717,21.62
Jachthavenweg,52.333135,4.855049,Pramenpad richting Boeierspad,Boeierspad richting Pramenpad ,1,2022-11-26,2618,17.19
Jachthavenweg,52.333135,4.855049,Pramenpad richting Boeierspad,Boeierspad richting Pramenpad ,-1,2022-11-27,1226,21.37
Jachthavenweg,52.333135,4.855049,Pramenpad richting Boeierspad,Boeierspad richting Pramenpad ,1,2022-11-27,1142,17.06
Jachthavenweg,52.333135,4.855049,Pramenpad richting Boeierspad,Boeierspad richting Pramenpad ,-1,2022-11-28,2435,22.9
Jachthavenweg,52.333135,4.855049,Pramenpad richting Boeierspad,Boeierspad richting Pramenpad ,1,2022-11-28,2462,17.63
Jachthavenweg,52.333135,4.855049,Pramenpad richting Boeierspad,Boeierspad richting Pramenpad ,-1,2022-11-29,2952,23.64
Jachthavenweg,52.333135,4.855049,Pramenpad richting Boeierspad,Boeierspad richting Pramenpad ,1,2022-11-29,3035,17.89
Jachthavenweg,52.333135,4.855049,Pramenpad richting Boeierspad,Boeierspad richting Pramenpad ,-1,2022-11-30,3190,23.25
Jachthavenweg,52.333135,4.855049,Pramenpad richting Boeierspad,Boeierspad richting Pramenpad ,1,2022-11-30,3101,17.24
Jachthavenweg,52.333135,4.855049,Pramenpad richting Boeierspad,Boeierspad richting Pramenpad ,-1,2022-12-01,3094,23.69
Jachthavenweg,52.333135,4.855049,Pramenpad richting Boeierspad,Boeierspad richting Pramenpad ,1,2022-12-01,3145,17.4
Jachthavenweg,52.333135,4.855049,Pramenpad richting Boeierspad,Boeierspad richting Pramenpad ,-1,2022-12-02,2556,23.11
Jachthavenweg,52.333135,4.855049,Pramenpad richting Boeierspad,Boeierspad richting Pramenpad ,1,2022-12-02,2718,17.66
Jachthavenweg,52.333135,4.855049,Pramenpad richting Boeierspad,Boeierspad richting Pramenpad ,-1,2022-12-03,1806,22.31
Jachthavenweg,52.333135,4.855049,Pramenpad richting Boeierspad,Boeierspad richting Pramenpad ,1,2022-12-03,1662,17.39
Jachthavenweg,52.333135,4.855049,Pramenpad richting Boeierspad,Boeierspad richting Pramenpad ,-1,2022-12-04,1465,22.34
Jachthavenweg,52.333135,4.855049,Pramenpad richting Boeierspad,Boeierspad richting Pramenpad ,1,2022-12-04,1445,16.99
Jachthavenweg,52.333135,4.855049,Pramenpad richting Boeierspad,Boeierspad richting Pramenpad ,-1,2022-12-05,2445,23.58
Jachthavenweg,52.333135,4.855049,Pramenpad richting Boeierspad,Boeierspad richting Pramenpad ,1,2022-12-05,2503,17.49
Jachthavenweg,52.333135,4.855049,Pramenpad richting Boeierspad,Boeierspad richting Pramenpad ,-1,2022-12-06,2747,23.57
Jachthavenweg,52.333135,4.855049,Pramenpad richting Boeierspad,Boeierspad richting Pramenpad ,1,2022-12-06,2790,17.98
Jachthavenweg,52.333135,4.855049,Pramenpad richting Boeierspad,Boeierspad richting Pramenpad ,-1,2022-12-07,2728,23.4
Jachthavenweg,52.333135,4.855049,Pramenpad richting Boeierspad,Boeierspad richting Pramenpad ,1,2022-12-07,2674,17.64
Jachthavenweg,52.333135,4.855049,Pramenpad richting Boeierspad,Boeierspad richting Pramenpad ,-1,2022-12-08,2307,22.97
Jachthavenweg,52.333135,4.855049,Pramenpad richting Boeierspad,Boeierspad richting Pramenpad ,1,2022-12-08,2449,18.25
Jachthavenweg,52.333135,4.855049,Pramenpad richting Boeierspad,Boeierspad richting Pramenpad ,-1,2022-12-09,2175,22.58
Jachthavenweg,52.333135,4.855049,Pramenpad richting Boeierspad,Boeierspad richting Pramenpad ,1,2022-12-09,2290,17.79
Jachthavenweg,52.333135,4.855049,Pramenpad richting Boeierspad,Boeierspad richting Pramenpad ,-1,2022-12-10,1554,21.56
Jachthavenweg,52.333135,4.855049,Pramenpad richting Boeierspad,Boeierspad richting Pramenpad ,1,2022-12-10,1505,17.5
Jachthavenweg,52.333135,4.855049,Pramenpad richting Boeierspad,Boeierspad richting Pramenpad ,-1,2022-12-11,1484,21.26
Jachthavenweg,52.333135,4.855049,Pramenpad richting Boeierspad,Boeierspad richting Pramenpad ,1,2022-12-11,1524,17.37
Jachthavenweg,52.333135,4.855049,Pramenpad richting Boeierspad,Boeierspad richting Pramenpad ,-1,2022-12-12,2626,22.91
Jachthavenweg,52.333135,4.855049,Pramenpad richting Boeierspad,Boeierspad richting Pramenpad ,1,2022-12-12,2680,17.88
Jachthavenweg,52.333135,4.855049,Pramenpad richting Boeierspad,Boeierspad richting Pramenpad ,-1,2022-12-13,2496,22.6
Jachthavenweg,52.333135,4.855049,Pramenpad richting Boeierspad,Boeierspad richting Pramenpad ,1,2022-12-13,2542,17.84
Jachthavenweg,52.333135,4.855049,Pramenpad richting Boeierspad,Boeierspad richting Pramenpad ,-1,2022-12-14,2429,23.0
Jachthavenweg,52.333135,4.855049,Pramenpad richting Boeierspad,Boeierspad richting Pramenpad ,1,2022-12-14,2489,17.47
Jachthavenweg,52.333135,4.855049,Pramenpad richting Boeierspad,Boeierspad richting Pramenpad ,-1,2022-12-15,2019,22.67
Jachthavenweg,52.333135,4.855049,Pramenpad richting Boeierspad,Boeierspad richting Pramenpad ,1,2022-12-15,2023,17.76
Jachthavenweg,52.333135,4.855049,Pramenpad richting Boeierspad,Boeierspad richting Pramenpad ,-1,2022-12-16,1591,22.41
Jachthavenweg,52.333135,4.855049,Pramenpad richting Boeierspad,Boeierspad richting Pramenpad ,1,2022-12-16,1621,17.27
Jachthavenweg,52.333135,4.855049,Pramenpad richting Boeierspad,Boeierspad richting Pramenpad ,-1,2022-12-17,1394,20.52
Jachthavenweg,52.333135,4.855049,Pramenpad richting Boeierspad,Boeierspad richting Pramenpad ,1,2022-12-17,1255,17.21
Jachthavenweg,52.333135,4.855049,Pramenpad richting Boeierspad,Boeierspad richting Pramenpad ,-1,2022-12-18,1394,20.25
Jachthavenweg,52.333135,4.855049,Pramenpad richting Boeierspad,Boeierspad richting Pramenpad ,1,2022-12-18,1341,16.46
Jachthavenweg,52.333135,4.855049,Pramenpad richting Boeierspad,Boeierspad richting Pramenpad ,-1,2022-12-19,1638,21.86
Jachthavenweg,52.333135,4.855049,Pramenpad richting Boeierspad,Boeierspad richting Pramenpad ,1,2022-12-19,1637,18.41
Jachthavenweg,52.333135,4.855049,Pramenpad richting Boeierspad,Boeierspad richting Pramenpad ,-1,2022-12-20,2051,22.45
Jachthavenweg,52.333135,4.855049,Pramenpad richting Boeierspad,Boeierspad richting Pramenpad ,1,2022-12-20,2114,18.63
Jachthavenweg,52.333135,4.855049,Pramenpad richting Boeierspad,Boeierspad richting Pramenpad ,-1,2022-12-21,2304,22.21
Jachthavenweg,52.333135,4.855049,Pramenpad richting Boeierspad,Boeierspad richting Pramenpad ,1,2022-12-21,2316,18.23
Jachthavenweg,52.333135,4.855049,Pramenpad richting Boeierspad,Boeierspad richting Pramenpad ,-1,2022-12-22,2081,22.96
Jachthavenweg,52.333135,4.855049,Pramenpad richting Boeierspad,Boeierspad richting Pramenpad ,1,2022-12-22,2180,18.4
Jachthavenweg,52.333135,4.855049,Pramenpad richting Boeierspad,Boeierspad richting Pramenpad ,-1,2022-12-23,1341,23.29
Jachthavenweg,52.333135,4.855049,Pramenpad richting Boeierspad,Boeierspad richting Pramenpad ,1,2022-12-23,1418,18.55
Jachthavenweg,52.333135,4.855049,Pramenpad richting Boeierspad,Boeierspad richting Pramenpad ,-1,2022-12-24,1236,22.14
Jachthavenweg,52.333135,4.855049,Pramenpad richting Boeierspad,Boeierspad richting Pramenpad ,1,2022-12-24,1197,17.86
Jachthavenweg,52.333135,4.855049,Pramenpad richting Boeierspad,Boeierspad richting Pramenpad ,-1,2022-12-25,485,22.25
Jachthavenweg,52.333135,4.855049,Pramenpad richting Boeierspad,Boeierspad richting Pramenpad ,1,2022-12-25,466,18.66
Jachthavenweg,52.333135,4.855049,Pramenpad richting Boeierspad,Boeierspad richting Pramenpad ,-1,2022-12-26,780,21.89
Jachthavenweg,52.333135,4.855049,Pramenpad richting Boeierspad,Boeierspad richting Pramenpad ,1,2022-12-26,815,17.2
Jachthavenweg,52.333135,4.855049,Pramenpad richting Boeierspad,Boeierspad richting Pramenpad ,-1,2022-12-27,1445,22.17
Jachthavenweg,52.333135,4.855049,Pramenpad richting Boeierspad,Boeierspad richting Pramenpad ,1,2022-12-27,1528,18.23
Jachthavenweg,52.333135,4.855049,Pramenpad richting Boeierspad,Boeierspad richting Pramenpad ,-1,2022-12-28,1054,21.76
Jachthavenweg,52.333135,4.855049,Pramenpad richting Boeierspad,Boeierspad richting Pramenpad ,1,2022-12-28,1027,19.0
Jachthavenweg,52.333135,4.855049,Pramenpad richting Boeierspad,Boeierspad richting Pramenpad ,-1,2022-12-29,1319,22.09
Jachthavenweg,52.333135,4.855049,Pramenpad richting Boeierspad,Boeierspad richting Pramenpad ,1,2022-12-29,1411,18.63
Jachthavenweg,52.333135,4.855049,Pramenpad richting Boeierspad,Boeierspad richting Pramenpad ,-1,2022-12-30,1122,21.27
Jachthavenweg,52.333135,4.855049,Pramenpad richting Boeierspad,Boeierspad richting Pramenpad ,1,2022-12-30,1161,18.53
Jachthavenweg,52.333135,4.855049,Pramenpad richting Boeierspad,Boeierspad richting Pramenpad ,-1,2022-12-31,636,20.88
Jachthavenweg,52.333135,4.855049,Pramenpad richting Boeierspad,Boeierspad richting Pramenpad ,1,2022-12-31,648,18.35
