location,latitude,longitude,plusdirection,mindirection,direction,datetime,count,speed_mean
Jan de jonghkade 3,52.378658,4.82829,Jan de jonghkade richting Gerbrandypark,Gerbrandypark richting Jan de jonghkade,-1,2022-07-01,407,19.67
Jan de jonghkade 3,52.378658,4.82829,Jan de jonghkade richting Gerbrandypark,Gerbrandypark richting Jan de jonghkade,1,2022-07-01,470,18.32
Jan de jonghkade 3,52.378658,4.82829,Jan de jonghkade richting Gerbrandypark,Gerbrandypark richting Jan de jonghkade,-1,2022-07-02,1500,18.14
Jan de jonghkade 3,52.378658,4.82829,Jan de jonghkade richting Gerbrandypark,Gerbrandypark richting Jan de jonghkade,1,2022-07-02,1498,16.86
Jan de jonghkade 3,52.378658,4.82829,Jan de jonghkade richting Gerbrandypark,Gerbrandypark richting Jan de jonghkade,-1,2022-07-03,1091,18.85
Jan de jonghkade 3,52.378658,4.82829,Jan de jonghkade richting Gerbrandypark,Gerbrandypark richting Jan de jonghkade,1,2022-07-03,1111,17.39
Jan de jonghkade 3,52.378658,4.82829,Jan de jonghkade richting Gerbrandypark,Gerbrandypark richting Jan de jonghkade,-1,2022-07-04,1449,19.38
Jan de jonghkade 3,52.378658,4.82829,Jan de jonghkade richting Gerbrandypark,Gerbrandypark richting Jan de jonghkade,1,2022-07-04,1472,17.47
Jan de jonghkade 3,52.378658,4.82829,Jan de jonghkade richting Gerbrandypark,Gerbrandypark richting Jan de jonghkade,-1,2022-07-05,1508,19.28
Jan de jonghkade 3,52.378658,4.82829,Jan de jonghkade richting Gerbrandypark,Gerbrandypark richting Jan de jonghkade,1,2022-07-05,1568,17.12
Jan de jonghkade 3,52.378658,4.82829,Jan de jonghkade richting Gerbrandypark,Gerbrandypark richting Jan de jonghkade,-1,2022-07-06,1539,19.3
Jan de jonghkade 3,52.378658,4.82829,Jan de jonghkade richting Gerbrandypark,Gerbrandypark richting Jan de jonghkade,1,2022-07-06,1578,17.25
Jan de jonghkade 3,52.378658,4.82829,Jan de jonghkade richting Gerbrandypark,Gerbrandypark richting Jan de jonghkade,-1,2022-07-07,1249,19.62
Jan de jonghkade 3,52.378658,4.82829,Jan de jonghkade richting Gerbrandypark,Gerbrandypark richting Jan de jonghkade,1,2022-07-07,1269,17.14
Jan de jonghkade 3,52.378658,4.82829,Jan de jonghkade richting Gerbrandypark,Gerbrandypark richting Jan de jonghkade,-1,2022-07-08,1644,19.14
Jan de jonghkade 3,52.378658,4.82829,Jan de jonghkade richting Gerbrandypark,Gerbrandypark richting Jan de jonghkade,1,2022-07-08,1581,17.25
Jan de jonghkade 3,52.378658,4.82829,Jan de jonghkade richting Gerbrandypark,Gerbrandypark richting Jan de jonghkade,-1,2022-07-09,1238,18.97
Jan de jonghkade 3,52.378658,4.82829,Jan de jonghkade richting Gerbrandypark,Gerbrandypark richting Jan de jonghkade,1,2022-07-09,1271,17.33
Jan de jonghkade 3,52.378658,4.82829,Jan de jonghkade richting Gerbrandypark,Gerbrandypark richting Jan de jonghkade,-1,2022-07-10,1032,19.0
Jan de jonghkade 3,52.378658,4.82829,Jan de jonghkade richting Gerbrandypark,Gerbrandypark richting Jan de jonghkade,1,2022-07-10,1074,17.39
Jan de jonghkade 3,52.378658,4.82829,Jan de jonghkade richting Gerbrandypark,Gerbrandypark richting Jan de jonghkade,-1,2022-07-11,1410,19.11
Jan de jonghkade 3,52.378658,4.82829,Jan de jonghkade richting Gerbrandypark,Gerbrandypark richting Jan de jonghkade,1,2022-07-11,1389,17.67
Jan de jonghkade 3,52.378658,4.82829,Jan de jonghkade richting Gerbrandypark,Gerbrandypark richting Jan de jonghkade,-1,2022-07-12,1546,19.07
Jan de jonghkade 3,52.378658,4.82829,Jan de jonghkade richting Gerbrandypark,Gerbrandypark richting Jan de jonghkade,1,2022-07-12,1604,17.52
Jan de jonghkade 3,52.378658,4.82829,Jan de jonghkade richting Gerbrandypark,Gerbrandypark richting Jan de jonghkade,-1,2022-07-13,1559,19.29
Jan de jonghkade 3,52.378658,4.82829,Jan de jonghkade richting Gerbrandypark,Gerbrandypark richting Jan de jonghkade,1,2022-07-13,1680,17.35
Jan de jonghkade 3,52.378658,4.82829,Jan de jonghkade richting Gerbrandypark,Gerbrandypark richting Jan de jonghkade,-1,2022-07-14,1526,19.19
Jan de jonghkade 3,52.378658,4.82829,Jan de jonghkade richting Gerbrandypark,Gerbrandypark richting Jan de jonghkade,1,2022-07-14,1572,17.56
Jan de jonghkade 3,52.378658,4.82829,Jan de jonghkade richting Gerbrandypark,Gerbrandypark richting Jan de jonghkade,-1,2022-07-15,1363,19.62
Jan de jonghkade 3,52.378658,4.82829,Jan de jonghkade richting Gerbrandypark,Gerbrandypark richting Jan de jonghkade,1,2022-07-15,1424,17.54
Jan de jonghkade 3,52.378658,4.82829,Jan de jonghkade richting Gerbrandypark,Gerbrandypark richting Jan de jonghkade,-1,2022-07-16,1342,18.5
Jan de jonghkade 3,52.378658,4.82829,Jan de jonghkade richting Gerbrandypark,Gerbrandypark richting Jan de jonghkade,1,2022-07-16,1371,17.05
Jan de jonghkade 3,52.378658,4.82829,Jan de jonghkade richting Gerbrandypark,Gerbrandypark richting Jan de jonghkade,-1,2022-07-17,1068,18.33
Jan de jonghkade 3,52.378658,4.82829,Jan de jonghkade richting Gerbrandypark,Gerbrandypark richting Jan de jonghkade,1,2022-07-17,1133,17.44
Jan de jonghkade 3,52.378658,4.82829,Jan de jonghkade richting Gerbrandypark,Gerbrandypark richting Jan de jonghkade,-1,2022-07-18,1331,19.22
Jan de jonghkade 3,52.378658,4.82829,Jan de jonghkade richting Gerbrandypark,Gerbrandypark richting Jan de jonghkade,1,2022-07-18,1297,17.8
Jan de jonghkade 3,52.378658,4.82829,Jan de jonghkade richting Gerbrandypark,Gerbrandypark richting Jan de jonghkade,-1,2022-07-19,1202,18.56
Jan de jonghkade 3,52.378658,4.82829,Jan de jonghkade richting Gerbrandypark,Gerbrandypark richting Jan de jonghkade,1,2022-07-19,1311,17.96
Jan de jonghkade 3,52.378658,4.82829,Jan de jonghkade richting Gerbrandypark,Gerbrandypark richting Jan de jonghkade,-1,2022-07-20,1275,18.81
Jan de jonghkade 3,52.378658,4.82829,Jan de jonghkade richting Gerbrandypark,Gerbrandypark richting Jan de jonghkade,1,2022-07-20,1342,17.33
Jan de jonghkade 3,52.378658,4.82829,Jan de jonghkade richting Gerbrandypark,Gerbrandypark richting Jan de jonghkade,-1,2022-07-21,814,19.72
Jan de jonghkade 3,52.378658,4.82829,Jan de jonghkade richting Gerbrandypark,Gerbrandypark richting Jan de jonghkade,1,2022-07-21,849,18.29
Jan de jonghkade 3,52.378658,4.82829,Jan de jonghkade richting Gerbrandypark,Gerbrandypark richting Jan de jonghkade,-1,2022-07-22,1247,18.98
Jan de jonghkade 3,52.378658,4.82829,Jan de jonghkade richting Gerbrandypark,Gerbrandypark richting Jan de jonghkade,1,2022-07-22,1352,17.47
Jan de jonghkade 3,52.378658,4.82829,Jan de jonghkade richting Gerbrandypark,Gerbrandypark richting Jan de jonghkade,-1,2022-07-23,1290,18.41
Jan de jonghkade 3,52.378658,4.82829,Jan de jonghkade richting Gerbrandypark,Gerbrandypark richting Jan de jonghkade,1,2022-07-23,1471,17.06
Jan de jonghkade 3,52.378658,4.82829,Jan de jonghkade richting Gerbrandypark,Gerbrandypark richting Jan de jonghkade,-1,2022-07-24,1066,18.32
Jan de jonghkade 3,52.378658,4.82829,Jan de jonghkade richting Gerbrandypark,Gerbrandypark richting Jan de jonghkade,1,2022-07-24,1018,17.62
Jan de jonghkade 3,52.378658,4.82829,Jan de jonghkade richting Gerbrandypark,Gerbrandypark richting Jan de jonghkade,-1,2022-07-25,1038,19.12
Jan de jonghkade 3,52.378658,4.82829,Jan de jonghkade richting Gerbrandypark,Gerbrandypark richting Jan de jonghkade,1,2022-07-25,1089,17.15
Jan de jonghkade 3,52.378658,4.82829,Jan de jonghkade richting Gerbrandypark,Gerbrandypark richting Jan de jonghkade,-1,2022-07-26,1144,19.11
Jan de jonghkade 3,52.378658,4.82829,Jan de jonghkade richting Gerbrandypark,Gerbrandypark richting Jan de jonghkade,1,2022-07-26,1166,17.4
Jan de jonghkade 3,52.378658,4.82829,Jan de jonghkade richting Gerbrandypark,Gerbrandypark richting Jan de jonghkade,-1,2022-07-27,1160,18.86
Jan de jonghkade 3,52.378658,4.82829,Jan de jonghkade richting Gerbrandypark,Gerbrandypark richting Jan de jonghkade,1,2022-07-27,1278,17.84
Jan de jonghkade 3,52.378658,4.82829,Jan de jonghkade richting Gerbrandypark,Gerbrandypark richting Jan de jonghkade,-1,2022-07-28,248,19.9
Jan de jonghkade 3,52.378658,4.82829,Jan de jonghkade richting Gerbrandypark,Gerbrandypark richting Jan de jonghkade,1,2022-07-28,224,18.22
