location,latitude,longitude,plusdirection,mindirection,direction,datetime,count,speed_mean
Jan van Galenstraat,52.37562276,4.866627681,Marcantilaan richting Kop van Jut,Kop van Jut richting Marcantilaan,-1,2022-01-01,3361,16.43
Jan van Galenstraat,52.37562276,4.866627681,Marcantilaan richting Kop van Jut,Kop van Jut richting Marcantilaan,1,2022-01-01,141,11.37
Jan van Galenstraat,52.37562276,4.866627681,Marcantilaan richting Kop van Jut,Kop van Jut richting Marcantilaan,-1,2022-01-02,2584,17.11
Jan van Galenstraat,52.37562276,4.866627681,Marcantilaan richting Kop van Jut,Kop van Jut richting Marcantilaan,1,2022-01-02,114,11.39
Jan van Galenstraat,52.37562276,4.866627681,Marcantilaan richting Kop van Jut,Kop van Jut richting Marcantilaan,-1,2022-01-03,3603,17.18
Jan van Galenstraat,52.37562276,4.866627681,Marcantilaan richting Kop van Jut,Kop van Jut richting Marcantilaan,1,2022-01-03,125,11.88
Jan van Galenstraat,52.37562276,4.866627681,Marcantilaan richting Kop van Jut,Kop van Jut richting Marcantilaan,-1,2022-01-04,3572,16.62
Jan van Galenstraat,52.37562276,4.866627681,Marcantilaan richting Kop van Jut,Kop van Jut richting Marcantilaan,1,2022-01-04,126,12.32
Jan van Galenstraat,52.37562276,4.866627681,Marcantilaan richting Kop van Jut,Kop van Jut richting Marcantilaan,-1,2022-01-05,3256,16.04
Jan van Galenstraat,52.37562276,4.866627681,Marcantilaan richting Kop van Jut,Kop van Jut richting Marcantilaan,1,2022-01-05,85,11.78
Jan van Galenstraat,52.37562276,4.866627681,Marcantilaan richting Kop van Jut,Kop van Jut richting Marcantilaan,-1,2022-01-06,4238,16.88
Jan van Galenstraat,52.37562276,4.866627681,Marcantilaan richting Kop van Jut,Kop van Jut richting Marcantilaan,1,2022-01-06,156,11.96
Jan van Galenstraat,52.37562276,4.866627681,Marcantilaan richting Kop van Jut,Kop van Jut richting Marcantilaan,-1,2022-01-07,3973,16.81
Jan van Galenstraat,52.37562276,4.866627681,Marcantilaan richting Kop van Jut,Kop van Jut richting Marcantilaan,1,2022-01-07,129,12.67
Jan van Galenstraat,52.37562276,4.866627681,Marcantilaan richting Kop van Jut,Kop van Jut richting Marcantilaan,-1,2022-01-08,3175,16.47
Jan van Galenstraat,52.37562276,4.866627681,Marcantilaan richting Kop van Jut,Kop van Jut richting Marcantilaan,1,2022-01-08,122,12.39
Jan van Galenstraat,52.37562276,4.866627681,Marcantilaan richting Kop van Jut,Kop van Jut richting Marcantilaan,-1,2022-01-09,2851,16.73
Jan van Galenstraat,52.37562276,4.866627681,Marcantilaan richting Kop van Jut,Kop van Jut richting Marcantilaan,1,2022-01-09,108,12.42
Jan van Galenstraat,52.37562276,4.866627681,Marcantilaan richting Kop van Jut,Kop van Jut richting Marcantilaan,-1,2022-01-10,4408,16.77
Jan van Galenstraat,52.37562276,4.866627681,Marcantilaan richting Kop van Jut,Kop van Jut richting Marcantilaan,1,2022-01-10,170,12.68
Jan van Galenstraat,52.37562276,4.866627681,Marcantilaan richting Kop van Jut,Kop van Jut richting Marcantilaan,-1,2022-01-11,4650,16.71
Jan van Galenstraat,52.37562276,4.866627681,Marcantilaan richting Kop van Jut,Kop van Jut richting Marcantilaan,1,2022-01-11,187,12.47
Jan van Galenstraat,52.37562276,4.866627681,Marcantilaan richting Kop van Jut,Kop van Jut richting Marcantilaan,-1,2022-01-12,5034,16.69
Jan van Galenstraat,52.37562276,4.866627681,Marcantilaan richting Kop van Jut,Kop van Jut richting Marcantilaan,1,2022-01-12,204,12.01
Jan van Galenstraat,52.37562276,4.866627681,Marcantilaan richting Kop van Jut,Kop van Jut richting Marcantilaan,-1,2022-01-13,5061,16.59
Jan van Galenstraat,52.37562276,4.866627681,Marcantilaan richting Kop van Jut,Kop van Jut richting Marcantilaan,1,2022-01-13,207,11.9
Jan van Galenstraat,52.37562276,4.866627681,Marcantilaan richting Kop van Jut,Kop van Jut richting Marcantilaan,-1,2022-01-14,5380,16.5
Jan van Galenstraat,52.37562276,4.866627681,Marcantilaan richting Kop van Jut,Kop van Jut richting Marcantilaan,1,2022-01-14,204,13.24
Jan van Galenstraat,52.37562276,4.866627681,Marcantilaan richting Kop van Jut,Kop van Jut richting Marcantilaan,-1,2022-01-15,4973,16.65
Jan van Galenstraat,52.37562276,4.866627681,Marcantilaan richting Kop van Jut,Kop van Jut richting Marcantilaan,1,2022-01-15,189,12.62
Jan van Galenstraat,52.37562276,4.866627681,Marcantilaan richting Kop van Jut,Kop van Jut richting Marcantilaan,-1,2022-01-16,3833,17.04
Jan van Galenstraat,52.37562276,4.866627681,Marcantilaan richting Kop van Jut,Kop van Jut richting Marcantilaan,1,2022-01-16,149,11.86
Jan van Galenstraat,52.37562276,4.866627681,Marcantilaan richting Kop van Jut,Kop van Jut richting Marcantilaan,-1,2022-01-17,5150,16.17
Jan van Galenstraat,52.37562276,4.866627681,Marcantilaan richting Kop van Jut,Kop van Jut richting Marcantilaan,1,2022-01-17,234,12.39
Jan van Galenstraat,52.37562276,4.866627681,Marcantilaan richting Kop van Jut,Kop van Jut richting Marcantilaan,-1,2022-01-18,5425,16.65
Jan van Galenstraat,52.37562276,4.866627681,Marcantilaan richting Kop van Jut,Kop van Jut richting Marcantilaan,1,2022-01-18,195,12.85
Jan van Galenstraat,52.37562276,4.866627681,Marcantilaan richting Kop van Jut,Kop van Jut richting Marcantilaan,-1,2022-01-19,5411,16.34
Jan van Galenstraat,52.37562276,4.866627681,Marcantilaan richting Kop van Jut,Kop van Jut richting Marcantilaan,1,2022-01-19,188,12.24
Jan van Galenstraat,52.37562276,4.866627681,Marcantilaan richting Kop van Jut,Kop van Jut richting Marcantilaan,-1,2022-01-20,5171,14.88
Jan van Galenstraat,52.37562276,4.866627681,Marcantilaan richting Kop van Jut,Kop van Jut richting Marcantilaan,1,2022-01-20,172,11.9
Jan van Galenstraat,52.37562276,4.866627681,Marcantilaan richting Kop van Jut,Kop van Jut richting Marcantilaan,-1,2022-01-21,5600,16.06
Jan van Galenstraat,52.37562276,4.866627681,Marcantilaan richting Kop van Jut,Kop van Jut richting Marcantilaan,1,2022-01-21,227,11.93
Jan van Galenstraat,52.37562276,4.866627681,Marcantilaan richting Kop van Jut,Kop van Jut richting Marcantilaan,-1,2022-01-22,5321,16.49
Jan van Galenstraat,52.37562276,4.866627681,Marcantilaan richting Kop van Jut,Kop van Jut richting Marcantilaan,1,2022-01-22,167,12.23
Jan van Galenstraat,52.37562276,4.866627681,Marcantilaan richting Kop van Jut,Kop van Jut richting Marcantilaan,-1,2022-01-23,4287,16.85
Jan van Galenstraat,52.37562276,4.866627681,Marcantilaan richting Kop van Jut,Kop van Jut richting Marcantilaan,1,2022-01-23,156,12.71
Jan van Galenstraat,52.37562276,4.866627681,Marcantilaan richting Kop van Jut,Kop van Jut richting Marcantilaan,-1,2022-01-24,5285,16.35
Jan van Galenstraat,52.37562276,4.866627681,Marcantilaan richting Kop van Jut,Kop van Jut richting Marcantilaan,1,2022-01-24,216,13.11
Jan van Galenstraat,52.37562276,4.866627681,Marcantilaan richting Kop van Jut,Kop van Jut richting Marcantilaan,-1,2022-01-25,5581,16.58
Jan van Galenstraat,52.37562276,4.866627681,Marcantilaan richting Kop van Jut,Kop van Jut richting Marcantilaan,1,2022-01-25,210,12.51
Jan van Galenstraat,52.37562276,4.866627681,Marcantilaan richting Kop van Jut,Kop van Jut richting Marcantilaan,-1,2022-01-26,6302,17.08
Jan van Galenstraat,52.37562276,4.866627681,Marcantilaan richting Kop van Jut,Kop van Jut richting Marcantilaan,1,2022-01-26,236,12.36
Jan van Galenstraat,52.37562276,4.866627681,Marcantilaan richting Kop van Jut,Kop van Jut richting Marcantilaan,-1,2022-01-27,5758,16.66
Jan van Galenstraat,52.37562276,4.866627681,Marcantilaan richting Kop van Jut,Kop van Jut richting Marcantilaan,1,2022-01-27,187,11.57
Jan van Galenstraat,52.37562276,4.866627681,Marcantilaan richting Kop van Jut,Kop van Jut richting Marcantilaan,-1,2022-01-28,6711,16.92
Jan van Galenstraat,52.37562276,4.866627681,Marcantilaan richting Kop van Jut,Kop van Jut richting Marcantilaan,1,2022-01-28,264,12.11
Jan van Galenstraat,52.37562276,4.866627681,Marcantilaan richting Kop van Jut,Kop van Jut richting Marcantilaan,-1,2022-01-29,5689,17.1
Jan van Galenstraat,52.37562276,4.866627681,Marcantilaan richting Kop van Jut,Kop van Jut richting Marcantilaan,1,2022-01-29,170,10.98
Jan van Galenstraat,52.37562276,4.866627681,Marcantilaan richting Kop van Jut,Kop van Jut richting Marcantilaan,-1,2022-01-30,4378,16.45
Jan van Galenstraat,52.37562276,4.866627681,Marcantilaan richting Kop van Jut,Kop van Jut richting Marcantilaan,1,2022-01-30,164,12.21
Jan van Galenstraat,52.37562276,4.866627681,Marcantilaan richting Kop van Jut,Kop van Jut richting Marcantilaan,-1,2022-01-31,3615,14.29
Jan van Galenstraat,52.37562276,4.866627681,Marcantilaan richting Kop van Jut,Kop van Jut richting Marcantilaan,1,2022-01-31,117,11.82
Jan van Galenstraat,52.37562276,4.866627681,Marcantilaan richting Kop van Jut,Kop van Jut richting Marcantilaan,-1,2022-02-01,2130,16.5
Jan van Galenstraat,52.37562276,4.866627681,Marcantilaan richting Kop van Jut,Kop van Jut richting Marcantilaan,1,2022-02-01,48,11.02
Jan van Galenstraat,52.37562276,4.866627681,Marcantilaan richting Kop van Jut,Kop van Jut richting Marcantilaan,-1,2022-02-02,0,
Jan van Galenstraat,52.37562276,4.866627681,Marcantilaan richting Kop van Jut,Kop van Jut richting Marcantilaan,1,2022-02-02,0,
Jan van Galenstraat,52.37562276,4.866627681,Marcantilaan richting Kop van Jut,Kop van Jut richting Marcantilaan,-1,2022-02-03,0,
Jan van Galenstraat,52.37562276,4.866627681,Marcantilaan richting Kop van Jut,Kop van Jut richting Marcantilaan,1,2022-02-03,0,
Jan van Galenstraat,52.37562276,4.866627681,Marcantilaan richting Kop van Jut,Kop van Jut richting Marcantilaan,-1,2022-02-04,0,
Jan van Galenstraat,52.37562276,4.866627681,Marcantilaan richting Kop van Jut,Kop van Jut richting Marcantilaan,1,2022-02-04,0,
Jan van Galenstraat,52.37562276,4.866627681,Marcantilaan richting Kop van Jut,Kop van Jut richting Marcantilaan,-1,2022-02-05,0,
Jan van Galenstraat,52.37562276,4.866627681,Marcantilaan richting Kop van Jut,Kop van Jut richting Marcantilaan,1,2022-02-05,0,
Jan van Galenstraat,52.37562276,4.866627681,Marcantilaan richting Kop van Jut,Kop van Jut richting Marcantilaan,-1,2022-02-06,0,
Jan van Galenstraat,52.37562276,4.866627681,Marcantilaan richting Kop van Jut,Kop van Jut richting Marcantilaan,1,2022-02-06,0,
Jan van Galenstraat,52.37562276,4.866627681,Marcantilaan richting Kop van Jut,Kop van Jut richting Marcantilaan,-1,2022-02-07,0,
Jan van Galenstraat,52.37562276,4.866627681,Marcantilaan richting Kop van Jut,Kop van Jut richting Marcantilaan,1,2022-02-07,0,
Jan van Galenstraat,52.37562276,4.866627681,Marcantilaan richting Kop van Jut,Kop van Jut richting Marcantilaan,-1,2022-02-08,0,
Jan van Galenstraat,52.37562276,4.866627681,Marcantilaan richting Kop van Jut,Kop van Jut richting Marcantilaan,1,2022-02-08,0,
Jan van Galenstraat,52.37562276,4.866627681,Marcantilaan richting Kop van Jut,Kop van Jut richting Marcantilaan,-1,2022-02-09,59,15.27
Jan van Galenstraat,52.37562276,4.866627681,Marcantilaan richting Kop van Jut,Kop van Jut richting Marcantilaan,1,2022-02-09,2345,18.89
Jan van Galenstraat,52.37562276,4.866627681,Marcantilaan richting Kop van Jut,Kop van Jut richting Marcantilaan,-1,2022-02-10,229,15.2
Jan van Galenstraat,52.37562276,4.866627681,Marcantilaan richting Kop van Jut,Kop van Jut richting Marcantilaan,1,2022-02-10,6652,19.18
Jan van Galenstraat,52.37562276,4.866627681,Marcantilaan richting Kop van Jut,Kop van Jut richting Marcantilaan,-1,2022-02-11,235,14.9
Jan van Galenstraat,52.37562276,4.866627681,Marcantilaan richting Kop van Jut,Kop van Jut richting Marcantilaan,1,2022-02-11,7198,17.87
Jan van Galenstraat,52.37562276,4.866627681,Marcantilaan richting Kop van Jut,Kop van Jut richting Marcantilaan,-1,2022-02-12,178,14.98
Jan van Galenstraat,52.37562276,4.866627681,Marcantilaan richting Kop van Jut,Kop van Jut richting Marcantilaan,1,2022-02-12,7132,18.54
Jan van Galenstraat,52.37562276,4.866627681,Marcantilaan richting Kop van Jut,Kop van Jut richting Marcantilaan,-1,2022-02-13,124,14.98
Jan van Galenstraat,52.37562276,4.866627681,Marcantilaan richting Kop van Jut,Kop van Jut richting Marcantilaan,1,2022-02-13,5148,18.5
Jan van Galenstraat,52.37562276,4.866627681,Marcantilaan richting Kop van Jut,Kop van Jut richting Marcantilaan,-1,2022-02-14,195,14.18
Jan van Galenstraat,52.37562276,4.866627681,Marcantilaan richting Kop van Jut,Kop van Jut richting Marcantilaan,1,2022-02-14,6074,19.06
Jan van Galenstraat,52.37562276,4.866627681,Marcantilaan richting Kop van Jut,Kop van Jut richting Marcantilaan,-1,2022-02-15,165,13.48
Jan van Galenstraat,52.37562276,4.866627681,Marcantilaan richting Kop van Jut,Kop van Jut richting Marcantilaan,1,2022-02-15,5569,19.11
Jan van Galenstraat,52.37562276,4.866627681,Marcantilaan richting Kop van Jut,Kop van Jut richting Marcantilaan,-1,2022-02-16,170,13.56
Jan van Galenstraat,52.37562276,4.866627681,Marcantilaan richting Kop van Jut,Kop van Jut richting Marcantilaan,1,2022-02-16,5607,19.28
Jan van Galenstraat,52.37562276,4.866627681,Marcantilaan richting Kop van Jut,Kop van Jut richting Marcantilaan,-1,2022-02-17,181,13.93
Jan van Galenstraat,52.37562276,4.866627681,Marcantilaan richting Kop van Jut,Kop van Jut richting Marcantilaan,1,2022-02-17,5966,19.88
Jan van Galenstraat,52.37562276,4.866627681,Marcantilaan richting Kop van Jut,Kop van Jut richting Marcantilaan,-1,2022-02-18,89,13.57
Jan van Galenstraat,52.37562276,4.866627681,Marcantilaan richting Kop van Jut,Kop van Jut richting Marcantilaan,1,2022-02-18,3107,19.42
Jan van Galenstraat,52.37562276,4.866627681,Marcantilaan richting Kop van Jut,Kop van Jut richting Marcantilaan,-1,2022-02-19,108,13.89
Jan van Galenstraat,52.37562276,4.866627681,Marcantilaan richting Kop van Jut,Kop van Jut richting Marcantilaan,1,2022-02-19,4653,19.33
Jan van Galenstraat,52.37562276,4.866627681,Marcantilaan richting Kop van Jut,Kop van Jut richting Marcantilaan,-1,2022-02-20,79,12.82
Jan van Galenstraat,52.37562276,4.866627681,Marcantilaan richting Kop van Jut,Kop van Jut richting Marcantilaan,1,2022-02-20,2471,19.31
Jan van Galenstraat,52.37562276,4.866627681,Marcantilaan richting Kop van Jut,Kop van Jut richting Marcantilaan,-1,2022-02-21,99,13.82
Jan van Galenstraat,52.37562276,4.866627681,Marcantilaan richting Kop van Jut,Kop van Jut richting Marcantilaan,1,2022-02-21,3736,18.13
Jan van Galenstraat,52.37562276,4.866627681,Marcantilaan richting Kop van Jut,Kop van Jut richting Marcantilaan,-1,2022-02-22,146,14.88
Jan van Galenstraat,52.37562276,4.866627681,Marcantilaan richting Kop van Jut,Kop van Jut richting Marcantilaan,1,2022-02-22,5403,19.07
Jan van Galenstraat,52.37562276,4.866627681,Marcantilaan richting Kop van Jut,Kop van Jut richting Marcantilaan,-1,2022-02-23,162,14.84
Jan van Galenstraat,52.37562276,4.866627681,Marcantilaan richting Kop van Jut,Kop van Jut richting Marcantilaan,1,2022-02-23,6730,19.12
Jan van Galenstraat,52.37562276,4.866627681,Marcantilaan richting Kop van Jut,Kop van Jut richting Marcantilaan,-1,2022-02-24,158,14.78
Jan van Galenstraat,52.37562276,4.866627681,Marcantilaan richting Kop van Jut,Kop van Jut richting Marcantilaan,1,2022-02-24,5228,19.31
Jan van Galenstraat,52.37562276,4.866627681,Marcantilaan richting Kop van Jut,Kop van Jut richting Marcantilaan,-1,2022-02-25,151,14.62
Jan van Galenstraat,52.37562276,4.866627681,Marcantilaan richting Kop van Jut,Kop van Jut richting Marcantilaan,1,2022-02-25,6557,18.17
Jan van Galenstraat,52.37562276,4.866627681,Marcantilaan richting Kop van Jut,Kop van Jut richting Marcantilaan,-1,2022-02-26,216,15.54
Jan van Galenstraat,52.37562276,4.866627681,Marcantilaan richting Kop van Jut,Kop van Jut richting Marcantilaan,1,2022-02-26,6791,18.12
Jan van Galenstraat,52.37562276,4.866627681,Marcantilaan richting Kop van Jut,Kop van Jut richting Marcantilaan,-1,2022-02-27,156,16.73
Jan van Galenstraat,52.37562276,4.866627681,Marcantilaan richting Kop van Jut,Kop van Jut richting Marcantilaan,1,2022-02-27,5610,17.78
Jan van Galenstraat,52.37562276,4.866627681,Marcantilaan richting Kop van Jut,Kop van Jut richting Marcantilaan,-1,2022-02-28,231,15.77
Jan van Galenstraat,52.37562276,4.866627681,Marcantilaan richting Kop van Jut,Kop van Jut richting Marcantilaan,1,2022-02-28,6445,18.54
Jan van Galenstraat,52.37562276,4.866627681,Marcantilaan richting Kop van Jut,Kop van Jut richting Marcantilaan,-1,2022-03-01,200,16.3
Jan van Galenstraat,52.37562276,4.866627681,Marcantilaan richting Kop van Jut,Kop van Jut richting Marcantilaan,1,2022-03-01,6291,18.52
Jan van Galenstraat,52.37562276,4.866627681,Marcantilaan richting Kop van Jut,Kop van Jut richting Marcantilaan,-1,2022-03-02,257,16.98
Jan van Galenstraat,52.37562276,4.866627681,Marcantilaan richting Kop van Jut,Kop van Jut richting Marcantilaan,1,2022-03-02,7410,17.65
Jan van Galenstraat,52.37562276,4.866627681,Marcantilaan richting Kop van Jut,Kop van Jut richting Marcantilaan,-1,2022-03-03,242,16.13
Jan van Galenstraat,52.37562276,4.866627681,Marcantilaan richting Kop van Jut,Kop van Jut richting Marcantilaan,1,2022-03-03,7351,18.12
Jan van Galenstraat,52.37562276,4.866627681,Marcantilaan richting Kop van Jut,Kop van Jut richting Marcantilaan,-1,2022-03-04,253,16.45
Jan van Galenstraat,52.37562276,4.866627681,Marcantilaan richting Kop van Jut,Kop van Jut richting Marcantilaan,1,2022-03-04,7952,17.85
Jan van Galenstraat,52.37562276,4.866627681,Marcantilaan richting Kop van Jut,Kop van Jut richting Marcantilaan,-1,2022-03-05,230,15.57
Jan van Galenstraat,52.37562276,4.866627681,Marcantilaan richting Kop van Jut,Kop van Jut richting Marcantilaan,1,2022-03-05,7139,16.85
Jan van Galenstraat,52.37562276,4.866627681,Marcantilaan richting Kop van Jut,Kop van Jut richting Marcantilaan,-1,2022-03-06,171,15.86
Jan van Galenstraat,52.37562276,4.866627681,Marcantilaan richting Kop van Jut,Kop van Jut richting Marcantilaan,1,2022-03-06,5302,15.47
Jan van Galenstraat,52.37562276,4.866627681,Marcantilaan richting Kop van Jut,Kop van Jut richting Marcantilaan,-1,2022-03-07,233,16.57
Jan van Galenstraat,52.37562276,4.866627681,Marcantilaan richting Kop van Jut,Kop van Jut richting Marcantilaan,1,2022-03-07,6677,17.47
Jan van Galenstraat,52.37562276,4.866627681,Marcantilaan richting Kop van Jut,Kop van Jut richting Marcantilaan,-1,2022-03-08,226,16.41
Jan van Galenstraat,52.37562276,4.866627681,Marcantilaan richting Kop van Jut,Kop van Jut richting Marcantilaan,1,2022-03-08,6953,18.37
Jan van Galenstraat,52.37562276,4.866627681,Marcantilaan richting Kop van Jut,Kop van Jut richting Marcantilaan,-1,2022-03-09,255,16.34
Jan van Galenstraat,52.37562276,4.866627681,Marcantilaan richting Kop van Jut,Kop van Jut richting Marcantilaan,1,2022-03-09,7413,18.77
Jan van Galenstraat,52.37562276,4.866627681,Marcantilaan richting Kop van Jut,Kop van Jut richting Marcantilaan,-1,2022-03-10,234,16.22
Jan van Galenstraat,52.37562276,4.866627681,Marcantilaan richting Kop van Jut,Kop van Jut richting Marcantilaan,1,2022-03-10,7561,18.73
Jan van Galenstraat,52.37562276,4.866627681,Marcantilaan richting Kop van Jut,Kop van Jut richting Marcantilaan,-1,2022-03-11,257,16.25
Jan van Galenstraat,52.37562276,4.866627681,Marcantilaan richting Kop van Jut,Kop van Jut richting Marcantilaan,1,2022-03-11,8135,18.41
Jan van Galenstraat,52.37562276,4.866627681,Marcantilaan richting Kop van Jut,Kop van Jut richting Marcantilaan,-1,2022-03-12,188,15.54
Jan van Galenstraat,52.37562276,4.866627681,Marcantilaan richting Kop van Jut,Kop van Jut richting Marcantilaan,1,2022-03-12,7229,18.55
Jan van Galenstraat,52.37562276,4.866627681,Marcantilaan richting Kop van Jut,Kop van Jut richting Marcantilaan,-1,2022-03-13,164,16.4
Jan van Galenstraat,52.37562276,4.866627681,Marcantilaan richting Kop van Jut,Kop van Jut richting Marcantilaan,1,2022-03-13,5877,18.22
Jan van Galenstraat,52.37562276,4.866627681,Marcantilaan richting Kop van Jut,Kop van Jut richting Marcantilaan,-1,2022-03-14,212,15.2
Jan van Galenstraat,52.37562276,4.866627681,Marcantilaan richting Kop van Jut,Kop van Jut richting Marcantilaan,1,2022-03-14,6886,19.04
Jan van Galenstraat,52.37562276,4.866627681,Marcantilaan richting Kop van Jut,Kop van Jut richting Marcantilaan,-1,2022-03-15,252,16.34
Jan van Galenstraat,52.37562276,4.866627681,Marcantilaan richting Kop van Jut,Kop van Jut richting Marcantilaan,1,2022-03-15,7715,18.66
Jan van Galenstraat,52.37562276,4.866627681,Marcantilaan richting Kop van Jut,Kop van Jut richting Marcantilaan,-1,2022-03-16,293,16.37
Jan van Galenstraat,52.37562276,4.866627681,Marcantilaan richting Kop van Jut,Kop van Jut richting Marcantilaan,1,2022-03-16,8795,17.97
Jan van Galenstraat,52.37562276,4.866627681,Marcantilaan richting Kop van Jut,Kop van Jut richting Marcantilaan,-1,2022-03-17,283,15.0
Jan van Galenstraat,52.37562276,4.866627681,Marcantilaan richting Kop van Jut,Kop van Jut richting Marcantilaan,1,2022-03-17,8601,18.7
Jan van Galenstraat,52.37562276,4.866627681,Marcantilaan richting Kop van Jut,Kop van Jut richting Marcantilaan,-1,2022-03-18,252,16.85
Jan van Galenstraat,52.37562276,4.866627681,Marcantilaan richting Kop van Jut,Kop van Jut richting Marcantilaan,1,2022-03-18,8479,17.32
Jan van Galenstraat,52.37562276,4.866627681,Marcantilaan richting Kop van Jut,Kop van Jut richting Marcantilaan,-1,2022-03-19,211,16.64
Jan van Galenstraat,52.37562276,4.866627681,Marcantilaan richting Kop van Jut,Kop van Jut richting Marcantilaan,1,2022-03-19,7654,16.06
Jan van Galenstraat,52.37562276,4.866627681,Marcantilaan richting Kop van Jut,Kop van Jut richting Marcantilaan,-1,2022-03-20,163,16.36
Jan van Galenstraat,52.37562276,4.866627681,Marcantilaan richting Kop van Jut,Kop van Jut richting Marcantilaan,1,2022-03-20,4985,17.97
Jan van Galenstraat,52.37562276,4.866627681,Marcantilaan richting Kop van Jut,Kop van Jut richting Marcantilaan,-1,2022-03-21,255,16.25
Jan van Galenstraat,52.37562276,4.866627681,Marcantilaan richting Kop van Jut,Kop van Jut richting Marcantilaan,1,2022-03-21,7246,18.61
Jan van Galenstraat,52.37562276,4.866627681,Marcantilaan richting Kop van Jut,Kop van Jut richting Marcantilaan,-1,2022-03-22,236,15.97
Jan van Galenstraat,52.37562276,4.866627681,Marcantilaan richting Kop van Jut,Kop van Jut richting Marcantilaan,1,2022-03-22,7842,18.68
Jan van Galenstraat,52.37562276,4.866627681,Marcantilaan richting Kop van Jut,Kop van Jut richting Marcantilaan,-1,2022-03-23,290,16.78
Jan van Galenstraat,52.37562276,4.866627681,Marcantilaan richting Kop van Jut,Kop van Jut richting Marcantilaan,1,2022-03-23,8149,18.2
Jan van Galenstraat,52.37562276,4.866627681,Marcantilaan richting Kop van Jut,Kop van Jut richting Marcantilaan,-1,2022-03-24,247,16.47
Jan van Galenstraat,52.37562276,4.866627681,Marcantilaan richting Kop van Jut,Kop van Jut richting Marcantilaan,1,2022-03-24,8014,18.25
Jan van Galenstraat,52.37562276,4.866627681,Marcantilaan richting Kop van Jut,Kop van Jut richting Marcantilaan,-1,2022-03-25,239,15.81
Jan van Galenstraat,52.37562276,4.866627681,Marcantilaan richting Kop van Jut,Kop van Jut richting Marcantilaan,1,2022-03-25,8665,17.19
Jan van Galenstraat,52.37562276,4.866627681,Marcantilaan richting Kop van Jut,Kop van Jut richting Marcantilaan,-1,2022-03-26,200,16.24
Jan van Galenstraat,52.37562276,4.866627681,Marcantilaan richting Kop van Jut,Kop van Jut richting Marcantilaan,1,2022-03-26,8193,16.95
Jan van Galenstraat,52.37562276,4.866627681,Marcantilaan richting Kop van Jut,Kop van Jut richting Marcantilaan,-1,2022-03-27,191,16.77
Jan van Galenstraat,52.37562276,4.866627681,Marcantilaan richting Kop van Jut,Kop van Jut richting Marcantilaan,1,2022-03-27,5774,16.73
Jan van Galenstraat,52.37562276,4.866627681,Marcantilaan richting Kop van Jut,Kop van Jut richting Marcantilaan,-1,2022-03-28,266,16.39
Jan van Galenstraat,52.37562276,4.866627681,Marcantilaan richting Kop van Jut,Kop van Jut richting Marcantilaan,1,2022-03-28,7241,17.89
Jan van Galenstraat,52.37562276,4.866627681,Marcantilaan richting Kop van Jut,Kop van Jut richting Marcantilaan,-1,2022-03-29,287,16.74
Jan van Galenstraat,52.37562276,4.866627681,Marcantilaan richting Kop van Jut,Kop van Jut richting Marcantilaan,1,2022-03-29,7661,17.22
Jan van Galenstraat,52.37562276,4.866627681,Marcantilaan richting Kop van Jut,Kop van Jut richting Marcantilaan,-1,2022-03-30,257,16.65
Jan van Galenstraat,52.37562276,4.866627681,Marcantilaan richting Kop van Jut,Kop van Jut richting Marcantilaan,1,2022-03-30,7733,16.98
Jan van Galenstraat,52.37562276,4.866627681,Marcantilaan richting Kop van Jut,Kop van Jut richting Marcantilaan,-1,2022-03-31,196,15.81
Jan van Galenstraat,52.37562276,4.866627681,Marcantilaan richting Kop van Jut,Kop van Jut richting Marcantilaan,1,2022-03-31,6012,15.95
Jan van Galenstraat,52.37562276,4.866627681,Marcantilaan richting Kop van Jut,Kop van Jut richting Marcantilaan,-1,2022-04-01,209,16.72
Jan van Galenstraat,52.37562276,4.866627681,Marcantilaan richting Kop van Jut,Kop van Jut richting Marcantilaan,1,2022-04-01,6420,14.37
Jan van Galenstraat,52.37562276,4.866627681,Marcantilaan richting Kop van Jut,Kop van Jut richting Marcantilaan,-1,2022-04-02,175,15.89
Jan van Galenstraat,52.37562276,4.866627681,Marcantilaan richting Kop van Jut,Kop van Jut richting Marcantilaan,1,2022-04-02,6758,15.39
Jan van Galenstraat,52.37562276,4.866627681,Marcantilaan richting Kop van Jut,Kop van Jut richting Marcantilaan,-1,2022-04-03,135,15.6
Jan van Galenstraat,52.37562276,4.866627681,Marcantilaan richting Kop van Jut,Kop van Jut richting Marcantilaan,1,2022-04-03,4729,18.46
Jan van Galenstraat,52.37562276,4.866627681,Marcantilaan richting Kop van Jut,Kop van Jut richting Marcantilaan,-1,2022-04-04,150,14.61
Jan van Galenstraat,52.37562276,4.866627681,Marcantilaan richting Kop van Jut,Kop van Jut richting Marcantilaan,1,2022-04-04,4544,19.47
Jan van Galenstraat,52.37562276,4.866627681,Marcantilaan richting Kop van Jut,Kop van Jut richting Marcantilaan,-1,2022-04-05,208,15.43
Jan van Galenstraat,52.37562276,4.866627681,Marcantilaan richting Kop van Jut,Kop van Jut richting Marcantilaan,1,2022-04-05,6348,19.51
Jan van Galenstraat,52.37562276,4.866627681,Marcantilaan richting Kop van Jut,Kop van Jut richting Marcantilaan,-1,2022-04-06,197,13.42
Jan van Galenstraat,52.37562276,4.866627681,Marcantilaan richting Kop van Jut,Kop van Jut richting Marcantilaan,1,2022-04-06,6591,19.3
Jan van Galenstraat,52.37562276,4.866627681,Marcantilaan richting Kop van Jut,Kop van Jut richting Marcantilaan,-1,2022-04-07,187,13.51
Jan van Galenstraat,52.37562276,4.866627681,Marcantilaan richting Kop van Jut,Kop van Jut richting Marcantilaan,1,2022-04-07,5748,19.81
Jan van Galenstraat,52.37562276,4.866627681,Marcantilaan richting Kop van Jut,Kop van Jut richting Marcantilaan,-1,2022-04-08,236,15.14
Jan van Galenstraat,52.37562276,4.866627681,Marcantilaan richting Kop van Jut,Kop van Jut richting Marcantilaan,1,2022-04-08,7833,18.6
Jan van Galenstraat,52.37562276,4.866627681,Marcantilaan richting Kop van Jut,Kop van Jut richting Marcantilaan,-1,2022-04-09,156,14.33
Jan van Galenstraat,52.37562276,4.866627681,Marcantilaan richting Kop van Jut,Kop van Jut richting Marcantilaan,1,2022-04-09,6763,17.81
Jan van Galenstraat,52.37562276,4.866627681,Marcantilaan richting Kop van Jut,Kop van Jut richting Marcantilaan,-1,2022-04-10,162,15.39
Jan van Galenstraat,52.37562276,4.866627681,Marcantilaan richting Kop van Jut,Kop van Jut richting Marcantilaan,1,2022-04-10,5557,18.47
Jan van Galenstraat,52.37562276,4.866627681,Marcantilaan richting Kop van Jut,Kop van Jut richting Marcantilaan,-1,2022-04-11,280,16.82
Jan van Galenstraat,52.37562276,4.866627681,Marcantilaan richting Kop van Jut,Kop van Jut richting Marcantilaan,1,2022-04-11,7541,17.86
Jan van Galenstraat,52.37562276,4.866627681,Marcantilaan richting Kop van Jut,Kop van Jut richting Marcantilaan,-1,2022-04-12,242,16.42
Jan van Galenstraat,52.37562276,4.866627681,Marcantilaan richting Kop van Jut,Kop van Jut richting Marcantilaan,1,2022-04-12,8237,18.95
Jan van Galenstraat,52.37562276,4.866627681,Marcantilaan richting Kop van Jut,Kop van Jut richting Marcantilaan,-1,2022-04-13,247,15.47
Jan van Galenstraat,52.37562276,4.866627681,Marcantilaan richting Kop van Jut,Kop van Jut richting Marcantilaan,1,2022-04-13,8320,19.38
Jan van Galenstraat,52.37562276,4.866627681,Marcantilaan richting Kop van Jut,Kop van Jut richting Marcantilaan,-1,2022-04-14,244,15.48
Jan van Galenstraat,52.37562276,4.866627681,Marcantilaan richting Kop van Jut,Kop van Jut richting Marcantilaan,1,2022-04-14,8728,18.71
Jan van Galenstraat,52.37562276,4.866627681,Marcantilaan richting Kop van Jut,Kop van Jut richting Marcantilaan,-1,2022-04-15,232,16.66
Jan van Galenstraat,52.37562276,4.866627681,Marcantilaan richting Kop van Jut,Kop van Jut richting Marcantilaan,1,2022-04-15,7921,17.5
Jan van Galenstraat,52.37562276,4.866627681,Marcantilaan richting Kop van Jut,Kop van Jut richting Marcantilaan,-1,2022-04-16,187,17.34
Jan van Galenstraat,52.37562276,4.866627681,Marcantilaan richting Kop van Jut,Kop van Jut richting Marcantilaan,1,2022-04-16,7658,17.26
Jan van Galenstraat,52.37562276,4.866627681,Marcantilaan richting Kop van Jut,Kop van Jut richting Marcantilaan,-1,2022-04-17,151,16.54
Jan van Galenstraat,52.37562276,4.866627681,Marcantilaan richting Kop van Jut,Kop van Jut richting Marcantilaan,1,2022-04-17,5747,17.71
Jan van Galenstraat,52.37562276,4.866627681,Marcantilaan richting Kop van Jut,Kop van Jut richting Marcantilaan,-1,2022-04-18,149,16.15
Jan van Galenstraat,52.37562276,4.866627681,Marcantilaan richting Kop van Jut,Kop van Jut richting Marcantilaan,1,2022-04-18,5296,18.74
Jan van Galenstraat,52.37562276,4.866627681,Marcantilaan richting Kop van Jut,Kop van Jut richting Marcantilaan,-1,2022-04-19,259,16.83
Jan van Galenstraat,52.37562276,4.866627681,Marcantilaan richting Kop van Jut,Kop van Jut richting Marcantilaan,1,2022-04-19,7909,17.39
Jan van Galenstraat,52.37562276,4.866627681,Marcantilaan richting Kop van Jut,Kop van Jut richting Marcantilaan,-1,2022-04-20,274,17.45
Jan van Galenstraat,52.37562276,4.866627681,Marcantilaan richting Kop van Jut,Kop van Jut richting Marcantilaan,1,2022-04-20,8554,16.84
Jan van Galenstraat,52.37562276,4.866627681,Marcantilaan richting Kop van Jut,Kop van Jut richting Marcantilaan,-1,2022-04-21,296,17.0
Jan van Galenstraat,52.37562276,4.866627681,Marcantilaan richting Kop van Jut,Kop van Jut richting Marcantilaan,1,2022-04-21,8459,16.78
Jan van Galenstraat,52.37562276,4.866627681,Marcantilaan richting Kop van Jut,Kop van Jut richting Marcantilaan,-1,2022-04-22,276,17.28
Jan van Galenstraat,52.37562276,4.866627681,Marcantilaan richting Kop van Jut,Kop van Jut richting Marcantilaan,1,2022-04-22,8987,16.65
Jan van Galenstraat,52.37562276,4.866627681,Marcantilaan richting Kop van Jut,Kop van Jut richting Marcantilaan,-1,2022-04-23,226,16.89
Jan van Galenstraat,52.37562276,4.866627681,Marcantilaan richting Kop van Jut,Kop van Jut richting Marcantilaan,1,2022-04-23,8114,16.53
Jan van Galenstraat,52.37562276,4.866627681,Marcantilaan richting Kop van Jut,Kop van Jut richting Marcantilaan,-1,2022-04-24,152,17.0
Jan van Galenstraat,52.37562276,4.866627681,Marcantilaan richting Kop van Jut,Kop van Jut richting Marcantilaan,1,2022-04-24,6418,15.2
Jan van Galenstraat,52.37562276,4.866627681,Marcantilaan richting Kop van Jut,Kop van Jut richting Marcantilaan,-1,2022-04-25,189,16.77
Jan van Galenstraat,52.37562276,4.866627681,Marcantilaan richting Kop van Jut,Kop van Jut richting Marcantilaan,1,2022-04-25,6326,17.39
Jan van Galenstraat,52.37562276,4.866627681,Marcantilaan richting Kop van Jut,Kop van Jut richting Marcantilaan,-1,2022-04-26,231,16.22
Jan van Galenstraat,52.37562276,4.866627681,Marcantilaan richting Kop van Jut,Kop van Jut richting Marcantilaan,1,2022-04-26,10684,16.67
Jan van Galenstraat,52.37562276,4.866627681,Marcantilaan richting Kop van Jut,Kop van Jut richting Marcantilaan,-1,2022-04-27,217,15.87
Jan van Galenstraat,52.37562276,4.866627681,Marcantilaan richting Kop van Jut,Kop van Jut richting Marcantilaan,1,2022-04-27,9946,16.91
Jan van Galenstraat,52.37562276,4.866627681,Marcantilaan richting Kop van Jut,Kop van Jut richting Marcantilaan,-1,2022-04-28,223,16.22
Jan van Galenstraat,52.37562276,4.866627681,Marcantilaan richting Kop van Jut,Kop van Jut richting Marcantilaan,1,2022-04-28,6594,17.12
Jan van Galenstraat,52.37562276,4.866627681,Marcantilaan richting Kop van Jut,Kop van Jut richting Marcantilaan,-1,2022-04-29,177,16.5
Jan van Galenstraat,52.37562276,4.866627681,Marcantilaan richting Kop van Jut,Kop van Jut richting Marcantilaan,1,2022-04-29,7031,16.52
Jan van Galenstraat,52.37562276,4.866627681,Marcantilaan richting Kop van Jut,Kop van Jut richting Marcantilaan,-1,2022-04-30,157,15.78
Jan van Galenstraat,52.37562276,4.866627681,Marcantilaan richting Kop van Jut,Kop van Jut richting Marcantilaan,1,2022-04-30,7130,17.04
Jan van Galenstraat,52.37562276,4.866627681,Marcantilaan richting Kop van Jut,Kop van Jut richting Marcantilaan,-1,2022-05-01,169,16.2
Jan van Galenstraat,52.37562276,4.866627681,Marcantilaan richting Kop van Jut,Kop van Jut richting Marcantilaan,1,2022-05-01,5445,17.8
Jan van Galenstraat,52.37562276,4.866627681,Marcantilaan richting Kop van Jut,Kop van Jut richting Marcantilaan,-1,2022-05-02,175,16.94
Jan van Galenstraat,52.37562276,4.866627681,Marcantilaan richting Kop van Jut,Kop van Jut richting Marcantilaan,1,2022-05-02,6640,17.65
Jan van Galenstraat,52.37562276,4.866627681,Marcantilaan richting Kop van Jut,Kop van Jut richting Marcantilaan,-1,2022-05-03,198,16.77
Jan van Galenstraat,52.37562276,4.866627681,Marcantilaan richting Kop van Jut,Kop van Jut richting Marcantilaan,1,2022-05-03,6740,17.7
Jan van Galenstraat,52.37562276,4.866627681,Marcantilaan richting Kop van Jut,Kop van Jut richting Marcantilaan,-1,2022-05-04,231,16.2
Jan van Galenstraat,52.37562276,4.866627681,Marcantilaan richting Kop van Jut,Kop van Jut richting Marcantilaan,1,2022-05-04,7482,18.7
Jan van Galenstraat,52.37562276,4.866627681,Marcantilaan richting Kop van Jut,Kop van Jut richting Marcantilaan,-1,2022-05-05,199,16.25
Jan van Galenstraat,52.37562276,4.866627681,Marcantilaan richting Kop van Jut,Kop van Jut richting Marcantilaan,1,2022-05-05,7677,18.47
Jan van Galenstraat,52.37562276,4.866627681,Marcantilaan richting Kop van Jut,Kop van Jut richting Marcantilaan,-1,2022-05-06,208,15.6
Jan van Galenstraat,52.37562276,4.866627681,Marcantilaan richting Kop van Jut,Kop van Jut richting Marcantilaan,1,2022-05-06,7740,19.29
Jan van Galenstraat,52.37562276,4.866627681,Marcantilaan richting Kop van Jut,Kop van Jut richting Marcantilaan,-1,2022-05-07,223,15.35
Jan van Galenstraat,52.37562276,4.866627681,Marcantilaan richting Kop van Jut,Kop van Jut richting Marcantilaan,1,2022-05-07,7427,16.87
Jan van Galenstraat,52.37562276,4.866627681,Marcantilaan richting Kop van Jut,Kop van Jut richting Marcantilaan,-1,2022-05-08,146,16.84
Jan van Galenstraat,52.37562276,4.866627681,Marcantilaan richting Kop van Jut,Kop van Jut richting Marcantilaan,1,2022-05-08,5816,16.55
Jan van Galenstraat,52.37562276,4.866627681,Marcantilaan richting Kop van Jut,Kop van Jut richting Marcantilaan,-1,2022-05-09,280,15.99
Jan van Galenstraat,52.37562276,4.866627681,Marcantilaan richting Kop van Jut,Kop van Jut richting Marcantilaan,1,2022-05-09,7913,18.93
Jan van Galenstraat,52.37562276,4.866627681,Marcantilaan richting Kop van Jut,Kop van Jut richting Marcantilaan,-1,2022-05-10,251,15.14
Jan van Galenstraat,52.37562276,4.866627681,Marcantilaan richting Kop van Jut,Kop van Jut richting Marcantilaan,1,2022-05-10,7923,19.34
Jan van Galenstraat,52.37562276,4.866627681,Marcantilaan richting Kop van Jut,Kop van Jut richting Marcantilaan,-1,2022-05-11,252,14.79
Jan van Galenstraat,52.37562276,4.866627681,Marcantilaan richting Kop van Jut,Kop van Jut richting Marcantilaan,1,2022-05-11,8223,19.54
Jan van Galenstraat,52.37562276,4.866627681,Marcantilaan richting Kop van Jut,Kop van Jut richting Marcantilaan,-1,2022-05-12,298,14.93
Jan van Galenstraat,52.37562276,4.866627681,Marcantilaan richting Kop van Jut,Kop van Jut richting Marcantilaan,1,2022-05-12,8561,19.48
Jan van Galenstraat,52.37562276,4.866627681,Marcantilaan richting Kop van Jut,Kop van Jut richting Marcantilaan,-1,2022-05-13,270,15.17
Jan van Galenstraat,52.37562276,4.866627681,Marcantilaan richting Kop van Jut,Kop van Jut richting Marcantilaan,1,2022-05-13,8707,19.4
Jan van Galenstraat,52.37562276,4.866627681,Marcantilaan richting Kop van Jut,Kop van Jut richting Marcantilaan,-1,2022-05-14,224,15.83
Jan van Galenstraat,52.37562276,4.866627681,Marcantilaan richting Kop van Jut,Kop van Jut richting Marcantilaan,1,2022-05-14,8245,18.19
Jan van Galenstraat,52.37562276,4.866627681,Marcantilaan richting Kop van Jut,Kop van Jut richting Marcantilaan,-1,2022-05-15,207,16.71
Jan van Galenstraat,52.37562276,4.866627681,Marcantilaan richting Kop van Jut,Kop van Jut richting Marcantilaan,1,2022-05-15,6720,17.08
Jan van Galenstraat,52.37562276,4.866627681,Marcantilaan richting Kop van Jut,Kop van Jut richting Marcantilaan,-1,2022-05-16,265,15.22
Jan van Galenstraat,52.37562276,4.866627681,Marcantilaan richting Kop van Jut,Kop van Jut richting Marcantilaan,1,2022-05-16,7784,19.0
Jan van Galenstraat,52.37562276,4.866627681,Marcantilaan richting Kop van Jut,Kop van Jut richting Marcantilaan,-1,2022-05-17,292,16.7
Jan van Galenstraat,52.37562276,4.866627681,Marcantilaan richting Kop van Jut,Kop van Jut richting Marcantilaan,1,2022-05-17,8540,18.45
Jan van Galenstraat,52.37562276,4.866627681,Marcantilaan richting Kop van Jut,Kop van Jut richting Marcantilaan,-1,2022-05-18,260,15.73
Jan van Galenstraat,52.37562276,4.866627681,Marcantilaan richting Kop van Jut,Kop van Jut richting Marcantilaan,1,2022-05-18,8919,18.64
Jan van Galenstraat,52.37562276,4.866627681,Marcantilaan richting Kop van Jut,Kop van Jut richting Marcantilaan,-1,2022-05-19,242,15.36
Jan van Galenstraat,52.37562276,4.866627681,Marcantilaan richting Kop van Jut,Kop van Jut richting Marcantilaan,1,2022-05-19,7785,19.11
Jan van Galenstraat,52.37562276,4.866627681,Marcantilaan richting Kop van Jut,Kop van Jut richting Marcantilaan,-1,2022-05-20,255,16.1
Jan van Galenstraat,52.37562276,4.866627681,Marcantilaan richting Kop van Jut,Kop van Jut richting Marcantilaan,1,2022-05-20,7363,18.54
Jan van Galenstraat,52.37562276,4.866627681,Marcantilaan richting Kop van Jut,Kop van Jut richting Marcantilaan,-1,2022-05-21,210,14.55
Jan van Galenstraat,52.37562276,4.866627681,Marcantilaan richting Kop van Jut,Kop van Jut richting Marcantilaan,1,2022-05-21,7917,18.62
Jan van Galenstraat,52.37562276,4.866627681,Marcantilaan richting Kop van Jut,Kop van Jut richting Marcantilaan,-1,2022-05-22,201,16.14
Jan van Galenstraat,52.37562276,4.866627681,Marcantilaan richting Kop van Jut,Kop van Jut richting Marcantilaan,1,2022-05-22,6499,18.24
Jan van Galenstraat,52.37562276,4.866627681,Marcantilaan richting Kop van Jut,Kop van Jut richting Marcantilaan,-1,2022-05-23,196,15.87
Jan van Galenstraat,52.37562276,4.866627681,Marcantilaan richting Kop van Jut,Kop van Jut richting Marcantilaan,1,2022-05-23,6616,18.36
Jan van Galenstraat,52.37562276,4.866627681,Marcantilaan richting Kop van Jut,Kop van Jut richting Marcantilaan,-1,2022-05-24,238,15.12
Jan van Galenstraat,52.37562276,4.866627681,Marcantilaan richting Kop van Jut,Kop van Jut richting Marcantilaan,1,2022-05-24,7415,19.31
Jan van Galenstraat,52.37562276,4.866627681,Marcantilaan richting Kop van Jut,Kop van Jut richting Marcantilaan,-1,2022-05-25,221,14.58
Jan van Galenstraat,52.37562276,4.866627681,Marcantilaan richting Kop van Jut,Kop van Jut richting Marcantilaan,1,2022-05-25,8293,19.28
Jan van Galenstraat,52.37562276,4.866627681,Marcantilaan richting Kop van Jut,Kop van Jut richting Marcantilaan,-1,2022-05-26,234,14.88
Jan van Galenstraat,52.37562276,4.866627681,Marcantilaan richting Kop van Jut,Kop van Jut richting Marcantilaan,1,2022-05-26,7306,19.07
Jan van Galenstraat,52.37562276,4.866627681,Marcantilaan richting Kop van Jut,Kop van Jut richting Marcantilaan,-1,2022-05-27,194,15.6
Jan van Galenstraat,52.37562276,4.866627681,Marcantilaan richting Kop van Jut,Kop van Jut richting Marcantilaan,1,2022-05-27,8004,18.24
Jan van Galenstraat,52.37562276,4.866627681,Marcantilaan richting Kop van Jut,Kop van Jut richting Marcantilaan,-1,2022-05-28,210,14.38
Jan van Galenstraat,52.37562276,4.866627681,Marcantilaan richting Kop van Jut,Kop van Jut richting Marcantilaan,1,2022-05-28,7909,16.29
Jan van Galenstraat,52.37562276,4.866627681,Marcantilaan richting Kop van Jut,Kop van Jut richting Marcantilaan,-1,2022-05-29,159,15.52
Jan van Galenstraat,52.37562276,4.866627681,Marcantilaan richting Kop van Jut,Kop van Jut richting Marcantilaan,1,2022-05-29,5501,16.37
Jan van Galenstraat,52.37562276,4.866627681,Marcantilaan richting Kop van Jut,Kop van Jut richting Marcantilaan,-1,2022-05-30,286,15.94
Jan van Galenstraat,52.37562276,4.866627681,Marcantilaan richting Kop van Jut,Kop van Jut richting Marcantilaan,1,2022-05-30,7331,18.9
Jan van Galenstraat,52.37562276,4.866627681,Marcantilaan richting Kop van Jut,Kop van Jut richting Marcantilaan,-1,2022-05-31,260,16.15
Jan van Galenstraat,52.37562276,4.866627681,Marcantilaan richting Kop van Jut,Kop van Jut richting Marcantilaan,1,2022-05-31,7585,19.04
Jan van Galenstraat,52.37562276,4.866627681,Marcantilaan richting Kop van Jut,Kop van Jut richting Marcantilaan,-1,2022-06-01,259,15.17
Jan van Galenstraat,52.37562276,4.866627681,Marcantilaan richting Kop van Jut,Kop van Jut richting Marcantilaan,1,2022-06-01,8253,18.81
Jan van Galenstraat,52.37562276,4.866627681,Marcantilaan richting Kop van Jut,Kop van Jut richting Marcantilaan,-1,2022-06-02,276,15.84
Jan van Galenstraat,52.37562276,4.866627681,Marcantilaan richting Kop van Jut,Kop van Jut richting Marcantilaan,1,2022-06-02,8602,17.9
Jan van Galenstraat,52.37562276,4.866627681,Marcantilaan richting Kop van Jut,Kop van Jut richting Marcantilaan,-1,2022-06-03,283,16.78
Jan van Galenstraat,52.37562276,4.866627681,Marcantilaan richting Kop van Jut,Kop van Jut richting Marcantilaan,1,2022-06-03,9124,16.74
Jan van Galenstraat,52.37562276,4.866627681,Marcantilaan richting Kop van Jut,Kop van Jut richting Marcantilaan,-1,2022-06-04,241,15.98
Jan van Galenstraat,52.37562276,4.866627681,Marcantilaan richting Kop van Jut,Kop van Jut richting Marcantilaan,1,2022-06-04,7743,15.43
Jan van Galenstraat,52.37562276,4.866627681,Marcantilaan richting Kop van Jut,Kop van Jut richting Marcantilaan,-1,2022-06-05,130,17.2
Jan van Galenstraat,52.37562276,4.866627681,Marcantilaan richting Kop van Jut,Kop van Jut richting Marcantilaan,1,2022-06-05,4561,17.55
Jan van Galenstraat,52.37562276,4.866627681,Marcantilaan richting Kop van Jut,Kop van Jut richting Marcantilaan,-1,2022-06-06,144,15.79
Jan van Galenstraat,52.37562276,4.866627681,Marcantilaan richting Kop van Jut,Kop van Jut richting Marcantilaan,1,2022-06-06,4081,19.2
Jan van Galenstraat,52.37562276,4.866627681,Marcantilaan richting Kop van Jut,Kop van Jut richting Marcantilaan,-1,2022-06-07,230,15.07
Jan van Galenstraat,52.37562276,4.866627681,Marcantilaan richting Kop van Jut,Kop van Jut richting Marcantilaan,1,2022-06-07,7927,19.13
Jan van Galenstraat,52.37562276,4.866627681,Marcantilaan richting Kop van Jut,Kop van Jut richting Marcantilaan,-1,2022-06-08,240,14.91
Jan van Galenstraat,52.37562276,4.866627681,Marcantilaan richting Kop van Jut,Kop van Jut richting Marcantilaan,1,2022-06-08,7183,19.16
Jan van Galenstraat,52.37562276,4.866627681,Marcantilaan richting Kop van Jut,Kop van Jut richting Marcantilaan,-1,2022-06-09,286,15.05
Jan van Galenstraat,52.37562276,4.866627681,Marcantilaan richting Kop van Jut,Kop van Jut richting Marcantilaan,1,2022-06-09,8676,18.91
Jan van Galenstraat,52.37562276,4.866627681,Marcantilaan richting Kop van Jut,Kop van Jut richting Marcantilaan,-1,2022-06-10,286,14.51
Jan van Galenstraat,52.37562276,4.866627681,Marcantilaan richting Kop van Jut,Kop van Jut richting Marcantilaan,1,2022-06-10,8550,19.2
Jan van Galenstraat,52.37562276,4.866627681,Marcantilaan richting Kop van Jut,Kop van Jut richting Marcantilaan,-1,2022-06-11,210,14.73
Jan van Galenstraat,52.37562276,4.866627681,Marcantilaan richting Kop van Jut,Kop van Jut richting Marcantilaan,1,2022-06-11,8171,18.82
Jan van Galenstraat,52.37562276,4.866627681,Marcantilaan richting Kop van Jut,Kop van Jut richting Marcantilaan,-1,2022-06-12,175,14.78
Jan van Galenstraat,52.37562276,4.866627681,Marcantilaan richting Kop van Jut,Kop van Jut richting Marcantilaan,1,2022-06-12,6665,18.46
Jan van Galenstraat,52.37562276,4.866627681,Marcantilaan richting Kop van Jut,Kop van Jut richting Marcantilaan,-1,2022-06-13,282,15.28
Jan van Galenstraat,52.37562276,4.866627681,Marcantilaan richting Kop van Jut,Kop van Jut richting Marcantilaan,1,2022-06-13,7762,17.65
Jan van Galenstraat,52.37562276,4.866627681,Marcantilaan richting Kop van Jut,Kop van Jut richting Marcantilaan,-1,2022-06-14,313,15.96
Jan van Galenstraat,52.37562276,4.866627681,Marcantilaan richting Kop van Jut,Kop van Jut richting Marcantilaan,1,2022-06-14,8495,18.38
Jan van Galenstraat,52.37562276,4.866627681,Marcantilaan richting Kop van Jut,Kop van Jut richting Marcantilaan,-1,2022-06-15,334,16.71
Jan van Galenstraat,52.37562276,4.866627681,Marcantilaan richting Kop van Jut,Kop van Jut richting Marcantilaan,1,2022-06-15,9075,17.48
Jan van Galenstraat,52.37562276,4.866627681,Marcantilaan richting Kop van Jut,Kop van Jut richting Marcantilaan,-1,2022-06-16,329,16.25
Jan van Galenstraat,52.37562276,4.866627681,Marcantilaan richting Kop van Jut,Kop van Jut richting Marcantilaan,1,2022-06-16,8974,18.32
Jan van Galenstraat,52.37562276,4.866627681,Marcantilaan richting Kop van Jut,Kop van Jut richting Marcantilaan,-1,2022-06-17,278,14.77
Jan van Galenstraat,52.37562276,4.866627681,Marcantilaan richting Kop van Jut,Kop van Jut richting Marcantilaan,1,2022-06-17,8940,19.16
Jan van Galenstraat,52.37562276,4.866627681,Marcantilaan richting Kop van Jut,Kop van Jut richting Marcantilaan,-1,2022-06-18,272,15.64
Jan van Galenstraat,52.37562276,4.866627681,Marcantilaan richting Kop van Jut,Kop van Jut richting Marcantilaan,1,2022-06-18,8327,16.57
Jan van Galenstraat,52.37562276,4.866627681,Marcantilaan richting Kop van Jut,Kop van Jut richting Marcantilaan,-1,2022-06-19,242,15.43
Jan van Galenstraat,52.37562276,4.866627681,Marcantilaan richting Kop van Jut,Kop van Jut richting Marcantilaan,1,2022-06-19,6281,16.15
Jan van Galenstraat,52.37562276,4.866627681,Marcantilaan richting Kop van Jut,Kop van Jut richting Marcantilaan,-1,2022-06-20,332,15.19
Jan van Galenstraat,52.37562276,4.866627681,Marcantilaan richting Kop van Jut,Kop van Jut richting Marcantilaan,1,2022-06-20,7958,16.81
Jan van Galenstraat,52.37562276,4.866627681,Marcantilaan richting Kop van Jut,Kop van Jut richting Marcantilaan,-1,2022-06-21,275,16.6
Jan van Galenstraat,52.37562276,4.866627681,Marcantilaan richting Kop van Jut,Kop van Jut richting Marcantilaan,1,2022-06-21,8683,18.37
Jan van Galenstraat,52.37562276,4.866627681,Marcantilaan richting Kop van Jut,Kop van Jut richting Marcantilaan,-1,2022-06-22,274,16.06
Jan van Galenstraat,52.37562276,4.866627681,Marcantilaan richting Kop van Jut,Kop van Jut richting Marcantilaan,1,2022-06-22,8819,17.52
Jan van Galenstraat,52.37562276,4.866627681,Marcantilaan richting Kop van Jut,Kop van Jut richting Marcantilaan,-1,2022-06-23,295,16.04
Jan van Galenstraat,52.37562276,4.866627681,Marcantilaan richting Kop van Jut,Kop van Jut richting Marcantilaan,1,2022-06-23,9060,18.59
Jan van Galenstraat,52.37562276,4.866627681,Marcantilaan richting Kop van Jut,Kop van Jut richting Marcantilaan,-1,2022-06-24,233,15.3
Jan van Galenstraat,52.37562276,4.866627681,Marcantilaan richting Kop van Jut,Kop van Jut richting Marcantilaan,1,2022-06-24,8195,19.08
Jan van Galenstraat,52.37562276,4.866627681,Marcantilaan richting Kop van Jut,Kop van Jut richting Marcantilaan,-1,2022-06-25,216,15.25
Jan van Galenstraat,52.37562276,4.866627681,Marcantilaan richting Kop van Jut,Kop van Jut richting Marcantilaan,1,2022-06-25,7278,18.57
Jan van Galenstraat,52.37562276,4.866627681,Marcantilaan richting Kop van Jut,Kop van Jut richting Marcantilaan,-1,2022-06-26,203,16.01
Jan van Galenstraat,52.37562276,4.866627681,Marcantilaan richting Kop van Jut,Kop van Jut richting Marcantilaan,1,2022-06-26,6080,18.86
Jan van Galenstraat,52.37562276,4.866627681,Marcantilaan richting Kop van Jut,Kop van Jut richting Marcantilaan,-1,2022-06-27,233,15.78
Jan van Galenstraat,52.37562276,4.866627681,Marcantilaan richting Kop van Jut,Kop van Jut richting Marcantilaan,1,2022-06-27,7243,19.08
Jan van Galenstraat,52.37562276,4.866627681,Marcantilaan richting Kop van Jut,Kop van Jut richting Marcantilaan,-1,2022-06-28,289,15.33
Jan van Galenstraat,52.37562276,4.866627681,Marcantilaan richting Kop van Jut,Kop van Jut richting Marcantilaan,1,2022-06-28,8685,18.88
Jan van Galenstraat,52.37562276,4.866627681,Marcantilaan richting Kop van Jut,Kop van Jut richting Marcantilaan,-1,2022-06-29,293,15.66
Jan van Galenstraat,52.37562276,4.866627681,Marcantilaan richting Kop van Jut,Kop van Jut richting Marcantilaan,1,2022-06-29,9001,18.59
Jan van Galenstraat,52.37562276,4.866627681,Marcantilaan richting Kop van Jut,Kop van Jut richting Marcantilaan,-1,2022-06-30,296,15.42
Jan van Galenstraat,52.37562276,4.866627681,Marcantilaan richting Kop van Jut,Kop van Jut richting Marcantilaan,1,2022-06-30,8067,18.72
Jan van Galenstraat,52.37562276,4.866627681,Marcantilaan richting Kop van Jut,Kop van Jut richting Marcantilaan,-1,2022-07-01,231,14.7
Jan van Galenstraat,52.37562276,4.866627681,Marcantilaan richting Kop van Jut,Kop van Jut richting Marcantilaan,1,2022-07-01,8386,19.05
Jan van Galenstraat,52.37562276,4.866627681,Marcantilaan richting Kop van Jut,Kop van Jut richting Marcantilaan,-1,2022-07-02,262,15.08
Jan van Galenstraat,52.37562276,4.866627681,Marcantilaan richting Kop van Jut,Kop van Jut richting Marcantilaan,1,2022-07-02,7782,18.7
Jan van Galenstraat,52.37562276,4.866627681,Marcantilaan richting Kop van Jut,Kop van Jut richting Marcantilaan,-1,2022-07-03,180,15.45
Jan van Galenstraat,52.37562276,4.866627681,Marcantilaan richting Kop van Jut,Kop van Jut richting Marcantilaan,1,2022-07-03,5788,18.77
Jan van Galenstraat,52.37562276,4.866627681,Marcantilaan richting Kop van Jut,Kop van Jut richting Marcantilaan,-1,2022-07-04,269,15.04
Jan van Galenstraat,52.37562276,4.866627681,Marcantilaan richting Kop van Jut,Kop van Jut richting Marcantilaan,1,2022-07-04,7877,19.1
Jan van Galenstraat,52.37562276,4.866627681,Marcantilaan richting Kop van Jut,Kop van Jut richting Marcantilaan,-1,2022-07-05,264,14.85
Jan van Galenstraat,52.37562276,4.866627681,Marcantilaan richting Kop van Jut,Kop van Jut richting Marcantilaan,1,2022-07-05,8524,18.11
Jan van Galenstraat,52.37562276,4.866627681,Marcantilaan richting Kop van Jut,Kop van Jut richting Marcantilaan,-1,2022-07-06,267,14.76
Jan van Galenstraat,52.37562276,4.866627681,Marcantilaan richting Kop van Jut,Kop van Jut richting Marcantilaan,1,2022-07-06,8419,18.86
Jan van Galenstraat,52.37562276,4.866627681,Marcantilaan richting Kop van Jut,Kop van Jut richting Marcantilaan,-1,2022-07-07,215,14.74
Jan van Galenstraat,52.37562276,4.866627681,Marcantilaan richting Kop van Jut,Kop van Jut richting Marcantilaan,1,2022-07-07,7740,16.24
Jan van Galenstraat,52.37562276,4.866627681,Marcantilaan richting Kop van Jut,Kop van Jut richting Marcantilaan,-1,2022-07-08,275,15.5
Jan van Galenstraat,52.37562276,4.866627681,Marcantilaan richting Kop van Jut,Kop van Jut richting Marcantilaan,1,2022-07-08,8449,18.64
Jan van Galenstraat,52.37562276,4.866627681,Marcantilaan richting Kop van Jut,Kop van Jut richting Marcantilaan,-1,2022-07-09,181,15.18
Jan van Galenstraat,52.37562276,4.866627681,Marcantilaan richting Kop van Jut,Kop van Jut richting Marcantilaan,1,2022-07-09,7076,16.35
Jan van Galenstraat,52.37562276,4.866627681,Marcantilaan richting Kop van Jut,Kop van Jut richting Marcantilaan,-1,2022-07-10,168,15.42
Jan van Galenstraat,52.37562276,4.866627681,Marcantilaan richting Kop van Jut,Kop van Jut richting Marcantilaan,1,2022-07-10,5477,18.1
Jan van Galenstraat,52.37562276,4.866627681,Marcantilaan richting Kop van Jut,Kop van Jut richting Marcantilaan,-1,2022-07-11,274,16.0
Jan van Galenstraat,52.37562276,4.866627681,Marcantilaan richting Kop van Jut,Kop van Jut richting Marcantilaan,1,2022-07-11,7684,17.7
Jan van Galenstraat,52.37562276,4.866627681,Marcantilaan richting Kop van Jut,Kop van Jut richting Marcantilaan,-1,2022-07-12,288,14.92
Jan van Galenstraat,52.37562276,4.866627681,Marcantilaan richting Kop van Jut,Kop van Jut richting Marcantilaan,1,2022-07-12,8354,19.06
Jan van Galenstraat,52.37562276,4.866627681,Marcantilaan richting Kop van Jut,Kop van Jut richting Marcantilaan,-1,2022-07-13,271,14.89
Jan van Galenstraat,52.37562276,4.866627681,Marcantilaan richting Kop van Jut,Kop van Jut richting Marcantilaan,1,2022-07-13,8677,18.13
Jan van Galenstraat,52.37562276,4.866627681,Marcantilaan richting Kop van Jut,Kop van Jut richting Marcantilaan,-1,2022-07-14,246,16.14
Jan van Galenstraat,52.37562276,4.866627681,Marcantilaan richting Kop van Jut,Kop van Jut richting Marcantilaan,1,2022-07-14,8786,17.68
Jan van Galenstraat,52.37562276,4.866627681,Marcantilaan richting Kop van Jut,Kop van Jut richting Marcantilaan,-1,2022-07-15,232,15.24
Jan van Galenstraat,52.37562276,4.866627681,Marcantilaan richting Kop van Jut,Kop van Jut richting Marcantilaan,1,2022-07-15,8496,18.8
Jan van Galenstraat,52.37562276,4.866627681,Marcantilaan richting Kop van Jut,Kop van Jut richting Marcantilaan,-1,2022-07-16,194,16.02
Jan van Galenstraat,52.37562276,4.866627681,Marcantilaan richting Kop van Jut,Kop van Jut richting Marcantilaan,1,2022-07-16,7600,16.87
Jan van Galenstraat,52.37562276,4.866627681,Marcantilaan richting Kop van Jut,Kop van Jut richting Marcantilaan,-1,2022-07-17,189,16.51
Jan van Galenstraat,52.37562276,4.866627681,Marcantilaan richting Kop van Jut,Kop van Jut richting Marcantilaan,1,2022-07-17,6194,17.95
Jan van Galenstraat,52.37562276,4.866627681,Marcantilaan richting Kop van Jut,Kop van Jut richting Marcantilaan,-1,2022-07-18,210,15.66
Jan van Galenstraat,52.37562276,4.866627681,Marcantilaan richting Kop van Jut,Kop van Jut richting Marcantilaan,1,2022-07-18,7183,18.88
Jan van Galenstraat,52.37562276,4.866627681,Marcantilaan richting Kop van Jut,Kop van Jut richting Marcantilaan,-1,2022-07-19,186,15.77
Jan van Galenstraat,52.37562276,4.866627681,Marcantilaan richting Kop van Jut,Kop van Jut richting Marcantilaan,1,2022-07-19,6911,18.89
Jan van Galenstraat,52.37562276,4.866627681,Marcantilaan richting Kop van Jut,Kop van Jut richting Marcantilaan,-1,2022-07-20,183,15.1
Jan van Galenstraat,52.37562276,4.866627681,Marcantilaan richting Kop van Jut,Kop van Jut richting Marcantilaan,1,2022-07-20,7236,19.25
Jan van Galenstraat,52.37562276,4.866627681,Marcantilaan richting Kop van Jut,Kop van Jut richting Marcantilaan,-1,2022-07-21,128,15.05
Jan van Galenstraat,52.37562276,4.866627681,Marcantilaan richting Kop van Jut,Kop van Jut richting Marcantilaan,1,2022-07-21,5740,18.09
Jan van Galenstraat,52.37562276,4.866627681,Marcantilaan richting Kop van Jut,Kop van Jut richting Marcantilaan,-1,2022-07-22,185,15.99
Jan van Galenstraat,52.37562276,4.866627681,Marcantilaan richting Kop van Jut,Kop van Jut richting Marcantilaan,1,2022-07-22,7419,17.64
Jan van Galenstraat,52.37562276,4.866627681,Marcantilaan richting Kop van Jut,Kop van Jut richting Marcantilaan,-1,2022-07-23,154,16.18
Jan van Galenstraat,52.37562276,4.866627681,Marcantilaan richting Kop van Jut,Kop van Jut richting Marcantilaan,1,2022-07-23,7409,18.25
Jan van Galenstraat,52.37562276,4.866627681,Marcantilaan richting Kop van Jut,Kop van Jut richting Marcantilaan,-1,2022-07-24,156,14.71
Jan van Galenstraat,52.37562276,4.866627681,Marcantilaan richting Kop van Jut,Kop van Jut richting Marcantilaan,1,2022-07-24,6118,18.6
Jan van Galenstraat,52.37562276,4.866627681,Marcantilaan richting Kop van Jut,Kop van Jut richting Marcantilaan,-1,2022-07-25,169,15.26
Jan van Galenstraat,52.37562276,4.866627681,Marcantilaan richting Kop van Jut,Kop van Jut richting Marcantilaan,1,2022-07-25,6360,19.28
Jan van Galenstraat,52.37562276,4.866627681,Marcantilaan richting Kop van Jut,Kop van Jut richting Marcantilaan,-1,2022-07-26,181,15.72
Jan van Galenstraat,52.37562276,4.866627681,Marcantilaan richting Kop van Jut,Kop van Jut richting Marcantilaan,1,2022-07-26,7081,16.88
Jan van Galenstraat,52.37562276,4.866627681,Marcantilaan richting Kop van Jut,Kop van Jut richting Marcantilaan,-1,2022-07-27,179,16.68
Jan van Galenstraat,52.37562276,4.866627681,Marcantilaan richting Kop van Jut,Kop van Jut richting Marcantilaan,1,2022-07-27,7222,17.04
Jan van Galenstraat,52.37562276,4.866627681,Marcantilaan richting Kop van Jut,Kop van Jut richting Marcantilaan,-1,2022-07-28,170,16.18
Jan van Galenstraat,52.37562276,4.866627681,Marcantilaan richting Kop van Jut,Kop van Jut richting Marcantilaan,1,2022-07-28,7349,16.92
Jan van Galenstraat,52.37562276,4.866627681,Marcantilaan richting Kop van Jut,Kop van Jut richting Marcantilaan,-1,2022-07-29,203,16.73
Jan van Galenstraat,52.37562276,4.866627681,Marcantilaan richting Kop van Jut,Kop van Jut richting Marcantilaan,1,2022-07-29,7486,17.41
Jan van Galenstraat,52.37562276,4.866627681,Marcantilaan richting Kop van Jut,Kop van Jut richting Marcantilaan,-1,2022-07-30,191,15.41
Jan van Galenstraat,52.37562276,4.866627681,Marcantilaan richting Kop van Jut,Kop van Jut richting Marcantilaan,1,2022-07-30,7502,18.42
Jan van Galenstraat,52.37562276,4.866627681,Marcantilaan richting Kop van Jut,Kop van Jut richting Marcantilaan,-1,2022-07-31,125,15.41
Jan van Galenstraat,52.37562276,4.866627681,Marcantilaan richting Kop van Jut,Kop van Jut richting Marcantilaan,1,2022-07-31,4226,18.75
Jan van Galenstraat,52.37562276,4.866627681,Marcantilaan richting Kop van Jut,Kop van Jut richting Marcantilaan,-1,2022-08-01,170,16.05
Jan van Galenstraat,52.37562276,4.866627681,Marcantilaan richting Kop van Jut,Kop van Jut richting Marcantilaan,1,2022-08-01,6548,17.36
Jan van Galenstraat,52.37562276,4.866627681,Marcantilaan richting Kop van Jut,Kop van Jut richting Marcantilaan,-1,2022-08-02,180,14.64
Jan van Galenstraat,52.37562276,4.866627681,Marcantilaan richting Kop van Jut,Kop van Jut richting Marcantilaan,1,2022-08-02,7208,19.15
Jan van Galenstraat,52.37562276,4.866627681,Marcantilaan richting Kop van Jut,Kop van Jut richting Marcantilaan,-1,2022-08-03,156,15.08
Jan van Galenstraat,52.37562276,4.866627681,Marcantilaan richting Kop van Jut,Kop van Jut richting Marcantilaan,1,2022-08-03,7624,19.05
Jan van Galenstraat,52.37562276,4.866627681,Marcantilaan richting Kop van Jut,Kop van Jut richting Marcantilaan,-1,2022-08-04,209,15.32
Jan van Galenstraat,52.37562276,4.866627681,Marcantilaan richting Kop van Jut,Kop van Jut richting Marcantilaan,1,2022-08-04,7635,17.94
Jan van Galenstraat,52.37562276,4.866627681,Marcantilaan richting Kop van Jut,Kop van Jut richting Marcantilaan,-1,2022-08-05,146,15.47
Jan van Galenstraat,52.37562276,4.866627681,Marcantilaan richting Kop van Jut,Kop van Jut richting Marcantilaan,1,2022-08-05,7908,17.16
Jan van Galenstraat,52.37562276,4.866627681,Marcantilaan richting Kop van Jut,Kop van Jut richting Marcantilaan,-1,2022-08-06,142,15.36
Jan van Galenstraat,52.37562276,4.866627681,Marcantilaan richting Kop van Jut,Kop van Jut richting Marcantilaan,1,2022-08-06,8375,17.55
Jan van Galenstraat,52.37562276,4.866627681,Marcantilaan richting Kop van Jut,Kop van Jut richting Marcantilaan,-1,2022-08-07,159,15.23
Jan van Galenstraat,52.37562276,4.866627681,Marcantilaan richting Kop van Jut,Kop van Jut richting Marcantilaan,1,2022-08-07,5209,17.73
Jan van Galenstraat,52.37562276,4.866627681,Marcantilaan richting Kop van Jut,Kop van Jut richting Marcantilaan,-1,2022-08-08,180,15.91
Jan van Galenstraat,52.37562276,4.866627681,Marcantilaan richting Kop van Jut,Kop van Jut richting Marcantilaan,1,2022-08-08,6543,17.31
Jan van Galenstraat,52.37562276,4.866627681,Marcantilaan richting Kop van Jut,Kop van Jut richting Marcantilaan,-1,2022-08-09,178,16.38
Jan van Galenstraat,52.37562276,4.866627681,Marcantilaan richting Kop van Jut,Kop van Jut richting Marcantilaan,1,2022-08-09,7258,16.97
Jan van Galenstraat,52.37562276,4.866627681,Marcantilaan richting Kop van Jut,Kop van Jut richting Marcantilaan,-1,2022-08-10,163,15.61
Jan van Galenstraat,52.37562276,4.866627681,Marcantilaan richting Kop van Jut,Kop van Jut richting Marcantilaan,1,2022-08-10,7303,17.0
Jan van Galenstraat,52.37562276,4.866627681,Marcantilaan richting Kop van Jut,Kop van Jut richting Marcantilaan,-1,2022-08-11,171,16.22
Jan van Galenstraat,52.37562276,4.866627681,Marcantilaan richting Kop van Jut,Kop van Jut richting Marcantilaan,1,2022-08-11,7389,17.21
Jan van Galenstraat,52.37562276,4.866627681,Marcantilaan richting Kop van Jut,Kop van Jut richting Marcantilaan,-1,2022-08-12,187,16.16
Jan van Galenstraat,52.37562276,4.866627681,Marcantilaan richting Kop van Jut,Kop van Jut richting Marcantilaan,1,2022-08-12,7453,17.16
Jan van Galenstraat,52.37562276,4.866627681,Marcantilaan richting Kop van Jut,Kop van Jut richting Marcantilaan,-1,2022-08-13,178,16.44
Jan van Galenstraat,52.37562276,4.866627681,Marcantilaan richting Kop van Jut,Kop van Jut richting Marcantilaan,1,2022-08-13,6748,17.75
Jan van Galenstraat,52.37562276,4.866627681,Marcantilaan richting Kop van Jut,Kop van Jut richting Marcantilaan,-1,2022-08-14,169,15.75
Jan van Galenstraat,52.37562276,4.866627681,Marcantilaan richting Kop van Jut,Kop van Jut richting Marcantilaan,1,2022-08-14,6059,17.31
Jan van Galenstraat,52.37562276,4.866627681,Marcantilaan richting Kop van Jut,Kop van Jut richting Marcantilaan,-1,2022-08-15,185,15.26
Jan van Galenstraat,52.37562276,4.866627681,Marcantilaan richting Kop van Jut,Kop van Jut richting Marcantilaan,1,2022-08-15,6822,18.94
Jan van Galenstraat,52.37562276,4.866627681,Marcantilaan richting Kop van Jut,Kop van Jut richting Marcantilaan,-1,2022-08-16,227,14.76
Jan van Galenstraat,52.37562276,4.866627681,Marcantilaan richting Kop van Jut,Kop van Jut richting Marcantilaan,1,2022-08-16,7631,18.96
Jan van Galenstraat,52.37562276,4.866627681,Marcantilaan richting Kop van Jut,Kop van Jut richting Marcantilaan,-1,2022-08-17,134,16.17
Jan van Galenstraat,52.37562276,4.866627681,Marcantilaan richting Kop van Jut,Kop van Jut richting Marcantilaan,1,2022-08-17,5602,17.32
Jan van Galenstraat,52.37562276,4.866627681,Marcantilaan richting Kop van Jut,Kop van Jut richting Marcantilaan,-1,2022-08-18,201,15.77
Jan van Galenstraat,52.37562276,4.866627681,Marcantilaan richting Kop van Jut,Kop van Jut richting Marcantilaan,1,2022-08-18,7252,18.09
Jan van Galenstraat,52.37562276,4.866627681,Marcantilaan richting Kop van Jut,Kop van Jut richting Marcantilaan,-1,2022-08-19,184,15.92
Jan van Galenstraat,52.37562276,4.866627681,Marcantilaan richting Kop van Jut,Kop van Jut richting Marcantilaan,1,2022-08-19,7022,18.96
Jan van Galenstraat,52.37562276,4.866627681,Marcantilaan richting Kop van Jut,Kop van Jut richting Marcantilaan,-1,2022-08-20,168,15.31
Jan van Galenstraat,52.37562276,4.866627681,Marcantilaan richting Kop van Jut,Kop van Jut richting Marcantilaan,1,2022-08-20,6997,18.53
Jan van Galenstraat,52.37562276,4.866627681,Marcantilaan richting Kop van Jut,Kop van Jut richting Marcantilaan,-1,2022-08-21,154,15.39
Jan van Galenstraat,52.37562276,4.866627681,Marcantilaan richting Kop van Jut,Kop van Jut richting Marcantilaan,1,2022-08-21,5499,18.2
Jan van Galenstraat,52.37562276,4.866627681,Marcantilaan richting Kop van Jut,Kop van Jut richting Marcantilaan,-1,2022-08-22,194,16.59
Jan van Galenstraat,52.37562276,4.866627681,Marcantilaan richting Kop van Jut,Kop van Jut richting Marcantilaan,1,2022-08-22,6923,17.96
Jan van Galenstraat,52.37562276,4.866627681,Marcantilaan richting Kop van Jut,Kop van Jut richting Marcantilaan,-1,2022-08-23,190,15.37
Jan van Galenstraat,52.37562276,4.866627681,Marcantilaan richting Kop van Jut,Kop van Jut richting Marcantilaan,1,2022-08-23,7735,19.01
Jan van Galenstraat,52.37562276,4.866627681,Marcantilaan richting Kop van Jut,Kop van Jut richting Marcantilaan,-1,2022-08-24,191,15.71
Jan van Galenstraat,52.37562276,4.866627681,Marcantilaan richting Kop van Jut,Kop van Jut richting Marcantilaan,1,2022-08-24,8036,18.22
Jan van Galenstraat,52.37562276,4.866627681,Marcantilaan richting Kop van Jut,Kop van Jut richting Marcantilaan,-1,2022-08-25,212,15.67
Jan van Galenstraat,52.37562276,4.866627681,Marcantilaan richting Kop van Jut,Kop van Jut richting Marcantilaan,1,2022-08-25,8393,18.54
Jan van Galenstraat,52.37562276,4.866627681,Marcantilaan richting Kop van Jut,Kop van Jut richting Marcantilaan,-1,2022-08-26,225,15.76
Jan van Galenstraat,52.37562276,4.866627681,Marcantilaan richting Kop van Jut,Kop van Jut richting Marcantilaan,1,2022-08-26,8263,16.75
Jan van Galenstraat,52.37562276,4.866627681,Marcantilaan richting Kop van Jut,Kop van Jut richting Marcantilaan,-1,2022-08-27,189,15.62
Jan van Galenstraat,52.37562276,4.866627681,Marcantilaan richting Kop van Jut,Kop van Jut richting Marcantilaan,1,2022-08-27,7828,16.43
Jan van Galenstraat,52.37562276,4.866627681,Marcantilaan richting Kop van Jut,Kop van Jut richting Marcantilaan,-1,2022-08-28,172,16.12
Jan van Galenstraat,52.37562276,4.866627681,Marcantilaan richting Kop van Jut,Kop van Jut richting Marcantilaan,1,2022-08-28,6265,16.45
Jan van Galenstraat,52.37562276,4.866627681,Marcantilaan richting Kop van Jut,Kop van Jut richting Marcantilaan,-1,2022-08-29,271,15.51
Jan van Galenstraat,52.37562276,4.866627681,Marcantilaan richting Kop van Jut,Kop van Jut richting Marcantilaan,1,2022-08-29,8061,17.41
Jan van Galenstraat,52.37562276,4.866627681,Marcantilaan richting Kop van Jut,Kop van Jut richting Marcantilaan,-1,2022-08-30,296,16.05
Jan van Galenstraat,52.37562276,4.866627681,Marcantilaan richting Kop van Jut,Kop van Jut richting Marcantilaan,1,2022-08-30,8973,16.64
Jan van Galenstraat,52.37562276,4.866627681,Marcantilaan richting Kop van Jut,Kop van Jut richting Marcantilaan,-1,2022-08-31,239,16.69
Jan van Galenstraat,52.37562276,4.866627681,Marcantilaan richting Kop van Jut,Kop van Jut richting Marcantilaan,1,2022-08-31,9074,15.94
Jan van Galenstraat,52.37562276,4.866627681,Marcantilaan richting Kop van Jut,Kop van Jut richting Marcantilaan,-1,2022-09-01,315,16.81
Jan van Galenstraat,52.37562276,4.866627681,Marcantilaan richting Kop van Jut,Kop van Jut richting Marcantilaan,1,2022-09-01,9305,17.36
Jan van Galenstraat,52.37562276,4.866627681,Marcantilaan richting Kop van Jut,Kop van Jut richting Marcantilaan,-1,2022-09-02,262,16.48
Jan van Galenstraat,52.37562276,4.866627681,Marcantilaan richting Kop van Jut,Kop van Jut richting Marcantilaan,1,2022-09-02,9522,17.98
Jan van Galenstraat,52.37562276,4.866627681,Marcantilaan richting Kop van Jut,Kop van Jut richting Marcantilaan,-1,2022-09-03,251,16.16
Jan van Galenstraat,52.37562276,4.866627681,Marcantilaan richting Kop van Jut,Kop van Jut richting Marcantilaan,1,2022-09-03,8498,17.48
Jan van Galenstraat,52.37562276,4.866627681,Marcantilaan richting Kop van Jut,Kop van Jut richting Marcantilaan,-1,2022-09-04,215,16.05
Jan van Galenstraat,52.37562276,4.866627681,Marcantilaan richting Kop van Jut,Kop van Jut richting Marcantilaan,1,2022-09-04,7020,18.39
Jan van Galenstraat,52.37562276,4.866627681,Marcantilaan richting Kop van Jut,Kop van Jut richting Marcantilaan,-1,2022-09-05,333,15.3
Jan van Galenstraat,52.37562276,4.866627681,Marcantilaan richting Kop van Jut,Kop van Jut richting Marcantilaan,1,2022-09-05,8760,18.82
Jan van Galenstraat,52.37562276,4.866627681,Marcantilaan richting Kop van Jut,Kop van Jut richting Marcantilaan,-1,2022-09-06,282,15.66
Jan van Galenstraat,52.37562276,4.866627681,Marcantilaan richting Kop van Jut,Kop van Jut richting Marcantilaan,1,2022-09-06,9038,18.88
Jan van Galenstraat,52.37562276,4.866627681,Marcantilaan richting Kop van Jut,Kop van Jut richting Marcantilaan,-1,2022-09-07,303,15.43
Jan van Galenstraat,52.37562276,4.866627681,Marcantilaan richting Kop van Jut,Kop van Jut richting Marcantilaan,1,2022-09-07,9397,18.89
Jan van Galenstraat,52.37562276,4.866627681,Marcantilaan richting Kop van Jut,Kop van Jut richting Marcantilaan,-1,2022-09-08,270,15.01
Jan van Galenstraat,52.37562276,4.866627681,Marcantilaan richting Kop van Jut,Kop van Jut richting Marcantilaan,1,2022-09-08,7791,18.86
Jan van Galenstraat,52.37562276,4.866627681,Marcantilaan richting Kop van Jut,Kop van Jut richting Marcantilaan,-1,2022-09-09,247,15.22
Jan van Galenstraat,52.37562276,4.866627681,Marcantilaan richting Kop van Jut,Kop van Jut richting Marcantilaan,1,2022-09-09,8374,18.94
Jan van Galenstraat,52.37562276,4.866627681,Marcantilaan richting Kop van Jut,Kop van Jut richting Marcantilaan,-1,2022-09-10,212,15.89
Jan van Galenstraat,52.37562276,4.866627681,Marcantilaan richting Kop van Jut,Kop van Jut richting Marcantilaan,1,2022-09-10,8001,16.71
Jan van Galenstraat,52.37562276,4.866627681,Marcantilaan richting Kop van Jut,Kop van Jut richting Marcantilaan,-1,2022-09-11,208,15.56
Jan van Galenstraat,52.37562276,4.866627681,Marcantilaan richting Kop van Jut,Kop van Jut richting Marcantilaan,1,2022-09-11,6595,18.23
Jan van Galenstraat,52.37562276,4.866627681,Marcantilaan richting Kop van Jut,Kop van Jut richting Marcantilaan,-1,2022-09-12,309,15.27
Jan van Galenstraat,52.37562276,4.866627681,Marcantilaan richting Kop van Jut,Kop van Jut richting Marcantilaan,1,2022-09-12,8809,18.82
Jan van Galenstraat,52.37562276,4.866627681,Marcantilaan richting Kop van Jut,Kop van Jut richting Marcantilaan,-1,2022-09-13,298,15.7
Jan van Galenstraat,52.37562276,4.866627681,Marcantilaan richting Kop van Jut,Kop van Jut richting Marcantilaan,1,2022-09-13,9395,17.41
Jan van Galenstraat,52.37562276,4.866627681,Marcantilaan richting Kop van Jut,Kop van Jut richting Marcantilaan,-1,2022-09-14,289,15.32
Jan van Galenstraat,52.37562276,4.866627681,Marcantilaan richting Kop van Jut,Kop van Jut richting Marcantilaan,1,2022-09-14,9238,18.31
Jan van Galenstraat,52.37562276,4.866627681,Marcantilaan richting Kop van Jut,Kop van Jut richting Marcantilaan,-1,2022-09-15,240,15.01
Jan van Galenstraat,52.37562276,4.866627681,Marcantilaan richting Kop van Jut,Kop van Jut richting Marcantilaan,1,2022-09-15,8865,17.32
Jan van Galenstraat,52.37562276,4.866627681,Marcantilaan richting Kop van Jut,Kop van Jut richting Marcantilaan,-1,2022-09-16,256,15.77
Jan van Galenstraat,52.37562276,4.866627681,Marcantilaan richting Kop van Jut,Kop van Jut richting Marcantilaan,1,2022-09-16,7452,17.37
Jan van Galenstraat,52.37562276,4.866627681,Marcantilaan richting Kop van Jut,Kop van Jut richting Marcantilaan,-1,2022-09-17,135,14.49
Jan van Galenstraat,52.37562276,4.866627681,Marcantilaan richting Kop van Jut,Kop van Jut richting Marcantilaan,1,2022-09-17,4945,15.81
Jan van Galenstraat,52.37562276,4.866627681,Marcantilaan richting Kop van Jut,Kop van Jut richting Marcantilaan,-1,2022-09-18,0,
Jan van Galenstraat,52.37562276,4.866627681,Marcantilaan richting Kop van Jut,Kop van Jut richting Marcantilaan,1,2022-09-18,0,
Jan van Galenstraat,52.37562276,4.866627681,Marcantilaan richting Kop van Jut,Kop van Jut richting Marcantilaan,-1,2022-09-19,0,
Jan van Galenstraat,52.37562276,4.866627681,Marcantilaan richting Kop van Jut,Kop van Jut richting Marcantilaan,1,2022-09-19,0,
Jan van Galenstraat,52.37562276,4.866627681,Marcantilaan richting Kop van Jut,Kop van Jut richting Marcantilaan,-1,2022-09-20,0,
Jan van Galenstraat,52.37562276,4.866627681,Marcantilaan richting Kop van Jut,Kop van Jut richting Marcantilaan,1,2022-09-20,0,
Jan van Galenstraat,52.37562276,4.866627681,Marcantilaan richting Kop van Jut,Kop van Jut richting Marcantilaan,-1,2022-09-21,0,
Jan van Galenstraat,52.37562276,4.866627681,Marcantilaan richting Kop van Jut,Kop van Jut richting Marcantilaan,1,2022-09-21,0,
Jan van Galenstraat,52.37562276,4.866627681,Marcantilaan richting Kop van Jut,Kop van Jut richting Marcantilaan,-1,2022-09-22,0,
Jan van Galenstraat,52.37562276,4.866627681,Marcantilaan richting Kop van Jut,Kop van Jut richting Marcantilaan,1,2022-09-22,0,
Jan van Galenstraat,52.37562276,4.866627681,Marcantilaan richting Kop van Jut,Kop van Jut richting Marcantilaan,-1,2022-09-23,0,
Jan van Galenstraat,52.37562276,4.866627681,Marcantilaan richting Kop van Jut,Kop van Jut richting Marcantilaan,1,2022-09-23,0,
Jan van Galenstraat,52.37562276,4.866627681,Marcantilaan richting Kop van Jut,Kop van Jut richting Marcantilaan,-1,2022-09-24,0,
Jan van Galenstraat,52.37562276,4.866627681,Marcantilaan richting Kop van Jut,Kop van Jut richting Marcantilaan,1,2022-09-24,0,
Jan van Galenstraat,52.37562276,4.866627681,Marcantilaan richting Kop van Jut,Kop van Jut richting Marcantilaan,-1,2022-09-25,0,
Jan van Galenstraat,52.37562276,4.866627681,Marcantilaan richting Kop van Jut,Kop van Jut richting Marcantilaan,1,2022-09-25,0,
Jan van Galenstraat,52.37562276,4.866627681,Marcantilaan richting Kop van Jut,Kop van Jut richting Marcantilaan,-1,2022-09-26,0,
Jan van Galenstraat,52.37562276,4.866627681,Marcantilaan richting Kop van Jut,Kop van Jut richting Marcantilaan,1,2022-09-26,0,
Jan van Galenstraat,52.37562276,4.866627681,Marcantilaan richting Kop van Jut,Kop van Jut richting Marcantilaan,-1,2022-09-27,0,
Jan van Galenstraat,52.37562276,4.866627681,Marcantilaan richting Kop van Jut,Kop van Jut richting Marcantilaan,1,2022-09-27,0,
Jan van Galenstraat,52.37562276,4.866627681,Marcantilaan richting Kop van Jut,Kop van Jut richting Marcantilaan,-1,2022-09-28,0,
Jan van Galenstraat,52.37562276,4.866627681,Marcantilaan richting Kop van Jut,Kop van Jut richting Marcantilaan,1,2022-09-28,0,
Jan van Galenstraat,52.37562276,4.866627681,Marcantilaan richting Kop van Jut,Kop van Jut richting Marcantilaan,-1,2022-09-29,0,
Jan van Galenstraat,52.37562276,4.866627681,Marcantilaan richting Kop van Jut,Kop van Jut richting Marcantilaan,1,2022-09-29,0,
Jan van Galenstraat,52.37562276,4.866627681,Marcantilaan richting Kop van Jut,Kop van Jut richting Marcantilaan,-1,2022-09-30,0,
Jan van Galenstraat,52.37562276,4.866627681,Marcantilaan richting Kop van Jut,Kop van Jut richting Marcantilaan,1,2022-09-30,0,
Jan van Galenstraat,52.37562276,4.866627681,Marcantilaan richting Kop van Jut,Kop van Jut richting Marcantilaan,-1,2022-10-01,0,
Jan van Galenstraat,52.37562276,4.866627681,Marcantilaan richting Kop van Jut,Kop van Jut richting Marcantilaan,1,2022-10-01,0,
Jan van Galenstraat,52.37562276,4.866627681,Marcantilaan richting Kop van Jut,Kop van Jut richting Marcantilaan,-1,2022-10-02,0,
Jan van Galenstraat,52.37562276,4.866627681,Marcantilaan richting Kop van Jut,Kop van Jut richting Marcantilaan,1,2022-10-02,0,
Jan van Galenstraat,52.37562276,4.866627681,Marcantilaan richting Kop van Jut,Kop van Jut richting Marcantilaan,-1,2022-10-03,0,
Jan van Galenstraat,52.37562276,4.866627681,Marcantilaan richting Kop van Jut,Kop van Jut richting Marcantilaan,1,2022-10-03,0,
Jan van Galenstraat,52.37562276,4.866627681,Marcantilaan richting Kop van Jut,Kop van Jut richting Marcantilaan,-1,2022-10-04,0,
Jan van Galenstraat,52.37562276,4.866627681,Marcantilaan richting Kop van Jut,Kop van Jut richting Marcantilaan,1,2022-10-04,0,
Jan van Galenstraat,52.37562276,4.866627681,Marcantilaan richting Kop van Jut,Kop van Jut richting Marcantilaan,-1,2022-10-05,0,
Jan van Galenstraat,52.37562276,4.866627681,Marcantilaan richting Kop van Jut,Kop van Jut richting Marcantilaan,1,2022-10-05,0,
Jan van Galenstraat,52.37562276,4.866627681,Marcantilaan richting Kop van Jut,Kop van Jut richting Marcantilaan,-1,2022-10-06,0,
Jan van Galenstraat,52.37562276,4.866627681,Marcantilaan richting Kop van Jut,Kop van Jut richting Marcantilaan,1,2022-10-06,0,
Jan van Galenstraat,52.37562276,4.866627681,Marcantilaan richting Kop van Jut,Kop van Jut richting Marcantilaan,-1,2022-10-07,0,
Jan van Galenstraat,52.37562276,4.866627681,Marcantilaan richting Kop van Jut,Kop van Jut richting Marcantilaan,1,2022-10-07,0,
Jan van Galenstraat,52.37562276,4.866627681,Marcantilaan richting Kop van Jut,Kop van Jut richting Marcantilaan,-1,2022-10-08,0,
Jan van Galenstraat,52.37562276,4.866627681,Marcantilaan richting Kop van Jut,Kop van Jut richting Marcantilaan,1,2022-10-08,0,
Jan van Galenstraat,52.37562276,4.866627681,Marcantilaan richting Kop van Jut,Kop van Jut richting Marcantilaan,-1,2022-10-09,0,
Jan van Galenstraat,52.37562276,4.866627681,Marcantilaan richting Kop van Jut,Kop van Jut richting Marcantilaan,1,2022-10-09,0,
Jan van Galenstraat,52.37562276,4.866627681,Marcantilaan richting Kop van Jut,Kop van Jut richting Marcantilaan,-1,2022-10-10,0,
Jan van Galenstraat,52.37562276,4.866627681,Marcantilaan richting Kop van Jut,Kop van Jut richting Marcantilaan,1,2022-10-10,0,
Jan van Galenstraat,52.37562276,4.866627681,Marcantilaan richting Kop van Jut,Kop van Jut richting Marcantilaan,-1,2022-10-11,0,
Jan van Galenstraat,52.37562276,4.866627681,Marcantilaan richting Kop van Jut,Kop van Jut richting Marcantilaan,1,2022-10-11,0,
Jan van Galenstraat,52.37562276,4.866627681,Marcantilaan richting Kop van Jut,Kop van Jut richting Marcantilaan,-1,2022-10-12,0,
Jan van Galenstraat,52.37562276,4.866627681,Marcantilaan richting Kop van Jut,Kop van Jut richting Marcantilaan,1,2022-10-12,0,
Jan van Galenstraat,52.37562276,4.866627681,Marcantilaan richting Kop van Jut,Kop van Jut richting Marcantilaan,-1,2022-10-13,0,
Jan van Galenstraat,52.37562276,4.866627681,Marcantilaan richting Kop van Jut,Kop van Jut richting Marcantilaan,1,2022-10-13,0,
Jan van Galenstraat,52.37562276,4.866627681,Marcantilaan richting Kop van Jut,Kop van Jut richting Marcantilaan,-1,2022-10-14,0,
Jan van Galenstraat,52.37562276,4.866627681,Marcantilaan richting Kop van Jut,Kop van Jut richting Marcantilaan,1,2022-10-14,0,
Jan van Galenstraat,52.37562276,4.866627681,Marcantilaan richting Kop van Jut,Kop van Jut richting Marcantilaan,-1,2022-10-15,0,
Jan van Galenstraat,52.37562276,4.866627681,Marcantilaan richting Kop van Jut,Kop van Jut richting Marcantilaan,1,2022-10-15,0,
Jan van Galenstraat,52.37562276,4.866627681,Marcantilaan richting Kop van Jut,Kop van Jut richting Marcantilaan,-1,2022-10-16,0,
Jan van Galenstraat,52.37562276,4.866627681,Marcantilaan richting Kop van Jut,Kop van Jut richting Marcantilaan,1,2022-10-16,0,
Jan van Galenstraat,52.37562276,4.866627681,Marcantilaan richting Kop van Jut,Kop van Jut richting Marcantilaan,-1,2022-10-17,0,
Jan van Galenstraat,52.37562276,4.866627681,Marcantilaan richting Kop van Jut,Kop van Jut richting Marcantilaan,1,2022-10-17,0,
Jan van Galenstraat,52.37562276,4.866627681,Marcantilaan richting Kop van Jut,Kop van Jut richting Marcantilaan,-1,2022-10-18,0,
Jan van Galenstraat,52.37562276,4.866627681,Marcantilaan richting Kop van Jut,Kop van Jut richting Marcantilaan,1,2022-10-18,0,
Jan van Galenstraat,52.37562276,4.866627681,Marcantilaan richting Kop van Jut,Kop van Jut richting Marcantilaan,-1,2022-10-19,0,
Jan van Galenstraat,52.37562276,4.866627681,Marcantilaan richting Kop van Jut,Kop van Jut richting Marcantilaan,1,2022-10-19,0,
Jan van Galenstraat,52.37562276,4.866627681,Marcantilaan richting Kop van Jut,Kop van Jut richting Marcantilaan,-1,2022-10-20,0,
Jan van Galenstraat,52.37562276,4.866627681,Marcantilaan richting Kop van Jut,Kop van Jut richting Marcantilaan,1,2022-10-20,0,
Jan van Galenstraat,52.37562276,4.866627681,Marcantilaan richting Kop van Jut,Kop van Jut richting Marcantilaan,-1,2022-10-21,0,
Jan van Galenstraat,52.37562276,4.866627681,Marcantilaan richting Kop van Jut,Kop van Jut richting Marcantilaan,1,2022-10-21,0,
Jan van Galenstraat,52.37562276,4.866627681,Marcantilaan richting Kop van Jut,Kop van Jut richting Marcantilaan,-1,2022-10-22,0,
Jan van Galenstraat,52.37562276,4.866627681,Marcantilaan richting Kop van Jut,Kop van Jut richting Marcantilaan,1,2022-10-22,0,
Jan van Galenstraat,52.37562276,4.866627681,Marcantilaan richting Kop van Jut,Kop van Jut richting Marcantilaan,-1,2022-10-23,0,
Jan van Galenstraat,52.37562276,4.866627681,Marcantilaan richting Kop van Jut,Kop van Jut richting Marcantilaan,1,2022-10-23,0,
Jan van Galenstraat,52.37562276,4.866627681,Marcantilaan richting Kop van Jut,Kop van Jut richting Marcantilaan,-1,2022-10-24,0,
Jan van Galenstraat,52.37562276,4.866627681,Marcantilaan richting Kop van Jut,Kop van Jut richting Marcantilaan,1,2022-10-24,0,
Jan van Galenstraat,52.37562276,4.866627681,Marcantilaan richting Kop van Jut,Kop van Jut richting Marcantilaan,-1,2022-10-25,0,
Jan van Galenstraat,52.37562276,4.866627681,Marcantilaan richting Kop van Jut,Kop van Jut richting Marcantilaan,1,2022-10-25,0,
Jan van Galenstraat,52.37562276,4.866627681,Marcantilaan richting Kop van Jut,Kop van Jut richting Marcantilaan,-1,2022-10-26,0,
Jan van Galenstraat,52.37562276,4.866627681,Marcantilaan richting Kop van Jut,Kop van Jut richting Marcantilaan,1,2022-10-26,0,
Jan van Galenstraat,52.37562276,4.866627681,Marcantilaan richting Kop van Jut,Kop van Jut richting Marcantilaan,-1,2022-10-27,0,
Jan van Galenstraat,52.37562276,4.866627681,Marcantilaan richting Kop van Jut,Kop van Jut richting Marcantilaan,1,2022-10-27,0,
Jan van Galenstraat,52.37562276,4.866627681,Marcantilaan richting Kop van Jut,Kop van Jut richting Marcantilaan,-1,2022-10-28,0,
Jan van Galenstraat,52.37562276,4.866627681,Marcantilaan richting Kop van Jut,Kop van Jut richting Marcantilaan,1,2022-10-28,0,
Jan van Galenstraat,52.37562276,4.866627681,Marcantilaan richting Kop van Jut,Kop van Jut richting Marcantilaan,-1,2022-10-29,0,
Jan van Galenstraat,52.37562276,4.866627681,Marcantilaan richting Kop van Jut,Kop van Jut richting Marcantilaan,1,2022-10-29,0,
Jan van Galenstraat,52.37562276,4.866627681,Marcantilaan richting Kop van Jut,Kop van Jut richting Marcantilaan,-1,2022-10-30,0,
Jan van Galenstraat,52.37562276,4.866627681,Marcantilaan richting Kop van Jut,Kop van Jut richting Marcantilaan,1,2022-10-30,0,
Jan van Galenstraat,52.37562276,4.866627681,Marcantilaan richting Kop van Jut,Kop van Jut richting Marcantilaan,-1,2022-10-31,0,
Jan van Galenstraat,52.37562276,4.866627681,Marcantilaan richting Kop van Jut,Kop van Jut richting Marcantilaan,1,2022-10-31,0,
Jan van Galenstraat,52.37562276,4.866627681,Marcantilaan richting Kop van Jut,Kop van Jut richting Marcantilaan,-1,2022-11-01,0,
Jan van Galenstraat,52.37562276,4.866627681,Marcantilaan richting Kop van Jut,Kop van Jut richting Marcantilaan,1,2022-11-01,0,
Jan van Galenstraat,52.37562276,4.866627681,Marcantilaan richting Kop van Jut,Kop van Jut richting Marcantilaan,-1,2022-11-02,0,
Jan van Galenstraat,52.37562276,4.866627681,Marcantilaan richting Kop van Jut,Kop van Jut richting Marcantilaan,1,2022-11-02,0,
Jan van Galenstraat,52.37562276,4.866627681,Marcantilaan richting Kop van Jut,Kop van Jut richting Marcantilaan,-1,2022-11-03,0,
Jan van Galenstraat,52.37562276,4.866627681,Marcantilaan richting Kop van Jut,Kop van Jut richting Marcantilaan,1,2022-11-03,0,
Jan van Galenstraat,52.37562276,4.866627681,Marcantilaan richting Kop van Jut,Kop van Jut richting Marcantilaan,-1,2022-11-04,0,
Jan van Galenstraat,52.37562276,4.866627681,Marcantilaan richting Kop van Jut,Kop van Jut richting Marcantilaan,1,2022-11-04,0,
Jan van Galenstraat,52.37562276,4.866627681,Marcantilaan richting Kop van Jut,Kop van Jut richting Marcantilaan,-1,2022-11-05,0,
Jan van Galenstraat,52.37562276,4.866627681,Marcantilaan richting Kop van Jut,Kop van Jut richting Marcantilaan,1,2022-11-05,0,
Jan van Galenstraat,52.37562276,4.866627681,Marcantilaan richting Kop van Jut,Kop van Jut richting Marcantilaan,-1,2022-11-06,0,
Jan van Galenstraat,52.37562276,4.866627681,Marcantilaan richting Kop van Jut,Kop van Jut richting Marcantilaan,1,2022-11-06,0,
Jan van Galenstraat,52.37562276,4.866627681,Marcantilaan richting Kop van Jut,Kop van Jut richting Marcantilaan,-1,2022-11-07,0,
Jan van Galenstraat,52.37562276,4.866627681,Marcantilaan richting Kop van Jut,Kop van Jut richting Marcantilaan,1,2022-11-07,0,
Jan van Galenstraat,52.37562276,4.866627681,Marcantilaan richting Kop van Jut,Kop van Jut richting Marcantilaan,-1,2022-11-08,0,
Jan van Galenstraat,52.37562276,4.866627681,Marcantilaan richting Kop van Jut,Kop van Jut richting Marcantilaan,1,2022-11-08,0,
Jan van Galenstraat,52.37562276,4.866627681,Marcantilaan richting Kop van Jut,Kop van Jut richting Marcantilaan,-1,2022-11-09,0,
Jan van Galenstraat,52.37562276,4.866627681,Marcantilaan richting Kop van Jut,Kop van Jut richting Marcantilaan,1,2022-11-09,0,
Jan van Galenstraat,52.37562276,4.866627681,Marcantilaan richting Kop van Jut,Kop van Jut richting Marcantilaan,-1,2022-11-10,0,
Jan van Galenstraat,52.37562276,4.866627681,Marcantilaan richting Kop van Jut,Kop van Jut richting Marcantilaan,1,2022-11-10,0,
Jan van Galenstraat,52.37562276,4.866627681,Marcantilaan richting Kop van Jut,Kop van Jut richting Marcantilaan,-1,2022-11-11,0,
Jan van Galenstraat,52.37562276,4.866627681,Marcantilaan richting Kop van Jut,Kop van Jut richting Marcantilaan,1,2022-11-11,0,
Jan van Galenstraat,52.37562276,4.866627681,Marcantilaan richting Kop van Jut,Kop van Jut richting Marcantilaan,-1,2022-11-12,0,
Jan van Galenstraat,52.37562276,4.866627681,Marcantilaan richting Kop van Jut,Kop van Jut richting Marcantilaan,1,2022-11-12,0,
Jan van Galenstraat,52.37562276,4.866627681,Marcantilaan richting Kop van Jut,Kop van Jut richting Marcantilaan,-1,2022-11-13,0,
Jan van Galenstraat,52.37562276,4.866627681,Marcantilaan richting Kop van Jut,Kop van Jut richting Marcantilaan,1,2022-11-13,0,
Jan van Galenstraat,52.37562276,4.866627681,Marcantilaan richting Kop van Jut,Kop van Jut richting Marcantilaan,-1,2022-11-14,0,
Jan van Galenstraat,52.37562276,4.866627681,Marcantilaan richting Kop van Jut,Kop van Jut richting Marcantilaan,1,2022-11-14,0,
Jan van Galenstraat,52.37562276,4.866627681,Marcantilaan richting Kop van Jut,Kop van Jut richting Marcantilaan,-1,2022-11-15,0,
Jan van Galenstraat,52.37562276,4.866627681,Marcantilaan richting Kop van Jut,Kop van Jut richting Marcantilaan,1,2022-11-15,0,
Jan van Galenstraat,52.37562276,4.866627681,Marcantilaan richting Kop van Jut,Kop van Jut richting Marcantilaan,-1,2022-11-16,0,
Jan van Galenstraat,52.37562276,4.866627681,Marcantilaan richting Kop van Jut,Kop van Jut richting Marcantilaan,1,2022-11-16,0,
Jan van Galenstraat,52.37562276,4.866627681,Marcantilaan richting Kop van Jut,Kop van Jut richting Marcantilaan,-1,2022-11-17,0,
Jan van Galenstraat,52.37562276,4.866627681,Marcantilaan richting Kop van Jut,Kop van Jut richting Marcantilaan,1,2022-11-17,0,
Jan van Galenstraat,52.37562276,4.866627681,Marcantilaan richting Kop van Jut,Kop van Jut richting Marcantilaan,-1,2022-11-18,0,
Jan van Galenstraat,52.37562276,4.866627681,Marcantilaan richting Kop van Jut,Kop van Jut richting Marcantilaan,1,2022-11-18,0,
Jan van Galenstraat,52.37562276,4.866627681,Marcantilaan richting Kop van Jut,Kop van Jut richting Marcantilaan,-1,2022-11-19,0,
Jan van Galenstraat,52.37562276,4.866627681,Marcantilaan richting Kop van Jut,Kop van Jut richting Marcantilaan,1,2022-11-19,0,
Jan van Galenstraat,52.37562276,4.866627681,Marcantilaan richting Kop van Jut,Kop van Jut richting Marcantilaan,-1,2022-11-20,0,
Jan van Galenstraat,52.37562276,4.866627681,Marcantilaan richting Kop van Jut,Kop van Jut richting Marcantilaan,1,2022-11-20,0,
Jan van Galenstraat,52.37562276,4.866627681,Marcantilaan richting Kop van Jut,Kop van Jut richting Marcantilaan,-1,2022-11-21,0,
Jan van Galenstraat,52.37562276,4.866627681,Marcantilaan richting Kop van Jut,Kop van Jut richting Marcantilaan,1,2022-11-21,0,
Jan van Galenstraat,52.37562276,4.866627681,Marcantilaan richting Kop van Jut,Kop van Jut richting Marcantilaan,-1,2022-11-22,0,
Jan van Galenstraat,52.37562276,4.866627681,Marcantilaan richting Kop van Jut,Kop van Jut richting Marcantilaan,1,2022-11-22,0,
Jan van Galenstraat,52.37562276,4.866627681,Marcantilaan richting Kop van Jut,Kop van Jut richting Marcantilaan,-1,2022-11-23,0,
Jan van Galenstraat,52.37562276,4.866627681,Marcantilaan richting Kop van Jut,Kop van Jut richting Marcantilaan,1,2022-11-23,0,
Jan van Galenstraat,52.37562276,4.866627681,Marcantilaan richting Kop van Jut,Kop van Jut richting Marcantilaan,-1,2022-11-24,0,
Jan van Galenstraat,52.37562276,4.866627681,Marcantilaan richting Kop van Jut,Kop van Jut richting Marcantilaan,1,2022-11-24,0,
Jan van Galenstraat,52.37562276,4.866627681,Marcantilaan richting Kop van Jut,Kop van Jut richting Marcantilaan,-1,2022-11-25,0,
Jan van Galenstraat,52.37562276,4.866627681,Marcantilaan richting Kop van Jut,Kop van Jut richting Marcantilaan,1,2022-11-25,0,
Jan van Galenstraat,52.37562276,4.866627681,Marcantilaan richting Kop van Jut,Kop van Jut richting Marcantilaan,-1,2022-11-26,0,
Jan van Galenstraat,52.37562276,4.866627681,Marcantilaan richting Kop van Jut,Kop van Jut richting Marcantilaan,1,2022-11-26,0,
Jan van Galenstraat,52.37562276,4.866627681,Marcantilaan richting Kop van Jut,Kop van Jut richting Marcantilaan,-1,2022-11-27,0,
Jan van Galenstraat,52.37562276,4.866627681,Marcantilaan richting Kop van Jut,Kop van Jut richting Marcantilaan,1,2022-11-27,0,
Jan van Galenstraat,52.37562276,4.866627681,Marcantilaan richting Kop van Jut,Kop van Jut richting Marcantilaan,-1,2022-11-28,0,
Jan van Galenstraat,52.37562276,4.866627681,Marcantilaan richting Kop van Jut,Kop van Jut richting Marcantilaan,1,2022-11-28,0,
Jan van Galenstraat,52.37562276,4.866627681,Marcantilaan richting Kop van Jut,Kop van Jut richting Marcantilaan,-1,2022-11-29,0,
Jan van Galenstraat,52.37562276,4.866627681,Marcantilaan richting Kop van Jut,Kop van Jut richting Marcantilaan,1,2022-11-29,0,
Jan van Galenstraat,52.37562276,4.866627681,Marcantilaan richting Kop van Jut,Kop van Jut richting Marcantilaan,-1,2022-11-30,0,
Jan van Galenstraat,52.37562276,4.866627681,Marcantilaan richting Kop van Jut,Kop van Jut richting Marcantilaan,1,2022-11-30,0,
Jan van Galenstraat,52.37562276,4.866627681,Marcantilaan richting Kop van Jut,Kop van Jut richting Marcantilaan,-1,2022-12-01,0,
Jan van Galenstraat,52.37562276,4.866627681,Marcantilaan richting Kop van Jut,Kop van Jut richting Marcantilaan,1,2022-12-01,0,
Jan van Galenstraat,52.37562276,4.866627681,Marcantilaan richting Kop van Jut,Kop van Jut richting Marcantilaan,-1,2022-12-02,0,
Jan van Galenstraat,52.37562276,4.866627681,Marcantilaan richting Kop van Jut,Kop van Jut richting Marcantilaan,1,2022-12-02,0,
Jan van Galenstraat,52.37562276,4.866627681,Marcantilaan richting Kop van Jut,Kop van Jut richting Marcantilaan,-1,2022-12-03,0,
Jan van Galenstraat,52.37562276,4.866627681,Marcantilaan richting Kop van Jut,Kop van Jut richting Marcantilaan,1,2022-12-03,0,
Jan van Galenstraat,52.37562276,4.866627681,Marcantilaan richting Kop van Jut,Kop van Jut richting Marcantilaan,-1,2022-12-04,0,
Jan van Galenstraat,52.37562276,4.866627681,Marcantilaan richting Kop van Jut,Kop van Jut richting Marcantilaan,1,2022-12-04,0,
Jan van Galenstraat,52.37562276,4.866627681,Marcantilaan richting Kop van Jut,Kop van Jut richting Marcantilaan,-1,2022-12-05,0,
Jan van Galenstraat,52.37562276,4.866627681,Marcantilaan richting Kop van Jut,Kop van Jut richting Marcantilaan,1,2022-12-05,0,
Jan van Galenstraat,52.37562276,4.866627681,Marcantilaan richting Kop van Jut,Kop van Jut richting Marcantilaan,-1,2022-12-06,0,
Jan van Galenstraat,52.37562276,4.866627681,Marcantilaan richting Kop van Jut,Kop van Jut richting Marcantilaan,1,2022-12-06,0,
Jan van Galenstraat,52.37562276,4.866627681,Marcantilaan richting Kop van Jut,Kop van Jut richting Marcantilaan,-1,2022-12-07,0,
Jan van Galenstraat,52.37562276,4.866627681,Marcantilaan richting Kop van Jut,Kop van Jut richting Marcantilaan,1,2022-12-07,0,
Jan van Galenstraat,52.37562276,4.866627681,Marcantilaan richting Kop van Jut,Kop van Jut richting Marcantilaan,-1,2022-12-08,0,
Jan van Galenstraat,52.37562276,4.866627681,Marcantilaan richting Kop van Jut,Kop van Jut richting Marcantilaan,1,2022-12-08,0,
Jan van Galenstraat,52.37562276,4.866627681,Marcantilaan richting Kop van Jut,Kop van Jut richting Marcantilaan,-1,2022-12-09,0,
Jan van Galenstraat,52.37562276,4.866627681,Marcantilaan richting Kop van Jut,Kop van Jut richting Marcantilaan,1,2022-12-09,0,
Jan van Galenstraat,52.37562276,4.866627681,Marcantilaan richting Kop van Jut,Kop van Jut richting Marcantilaan,-1,2022-12-10,0,
Jan van Galenstraat,52.37562276,4.866627681,Marcantilaan richting Kop van Jut,Kop van Jut richting Marcantilaan,1,2022-12-10,0,
Jan van Galenstraat,52.37562276,4.866627681,Marcantilaan richting Kop van Jut,Kop van Jut richting Marcantilaan,-1,2022-12-11,0,
Jan van Galenstraat,52.37562276,4.866627681,Marcantilaan richting Kop van Jut,Kop van Jut richting Marcantilaan,1,2022-12-11,0,
Jan van Galenstraat,52.37562276,4.866627681,Marcantilaan richting Kop van Jut,Kop van Jut richting Marcantilaan,-1,2022-12-12,0,
Jan van Galenstraat,52.37562276,4.866627681,Marcantilaan richting Kop van Jut,Kop van Jut richting Marcantilaan,1,2022-12-12,0,
Jan van Galenstraat,52.37562276,4.866627681,Marcantilaan richting Kop van Jut,Kop van Jut richting Marcantilaan,-1,2022-12-13,0,
Jan van Galenstraat,52.37562276,4.866627681,Marcantilaan richting Kop van Jut,Kop van Jut richting Marcantilaan,1,2022-12-13,0,
Jan van Galenstraat,52.37562276,4.866627681,Marcantilaan richting Kop van Jut,Kop van Jut richting Marcantilaan,-1,2022-12-14,0,
Jan van Galenstraat,52.37562276,4.866627681,Marcantilaan richting Kop van Jut,Kop van Jut richting Marcantilaan,1,2022-12-14,0,
Jan van Galenstraat,52.37562276,4.866627681,Marcantilaan richting Kop van Jut,Kop van Jut richting Marcantilaan,-1,2022-12-15,0,
Jan van Galenstraat,52.37562276,4.866627681,Marcantilaan richting Kop van Jut,Kop van Jut richting Marcantilaan,1,2022-12-15,0,
Jan van Galenstraat,52.37562276,4.866627681,Marcantilaan richting Kop van Jut,Kop van Jut richting Marcantilaan,-1,2022-12-16,0,
Jan van Galenstraat,52.37562276,4.866627681,Marcantilaan richting Kop van Jut,Kop van Jut richting Marcantilaan,1,2022-12-16,0,
Jan van Galenstraat,52.37562276,4.866627681,Marcantilaan richting Kop van Jut,Kop van Jut richting Marcantilaan,-1,2022-12-17,0,
Jan van Galenstraat,52.37562276,4.866627681,Marcantilaan richting Kop van Jut,Kop van Jut richting Marcantilaan,1,2022-12-17,0,
Jan van Galenstraat,52.37562276,4.866627681,Marcantilaan richting Kop van Jut,Kop van Jut richting Marcantilaan,-1,2022-12-18,0,
Jan van Galenstraat,52.37562276,4.866627681,Marcantilaan richting Kop van Jut,Kop van Jut richting Marcantilaan,1,2022-12-18,0,
Jan van Galenstraat,52.37562276,4.866627681,Marcantilaan richting Kop van Jut,Kop van Jut richting Marcantilaan,-1,2022-12-19,0,
Jan van Galenstraat,52.37562276,4.866627681,Marcantilaan richting Kop van Jut,Kop van Jut richting Marcantilaan,1,2022-12-19,0,
Jan van Galenstraat,52.37562276,4.866627681,Marcantilaan richting Kop van Jut,Kop van Jut richting Marcantilaan,-1,2022-12-20,0,
Jan van Galenstraat,52.37562276,4.866627681,Marcantilaan richting Kop van Jut,Kop van Jut richting Marcantilaan,1,2022-12-20,0,
Jan van Galenstraat,52.37562276,4.866627681,Marcantilaan richting Kop van Jut,Kop van Jut richting Marcantilaan,-1,2022-12-21,0,
Jan van Galenstraat,52.37562276,4.866627681,Marcantilaan richting Kop van Jut,Kop van Jut richting Marcantilaan,1,2022-12-21,0,
Jan van Galenstraat,52.37562276,4.866627681,Marcantilaan richting Kop van Jut,Kop van Jut richting Marcantilaan,-1,2022-12-22,0,
Jan van Galenstraat,52.37562276,4.866627681,Marcantilaan richting Kop van Jut,Kop van Jut richting Marcantilaan,1,2022-12-22,0,
Jan van Galenstraat,52.37562276,4.866627681,Marcantilaan richting Kop van Jut,Kop van Jut richting Marcantilaan,-1,2022-12-23,0,
Jan van Galenstraat,52.37562276,4.866627681,Marcantilaan richting Kop van Jut,Kop van Jut richting Marcantilaan,1,2022-12-23,0,
Jan van Galenstraat,52.37562276,4.866627681,Marcantilaan richting Kop van Jut,Kop van Jut richting Marcantilaan,-1,2022-12-24,0,
Jan van Galenstraat,52.37562276,4.866627681,Marcantilaan richting Kop van Jut,Kop van Jut richting Marcantilaan,1,2022-12-24,0,
Jan van Galenstraat,52.37562276,4.866627681,Marcantilaan richting Kop van Jut,Kop van Jut richting Marcantilaan,-1,2022-12-25,0,
Jan van Galenstraat,52.37562276,4.866627681,Marcantilaan richting Kop van Jut,Kop van Jut richting Marcantilaan,1,2022-12-25,0,
Jan van Galenstraat,52.37562276,4.866627681,Marcantilaan richting Kop van Jut,Kop van Jut richting Marcantilaan,-1,2022-12-26,0,
Jan van Galenstraat,52.37562276,4.866627681,Marcantilaan richting Kop van Jut,Kop van Jut richting Marcantilaan,1,2022-12-26,0,
Jan van Galenstraat,52.37562276,4.866627681,Marcantilaan richting Kop van Jut,Kop van Jut richting Marcantilaan,-1,2022-12-27,0,
Jan van Galenstraat,52.37562276,4.866627681,Marcantilaan richting Kop van Jut,Kop van Jut richting Marcantilaan,1,2022-12-27,0,
Jan van Galenstraat,52.37562276,4.866627681,Marcantilaan richting Kop van Jut,Kop van Jut richting Marcantilaan,-1,2022-12-28,0,
Jan van Galenstraat,52.37562276,4.866627681,Marcantilaan richting Kop van Jut,Kop van Jut richting Marcantilaan,1,2022-12-28,0,
Jan van Galenstraat,52.37562276,4.866627681,Marcantilaan richting Kop van Jut,Kop van Jut richting Marcantilaan,-1,2022-12-29,0,
Jan van Galenstraat,52.37562276,4.866627681,Marcantilaan richting Kop van Jut,Kop van Jut richting Marcantilaan,1,2022-12-29,0,
Jan van Galenstraat,52.37562276,4.866627681,Marcantilaan richting Kop van Jut,Kop van Jut richting Marcantilaan,-1,2022-12-30,0,
Jan van Galenstraat,52.37562276,4.866627681,Marcantilaan richting Kop van Jut,Kop van Jut richting Marcantilaan,1,2022-12-30,0,
Jan van Galenstraat,52.37562276,4.866627681,Marcantilaan richting Kop van Jut,Kop van Jut richting Marcantilaan,-1,2022-12-31,0,
Jan van Galenstraat,52.37562276,4.866627681,Marcantilaan richting Kop van Jut,Kop van Jut richting Marcantilaan,1,2022-12-31,0,
