location,latitude,longitude,plusdirection,mindirection,direction,datetime,count,speed_mean
Netwerkweg,52.412604,4.880053,Hardwareweg richting Softwareweg,Softwareweg richting Hardwareweg,-1,2022-01-01,255,16.95
Netwerkweg,52.412604,4.880053,Hardwareweg richting Softwareweg,Softwareweg richting Hardwareweg,1,2022-01-01,346,17.58
Netwerkweg,52.412604,4.880053,Hardwareweg richting Softwareweg,Softwareweg richting Hardwareweg,-1,2022-01-02,189,16.36
Netwerkweg,52.412604,4.880053,Hardwareweg richting Softwareweg,Softwareweg richting Hardwareweg,1,2022-01-02,253,19.1
Netwerkweg,52.412604,4.880053,Hardwareweg richting Softwareweg,Softwareweg richting Hardwareweg,-1,2022-01-03,387,16.56
Netwerkweg,52.412604,4.880053,Hardwareweg richting Softwareweg,Softwareweg richting Hardwareweg,1,2022-01-03,517,18.63
Netwerkweg,52.412604,4.880053,Hardwareweg richting Softwareweg,Softwareweg richting Hardwareweg,-1,2022-01-04,395,17.91
Netwerkweg,52.412604,4.880053,Hardwareweg richting Softwareweg,Softwareweg richting Hardwareweg,1,2022-01-04,482,19.93
Netwerkweg,52.412604,4.880053,Hardwareweg richting Softwareweg,Softwareweg richting Hardwareweg,-1,2022-01-05,342,16.95
Netwerkweg,52.412604,4.880053,Hardwareweg richting Softwareweg,Softwareweg richting Hardwareweg,1,2022-01-05,434,20.6
Netwerkweg,52.412604,4.880053,Hardwareweg richting Softwareweg,Softwareweg richting Hardwareweg,-1,2022-01-06,416,17.93
Netwerkweg,52.412604,4.880053,Hardwareweg richting Softwareweg,Softwareweg richting Hardwareweg,1,2022-01-06,514,19.1
Netwerkweg,52.412604,4.880053,Hardwareweg richting Softwareweg,Softwareweg richting Hardwareweg,-1,2022-01-07,323,17.5
Netwerkweg,52.412604,4.880053,Hardwareweg richting Softwareweg,Softwareweg richting Hardwareweg,1,2022-01-07,415,20.24
Netwerkweg,52.412604,4.880053,Hardwareweg richting Softwareweg,Softwareweg richting Hardwareweg,-1,2022-01-08,202,19.43
Netwerkweg,52.412604,4.880053,Hardwareweg richting Softwareweg,Softwareweg richting Hardwareweg,1,2022-01-08,278,19.61
Netwerkweg,52.412604,4.880053,Hardwareweg richting Softwareweg,Softwareweg richting Hardwareweg,-1,2022-01-09,217,16.84
Netwerkweg,52.412604,4.880053,Hardwareweg richting Softwareweg,Softwareweg richting Hardwareweg,1,2022-01-09,320,19.52
Netwerkweg,52.412604,4.880053,Hardwareweg richting Softwareweg,Softwareweg richting Hardwareweg,-1,2022-01-10,480,17.82
Netwerkweg,52.412604,4.880053,Hardwareweg richting Softwareweg,Softwareweg richting Hardwareweg,1,2022-01-10,610,18.77
Netwerkweg,52.412604,4.880053,Hardwareweg richting Softwareweg,Softwareweg richting Hardwareweg,-1,2022-01-11,505,17.95
Netwerkweg,52.412604,4.880053,Hardwareweg richting Softwareweg,Softwareweg richting Hardwareweg,1,2022-01-11,640,18.82
Netwerkweg,52.412604,4.880053,Hardwareweg richting Softwareweg,Softwareweg richting Hardwareweg,-1,2022-01-12,475,18.03
Netwerkweg,52.412604,4.880053,Hardwareweg richting Softwareweg,Softwareweg richting Hardwareweg,1,2022-01-12,643,19.1
Netwerkweg,52.412604,4.880053,Hardwareweg richting Softwareweg,Softwareweg richting Hardwareweg,-1,2022-01-13,431,17.5
Netwerkweg,52.412604,4.880053,Hardwareweg richting Softwareweg,Softwareweg richting Hardwareweg,1,2022-01-13,553,19.67
Netwerkweg,52.412604,4.880053,Hardwareweg richting Softwareweg,Softwareweg richting Hardwareweg,-1,2022-01-14,499,18.13
Netwerkweg,52.412604,4.880053,Hardwareweg richting Softwareweg,Softwareweg richting Hardwareweg,1,2022-01-14,597,20.02
Netwerkweg,52.412604,4.880053,Hardwareweg richting Softwareweg,Softwareweg richting Hardwareweg,-1,2022-01-15,299,18.72
Netwerkweg,52.412604,4.880053,Hardwareweg richting Softwareweg,Softwareweg richting Hardwareweg,1,2022-01-15,411,18.55
Netwerkweg,52.412604,4.880053,Hardwareweg richting Softwareweg,Softwareweg richting Hardwareweg,-1,2022-01-16,243,17.27
Netwerkweg,52.412604,4.880053,Hardwareweg richting Softwareweg,Softwareweg richting Hardwareweg,1,2022-01-16,348,19.09
Netwerkweg,52.412604,4.880053,Hardwareweg richting Softwareweg,Softwareweg richting Hardwareweg,-1,2022-01-17,487,17.45
Netwerkweg,52.412604,4.880053,Hardwareweg richting Softwareweg,Softwareweg richting Hardwareweg,1,2022-01-17,614,20.18
Netwerkweg,52.412604,4.880053,Hardwareweg richting Softwareweg,Softwareweg richting Hardwareweg,-1,2022-01-18,456,18.4
Netwerkweg,52.412604,4.880053,Hardwareweg richting Softwareweg,Softwareweg richting Hardwareweg,1,2022-01-18,588,19.79
Netwerkweg,52.412604,4.880053,Hardwareweg richting Softwareweg,Softwareweg richting Hardwareweg,-1,2022-01-19,418,17.7
Netwerkweg,52.412604,4.880053,Hardwareweg richting Softwareweg,Softwareweg richting Hardwareweg,1,2022-01-19,547,20.71
Netwerkweg,52.412604,4.880053,Hardwareweg richting Softwareweg,Softwareweg richting Hardwareweg,-1,2022-01-20,405,17.36
Netwerkweg,52.412604,4.880053,Hardwareweg richting Softwareweg,Softwareweg richting Hardwareweg,1,2022-01-20,532,20.27
Netwerkweg,52.412604,4.880053,Hardwareweg richting Softwareweg,Softwareweg richting Hardwareweg,-1,2022-01-21,397,17.2
Netwerkweg,52.412604,4.880053,Hardwareweg richting Softwareweg,Softwareweg richting Hardwareweg,1,2022-01-21,541,20.47
Netwerkweg,52.412604,4.880053,Hardwareweg richting Softwareweg,Softwareweg richting Hardwareweg,-1,2022-01-22,339,17.68
Netwerkweg,52.412604,4.880053,Hardwareweg richting Softwareweg,Softwareweg richting Hardwareweg,1,2022-01-22,409,20.15
Netwerkweg,52.412604,4.880053,Hardwareweg richting Softwareweg,Softwareweg richting Hardwareweg,-1,2022-01-23,13,21.15
Netwerkweg,52.412604,4.880053,Hardwareweg richting Softwareweg,Softwareweg richting Hardwareweg,1,2022-01-23,9,19.44
Netwerkweg,52.412604,4.880053,Hardwareweg richting Softwareweg,Softwareweg richting Hardwareweg,-1,2022-01-24,369,18.58
Netwerkweg,52.412604,4.880053,Hardwareweg richting Softwareweg,Softwareweg richting Hardwareweg,1,2022-01-24,291,18.51
Netwerkweg,52.412604,4.880053,Hardwareweg richting Softwareweg,Softwareweg richting Hardwareweg,-1,2022-01-25,479,18.01
Netwerkweg,52.412604,4.880053,Hardwareweg richting Softwareweg,Softwareweg richting Hardwareweg,1,2022-01-25,578,19.3
Netwerkweg,52.412604,4.880053,Hardwareweg richting Softwareweg,Softwareweg richting Hardwareweg,-1,2022-01-26,492,17.94
Netwerkweg,52.412604,4.880053,Hardwareweg richting Softwareweg,Softwareweg richting Hardwareweg,1,2022-01-26,591,20.77
Netwerkweg,52.412604,4.880053,Hardwareweg richting Softwareweg,Softwareweg richting Hardwareweg,-1,2022-01-27,441,17.21
Netwerkweg,52.412604,4.880053,Hardwareweg richting Softwareweg,Softwareweg richting Hardwareweg,1,2022-01-27,536,20.38
Netwerkweg,52.412604,4.880053,Hardwareweg richting Softwareweg,Softwareweg richting Hardwareweg,-1,2022-01-28,520,18.22
Netwerkweg,52.412604,4.880053,Hardwareweg richting Softwareweg,Softwareweg richting Hardwareweg,1,2022-01-28,639,20.29
Netwerkweg,52.412604,4.880053,Hardwareweg richting Softwareweg,Softwareweg richting Hardwareweg,-1,2022-01-29,356,17.01
Netwerkweg,52.412604,4.880053,Hardwareweg richting Softwareweg,Softwareweg richting Hardwareweg,1,2022-01-29,438,20.63
Netwerkweg,52.412604,4.880053,Hardwareweg richting Softwareweg,Softwareweg richting Hardwareweg,-1,2022-01-30,350,17.51
Netwerkweg,52.412604,4.880053,Hardwareweg richting Softwareweg,Softwareweg richting Hardwareweg,1,2022-01-30,442,19.73
Netwerkweg,52.412604,4.880053,Hardwareweg richting Softwareweg,Softwareweg richting Hardwareweg,-1,2022-01-31,242,16.98
Netwerkweg,52.412604,4.880053,Hardwareweg richting Softwareweg,Softwareweg richting Hardwareweg,1,2022-01-31,286,20.65
Netwerkweg,52.412604,4.880053,Hardwareweg richting Softwareweg,Softwareweg richting Hardwareweg,-1,2022-02-01,364,16.99
Netwerkweg,52.412604,4.880053,Hardwareweg richting Softwareweg,Softwareweg richting Hardwareweg,1,2022-02-01,454,20.49
Netwerkweg,52.412604,4.880053,Hardwareweg richting Softwareweg,Softwareweg richting Hardwareweg,-1,2022-02-02,515,17.97
Netwerkweg,52.412604,4.880053,Hardwareweg richting Softwareweg,Softwareweg richting Hardwareweg,1,2022-02-02,644,20.03
Netwerkweg,52.412604,4.880053,Hardwareweg richting Softwareweg,Softwareweg richting Hardwareweg,-1,2022-02-03,409,17.93
Netwerkweg,52.412604,4.880053,Hardwareweg richting Softwareweg,Softwareweg richting Hardwareweg,1,2022-02-03,557,20.11
Netwerkweg,52.412604,4.880053,Hardwareweg richting Softwareweg,Softwareweg richting Hardwareweg,-1,2022-02-04,368,17.4
Netwerkweg,52.412604,4.880053,Hardwareweg richting Softwareweg,Softwareweg richting Hardwareweg,1,2022-02-04,468,21.0
Netwerkweg,52.412604,4.880053,Hardwareweg richting Softwareweg,Softwareweg richting Hardwareweg,-1,2022-02-05,326,16.98
Netwerkweg,52.412604,4.880053,Hardwareweg richting Softwareweg,Softwareweg richting Hardwareweg,1,2022-02-05,460,19.03
Netwerkweg,52.412604,4.880053,Hardwareweg richting Softwareweg,Softwareweg richting Hardwareweg,-1,2022-02-06,168,17.98
Netwerkweg,52.412604,4.880053,Hardwareweg richting Softwareweg,Softwareweg richting Hardwareweg,1,2022-02-06,185,22.24
Netwerkweg,52.412604,4.880053,Hardwareweg richting Softwareweg,Softwareweg richting Hardwareweg,-1,2022-02-07,457,16.92
Netwerkweg,52.412604,4.880053,Hardwareweg richting Softwareweg,Softwareweg richting Hardwareweg,1,2022-02-07,575,19.69
Netwerkweg,52.412604,4.880053,Hardwareweg richting Softwareweg,Softwareweg richting Hardwareweg,-1,2022-02-08,523,17.54
Netwerkweg,52.412604,4.880053,Hardwareweg richting Softwareweg,Softwareweg richting Hardwareweg,1,2022-02-08,674,20.42
Netwerkweg,52.412604,4.880053,Hardwareweg richting Softwareweg,Softwareweg richting Hardwareweg,-1,2022-02-09,425,20.75
Netwerkweg,52.412604,4.880053,Hardwareweg richting Softwareweg,Softwareweg richting Hardwareweg,1,2022-02-09,409,20.3
Netwerkweg,52.412604,4.880053,Hardwareweg richting Softwareweg,Softwareweg richting Hardwareweg,-1,2022-02-10,464,20.45
Netwerkweg,52.412604,4.880053,Hardwareweg richting Softwareweg,Softwareweg richting Hardwareweg,1,2022-02-10,473,22.64
Netwerkweg,52.412604,4.880053,Hardwareweg richting Softwareweg,Softwareweg richting Hardwareweg,-1,2022-02-11,527,20.2
Netwerkweg,52.412604,4.880053,Hardwareweg richting Softwareweg,Softwareweg richting Hardwareweg,1,2022-02-11,475,21.89
Netwerkweg,52.412604,4.880053,Hardwareweg richting Softwareweg,Softwareweg richting Hardwareweg,-1,2022-02-12,388,21.59
Netwerkweg,52.412604,4.880053,Hardwareweg richting Softwareweg,Softwareweg richting Hardwareweg,1,2022-02-12,418,20.76
Netwerkweg,52.412604,4.880053,Hardwareweg richting Softwareweg,Softwareweg richting Hardwareweg,-1,2022-02-13,256,21.52
Netwerkweg,52.412604,4.880053,Hardwareweg richting Softwareweg,Softwareweg richting Hardwareweg,1,2022-02-13,281,20.17
Netwerkweg,52.412604,4.880053,Hardwareweg richting Softwareweg,Softwareweg richting Hardwareweg,-1,2022-02-14,462,20.87
Netwerkweg,52.412604,4.880053,Hardwareweg richting Softwareweg,Softwareweg richting Hardwareweg,1,2022-02-14,412,22.0
Netwerkweg,52.412604,4.880053,Hardwareweg richting Softwareweg,Softwareweg richting Hardwareweg,-1,2022-02-15,419,20.89
Netwerkweg,52.412604,4.880053,Hardwareweg richting Softwareweg,Softwareweg richting Hardwareweg,1,2022-02-15,379,21.44
Netwerkweg,52.412604,4.880053,Hardwareweg richting Softwareweg,Softwareweg richting Hardwareweg,-1,2022-02-16,318,20.04
Netwerkweg,52.412604,4.880053,Hardwareweg richting Softwareweg,Softwareweg richting Hardwareweg,1,2022-02-16,304,22.78
Netwerkweg,52.412604,4.880053,Hardwareweg richting Softwareweg,Softwareweg richting Hardwareweg,-1,2022-02-17,426,19.24
Netwerkweg,52.412604,4.880053,Hardwareweg richting Softwareweg,Softwareweg richting Hardwareweg,1,2022-02-17,362,22.4
Netwerkweg,52.412604,4.880053,Hardwareweg richting Softwareweg,Softwareweg richting Hardwareweg,-1,2022-02-18,201,20.14
Netwerkweg,52.412604,4.880053,Hardwareweg richting Softwareweg,Softwareweg richting Hardwareweg,1,2022-02-18,174,20.98
Netwerkweg,52.412604,4.880053,Hardwareweg richting Softwareweg,Softwareweg richting Hardwareweg,-1,2022-02-19,233,20.63
Netwerkweg,52.412604,4.880053,Hardwareweg richting Softwareweg,Softwareweg richting Hardwareweg,1,2022-02-19,242,20.17
Netwerkweg,52.412604,4.880053,Hardwareweg richting Softwareweg,Softwareweg richting Hardwareweg,-1,2022-02-20,121,19.42
Netwerkweg,52.412604,4.880053,Hardwareweg richting Softwareweg,Softwareweg richting Hardwareweg,1,2022-02-20,105,20.64
Netwerkweg,52.412604,4.880053,Hardwareweg richting Softwareweg,Softwareweg richting Hardwareweg,-1,2022-02-21,230,18.56
Netwerkweg,52.412604,4.880053,Hardwareweg richting Softwareweg,Softwareweg richting Hardwareweg,1,2022-02-21,233,22.06
Netwerkweg,52.412604,4.880053,Hardwareweg richting Softwareweg,Softwareweg richting Hardwareweg,-1,2022-02-22,389,20.85
Netwerkweg,52.412604,4.880053,Hardwareweg richting Softwareweg,Softwareweg richting Hardwareweg,1,2022-02-22,349,22.68
Netwerkweg,52.412604,4.880053,Hardwareweg richting Softwareweg,Softwareweg richting Hardwareweg,-1,2022-02-23,539,20.8
Netwerkweg,52.412604,4.880053,Hardwareweg richting Softwareweg,Softwareweg richting Hardwareweg,1,2022-02-23,547,21.51
Netwerkweg,52.412604,4.880053,Hardwareweg richting Softwareweg,Softwareweg richting Hardwareweg,-1,2022-02-24,407,21.11
Netwerkweg,52.412604,4.880053,Hardwareweg richting Softwareweg,Softwareweg richting Hardwareweg,1,2022-02-24,381,22.6
Netwerkweg,52.412604,4.880053,Hardwareweg richting Softwareweg,Softwareweg richting Hardwareweg,-1,2022-02-25,396,20.06
Netwerkweg,52.412604,4.880053,Hardwareweg richting Softwareweg,Softwareweg richting Hardwareweg,1,2022-02-25,413,22.36
Netwerkweg,52.412604,4.880053,Hardwareweg richting Softwareweg,Softwareweg richting Hardwareweg,-1,2022-02-26,466,21.08
Netwerkweg,52.412604,4.880053,Hardwareweg richting Softwareweg,Softwareweg richting Hardwareweg,1,2022-02-26,537,18.3
Netwerkweg,52.412604,4.880053,Hardwareweg richting Softwareweg,Softwareweg richting Hardwareweg,-1,2022-02-27,484,20.54
Netwerkweg,52.412604,4.880053,Hardwareweg richting Softwareweg,Softwareweg richting Hardwareweg,1,2022-02-27,488,17.85
Netwerkweg,52.412604,4.880053,Hardwareweg richting Softwareweg,Softwareweg richting Hardwareweg,-1,2022-02-28,559,22.0
Netwerkweg,52.412604,4.880053,Hardwareweg richting Softwareweg,Softwareweg richting Hardwareweg,1,2022-02-28,598,20.19
Netwerkweg,52.412604,4.880053,Hardwareweg richting Softwareweg,Softwareweg richting Hardwareweg,-1,2022-03-01,484,21.68
Netwerkweg,52.412604,4.880053,Hardwareweg richting Softwareweg,Softwareweg richting Hardwareweg,1,2022-03-01,476,21.38
Netwerkweg,52.412604,4.880053,Hardwareweg richting Softwareweg,Softwareweg richting Hardwareweg,-1,2022-03-02,578,21.53
Netwerkweg,52.412604,4.880053,Hardwareweg richting Softwareweg,Softwareweg richting Hardwareweg,1,2022-03-02,639,21.18
Netwerkweg,52.412604,4.880053,Hardwareweg richting Softwareweg,Softwareweg richting Hardwareweg,-1,2022-03-03,671,21.3
Netwerkweg,52.412604,4.880053,Hardwareweg richting Softwareweg,Softwareweg richting Hardwareweg,1,2022-03-03,688,20.65
Netwerkweg,52.412604,4.880053,Hardwareweg richting Softwareweg,Softwareweg richting Hardwareweg,-1,2022-03-04,602,22.06
Netwerkweg,52.412604,4.880053,Hardwareweg richting Softwareweg,Softwareweg richting Hardwareweg,1,2022-03-04,639,20.01
Netwerkweg,52.412604,4.880053,Hardwareweg richting Softwareweg,Softwareweg richting Hardwareweg,-1,2022-03-05,529,20.72
Netwerkweg,52.412604,4.880053,Hardwareweg richting Softwareweg,Softwareweg richting Hardwareweg,1,2022-03-05,523,19.54
Netwerkweg,52.412604,4.880053,Hardwareweg richting Softwareweg,Softwareweg richting Hardwareweg,-1,2022-03-06,365,20.42
Netwerkweg,52.412604,4.880053,Hardwareweg richting Softwareweg,Softwareweg richting Hardwareweg,1,2022-03-06,372,20.43
Netwerkweg,52.412604,4.880053,Hardwareweg richting Softwareweg,Softwareweg richting Hardwareweg,-1,2022-03-07,537,21.96
Netwerkweg,52.412604,4.880053,Hardwareweg richting Softwareweg,Softwareweg richting Hardwareweg,1,2022-03-07,573,20.99
Netwerkweg,52.412604,4.880053,Hardwareweg richting Softwareweg,Softwareweg richting Hardwareweg,-1,2022-03-08,573,23.19
Netwerkweg,52.412604,4.880053,Hardwareweg richting Softwareweg,Softwareweg richting Hardwareweg,1,2022-03-08,603,20.58
Netwerkweg,52.412604,4.880053,Hardwareweg richting Softwareweg,Softwareweg richting Hardwareweg,-1,2022-03-09,708,22.07
Netwerkweg,52.412604,4.880053,Hardwareweg richting Softwareweg,Softwareweg richting Hardwareweg,1,2022-03-09,721,20.71
Netwerkweg,52.412604,4.880053,Hardwareweg richting Softwareweg,Softwareweg richting Hardwareweg,-1,2022-03-10,691,22.29
Netwerkweg,52.412604,4.880053,Hardwareweg richting Softwareweg,Softwareweg richting Hardwareweg,1,2022-03-10,745,20.89
Netwerkweg,52.412604,4.880053,Hardwareweg richting Softwareweg,Softwareweg richting Hardwareweg,-1,2022-03-11,625,22.52
Netwerkweg,52.412604,4.880053,Hardwareweg richting Softwareweg,Softwareweg richting Hardwareweg,1,2022-03-11,709,19.95
Netwerkweg,52.412604,4.880053,Hardwareweg richting Softwareweg,Softwareweg richting Hardwareweg,-1,2022-03-12,525,21.45
Netwerkweg,52.412604,4.880053,Hardwareweg richting Softwareweg,Softwareweg richting Hardwareweg,1,2022-03-12,562,19.6
Netwerkweg,52.412604,4.880053,Hardwareweg richting Softwareweg,Softwareweg richting Hardwareweg,-1,2022-03-13,523,21.29
Netwerkweg,52.412604,4.880053,Hardwareweg richting Softwareweg,Softwareweg richting Hardwareweg,1,2022-03-13,554,18.75
Netwerkweg,52.412604,4.880053,Hardwareweg richting Softwareweg,Softwareweg richting Hardwareweg,-1,2022-03-14,635,21.07
Netwerkweg,52.412604,4.880053,Hardwareweg richting Softwareweg,Softwareweg richting Hardwareweg,1,2022-03-14,597,21.95
Netwerkweg,52.412604,4.880053,Hardwareweg richting Softwareweg,Softwareweg richting Hardwareweg,-1,2022-03-15,659,22.31
Netwerkweg,52.412604,4.880053,Hardwareweg richting Softwareweg,Softwareweg richting Hardwareweg,1,2022-03-15,703,22.02
Netwerkweg,52.412604,4.880053,Hardwareweg richting Softwareweg,Softwareweg richting Hardwareweg,-1,2022-03-16,678,22.36
Netwerkweg,52.412604,4.880053,Hardwareweg richting Softwareweg,Softwareweg richting Hardwareweg,1,2022-03-16,626,21.16
Netwerkweg,52.412604,4.880053,Hardwareweg richting Softwareweg,Softwareweg richting Hardwareweg,-1,2022-03-17,587,21.55
Netwerkweg,52.412604,4.880053,Hardwareweg richting Softwareweg,Softwareweg richting Hardwareweg,1,2022-03-17,602,22.65
Netwerkweg,52.412604,4.880053,Hardwareweg richting Softwareweg,Softwareweg richting Hardwareweg,-1,2022-03-18,722,21.31
Netwerkweg,52.412604,4.880053,Hardwareweg richting Softwareweg,Softwareweg richting Hardwareweg,1,2022-03-18,715,20.45
Netwerkweg,52.412604,4.880053,Hardwareweg richting Softwareweg,Softwareweg richting Hardwareweg,-1,2022-03-19,541,20.05
Netwerkweg,52.412604,4.880053,Hardwareweg richting Softwareweg,Softwareweg richting Hardwareweg,1,2022-03-19,521,18.93
Netwerkweg,52.412604,4.880053,Hardwareweg richting Softwareweg,Softwareweg richting Hardwareweg,-1,2022-03-20,361,21.96
Netwerkweg,52.412604,4.880053,Hardwareweg richting Softwareweg,Softwareweg richting Hardwareweg,1,2022-03-20,359,19.4
Netwerkweg,52.412604,4.880053,Hardwareweg richting Softwareweg,Softwareweg richting Hardwareweg,-1,2022-03-21,708,21.55
Netwerkweg,52.412604,4.880053,Hardwareweg richting Softwareweg,Softwareweg richting Hardwareweg,1,2022-03-21,650,20.95
Netwerkweg,52.412604,4.880053,Hardwareweg richting Softwareweg,Softwareweg richting Hardwareweg,-1,2022-03-22,833,21.88
Netwerkweg,52.412604,4.880053,Hardwareweg richting Softwareweg,Softwareweg richting Hardwareweg,1,2022-03-22,733,21.47
Netwerkweg,52.412604,4.880053,Hardwareweg richting Softwareweg,Softwareweg richting Hardwareweg,-1,2022-03-23,826,21.01
Netwerkweg,52.412604,4.880053,Hardwareweg richting Softwareweg,Softwareweg richting Hardwareweg,1,2022-03-23,707,21.48
Netwerkweg,52.412604,4.880053,Hardwareweg richting Softwareweg,Softwareweg richting Hardwareweg,-1,2022-03-24,811,21.35
Netwerkweg,52.412604,4.880053,Hardwareweg richting Softwareweg,Softwareweg richting Hardwareweg,1,2022-03-24,741,21.92
Netwerkweg,52.412604,4.880053,Hardwareweg richting Softwareweg,Softwareweg richting Hardwareweg,-1,2022-03-25,722,21.48
Netwerkweg,52.412604,4.880053,Hardwareweg richting Softwareweg,Softwareweg richting Hardwareweg,1,2022-03-25,692,21.44
Netwerkweg,52.412604,4.880053,Hardwareweg richting Softwareweg,Softwareweg richting Hardwareweg,-1,2022-03-26,663,19.79
Netwerkweg,52.412604,4.880053,Hardwareweg richting Softwareweg,Softwareweg richting Hardwareweg,1,2022-03-26,703,18.99
Netwerkweg,52.412604,4.880053,Hardwareweg richting Softwareweg,Softwareweg richting Hardwareweg,-1,2022-03-27,529,20.32
Netwerkweg,52.412604,4.880053,Hardwareweg richting Softwareweg,Softwareweg richting Hardwareweg,1,2022-03-27,552,19.47
Netwerkweg,52.412604,4.880053,Hardwareweg richting Softwareweg,Softwareweg richting Hardwareweg,-1,2022-03-28,673,21.38
Netwerkweg,52.412604,4.880053,Hardwareweg richting Softwareweg,Softwareweg richting Hardwareweg,1,2022-03-28,642,21.24
Netwerkweg,52.412604,4.880053,Hardwareweg richting Softwareweg,Softwareweg richting Hardwareweg,-1,2022-03-29,713,21.82
Netwerkweg,52.412604,4.880053,Hardwareweg richting Softwareweg,Softwareweg richting Hardwareweg,1,2022-03-29,644,21.15
Netwerkweg,52.412604,4.880053,Hardwareweg richting Softwareweg,Softwareweg richting Hardwareweg,-1,2022-03-30,629,22.33
Netwerkweg,52.412604,4.880053,Hardwareweg richting Softwareweg,Softwareweg richting Hardwareweg,1,2022-03-30,569,22.06
Netwerkweg,52.412604,4.880053,Hardwareweg richting Softwareweg,Softwareweg richting Hardwareweg,-1,2022-03-31,389,21.31
Netwerkweg,52.412604,4.880053,Hardwareweg richting Softwareweg,Softwareweg richting Hardwareweg,1,2022-03-31,345,22.68
Netwerkweg,52.412604,4.880053,Hardwareweg richting Softwareweg,Softwareweg richting Hardwareweg,-1,2022-04-01,364,20.64
Netwerkweg,52.412604,4.880053,Hardwareweg richting Softwareweg,Softwareweg richting Hardwareweg,1,2022-04-01,319,20.4
Netwerkweg,52.412604,4.880053,Hardwareweg richting Softwareweg,Softwareweg richting Hardwareweg,-1,2022-04-02,492,19.53
Netwerkweg,52.412604,4.880053,Hardwareweg richting Softwareweg,Softwareweg richting Hardwareweg,1,2022-04-02,425,20.26
Netwerkweg,52.412604,4.880053,Hardwareweg richting Softwareweg,Softwareweg richting Hardwareweg,-1,2022-04-03,366,19.73
Netwerkweg,52.412604,4.880053,Hardwareweg richting Softwareweg,Softwareweg richting Hardwareweg,1,2022-04-03,315,20.91
Netwerkweg,52.412604,4.880053,Hardwareweg richting Softwareweg,Softwareweg richting Hardwareweg,-1,2022-04-04,353,20.68
Netwerkweg,52.412604,4.880053,Hardwareweg richting Softwareweg,Softwareweg richting Hardwareweg,1,2022-04-04,303,22.23
Netwerkweg,52.412604,4.880053,Hardwareweg richting Softwareweg,Softwareweg richting Hardwareweg,-1,2022-04-05,436,20.6
Netwerkweg,52.412604,4.880053,Hardwareweg richting Softwareweg,Softwareweg richting Hardwareweg,1,2022-04-05,418,23.55
Netwerkweg,52.412604,4.880053,Hardwareweg richting Softwareweg,Softwareweg richting Hardwareweg,-1,2022-04-06,434,21.04
Netwerkweg,52.412604,4.880053,Hardwareweg richting Softwareweg,Softwareweg richting Hardwareweg,1,2022-04-06,436,23.22
Netwerkweg,52.412604,4.880053,Hardwareweg richting Softwareweg,Softwareweg richting Hardwareweg,-1,2022-04-07,373,20.65
Netwerkweg,52.412604,4.880053,Hardwareweg richting Softwareweg,Softwareweg richting Hardwareweg,1,2022-04-07,347,23.09
Netwerkweg,52.412604,4.880053,Hardwareweg richting Softwareweg,Softwareweg richting Hardwareweg,-1,2022-04-08,568,20.67
Netwerkweg,52.412604,4.880053,Hardwareweg richting Softwareweg,Softwareweg richting Hardwareweg,1,2022-04-08,574,22.49
Netwerkweg,52.412604,4.880053,Hardwareweg richting Softwareweg,Softwareweg richting Hardwareweg,-1,2022-04-09,362,19.3
Netwerkweg,52.412604,4.880053,Hardwareweg richting Softwareweg,Softwareweg richting Hardwareweg,1,2022-04-09,329,21.52
Netwerkweg,52.412604,4.880053,Hardwareweg richting Softwareweg,Softwareweg richting Hardwareweg,-1,2022-04-10,543,18.71
Netwerkweg,52.412604,4.880053,Hardwareweg richting Softwareweg,Softwareweg richting Hardwareweg,1,2022-04-10,473,20.22
Netwerkweg,52.412604,4.880053,Hardwareweg richting Softwareweg,Softwareweg richting Hardwareweg,-1,2022-04-11,764,21.62
Netwerkweg,52.412604,4.880053,Hardwareweg richting Softwareweg,Softwareweg richting Hardwareweg,1,2022-04-11,699,20.77
Netwerkweg,52.412604,4.880053,Hardwareweg richting Softwareweg,Softwareweg richting Hardwareweg,-1,2022-04-12,832,22.1
Netwerkweg,52.412604,4.880053,Hardwareweg richting Softwareweg,Softwareweg richting Hardwareweg,1,2022-04-12,762,21.36
Netwerkweg,52.412604,4.880053,Hardwareweg richting Softwareweg,Softwareweg richting Hardwareweg,-1,2022-04-13,752,20.99
Netwerkweg,52.412604,4.880053,Hardwareweg richting Softwareweg,Softwareweg richting Hardwareweg,1,2022-04-13,685,22.08
Netwerkweg,52.412604,4.880053,Hardwareweg richting Softwareweg,Softwareweg richting Hardwareweg,-1,2022-04-14,849,20.59
Netwerkweg,52.412604,4.880053,Hardwareweg richting Softwareweg,Softwareweg richting Hardwareweg,1,2022-04-14,766,22.08
Netwerkweg,52.412604,4.880053,Hardwareweg richting Softwareweg,Softwareweg richting Hardwareweg,-1,2022-04-15,650,20.56
Netwerkweg,52.412604,4.880053,Hardwareweg richting Softwareweg,Softwareweg richting Hardwareweg,1,2022-04-15,630,20.83
Netwerkweg,52.412604,4.880053,Hardwareweg richting Softwareweg,Softwareweg richting Hardwareweg,-1,2022-04-16,743,19.67
Netwerkweg,52.412604,4.880053,Hardwareweg richting Softwareweg,Softwareweg richting Hardwareweg,1,2022-04-16,672,18.67
Netwerkweg,52.412604,4.880053,Hardwareweg richting Softwareweg,Softwareweg richting Hardwareweg,-1,2022-04-17,762,19.43
Netwerkweg,52.412604,4.880053,Hardwareweg richting Softwareweg,Softwareweg richting Hardwareweg,1,2022-04-17,787,17.91
Netwerkweg,52.412604,4.880053,Hardwareweg richting Softwareweg,Softwareweg richting Hardwareweg,-1,2022-04-18,669,19.84
Netwerkweg,52.412604,4.880053,Hardwareweg richting Softwareweg,Softwareweg richting Hardwareweg,1,2022-04-18,631,18.86
Netwerkweg,52.412604,4.880053,Hardwareweg richting Softwareweg,Softwareweg richting Hardwareweg,-1,2022-04-19,863,21.57
Netwerkweg,52.412604,4.880053,Hardwareweg richting Softwareweg,Softwareweg richting Hardwareweg,1,2022-04-19,801,21.64
Netwerkweg,52.412604,4.880053,Hardwareweg richting Softwareweg,Softwareweg richting Hardwareweg,-1,2022-04-20,831,21.28
Netwerkweg,52.412604,4.880053,Hardwareweg richting Softwareweg,Softwareweg richting Hardwareweg,1,2022-04-20,761,21.26
Netwerkweg,52.412604,4.880053,Hardwareweg richting Softwareweg,Softwareweg richting Hardwareweg,-1,2022-04-21,862,21.52
Netwerkweg,52.412604,4.880053,Hardwareweg richting Softwareweg,Softwareweg richting Hardwareweg,1,2022-04-21,807,21.44
Netwerkweg,52.412604,4.880053,Hardwareweg richting Softwareweg,Softwareweg richting Hardwareweg,-1,2022-04-22,733,21.48
Netwerkweg,52.412604,4.880053,Hardwareweg richting Softwareweg,Softwareweg richting Hardwareweg,1,2022-04-22,725,21.61
Netwerkweg,52.412604,4.880053,Hardwareweg richting Softwareweg,Softwareweg richting Hardwareweg,-1,2022-04-23,608,19.8
Netwerkweg,52.412604,4.880053,Hardwareweg richting Softwareweg,Softwareweg richting Hardwareweg,1,2022-04-23,599,19.24
Netwerkweg,52.412604,4.880053,Hardwareweg richting Softwareweg,Softwareweg richting Hardwareweg,-1,2022-04-24,573,18.95
Netwerkweg,52.412604,4.880053,Hardwareweg richting Softwareweg,Softwareweg richting Hardwareweg,1,2022-04-24,544,19.58
Netwerkweg,52.412604,4.880053,Hardwareweg richting Softwareweg,Softwareweg richting Hardwareweg,-1,2022-04-25,526,21.49
Netwerkweg,52.412604,4.880053,Hardwareweg richting Softwareweg,Softwareweg richting Hardwareweg,1,2022-04-25,475,22.97
Netwerkweg,52.412604,4.880053,Hardwareweg richting Softwareweg,Softwareweg richting Hardwareweg,-1,2022-04-26,712,20.81
Netwerkweg,52.412604,4.880053,Hardwareweg richting Softwareweg,Softwareweg richting Hardwareweg,1,2022-04-26,712,21.91
Netwerkweg,52.412604,4.880053,Hardwareweg richting Softwareweg,Softwareweg richting Hardwareweg,-1,2022-04-27,834,18.62
Netwerkweg,52.412604,4.880053,Hardwareweg richting Softwareweg,Softwareweg richting Hardwareweg,1,2022-04-27,706,19.16
Netwerkweg,52.412604,4.880053,Hardwareweg richting Softwareweg,Softwareweg richting Hardwareweg,-1,2022-04-28,601,21.69
Netwerkweg,52.412604,4.880053,Hardwareweg richting Softwareweg,Softwareweg richting Hardwareweg,1,2022-04-28,593,21.5
Netwerkweg,52.412604,4.880053,Hardwareweg richting Softwareweg,Softwareweg richting Hardwareweg,-1,2022-04-29,592,21.42
Netwerkweg,52.412604,4.880053,Hardwareweg richting Softwareweg,Softwareweg richting Hardwareweg,1,2022-04-29,601,21.7
Netwerkweg,52.412604,4.880053,Hardwareweg richting Softwareweg,Softwareweg richting Hardwareweg,-1,2022-04-30,492,20.08
Netwerkweg,52.412604,4.880053,Hardwareweg richting Softwareweg,Softwareweg richting Hardwareweg,1,2022-04-30,478,20.69
Netwerkweg,52.412604,4.880053,Hardwareweg richting Softwareweg,Softwareweg richting Hardwareweg,-1,2022-05-01,592,19.55
Netwerkweg,52.412604,4.880053,Hardwareweg richting Softwareweg,Softwareweg richting Hardwareweg,1,2022-05-01,590,19.98
Netwerkweg,52.412604,4.880053,Hardwareweg richting Softwareweg,Softwareweg richting Hardwareweg,-1,2022-05-02,798,20.89
Netwerkweg,52.412604,4.880053,Hardwareweg richting Softwareweg,Softwareweg richting Hardwareweg,1,2022-05-02,764,20.75
Netwerkweg,52.412604,4.880053,Hardwareweg richting Softwareweg,Softwareweg richting Hardwareweg,-1,2022-05-03,657,21.83
Netwerkweg,52.412604,4.880053,Hardwareweg richting Softwareweg,Softwareweg richting Hardwareweg,1,2022-05-03,665,21.72
Netwerkweg,52.412604,4.880053,Hardwareweg richting Softwareweg,Softwareweg richting Hardwareweg,-1,2022-05-04,745,21.39
Netwerkweg,52.412604,4.880053,Hardwareweg richting Softwareweg,Softwareweg richting Hardwareweg,1,2022-05-04,752,21.83
Netwerkweg,52.412604,4.880053,Hardwareweg richting Softwareweg,Softwareweg richting Hardwareweg,-1,2022-05-05,723,20.43
Netwerkweg,52.412604,4.880053,Hardwareweg richting Softwareweg,Softwareweg richting Hardwareweg,1,2022-05-05,772,21.35
Netwerkweg,52.412604,4.880053,Hardwareweg richting Softwareweg,Softwareweg richting Hardwareweg,-1,2022-05-06,847,20.02
Netwerkweg,52.412604,4.880053,Hardwareweg richting Softwareweg,Softwareweg richting Hardwareweg,1,2022-05-06,864,21.06
Netwerkweg,52.412604,4.880053,Hardwareweg richting Softwareweg,Softwareweg richting Hardwareweg,-1,2022-05-07,658,19.95
Netwerkweg,52.412604,4.880053,Hardwareweg richting Softwareweg,Softwareweg richting Hardwareweg,1,2022-05-07,666,20.97
Netwerkweg,52.412604,4.880053,Hardwareweg richting Softwareweg,Softwareweg richting Hardwareweg,-1,2022-05-08,633,20.04
Netwerkweg,52.412604,4.880053,Hardwareweg richting Softwareweg,Softwareweg richting Hardwareweg,1,2022-05-08,639,18.93
Netwerkweg,52.412604,4.880053,Hardwareweg richting Softwareweg,Softwareweg richting Hardwareweg,-1,2022-05-09,856,21.82
Netwerkweg,52.412604,4.880053,Hardwareweg richting Softwareweg,Softwareweg richting Hardwareweg,1,2022-05-09,886,21.04
Netwerkweg,52.412604,4.880053,Hardwareweg richting Softwareweg,Softwareweg richting Hardwareweg,-1,2022-05-10,795,21.69
Netwerkweg,52.412604,4.880053,Hardwareweg richting Softwareweg,Softwareweg richting Hardwareweg,1,2022-05-10,809,21.76
Netwerkweg,52.412604,4.880053,Hardwareweg richting Softwareweg,Softwareweg richting Hardwareweg,-1,2022-05-11,796,20.98
Netwerkweg,52.412604,4.880053,Hardwareweg richting Softwareweg,Softwareweg richting Hardwareweg,1,2022-05-11,799,22.54
Netwerkweg,52.412604,4.880053,Hardwareweg richting Softwareweg,Softwareweg richting Hardwareweg,-1,2022-05-12,849,21.46
Netwerkweg,52.412604,4.880053,Hardwareweg richting Softwareweg,Softwareweg richting Hardwareweg,1,2022-05-12,855,22.64
Netwerkweg,52.412604,4.880053,Hardwareweg richting Softwareweg,Softwareweg richting Hardwareweg,-1,2022-05-13,777,20.37
Netwerkweg,52.412604,4.880053,Hardwareweg richting Softwareweg,Softwareweg richting Hardwareweg,1,2022-05-13,784,22.13
Netwerkweg,52.412604,4.880053,Hardwareweg richting Softwareweg,Softwareweg richting Hardwareweg,-1,2022-05-14,841,19.36
Netwerkweg,52.412604,4.880053,Hardwareweg richting Softwareweg,Softwareweg richting Hardwareweg,1,2022-05-14,823,19.86
Netwerkweg,52.412604,4.880053,Hardwareweg richting Softwareweg,Softwareweg richting Hardwareweg,-1,2022-05-15,758,19.74
Netwerkweg,52.412604,4.880053,Hardwareweg richting Softwareweg,Softwareweg richting Hardwareweg,1,2022-05-15,958,18.32
Netwerkweg,52.412604,4.880053,Hardwareweg richting Softwareweg,Softwareweg richting Hardwareweg,-1,2022-05-16,746,21.16
Netwerkweg,52.412604,4.880053,Hardwareweg richting Softwareweg,Softwareweg richting Hardwareweg,1,2022-05-16,764,21.83
Netwerkweg,52.412604,4.880053,Hardwareweg richting Softwareweg,Softwareweg richting Hardwareweg,-1,2022-05-17,917,21.5
Netwerkweg,52.412604,4.880053,Hardwareweg richting Softwareweg,Softwareweg richting Hardwareweg,1,2022-05-17,889,21.8
Netwerkweg,52.412604,4.880053,Hardwareweg richting Softwareweg,Softwareweg richting Hardwareweg,-1,2022-05-18,915,20.73
Netwerkweg,52.412604,4.880053,Hardwareweg richting Softwareweg,Softwareweg richting Hardwareweg,1,2022-05-18,931,21.68
Netwerkweg,52.412604,4.880053,Hardwareweg richting Softwareweg,Softwareweg richting Hardwareweg,-1,2022-05-19,649,21.58
Netwerkweg,52.412604,4.880053,Hardwareweg richting Softwareweg,Softwareweg richting Hardwareweg,1,2022-05-19,611,22.25
Netwerkweg,52.412604,4.880053,Hardwareweg richting Softwareweg,Softwareweg richting Hardwareweg,-1,2022-05-20,508,21.63
Netwerkweg,52.412604,4.880053,Hardwareweg richting Softwareweg,Softwareweg richting Hardwareweg,1,2022-05-20,526,22.02
Netwerkweg,52.412604,4.880053,Hardwareweg richting Softwareweg,Softwareweg richting Hardwareweg,-1,2022-05-21,648,18.73
Netwerkweg,52.412604,4.880053,Hardwareweg richting Softwareweg,Softwareweg richting Hardwareweg,1,2022-05-21,626,20.47
Netwerkweg,52.412604,4.880053,Hardwareweg richting Softwareweg,Softwareweg richting Hardwareweg,-1,2022-05-22,827,19.81
Netwerkweg,52.412604,4.880053,Hardwareweg richting Softwareweg,Softwareweg richting Hardwareweg,1,2022-05-22,876,19.23
Netwerkweg,52.412604,4.880053,Hardwareweg richting Softwareweg,Softwareweg richting Hardwareweg,-1,2022-05-23,646,21.52
Netwerkweg,52.412604,4.880053,Hardwareweg richting Softwareweg,Softwareweg richting Hardwareweg,1,2022-05-23,586,22.66
Netwerkweg,52.412604,4.880053,Hardwareweg richting Softwareweg,Softwareweg richting Hardwareweg,-1,2022-05-24,589,21.35
Netwerkweg,52.412604,4.880053,Hardwareweg richting Softwareweg,Softwareweg richting Hardwareweg,1,2022-05-24,602,22.27
Netwerkweg,52.412604,4.880053,Hardwareweg richting Softwareweg,Softwareweg richting Hardwareweg,-1,2022-05-25,677,20.82
Netwerkweg,52.412604,4.880053,Hardwareweg richting Softwareweg,Softwareweg richting Hardwareweg,1,2022-05-25,702,21.93
Netwerkweg,52.412604,4.880053,Hardwareweg richting Softwareweg,Softwareweg richting Hardwareweg,-1,2022-05-26,619,19.26
Netwerkweg,52.412604,4.880053,Hardwareweg richting Softwareweg,Softwareweg richting Hardwareweg,1,2022-05-26,631,20.1
Netwerkweg,52.412604,4.880053,Hardwareweg richting Softwareweg,Softwareweg richting Hardwareweg,-1,2022-05-27,678,19.0
Netwerkweg,52.412604,4.880053,Hardwareweg richting Softwareweg,Softwareweg richting Hardwareweg,1,2022-05-27,719,21.32
Netwerkweg,52.412604,4.880053,Hardwareweg richting Softwareweg,Softwareweg richting Hardwareweg,-1,2022-05-28,590,19.42
Netwerkweg,52.412604,4.880053,Hardwareweg richting Softwareweg,Softwareweg richting Hardwareweg,1,2022-05-28,744,20.75
Netwerkweg,52.412604,4.880053,Hardwareweg richting Softwareweg,Softwareweg richting Hardwareweg,-1,2022-05-29,457,20.13
Netwerkweg,52.412604,4.880053,Hardwareweg richting Softwareweg,Softwareweg richting Hardwareweg,1,2022-05-29,430,21.04
Netwerkweg,52.412604,4.880053,Hardwareweg richting Softwareweg,Softwareweg richting Hardwareweg,-1,2022-05-30,651,20.8
Netwerkweg,52.412604,4.880053,Hardwareweg richting Softwareweg,Softwareweg richting Hardwareweg,1,2022-05-30,634,22.1
Netwerkweg,52.412604,4.880053,Hardwareweg richting Softwareweg,Softwareweg richting Hardwareweg,-1,2022-05-31,713,22.17
Netwerkweg,52.412604,4.880053,Hardwareweg richting Softwareweg,Softwareweg richting Hardwareweg,1,2022-05-31,689,21.88
Netwerkweg,52.412604,4.880053,Hardwareweg richting Softwareweg,Softwareweg richting Hardwareweg,-1,2022-06-01,699,21.33
Netwerkweg,52.412604,4.880053,Hardwareweg richting Softwareweg,Softwareweg richting Hardwareweg,1,2022-06-01,738,22.14
Netwerkweg,52.412604,4.880053,Hardwareweg richting Softwareweg,Softwareweg richting Hardwareweg,-1,2022-06-02,857,21.64
Netwerkweg,52.412604,4.880053,Hardwareweg richting Softwareweg,Softwareweg richting Hardwareweg,1,2022-06-02,854,21.54
Netwerkweg,52.412604,4.880053,Hardwareweg richting Softwareweg,Softwareweg richting Hardwareweg,-1,2022-06-03,855,21.12
Netwerkweg,52.412604,4.880053,Hardwareweg richting Softwareweg,Softwareweg richting Hardwareweg,1,2022-06-03,773,20.86
Netwerkweg,52.412604,4.880053,Hardwareweg richting Softwareweg,Softwareweg richting Hardwareweg,-1,2022-06-04,832,19.22
Netwerkweg,52.412604,4.880053,Hardwareweg richting Softwareweg,Softwareweg richting Hardwareweg,1,2022-06-04,911,18.8
Netwerkweg,52.412604,4.880053,Hardwareweg richting Softwareweg,Softwareweg richting Hardwareweg,-1,2022-06-05,432,19.61
Netwerkweg,52.412604,4.880053,Hardwareweg richting Softwareweg,Softwareweg richting Hardwareweg,1,2022-06-05,459,18.84
Netwerkweg,52.412604,4.880053,Hardwareweg richting Softwareweg,Softwareweg richting Hardwareweg,-1,2022-06-06,264,20.04
Netwerkweg,52.412604,4.880053,Hardwareweg richting Softwareweg,Softwareweg richting Hardwareweg,1,2022-06-06,263,21.17
Netwerkweg,52.412604,4.880053,Hardwareweg richting Softwareweg,Softwareweg richting Hardwareweg,-1,2022-06-07,763,21.84
Netwerkweg,52.412604,4.880053,Hardwareweg richting Softwareweg,Softwareweg richting Hardwareweg,1,2022-06-07,761,22.6
Netwerkweg,52.412604,4.880053,Hardwareweg richting Softwareweg,Softwareweg richting Hardwareweg,-1,2022-06-08,578,21.84
Netwerkweg,52.412604,4.880053,Hardwareweg richting Softwareweg,Softwareweg richting Hardwareweg,1,2022-06-08,582,23.08
Netwerkweg,52.412604,4.880053,Hardwareweg richting Softwareweg,Softwareweg richting Hardwareweg,-1,2022-06-09,824,21.26
Netwerkweg,52.412604,4.880053,Hardwareweg richting Softwareweg,Softwareweg richting Hardwareweg,1,2022-06-09,852,22.74
Netwerkweg,52.412604,4.880053,Hardwareweg richting Softwareweg,Softwareweg richting Hardwareweg,-1,2022-06-10,743,21.5
Netwerkweg,52.412604,4.880053,Hardwareweg richting Softwareweg,Softwareweg richting Hardwareweg,1,2022-06-10,790,22.15
Netwerkweg,52.412604,4.880053,Hardwareweg richting Softwareweg,Softwareweg richting Hardwareweg,-1,2022-06-11,824,19.16
Netwerkweg,52.412604,4.880053,Hardwareweg richting Softwareweg,Softwareweg richting Hardwareweg,1,2022-06-11,798,19.97
Netwerkweg,52.412604,4.880053,Hardwareweg richting Softwareweg,Softwareweg richting Hardwareweg,-1,2022-06-12,769,20.05
Netwerkweg,52.412604,4.880053,Hardwareweg richting Softwareweg,Softwareweg richting Hardwareweg,1,2022-06-12,747,19.68
Netwerkweg,52.412604,4.880053,Hardwareweg richting Softwareweg,Softwareweg richting Hardwareweg,-1,2022-06-13,824,21.1
Netwerkweg,52.412604,4.880053,Hardwareweg richting Softwareweg,Softwareweg richting Hardwareweg,1,2022-06-13,756,22.39
Netwerkweg,52.412604,4.880053,Hardwareweg richting Softwareweg,Softwareweg richting Hardwareweg,-1,2022-06-14,937,22.01
Netwerkweg,52.412604,4.880053,Hardwareweg richting Softwareweg,Softwareweg richting Hardwareweg,1,2022-06-14,886,21.7
Netwerkweg,52.412604,4.880053,Hardwareweg richting Softwareweg,Softwareweg richting Hardwareweg,-1,2022-06-15,952,21.29
Netwerkweg,52.412604,4.880053,Hardwareweg richting Softwareweg,Softwareweg richting Hardwareweg,1,2022-06-15,954,21.45
Netwerkweg,52.412604,4.880053,Hardwareweg richting Softwareweg,Softwareweg richting Hardwareweg,-1,2022-06-16,1045,21.9
Netwerkweg,52.412604,4.880053,Hardwareweg richting Softwareweg,Softwareweg richting Hardwareweg,1,2022-06-16,1041,21.51
Netwerkweg,52.412604,4.880053,Hardwareweg richting Softwareweg,Softwareweg richting Hardwareweg,-1,2022-06-17,986,21.13
Netwerkweg,52.412604,4.880053,Hardwareweg richting Softwareweg,Softwareweg richting Hardwareweg,1,2022-06-17,1004,21.4
Netwerkweg,52.412604,4.880053,Hardwareweg richting Softwareweg,Softwareweg richting Hardwareweg,-1,2022-06-18,864,19.36
Netwerkweg,52.412604,4.880053,Hardwareweg richting Softwareweg,Softwareweg richting Hardwareweg,1,2022-06-18,919,19.64
Netwerkweg,52.412604,4.880053,Hardwareweg richting Softwareweg,Softwareweg richting Hardwareweg,-1,2022-06-19,538,19.98
Netwerkweg,52.412604,4.880053,Hardwareweg richting Softwareweg,Softwareweg richting Hardwareweg,1,2022-06-19,506,20.94
Netwerkweg,52.412604,4.880053,Hardwareweg richting Softwareweg,Softwareweg richting Hardwareweg,-1,2022-06-20,874,20.47
Netwerkweg,52.412604,4.880053,Hardwareweg richting Softwareweg,Softwareweg richting Hardwareweg,1,2022-06-20,824,21.71
Netwerkweg,52.412604,4.880053,Hardwareweg richting Softwareweg,Softwareweg richting Hardwareweg,-1,2022-06-21,994,21.52
Netwerkweg,52.412604,4.880053,Hardwareweg richting Softwareweg,Softwareweg richting Hardwareweg,1,2022-06-21,903,21.48
Netwerkweg,52.412604,4.880053,Hardwareweg richting Softwareweg,Softwareweg richting Hardwareweg,-1,2022-06-22,973,21.39
Netwerkweg,52.412604,4.880053,Hardwareweg richting Softwareweg,Softwareweg richting Hardwareweg,1,2022-06-22,990,21.25
Netwerkweg,52.412604,4.880053,Hardwareweg richting Softwareweg,Softwareweg richting Hardwareweg,-1,2022-06-23,1053,21.92
Netwerkweg,52.412604,4.880053,Hardwareweg richting Softwareweg,Softwareweg richting Hardwareweg,1,2022-06-23,1009,21.78
Netwerkweg,52.412604,4.880053,Hardwareweg richting Softwareweg,Softwareweg richting Hardwareweg,-1,2022-06-24,629,20.99
Netwerkweg,52.412604,4.880053,Hardwareweg richting Softwareweg,Softwareweg richting Hardwareweg,1,2022-06-24,701,22.34
Netwerkweg,52.412604,4.880053,Hardwareweg richting Softwareweg,Softwareweg richting Hardwareweg,-1,2022-06-25,620,20.08
Netwerkweg,52.412604,4.880053,Hardwareweg richting Softwareweg,Softwareweg richting Hardwareweg,1,2022-06-25,672,19.88
Netwerkweg,52.412604,4.880053,Hardwareweg richting Softwareweg,Softwareweg richting Hardwareweg,-1,2022-06-26,706,19.46
Netwerkweg,52.412604,4.880053,Hardwareweg richting Softwareweg,Softwareweg richting Hardwareweg,1,2022-06-26,730,18.75
Netwerkweg,52.412604,4.880053,Hardwareweg richting Softwareweg,Softwareweg richting Hardwareweg,-1,2022-06-27,723,21.31
Netwerkweg,52.412604,4.880053,Hardwareweg richting Softwareweg,Softwareweg richting Hardwareweg,1,2022-06-27,683,21.68
Netwerkweg,52.412604,4.880053,Hardwareweg richting Softwareweg,Softwareweg richting Hardwareweg,-1,2022-06-28,945,21.36
Netwerkweg,52.412604,4.880053,Hardwareweg richting Softwareweg,Softwareweg richting Hardwareweg,1,2022-06-28,954,21.31
Netwerkweg,52.412604,4.880053,Hardwareweg richting Softwareweg,Softwareweg richting Hardwareweg,-1,2022-06-29,1052,20.97
Netwerkweg,52.412604,4.880053,Hardwareweg richting Softwareweg,Softwareweg richting Hardwareweg,1,2022-06-29,949,21.29
Netwerkweg,52.412604,4.880053,Hardwareweg richting Softwareweg,Softwareweg richting Hardwareweg,-1,2022-06-30,834,20.99
Netwerkweg,52.412604,4.880053,Hardwareweg richting Softwareweg,Softwareweg richting Hardwareweg,1,2022-06-30,748,22.01
Netwerkweg,52.412604,4.880053,Hardwareweg richting Softwareweg,Softwareweg richting Hardwareweg,-1,2022-07-01,731,21.01
Netwerkweg,52.412604,4.880053,Hardwareweg richting Softwareweg,Softwareweg richting Hardwareweg,1,2022-07-01,708,21.47
Netwerkweg,52.412604,4.880053,Hardwareweg richting Softwareweg,Softwareweg richting Hardwareweg,-1,2022-07-02,703,19.64
Netwerkweg,52.412604,4.880053,Hardwareweg richting Softwareweg,Softwareweg richting Hardwareweg,1,2022-07-02,785,19.38
Netwerkweg,52.412604,4.880053,Hardwareweg richting Softwareweg,Softwareweg richting Hardwareweg,-1,2022-07-03,706,18.71
Netwerkweg,52.412604,4.880053,Hardwareweg richting Softwareweg,Softwareweg richting Hardwareweg,1,2022-07-03,666,19.54
Netwerkweg,52.412604,4.880053,Hardwareweg richting Softwareweg,Softwareweg richting Hardwareweg,-1,2022-07-04,981,20.0
Netwerkweg,52.412604,4.880053,Hardwareweg richting Softwareweg,Softwareweg richting Hardwareweg,1,2022-07-04,868,21.41
Netwerkweg,52.412604,4.880053,Hardwareweg richting Softwareweg,Softwareweg richting Hardwareweg,-1,2022-07-05,959,20.85
Netwerkweg,52.412604,4.880053,Hardwareweg richting Softwareweg,Softwareweg richting Hardwareweg,1,2022-07-05,927,21.66
Netwerkweg,52.412604,4.880053,Hardwareweg richting Softwareweg,Softwareweg richting Hardwareweg,-1,2022-07-06,930,21.08
Netwerkweg,52.412604,4.880053,Hardwareweg richting Softwareweg,Softwareweg richting Hardwareweg,1,2022-07-06,849,21.26
Netwerkweg,52.412604,4.880053,Hardwareweg richting Softwareweg,Softwareweg richting Hardwareweg,-1,2022-07-07,729,21.39
Netwerkweg,52.412604,4.880053,Hardwareweg richting Softwareweg,Softwareweg richting Hardwareweg,1,2022-07-07,688,23.31
Netwerkweg,52.412604,4.880053,Hardwareweg richting Softwareweg,Softwareweg richting Hardwareweg,-1,2022-07-08,923,20.29
Netwerkweg,52.412604,4.880053,Hardwareweg richting Softwareweg,Softwareweg richting Hardwareweg,1,2022-07-08,875,21.57
Netwerkweg,52.412604,4.880053,Hardwareweg richting Softwareweg,Softwareweg richting Hardwareweg,-1,2022-07-09,734,18.59
Netwerkweg,52.412604,4.880053,Hardwareweg richting Softwareweg,Softwareweg richting Hardwareweg,1,2022-07-09,774,19.41
Netwerkweg,52.412604,4.880053,Hardwareweg richting Softwareweg,Softwareweg richting Hardwareweg,-1,2022-07-10,691,18.43
Netwerkweg,52.412604,4.880053,Hardwareweg richting Softwareweg,Softwareweg richting Hardwareweg,1,2022-07-10,689,19.22
Netwerkweg,52.412604,4.880053,Hardwareweg richting Softwareweg,Softwareweg richting Hardwareweg,-1,2022-07-11,857,20.14
Netwerkweg,52.412604,4.880053,Hardwareweg richting Softwareweg,Softwareweg richting Hardwareweg,1,2022-07-11,855,20.6
Netwerkweg,52.412604,4.880053,Hardwareweg richting Softwareweg,Softwareweg richting Hardwareweg,-1,2022-07-12,969,20.63
Netwerkweg,52.412604,4.880053,Hardwareweg richting Softwareweg,Softwareweg richting Hardwareweg,1,2022-07-12,960,21.05
Netwerkweg,52.412604,4.880053,Hardwareweg richting Softwareweg,Softwareweg richting Hardwareweg,-1,2022-07-13,1024,20.62
Netwerkweg,52.412604,4.880053,Hardwareweg richting Softwareweg,Softwareweg richting Hardwareweg,1,2022-07-13,929,21.38
Netwerkweg,52.412604,4.880053,Hardwareweg richting Softwareweg,Softwareweg richting Hardwareweg,-1,2022-07-14,1106,20.62
Netwerkweg,52.412604,4.880053,Hardwareweg richting Softwareweg,Softwareweg richting Hardwareweg,1,2022-07-14,953,21.35
Netwerkweg,52.412604,4.880053,Hardwareweg richting Softwareweg,Softwareweg richting Hardwareweg,-1,2022-07-15,961,20.07
Netwerkweg,52.412604,4.880053,Hardwareweg richting Softwareweg,Softwareweg richting Hardwareweg,1,2022-07-15,947,21.44
Netwerkweg,52.412604,4.880053,Hardwareweg richting Softwareweg,Softwareweg richting Hardwareweg,-1,2022-07-16,869,18.31
Netwerkweg,52.412604,4.880053,Hardwareweg richting Softwareweg,Softwareweg richting Hardwareweg,1,2022-07-16,911,19.35
Netwerkweg,52.412604,4.880053,Hardwareweg richting Softwareweg,Softwareweg richting Hardwareweg,-1,2022-07-17,827,19.4
Netwerkweg,52.412604,4.880053,Hardwareweg richting Softwareweg,Softwareweg richting Hardwareweg,1,2022-07-17,975,17.88
Netwerkweg,52.412604,4.880053,Hardwareweg richting Softwareweg,Softwareweg richting Hardwareweg,-1,2022-07-18,884,20.91
Netwerkweg,52.412604,4.880053,Hardwareweg richting Softwareweg,Softwareweg richting Hardwareweg,1,2022-07-18,831,20.88
Netwerkweg,52.412604,4.880053,Hardwareweg richting Softwareweg,Softwareweg richting Hardwareweg,-1,2022-07-19,697,22.09
Netwerkweg,52.412604,4.880053,Hardwareweg richting Softwareweg,Softwareweg richting Hardwareweg,1,2022-07-19,721,22.16
Netwerkweg,52.412604,4.880053,Hardwareweg richting Softwareweg,Softwareweg richting Hardwareweg,-1,2022-07-20,813,20.3
Netwerkweg,52.412604,4.880053,Hardwareweg richting Softwareweg,Softwareweg richting Hardwareweg,1,2022-07-20,803,21.31
Netwerkweg,52.412604,4.880053,Hardwareweg richting Softwareweg,Softwareweg richting Hardwareweg,-1,2022-07-21,558,21.33
Netwerkweg,52.412604,4.880053,Hardwareweg richting Softwareweg,Softwareweg richting Hardwareweg,1,2022-07-21,520,22.4
Netwerkweg,52.412604,4.880053,Hardwareweg richting Softwareweg,Softwareweg richting Hardwareweg,-1,2022-07-22,810,20.5
Netwerkweg,52.412604,4.880053,Hardwareweg richting Softwareweg,Softwareweg richting Hardwareweg,1,2022-07-22,850,19.84
Netwerkweg,52.412604,4.880053,Hardwareweg richting Softwareweg,Softwareweg richting Hardwareweg,-1,2022-07-23,863,19.27
Netwerkweg,52.412604,4.880053,Hardwareweg richting Softwareweg,Softwareweg richting Hardwareweg,1,2022-07-23,887,18.42
Netwerkweg,52.412604,4.880053,Hardwareweg richting Softwareweg,Softwareweg richting Hardwareweg,-1,2022-07-24,757,18.82
Netwerkweg,52.412604,4.880053,Hardwareweg richting Softwareweg,Softwareweg richting Hardwareweg,1,2022-07-24,787,18.84
Netwerkweg,52.412604,4.880053,Hardwareweg richting Softwareweg,Softwareweg richting Hardwareweg,-1,2022-07-25,676,19.69
Netwerkweg,52.412604,4.880053,Hardwareweg richting Softwareweg,Softwareweg richting Hardwareweg,1,2022-07-25,661,21.0
Netwerkweg,52.412604,4.880053,Hardwareweg richting Softwareweg,Softwareweg richting Hardwareweg,-1,2022-07-26,781,19.79
Netwerkweg,52.412604,4.880053,Hardwareweg richting Softwareweg,Softwareweg richting Hardwareweg,1,2022-07-26,816,20.72
Netwerkweg,52.412604,4.880053,Hardwareweg richting Softwareweg,Softwareweg richting Hardwareweg,-1,2022-07-27,892,20.41
Netwerkweg,52.412604,4.880053,Hardwareweg richting Softwareweg,Softwareweg richting Hardwareweg,1,2022-07-27,807,20.92
Netwerkweg,52.412604,4.880053,Hardwareweg richting Softwareweg,Softwareweg richting Hardwareweg,-1,2022-07-28,904,20.84
Netwerkweg,52.412604,4.880053,Hardwareweg richting Softwareweg,Softwareweg richting Hardwareweg,1,2022-07-28,879,20.22
Netwerkweg,52.412604,4.880053,Hardwareweg richting Softwareweg,Softwareweg richting Hardwareweg,-1,2022-07-29,804,20.23
Netwerkweg,52.412604,4.880053,Hardwareweg richting Softwareweg,Softwareweg richting Hardwareweg,1,2022-07-29,783,20.43
Netwerkweg,52.412604,4.880053,Hardwareweg richting Softwareweg,Softwareweg richting Hardwareweg,-1,2022-07-30,671,19.42
Netwerkweg,52.412604,4.880053,Hardwareweg richting Softwareweg,Softwareweg richting Hardwareweg,1,2022-07-30,719,20.01
Netwerkweg,52.412604,4.880053,Hardwareweg richting Softwareweg,Softwareweg richting Hardwareweg,-1,2022-07-31,348,19.05
Netwerkweg,52.412604,4.880053,Hardwareweg richting Softwareweg,Softwareweg richting Hardwareweg,1,2022-07-31,337,19.5
Netwerkweg,52.412604,4.880053,Hardwareweg richting Softwareweg,Softwareweg richting Hardwareweg,-1,2022-08-01,769,19.98
Netwerkweg,52.412604,4.880053,Hardwareweg richting Softwareweg,Softwareweg richting Hardwareweg,1,2022-08-01,725,20.54
Netwerkweg,52.412604,4.880053,Hardwareweg richting Softwareweg,Softwareweg richting Hardwareweg,-1,2022-08-02,888,20.22
Netwerkweg,52.412604,4.880053,Hardwareweg richting Softwareweg,Softwareweg richting Hardwareweg,1,2022-08-02,890,20.27
Netwerkweg,52.412604,4.880053,Hardwareweg richting Softwareweg,Softwareweg richting Hardwareweg,-1,2022-08-03,887,20.09
Netwerkweg,52.412604,4.880053,Hardwareweg richting Softwareweg,Softwareweg richting Hardwareweg,1,2022-08-03,862,20.28
Netwerkweg,52.412604,4.880053,Hardwareweg richting Softwareweg,Softwareweg richting Hardwareweg,-1,2022-08-04,939,19.7
Netwerkweg,52.412604,4.880053,Hardwareweg richting Softwareweg,Softwareweg richting Hardwareweg,1,2022-08-04,846,20.99
Netwerkweg,52.412604,4.880053,Hardwareweg richting Softwareweg,Softwareweg richting Hardwareweg,-1,2022-08-05,699,20.37
Netwerkweg,52.412604,4.880053,Hardwareweg richting Softwareweg,Softwareweg richting Hardwareweg,1,2022-08-05,760,20.73
Netwerkweg,52.412604,4.880053,Hardwareweg richting Softwareweg,Softwareweg richting Hardwareweg,-1,2022-08-06,800,19.23
Netwerkweg,52.412604,4.880053,Hardwareweg richting Softwareweg,Softwareweg richting Hardwareweg,1,2022-08-06,856,19.81
Netwerkweg,52.412604,4.880053,Hardwareweg richting Softwareweg,Softwareweg richting Hardwareweg,-1,2022-08-07,722,18.75
Netwerkweg,52.412604,4.880053,Hardwareweg richting Softwareweg,Softwareweg richting Hardwareweg,1,2022-08-07,706,18.65
Netwerkweg,52.412604,4.880053,Hardwareweg richting Softwareweg,Softwareweg richting Hardwareweg,-1,2022-08-08,820,20.3
Netwerkweg,52.412604,4.880053,Hardwareweg richting Softwareweg,Softwareweg richting Hardwareweg,1,2022-08-08,770,19.85
Netwerkweg,52.412604,4.880053,Hardwareweg richting Softwareweg,Softwareweg richting Hardwareweg,-1,2022-08-09,947,20.48
Netwerkweg,52.412604,4.880053,Hardwareweg richting Softwareweg,Softwareweg richting Hardwareweg,1,2022-08-09,945,19.98
Netwerkweg,52.412604,4.880053,Hardwareweg richting Softwareweg,Softwareweg richting Hardwareweg,-1,2022-08-10,922,20.54
Netwerkweg,52.412604,4.880053,Hardwareweg richting Softwareweg,Softwareweg richting Hardwareweg,1,2022-08-10,928,20.73
Netwerkweg,52.412604,4.880053,Hardwareweg richting Softwareweg,Softwareweg richting Hardwareweg,-1,2022-08-11,912,20.77
Netwerkweg,52.412604,4.880053,Hardwareweg richting Softwareweg,Softwareweg richting Hardwareweg,1,2022-08-11,952,20.5
Netwerkweg,52.412604,4.880053,Hardwareweg richting Softwareweg,Softwareweg richting Hardwareweg,-1,2022-08-12,839,20.85
Netwerkweg,52.412604,4.880053,Hardwareweg richting Softwareweg,Softwareweg richting Hardwareweg,1,2022-08-12,823,20.59
Netwerkweg,52.412604,4.880053,Hardwareweg richting Softwareweg,Softwareweg richting Hardwareweg,-1,2022-08-13,758,19.76
Netwerkweg,52.412604,4.880053,Hardwareweg richting Softwareweg,Softwareweg richting Hardwareweg,1,2022-08-13,810,18.87
Netwerkweg,52.412604,4.880053,Hardwareweg richting Softwareweg,Softwareweg richting Hardwareweg,-1,2022-08-14,641,19.2
Netwerkweg,52.412604,4.880053,Hardwareweg richting Softwareweg,Softwareweg richting Hardwareweg,1,2022-08-14,693,18.92
Netwerkweg,52.412604,4.880053,Hardwareweg richting Softwareweg,Softwareweg richting Hardwareweg,-1,2022-08-15,845,21.19
Netwerkweg,52.412604,4.880053,Hardwareweg richting Softwareweg,Softwareweg richting Hardwareweg,1,2022-08-15,823,20.63
Netwerkweg,52.412604,4.880053,Hardwareweg richting Softwareweg,Softwareweg richting Hardwareweg,-1,2022-08-16,971,20.38
Netwerkweg,52.412604,4.880053,Hardwareweg richting Softwareweg,Softwareweg richting Hardwareweg,1,2022-08-16,927,20.43
Netwerkweg,52.412604,4.880053,Hardwareweg richting Softwareweg,Softwareweg richting Hardwareweg,-1,2022-08-17,430,21.52
Netwerkweg,52.412604,4.880053,Hardwareweg richting Softwareweg,Softwareweg richting Hardwareweg,1,2022-08-17,394,22.07
Netwerkweg,52.412604,4.880053,Hardwareweg richting Softwareweg,Softwareweg richting Hardwareweg,-1,2022-08-18,833,20.69
Netwerkweg,52.412604,4.880053,Hardwareweg richting Softwareweg,Softwareweg richting Hardwareweg,1,2022-08-18,880,20.69
Netwerkweg,52.412604,4.880053,Hardwareweg richting Softwareweg,Softwareweg richting Hardwareweg,-1,2022-08-19,788,20.1
Netwerkweg,52.412604,4.880053,Hardwareweg richting Softwareweg,Softwareweg richting Hardwareweg,1,2022-08-19,803,20.56
Netwerkweg,52.412604,4.880053,Hardwareweg richting Softwareweg,Softwareweg richting Hardwareweg,-1,2022-08-20,814,18.49
Netwerkweg,52.412604,4.880053,Hardwareweg richting Softwareweg,Softwareweg richting Hardwareweg,1,2022-08-20,870,19.29
Netwerkweg,52.412604,4.880053,Hardwareweg richting Softwareweg,Softwareweg richting Hardwareweg,-1,2022-08-21,739,18.84
Netwerkweg,52.412604,4.880053,Hardwareweg richting Softwareweg,Softwareweg richting Hardwareweg,1,2022-08-21,731,19.4
Netwerkweg,52.412604,4.880053,Hardwareweg richting Softwareweg,Softwareweg richting Hardwareweg,-1,2022-08-22,969,20.52
Netwerkweg,52.412604,4.880053,Hardwareweg richting Softwareweg,Softwareweg richting Hardwareweg,1,2022-08-22,911,20.15
Netwerkweg,52.412604,4.880053,Hardwareweg richting Softwareweg,Softwareweg richting Hardwareweg,-1,2022-08-23,1031,20.48
Netwerkweg,52.412604,4.880053,Hardwareweg richting Softwareweg,Softwareweg richting Hardwareweg,1,2022-08-23,953,20.72
Netwerkweg,52.412604,4.880053,Hardwareweg richting Softwareweg,Softwareweg richting Hardwareweg,-1,2022-08-24,1043,20.68
Netwerkweg,52.412604,4.880053,Hardwareweg richting Softwareweg,Softwareweg richting Hardwareweg,1,2022-08-24,996,20.41
Netwerkweg,52.412604,4.880053,Hardwareweg richting Softwareweg,Softwareweg richting Hardwareweg,-1,2022-08-25,1012,20.68
Netwerkweg,52.412604,4.880053,Hardwareweg richting Softwareweg,Softwareweg richting Hardwareweg,1,2022-08-25,919,20.78
Netwerkweg,52.412604,4.880053,Hardwareweg richting Softwareweg,Softwareweg richting Hardwareweg,-1,2022-08-26,833,20.13
Netwerkweg,52.412604,4.880053,Hardwareweg richting Softwareweg,Softwareweg richting Hardwareweg,1,2022-08-26,821,21.36
Netwerkweg,52.412604,4.880053,Hardwareweg richting Softwareweg,Softwareweg richting Hardwareweg,-1,2022-08-27,787,19.5
Netwerkweg,52.412604,4.880053,Hardwareweg richting Softwareweg,Softwareweg richting Hardwareweg,1,2022-08-27,737,19.46
Netwerkweg,52.412604,4.880053,Hardwareweg richting Softwareweg,Softwareweg richting Hardwareweg,-1,2022-08-28,667,19.9
Netwerkweg,52.412604,4.880053,Hardwareweg richting Softwareweg,Softwareweg richting Hardwareweg,1,2022-08-28,626,19.87
Netwerkweg,52.412604,4.880053,Hardwareweg richting Softwareweg,Softwareweg richting Hardwareweg,-1,2022-08-29,973,20.83
Netwerkweg,52.412604,4.880053,Hardwareweg richting Softwareweg,Softwareweg richting Hardwareweg,1,2022-08-29,975,20.74
Netwerkweg,52.412604,4.880053,Hardwareweg richting Softwareweg,Softwareweg richting Hardwareweg,-1,2022-08-30,1180,21.14
Netwerkweg,52.412604,4.880053,Hardwareweg richting Softwareweg,Softwareweg richting Hardwareweg,1,2022-08-30,1076,20.5
Netwerkweg,52.412604,4.880053,Hardwareweg richting Softwareweg,Softwareweg richting Hardwareweg,-1,2022-08-31,1012,21.39
Netwerkweg,52.412604,4.880053,Hardwareweg richting Softwareweg,Softwareweg richting Hardwareweg,1,2022-08-31,934,21.03
Netwerkweg,52.412604,4.880053,Hardwareweg richting Softwareweg,Softwareweg richting Hardwareweg,-1,2022-09-01,1038,21.2
Netwerkweg,52.412604,4.880053,Hardwareweg richting Softwareweg,Softwareweg richting Hardwareweg,1,2022-09-01,1036,20.54
Netwerkweg,52.412604,4.880053,Hardwareweg richting Softwareweg,Softwareweg richting Hardwareweg,-1,2022-09-02,957,21.61
Netwerkweg,52.412604,4.880053,Hardwareweg richting Softwareweg,Softwareweg richting Hardwareweg,1,2022-09-02,939,20.63
Netwerkweg,52.412604,4.880053,Hardwareweg richting Softwareweg,Softwareweg richting Hardwareweg,-1,2022-09-03,828,19.8
Netwerkweg,52.412604,4.880053,Hardwareweg richting Softwareweg,Softwareweg richting Hardwareweg,1,2022-09-03,908,18.49
Netwerkweg,52.412604,4.880053,Hardwareweg richting Softwareweg,Softwareweg richting Hardwareweg,-1,2022-09-04,740,19.46
Netwerkweg,52.412604,4.880053,Hardwareweg richting Softwareweg,Softwareweg richting Hardwareweg,1,2022-09-04,856,18.09
Netwerkweg,52.412604,4.880053,Hardwareweg richting Softwareweg,Softwareweg richting Hardwareweg,-1,2022-09-05,1046,21.38
Netwerkweg,52.412604,4.880053,Hardwareweg richting Softwareweg,Softwareweg richting Hardwareweg,1,2022-09-05,973,20.99
Netwerkweg,52.412604,4.880053,Hardwareweg richting Softwareweg,Softwareweg richting Hardwareweg,-1,2022-09-06,1128,21.35
Netwerkweg,52.412604,4.880053,Hardwareweg richting Softwareweg,Softwareweg richting Hardwareweg,1,2022-09-06,1014,20.8
Netwerkweg,52.412604,4.880053,Hardwareweg richting Softwareweg,Softwareweg richting Hardwareweg,-1,2022-09-07,1048,20.93
Netwerkweg,52.412604,4.880053,Hardwareweg richting Softwareweg,Softwareweg richting Hardwareweg,1,2022-09-07,934,20.92
Netwerkweg,52.412604,4.880053,Hardwareweg richting Softwareweg,Softwareweg richting Hardwareweg,-1,2022-09-08,689,21.43
Netwerkweg,52.412604,4.880053,Hardwareweg richting Softwareweg,Softwareweg richting Hardwareweg,1,2022-09-08,652,21.52
Netwerkweg,52.412604,4.880053,Hardwareweg richting Softwareweg,Softwareweg richting Hardwareweg,-1,2022-09-09,751,21.81
Netwerkweg,52.412604,4.880053,Hardwareweg richting Softwareweg,Softwareweg richting Hardwareweg,1,2022-09-09,701,21.03
Netwerkweg,52.412604,4.880053,Hardwareweg richting Softwareweg,Softwareweg richting Hardwareweg,-1,2022-09-10,765,19.49
Netwerkweg,52.412604,4.880053,Hardwareweg richting Softwareweg,Softwareweg richting Hardwareweg,1,2022-09-10,639,19.5
Netwerkweg,52.412604,4.880053,Hardwareweg richting Softwareweg,Softwareweg richting Hardwareweg,-1,2022-09-11,808,19.32
Netwerkweg,52.412604,4.880053,Hardwareweg richting Softwareweg,Softwareweg richting Hardwareweg,1,2022-09-11,777,19.19
Netwerkweg,52.412604,4.880053,Hardwareweg richting Softwareweg,Softwareweg richting Hardwareweg,-1,2022-09-12,1038,21.26
Netwerkweg,52.412604,4.880053,Hardwareweg richting Softwareweg,Softwareweg richting Hardwareweg,1,2022-09-12,887,20.89
Netwerkweg,52.412604,4.880053,Hardwareweg richting Softwareweg,Softwareweg richting Hardwareweg,-1,2022-09-13,1077,21.04
Netwerkweg,52.412604,4.880053,Hardwareweg richting Softwareweg,Softwareweg richting Hardwareweg,1,2022-09-13,966,21.7
Netwerkweg,52.412604,4.880053,Hardwareweg richting Softwareweg,Softwareweg richting Hardwareweg,-1,2022-09-14,994,21.54
Netwerkweg,52.412604,4.880053,Hardwareweg richting Softwareweg,Softwareweg richting Hardwareweg,1,2022-09-14,876,21.31
Netwerkweg,52.412604,4.880053,Hardwareweg richting Softwareweg,Softwareweg richting Hardwareweg,-1,2022-09-15,924,21.26
Netwerkweg,52.412604,4.880053,Hardwareweg richting Softwareweg,Softwareweg richting Hardwareweg,1,2022-09-15,792,21.8
Netwerkweg,52.412604,4.880053,Hardwareweg richting Softwareweg,Softwareweg richting Hardwareweg,-1,2022-09-16,590,21.47
Netwerkweg,52.412604,4.880053,Hardwareweg richting Softwareweg,Softwareweg richting Hardwareweg,1,2022-09-16,554,22.54
Netwerkweg,52.412604,4.880053,Hardwareweg richting Softwareweg,Softwareweg richting Hardwareweg,-1,2022-09-17,419,19.31
Netwerkweg,52.412604,4.880053,Hardwareweg richting Softwareweg,Softwareweg richting Hardwareweg,1,2022-09-17,412,20.86
Netwerkweg,52.412604,4.880053,Hardwareweg richting Softwareweg,Softwareweg richting Hardwareweg,-1,2022-09-18,373,20.93
Netwerkweg,52.412604,4.880053,Hardwareweg richting Softwareweg,Softwareweg richting Hardwareweg,1,2022-09-18,278,20.37
Netwerkweg,52.412604,4.880053,Hardwareweg richting Softwareweg,Softwareweg richting Hardwareweg,-1,2022-09-19,689,20.53
Netwerkweg,52.412604,4.880053,Hardwareweg richting Softwareweg,Softwareweg richting Hardwareweg,1,2022-09-19,628,21.85
Netwerkweg,52.412604,4.880053,Hardwareweg richting Softwareweg,Softwareweg richting Hardwareweg,-1,2022-09-20,881,21.26
Netwerkweg,52.412604,4.880053,Hardwareweg richting Softwareweg,Softwareweg richting Hardwareweg,1,2022-09-20,810,21.39
Netwerkweg,52.412604,4.880053,Hardwareweg richting Softwareweg,Softwareweg richting Hardwareweg,-1,2022-09-21,935,21.35
Netwerkweg,52.412604,4.880053,Hardwareweg richting Softwareweg,Softwareweg richting Hardwareweg,1,2022-09-21,829,21.0
Netwerkweg,52.412604,4.880053,Hardwareweg richting Softwareweg,Softwareweg richting Hardwareweg,-1,2022-09-22,971,21.22
Netwerkweg,52.412604,4.880053,Hardwareweg richting Softwareweg,Softwareweg richting Hardwareweg,1,2022-09-22,850,21.29
Netwerkweg,52.412604,4.880053,Hardwareweg richting Softwareweg,Softwareweg richting Hardwareweg,-1,2022-09-23,696,21.77
Netwerkweg,52.412604,4.880053,Hardwareweg richting Softwareweg,Softwareweg richting Hardwareweg,1,2022-09-23,656,21.89
Netwerkweg,52.412604,4.880053,Hardwareweg richting Softwareweg,Softwareweg richting Hardwareweg,-1,2022-09-24,476,20.51
Netwerkweg,52.412604,4.880053,Hardwareweg richting Softwareweg,Softwareweg richting Hardwareweg,1,2022-09-24,459,20.65
Netwerkweg,52.412604,4.880053,Hardwareweg richting Softwareweg,Softwareweg richting Hardwareweg,-1,2022-09-25,679,19.8
Netwerkweg,52.412604,4.880053,Hardwareweg richting Softwareweg,Softwareweg richting Hardwareweg,1,2022-09-25,601,19.83
Netwerkweg,52.412604,4.880053,Hardwareweg richting Softwareweg,Softwareweg richting Hardwareweg,-1,2022-09-26,539,21.74
Netwerkweg,52.412604,4.880053,Hardwareweg richting Softwareweg,Softwareweg richting Hardwareweg,1,2022-09-26,490,22.9
Netwerkweg,52.412604,4.880053,Hardwareweg richting Softwareweg,Softwareweg richting Hardwareweg,-1,2022-09-27,515,22.51
Netwerkweg,52.412604,4.880053,Hardwareweg richting Softwareweg,Softwareweg richting Hardwareweg,1,2022-09-27,515,22.4
Netwerkweg,52.412604,4.880053,Hardwareweg richting Softwareweg,Softwareweg richting Hardwareweg,-1,2022-09-28,626,21.76
Netwerkweg,52.412604,4.880053,Hardwareweg richting Softwareweg,Softwareweg richting Hardwareweg,1,2022-09-28,632,21.35
Netwerkweg,52.412604,4.880053,Hardwareweg richting Softwareweg,Softwareweg richting Hardwareweg,-1,2022-09-29,770,21.35
Netwerkweg,52.412604,4.880053,Hardwareweg richting Softwareweg,Softwareweg richting Hardwareweg,1,2022-09-29,636,21.28
Netwerkweg,52.412604,4.880053,Hardwareweg richting Softwareweg,Softwareweg richting Hardwareweg,-1,2022-09-30,784,20.93
Netwerkweg,52.412604,4.880053,Hardwareweg richting Softwareweg,Softwareweg richting Hardwareweg,1,2022-09-30,683,21.26
Netwerkweg,52.412604,4.880053,Hardwareweg richting Softwareweg,Softwareweg richting Hardwareweg,-1,2022-10-01,564,19.58
Netwerkweg,52.412604,4.880053,Hardwareweg richting Softwareweg,Softwareweg richting Hardwareweg,1,2022-10-01,463,20.7
Netwerkweg,52.412604,4.880053,Hardwareweg richting Softwareweg,Softwareweg richting Hardwareweg,-1,2022-10-02,540,19.45
Netwerkweg,52.412604,4.880053,Hardwareweg richting Softwareweg,Softwareweg richting Hardwareweg,1,2022-10-02,530,20.03
Netwerkweg,52.412604,4.880053,Hardwareweg richting Softwareweg,Softwareweg richting Hardwareweg,-1,2022-10-03,847,21.45
Netwerkweg,52.412604,4.880053,Hardwareweg richting Softwareweg,Softwareweg richting Hardwareweg,1,2022-10-03,733,22.14
Netwerkweg,52.412604,4.880053,Hardwareweg richting Softwareweg,Softwareweg richting Hardwareweg,-1,2022-10-04,972,21.61
Netwerkweg,52.412604,4.880053,Hardwareweg richting Softwareweg,Softwareweg richting Hardwareweg,1,2022-10-04,801,21.82
Netwerkweg,52.412604,4.880053,Hardwareweg richting Softwareweg,Softwareweg richting Hardwareweg,-1,2022-10-05,721,21.19
Netwerkweg,52.412604,4.880053,Hardwareweg richting Softwareweg,Softwareweg richting Hardwareweg,1,2022-10-05,654,21.62
Netwerkweg,52.412604,4.880053,Hardwareweg richting Softwareweg,Softwareweg richting Hardwareweg,-1,2022-10-06,900,20.98
Netwerkweg,52.412604,4.880053,Hardwareweg richting Softwareweg,Softwareweg richting Hardwareweg,1,2022-10-06,826,21.67
Netwerkweg,52.412604,4.880053,Hardwareweg richting Softwareweg,Softwareweg richting Hardwareweg,-1,2022-10-07,814,21.72
Netwerkweg,52.412604,4.880053,Hardwareweg richting Softwareweg,Softwareweg richting Hardwareweg,1,2022-10-07,702,21.58
Netwerkweg,52.412604,4.880053,Hardwareweg richting Softwareweg,Softwareweg richting Hardwareweg,-1,2022-10-08,729,18.9
Netwerkweg,52.412604,4.880053,Hardwareweg richting Softwareweg,Softwareweg richting Hardwareweg,1,2022-10-08,655,19.78
Netwerkweg,52.412604,4.880053,Hardwareweg richting Softwareweg,Softwareweg richting Hardwareweg,-1,2022-10-09,720,19.54
Netwerkweg,52.412604,4.880053,Hardwareweg richting Softwareweg,Softwareweg richting Hardwareweg,1,2022-10-09,701,18.3
Netwerkweg,52.412604,4.880053,Hardwareweg richting Softwareweg,Softwareweg richting Hardwareweg,-1,2022-10-10,777,21.0
Netwerkweg,52.412604,4.880053,Hardwareweg richting Softwareweg,Softwareweg richting Hardwareweg,1,2022-10-10,671,22.0
Netwerkweg,52.412604,4.880053,Hardwareweg richting Softwareweg,Softwareweg richting Hardwareweg,-1,2022-10-11,895,21.81
Netwerkweg,52.412604,4.880053,Hardwareweg richting Softwareweg,Softwareweg richting Hardwareweg,1,2022-10-11,770,22.11
Netwerkweg,52.412604,4.880053,Hardwareweg richting Softwareweg,Softwareweg richting Hardwareweg,-1,2022-10-12,934,21.44
Netwerkweg,52.412604,4.880053,Hardwareweg richting Softwareweg,Softwareweg richting Hardwareweg,1,2022-10-12,805,20.9
Netwerkweg,52.412604,4.880053,Hardwareweg richting Softwareweg,Softwareweg richting Hardwareweg,-1,2022-10-13,620,22.1
Netwerkweg,52.412604,4.880053,Hardwareweg richting Softwareweg,Softwareweg richting Hardwareweg,1,2022-10-13,565,22.4
Netwerkweg,52.412604,4.880053,Hardwareweg richting Softwareweg,Softwareweg richting Hardwareweg,-1,2022-10-14,536,21.57
Netwerkweg,52.412604,4.880053,Hardwareweg richting Softwareweg,Softwareweg richting Hardwareweg,1,2022-10-14,567,22.46
Netwerkweg,52.412604,4.880053,Hardwareweg richting Softwareweg,Softwareweg richting Hardwareweg,-1,2022-10-15,493,20.47
Netwerkweg,52.412604,4.880053,Hardwareweg richting Softwareweg,Softwareweg richting Hardwareweg,1,2022-10-15,459,20.05
Netwerkweg,52.412604,4.880053,Hardwareweg richting Softwareweg,Softwareweg richting Hardwareweg,-1,2022-10-16,602,19.09
Netwerkweg,52.412604,4.880053,Hardwareweg richting Softwareweg,Softwareweg richting Hardwareweg,1,2022-10-16,572,19.31
Netwerkweg,52.412604,4.880053,Hardwareweg richting Softwareweg,Softwareweg richting Hardwareweg,-1,2022-10-17,591,21.55
Netwerkweg,52.412604,4.880053,Hardwareweg richting Softwareweg,Softwareweg richting Hardwareweg,1,2022-10-17,576,22.02
Netwerkweg,52.412604,4.880053,Hardwareweg richting Softwareweg,Softwareweg richting Hardwareweg,-1,2022-10-18,882,21.37
Netwerkweg,52.412604,4.880053,Hardwareweg richting Softwareweg,Softwareweg richting Hardwareweg,1,2022-10-18,819,21.63
Netwerkweg,52.412604,4.880053,Hardwareweg richting Softwareweg,Softwareweg richting Hardwareweg,-1,2022-10-19,808,21.4
Netwerkweg,52.412604,4.880053,Hardwareweg richting Softwareweg,Softwareweg richting Hardwareweg,1,2022-10-19,758,21.34
Netwerkweg,52.412604,4.880053,Hardwareweg richting Softwareweg,Softwareweg richting Hardwareweg,-1,2022-10-20,726,22.9
Netwerkweg,52.412604,4.880053,Hardwareweg richting Softwareweg,Softwareweg richting Hardwareweg,1,2022-10-20,667,21.56
Netwerkweg,52.412604,4.880053,Hardwareweg richting Softwareweg,Softwareweg richting Hardwareweg,-1,2022-10-21,709,21.23
Netwerkweg,52.412604,4.880053,Hardwareweg richting Softwareweg,Softwareweg richting Hardwareweg,1,2022-10-21,733,21.69
Netwerkweg,52.412604,4.880053,Hardwareweg richting Softwareweg,Softwareweg richting Hardwareweg,-1,2022-10-22,823,19.48
Netwerkweg,52.412604,4.880053,Hardwareweg richting Softwareweg,Softwareweg richting Hardwareweg,1,2022-10-22,697,19.63
Netwerkweg,52.412604,4.880053,Hardwareweg richting Softwareweg,Softwareweg richting Hardwareweg,-1,2022-10-23,594,19.64
Netwerkweg,52.412604,4.880053,Hardwareweg richting Softwareweg,Softwareweg richting Hardwareweg,1,2022-10-23,667,18.25
Netwerkweg,52.412604,4.880053,Hardwareweg richting Softwareweg,Softwareweg richting Hardwareweg,-1,2022-10-24,664,21.59
Netwerkweg,52.412604,4.880053,Hardwareweg richting Softwareweg,Softwareweg richting Hardwareweg,1,2022-10-24,623,22.16
Netwerkweg,52.412604,4.880053,Hardwareweg richting Softwareweg,Softwareweg richting Hardwareweg,-1,2022-10-25,808,21.93
Netwerkweg,52.412604,4.880053,Hardwareweg richting Softwareweg,Softwareweg richting Hardwareweg,1,2022-10-25,808,21.58
Netwerkweg,52.412604,4.880053,Hardwareweg richting Softwareweg,Softwareweg richting Hardwareweg,-1,2022-10-26,925,21.69
Netwerkweg,52.412604,4.880053,Hardwareweg richting Softwareweg,Softwareweg richting Hardwareweg,1,2022-10-26,862,21.38
Netwerkweg,52.412604,4.880053,Hardwareweg richting Softwareweg,Softwareweg richting Hardwareweg,-1,2022-10-27,900,21.88
Netwerkweg,52.412604,4.880053,Hardwareweg richting Softwareweg,Softwareweg richting Hardwareweg,1,2022-10-27,817,21.5
Netwerkweg,52.412604,4.880053,Hardwareweg richting Softwareweg,Softwareweg richting Hardwareweg,-1,2022-10-28,947,21.06
Netwerkweg,52.412604,4.880053,Hardwareweg richting Softwareweg,Softwareweg richting Hardwareweg,1,2022-10-28,859,20.93
Netwerkweg,52.412604,4.880053,Hardwareweg richting Softwareweg,Softwareweg richting Hardwareweg,-1,2022-10-29,789,20.62
Netwerkweg,52.412604,4.880053,Hardwareweg richting Softwareweg,Softwareweg richting Hardwareweg,1,2022-10-29,740,20.14
Netwerkweg,52.412604,4.880053,Hardwareweg richting Softwareweg,Softwareweg richting Hardwareweg,-1,2022-10-30,913,19.05
Netwerkweg,52.412604,4.880053,Hardwareweg richting Softwareweg,Softwareweg richting Hardwareweg,1,2022-10-30,784,18.92
Netwerkweg,52.412604,4.880053,Hardwareweg richting Softwareweg,Softwareweg richting Hardwareweg,-1,2022-10-31,928,21.33
Netwerkweg,52.412604,4.880053,Hardwareweg richting Softwareweg,Softwareweg richting Hardwareweg,1,2022-10-31,805,20.58
Netwerkweg,52.412604,4.880053,Hardwareweg richting Softwareweg,Softwareweg richting Hardwareweg,-1,2022-11-01,749,22.03
Netwerkweg,52.412604,4.880053,Hardwareweg richting Softwareweg,Softwareweg richting Hardwareweg,1,2022-11-01,640,22.1
Netwerkweg,52.412604,4.880053,Hardwareweg richting Softwareweg,Softwareweg richting Hardwareweg,-1,2022-11-02,753,21.63
Netwerkweg,52.412604,4.880053,Hardwareweg richting Softwareweg,Softwareweg richting Hardwareweg,1,2022-11-02,683,21.71
Netwerkweg,52.412604,4.880053,Hardwareweg richting Softwareweg,Softwareweg richting Hardwareweg,-1,2022-11-03,732,22.49
Netwerkweg,52.412604,4.880053,Hardwareweg richting Softwareweg,Softwareweg richting Hardwareweg,1,2022-11-03,634,22.28
Netwerkweg,52.412604,4.880053,Hardwareweg richting Softwareweg,Softwareweg richting Hardwareweg,-1,2022-11-04,636,21.92
Netwerkweg,52.412604,4.880053,Hardwareweg richting Softwareweg,Softwareweg richting Hardwareweg,1,2022-11-04,619,21.9
Netwerkweg,52.412604,4.880053,Hardwareweg richting Softwareweg,Softwareweg richting Hardwareweg,-1,2022-11-05,499,20.4
Netwerkweg,52.412604,4.880053,Hardwareweg richting Softwareweg,Softwareweg richting Hardwareweg,1,2022-11-05,479,19.59
Netwerkweg,52.412604,4.880053,Hardwareweg richting Softwareweg,Softwareweg richting Hardwareweg,-1,2022-11-06,292,20.76
Netwerkweg,52.412604,4.880053,Hardwareweg richting Softwareweg,Softwareweg richting Hardwareweg,1,2022-11-06,205,21.59
Netwerkweg,52.412604,4.880053,Hardwareweg richting Softwareweg,Softwareweg richting Hardwareweg,-1,2022-11-07,538,21.32
Netwerkweg,52.412604,4.880053,Hardwareweg richting Softwareweg,Softwareweg richting Hardwareweg,1,2022-11-07,482,21.87
Netwerkweg,52.412604,4.880053,Hardwareweg richting Softwareweg,Softwareweg richting Hardwareweg,-1,2022-11-08,762,22.11
Netwerkweg,52.412604,4.880053,Hardwareweg richting Softwareweg,Softwareweg richting Hardwareweg,1,2022-11-08,736,21.04
Netwerkweg,52.412604,4.880053,Hardwareweg richting Softwareweg,Softwareweg richting Hardwareweg,-1,2022-11-09,580,21.88
Netwerkweg,52.412604,4.880053,Hardwareweg richting Softwareweg,Softwareweg richting Hardwareweg,1,2022-11-09,571,22.38
Netwerkweg,52.412604,4.880053,Hardwareweg richting Softwareweg,Softwareweg richting Hardwareweg,-1,2022-11-10,775,21.72
Netwerkweg,52.412604,4.880053,Hardwareweg richting Softwareweg,Softwareweg richting Hardwareweg,1,2022-11-10,717,22.41
Netwerkweg,52.412604,4.880053,Hardwareweg richting Softwareweg,Softwareweg richting Hardwareweg,-1,2022-11-11,687,21.35
Netwerkweg,52.412604,4.880053,Hardwareweg richting Softwareweg,Softwareweg richting Hardwareweg,1,2022-11-11,615,22.1
Netwerkweg,52.412604,4.880053,Hardwareweg richting Softwareweg,Softwareweg richting Hardwareweg,-1,2022-11-12,648,19.84
Netwerkweg,52.412604,4.880053,Hardwareweg richting Softwareweg,Softwareweg richting Hardwareweg,1,2022-11-12,569,19.71
Netwerkweg,52.412604,4.880053,Hardwareweg richting Softwareweg,Softwareweg richting Hardwareweg,-1,2022-11-13,690,19.31
Netwerkweg,52.412604,4.880053,Hardwareweg richting Softwareweg,Softwareweg richting Hardwareweg,1,2022-11-13,590,18.97
Netwerkweg,52.412604,4.880053,Hardwareweg richting Softwareweg,Softwareweg richting Hardwareweg,-1,2022-11-14,747,22.52
Netwerkweg,52.412604,4.880053,Hardwareweg richting Softwareweg,Softwareweg richting Hardwareweg,1,2022-11-14,646,21.8
Netwerkweg,52.412604,4.880053,Hardwareweg richting Softwareweg,Softwareweg richting Hardwareweg,-1,2022-11-15,696,22.47
Netwerkweg,52.412604,4.880053,Hardwareweg richting Softwareweg,Softwareweg richting Hardwareweg,1,2022-11-15,698,21.56
Netwerkweg,52.412604,4.880053,Hardwareweg richting Softwareweg,Softwareweg richting Hardwareweg,-1,2022-11-16,659,22.14
Netwerkweg,52.412604,4.880053,Hardwareweg richting Softwareweg,Softwareweg richting Hardwareweg,1,2022-11-16,661,21.0
Netwerkweg,52.412604,4.880053,Hardwareweg richting Softwareweg,Softwareweg richting Hardwareweg,-1,2022-11-17,451,23.17
Netwerkweg,52.412604,4.880053,Hardwareweg richting Softwareweg,Softwareweg richting Hardwareweg,1,2022-11-17,460,21.87
Netwerkweg,52.412604,4.880053,Hardwareweg richting Softwareweg,Softwareweg richting Hardwareweg,-1,2022-11-18,538,22.71
Netwerkweg,52.412604,4.880053,Hardwareweg richting Softwareweg,Softwareweg richting Hardwareweg,1,2022-11-18,543,21.52
Netwerkweg,52.412604,4.880053,Hardwareweg richting Softwareweg,Softwareweg richting Hardwareweg,-1,2022-11-19,435,21.37
Netwerkweg,52.412604,4.880053,Hardwareweg richting Softwareweg,Softwareweg richting Hardwareweg,1,2022-11-19,394,20.1
Netwerkweg,52.412604,4.880053,Hardwareweg richting Softwareweg,Softwareweg richting Hardwareweg,-1,2022-11-20,204,21.92
Netwerkweg,52.412604,4.880053,Hardwareweg richting Softwareweg,Softwareweg richting Hardwareweg,1,2022-11-20,222,20.14
Netwerkweg,52.412604,4.880053,Hardwareweg richting Softwareweg,Softwareweg richting Hardwareweg,-1,2022-11-21,506,22.58
Netwerkweg,52.412604,4.880053,Hardwareweg richting Softwareweg,Softwareweg richting Hardwareweg,1,2022-11-21,483,22.31
Netwerkweg,52.412604,4.880053,Hardwareweg richting Softwareweg,Softwareweg richting Hardwareweg,-1,2022-11-22,680,22.62
Netwerkweg,52.412604,4.880053,Hardwareweg richting Softwareweg,Softwareweg richting Hardwareweg,1,2022-11-22,615,21.55
Netwerkweg,52.412604,4.880053,Hardwareweg richting Softwareweg,Softwareweg richting Hardwareweg,-1,2022-11-23,515,22.75
Netwerkweg,52.412604,4.880053,Hardwareweg richting Softwareweg,Softwareweg richting Hardwareweg,1,2022-11-23,482,22.2
Netwerkweg,52.412604,4.880053,Hardwareweg richting Softwareweg,Softwareweg richting Hardwareweg,-1,2022-11-24,681,22.29
Netwerkweg,52.412604,4.880053,Hardwareweg richting Softwareweg,Softwareweg richting Hardwareweg,1,2022-11-24,659,21.36
Netwerkweg,52.412604,4.880053,Hardwareweg richting Softwareweg,Softwareweg richting Hardwareweg,-1,2022-11-25,609,22.03
Netwerkweg,52.412604,4.880053,Hardwareweg richting Softwareweg,Softwareweg richting Hardwareweg,1,2022-11-25,591,22.63
Netwerkweg,52.412604,4.880053,Hardwareweg richting Softwareweg,Softwareweg richting Hardwareweg,-1,2022-11-26,481,20.95
Netwerkweg,52.412604,4.880053,Hardwareweg richting Softwareweg,Softwareweg richting Hardwareweg,1,2022-11-26,440,20.67
Netwerkweg,52.412604,4.880053,Hardwareweg richting Softwareweg,Softwareweg richting Hardwareweg,-1,2022-11-27,279,21.44
Netwerkweg,52.412604,4.880053,Hardwareweg richting Softwareweg,Softwareweg richting Hardwareweg,1,2022-11-27,268,20.06
Netwerkweg,52.412604,4.880053,Hardwareweg richting Softwareweg,Softwareweg richting Hardwareweg,-1,2022-11-28,525,21.54
Netwerkweg,52.412604,4.880053,Hardwareweg richting Softwareweg,Softwareweg richting Hardwareweg,1,2022-11-28,503,22.01
Netwerkweg,52.412604,4.880053,Hardwareweg richting Softwareweg,Softwareweg richting Hardwareweg,-1,2022-11-29,672,22.25
Netwerkweg,52.412604,4.880053,Hardwareweg richting Softwareweg,Softwareweg richting Hardwareweg,1,2022-11-29,595,22.41
Netwerkweg,52.412604,4.880053,Hardwareweg richting Softwareweg,Softwareweg richting Hardwareweg,-1,2022-11-30,664,21.58
Netwerkweg,52.412604,4.880053,Hardwareweg richting Softwareweg,Softwareweg richting Hardwareweg,1,2022-11-30,621,21.7
Netwerkweg,52.412604,4.880053,Hardwareweg richting Softwareweg,Softwareweg richting Hardwareweg,-1,2022-12-01,733,21.58
Netwerkweg,52.412604,4.880053,Hardwareweg richting Softwareweg,Softwareweg richting Hardwareweg,1,2022-12-01,651,21.58
Netwerkweg,52.412604,4.880053,Hardwareweg richting Softwareweg,Softwareweg richting Hardwareweg,-1,2022-12-02,596,20.79
Netwerkweg,52.412604,4.880053,Hardwareweg richting Softwareweg,Softwareweg richting Hardwareweg,1,2022-12-02,557,21.66
Netwerkweg,52.412604,4.880053,Hardwareweg richting Softwareweg,Softwareweg richting Hardwareweg,-1,2022-12-03,346,21.53
Netwerkweg,52.412604,4.880053,Hardwareweg richting Softwareweg,Softwareweg richting Hardwareweg,1,2022-12-03,358,20.65
Netwerkweg,52.412604,4.880053,Hardwareweg richting Softwareweg,Softwareweg richting Hardwareweg,-1,2022-12-04,303,21.28
Netwerkweg,52.412604,4.880053,Hardwareweg richting Softwareweg,Softwareweg richting Hardwareweg,1,2022-12-04,257,20.13
Netwerkweg,52.412604,4.880053,Hardwareweg richting Softwareweg,Softwareweg richting Hardwareweg,-1,2022-12-05,586,21.3
Netwerkweg,52.412604,4.880053,Hardwareweg richting Softwareweg,Softwareweg richting Hardwareweg,1,2022-12-05,523,22.28
Netwerkweg,52.412604,4.880053,Hardwareweg richting Softwareweg,Softwareweg richting Hardwareweg,-1,2022-12-06,635,21.98
Netwerkweg,52.412604,4.880053,Hardwareweg richting Softwareweg,Softwareweg richting Hardwareweg,1,2022-12-06,567,22.23
Netwerkweg,52.412604,4.880053,Hardwareweg richting Softwareweg,Softwareweg richting Hardwareweg,-1,2022-12-07,603,20.69
Netwerkweg,52.412604,4.880053,Hardwareweg richting Softwareweg,Softwareweg richting Hardwareweg,1,2022-12-07,533,21.68
Netwerkweg,52.412604,4.880053,Hardwareweg richting Softwareweg,Softwareweg richting Hardwareweg,-1,2022-12-08,579,22.39
Netwerkweg,52.412604,4.880053,Hardwareweg richting Softwareweg,Softwareweg richting Hardwareweg,1,2022-12-08,574,21.45
Netwerkweg,52.412604,4.880053,Hardwareweg richting Softwareweg,Softwareweg richting Hardwareweg,-1,2022-12-09,491,21.58
Netwerkweg,52.412604,4.880053,Hardwareweg richting Softwareweg,Softwareweg richting Hardwareweg,1,2022-12-09,519,20.06
Netwerkweg,52.412604,4.880053,Hardwareweg richting Softwareweg,Softwareweg richting Hardwareweg,-1,2022-12-10,332,20.06
Netwerkweg,52.412604,4.880053,Hardwareweg richting Softwareweg,Softwareweg richting Hardwareweg,1,2022-12-10,295,19.97
Netwerkweg,52.412604,4.880053,Hardwareweg richting Softwareweg,Softwareweg richting Hardwareweg,-1,2022-12-11,319,20.31
Netwerkweg,52.412604,4.880053,Hardwareweg richting Softwareweg,Softwareweg richting Hardwareweg,1,2022-12-11,290,19.45
Netwerkweg,52.412604,4.880053,Hardwareweg richting Softwareweg,Softwareweg richting Hardwareweg,-1,2022-12-12,557,21.69
Netwerkweg,52.412604,4.880053,Hardwareweg richting Softwareweg,Softwareweg richting Hardwareweg,1,2022-12-12,536,21.16
Netwerkweg,52.412604,4.880053,Hardwareweg richting Softwareweg,Softwareweg richting Hardwareweg,-1,2022-12-13,556,21.42
Netwerkweg,52.412604,4.880053,Hardwareweg richting Softwareweg,Softwareweg richting Hardwareweg,1,2022-12-13,485,20.28
Netwerkweg,52.412604,4.880053,Hardwareweg richting Softwareweg,Softwareweg richting Hardwareweg,-1,2022-12-14,481,20.3
Netwerkweg,52.412604,4.880053,Hardwareweg richting Softwareweg,Softwareweg richting Hardwareweg,1,2022-12-14,432,20.31
Netwerkweg,52.412604,4.880053,Hardwareweg richting Softwareweg,Softwareweg richting Hardwareweg,-1,2022-12-15,449,20.86
Netwerkweg,52.412604,4.880053,Hardwareweg richting Softwareweg,Softwareweg richting Hardwareweg,1,2022-12-15,427,20.15
Netwerkweg,52.412604,4.880053,Hardwareweg richting Softwareweg,Softwareweg richting Hardwareweg,-1,2022-12-16,411,20.18
Netwerkweg,52.412604,4.880053,Hardwareweg richting Softwareweg,Softwareweg richting Hardwareweg,1,2022-12-16,388,19.5
Netwerkweg,52.412604,4.880053,Hardwareweg richting Softwareweg,Softwareweg richting Hardwareweg,-1,2022-12-17,252,20.53
Netwerkweg,52.412604,4.880053,Hardwareweg richting Softwareweg,Softwareweg richting Hardwareweg,1,2022-12-17,209,18.7
Netwerkweg,52.412604,4.880053,Hardwareweg richting Softwareweg,Softwareweg richting Hardwareweg,-1,2022-12-18,176,20.15
Netwerkweg,52.412604,4.880053,Hardwareweg richting Softwareweg,Softwareweg richting Hardwareweg,1,2022-12-18,159,18.53
Netwerkweg,52.412604,4.880053,Hardwareweg richting Softwareweg,Softwareweg richting Hardwareweg,-1,2022-12-19,401,21.37
Netwerkweg,52.412604,4.880053,Hardwareweg richting Softwareweg,Softwareweg richting Hardwareweg,1,2022-12-19,369,20.77
Netwerkweg,52.412604,4.880053,Hardwareweg richting Softwareweg,Softwareweg richting Hardwareweg,-1,2022-12-20,508,22.13
Netwerkweg,52.412604,4.880053,Hardwareweg richting Softwareweg,Softwareweg richting Hardwareweg,1,2022-12-20,464,21.57
Netwerkweg,52.412604,4.880053,Hardwareweg richting Softwareweg,Softwareweg richting Hardwareweg,-1,2022-12-21,529,21.55
Netwerkweg,52.412604,4.880053,Hardwareweg richting Softwareweg,Softwareweg richting Hardwareweg,1,2022-12-21,477,22.14
Netwerkweg,52.412604,4.880053,Hardwareweg richting Softwareweg,Softwareweg richting Hardwareweg,-1,2022-12-22,506,21.81
Netwerkweg,52.412604,4.880053,Hardwareweg richting Softwareweg,Softwareweg richting Hardwareweg,1,2022-12-22,508,22.13
Netwerkweg,52.412604,4.880053,Hardwareweg richting Softwareweg,Softwareweg richting Hardwareweg,-1,2022-12-23,405,21.77
Netwerkweg,52.412604,4.880053,Hardwareweg richting Softwareweg,Softwareweg richting Hardwareweg,1,2022-12-23,353,21.34
Netwerkweg,52.412604,4.880053,Hardwareweg richting Softwareweg,Softwareweg richting Hardwareweg,-1,2022-12-24,332,19.87
Netwerkweg,52.412604,4.880053,Hardwareweg richting Softwareweg,Softwareweg richting Hardwareweg,1,2022-12-24,309,19.91
Netwerkweg,52.412604,4.880053,Hardwareweg richting Softwareweg,Softwareweg richting Hardwareweg,-1,2022-12-25,158,20.53
Netwerkweg,52.412604,4.880053,Hardwareweg richting Softwareweg,Softwareweg richting Hardwareweg,1,2022-12-25,164,21.11
Netwerkweg,52.412604,4.880053,Hardwareweg richting Softwareweg,Softwareweg richting Hardwareweg,-1,2022-12-26,207,18.21
Netwerkweg,52.412604,4.880053,Hardwareweg richting Softwareweg,Softwareweg richting Hardwareweg,1,2022-12-26,182,21.4
Netwerkweg,52.412604,4.880053,Hardwareweg richting Softwareweg,Softwareweg richting Hardwareweg,-1,2022-12-27,379,20.84
Netwerkweg,52.412604,4.880053,Hardwareweg richting Softwareweg,Softwareweg richting Hardwareweg,1,2022-12-27,365,20.68
Netwerkweg,52.412604,4.880053,Hardwareweg richting Softwareweg,Softwareweg richting Hardwareweg,-1,2022-12-28,290,19.9
Netwerkweg,52.412604,4.880053,Hardwareweg richting Softwareweg,Softwareweg richting Hardwareweg,1,2022-12-28,264,20.81
Netwerkweg,52.412604,4.880053,Hardwareweg richting Softwareweg,Softwareweg richting Hardwareweg,-1,2022-12-29,384,20.22
Netwerkweg,52.412604,4.880053,Hardwareweg richting Softwareweg,Softwareweg richting Hardwareweg,1,2022-12-29,348,20.86
Netwerkweg,52.412604,4.880053,Hardwareweg richting Softwareweg,Softwareweg richting Hardwareweg,-1,2022-12-30,307,21.42
Netwerkweg,52.412604,4.880053,Hardwareweg richting Softwareweg,Softwareweg richting Hardwareweg,1,2022-12-30,280,20.35
Netwerkweg,52.412604,4.880053,Hardwareweg richting Softwareweg,Softwareweg richting Hardwareweg,-1,2022-12-31,178,22.4
Netwerkweg,52.412604,4.880053,Hardwareweg richting Softwareweg,Softwareweg richting Hardwareweg,1,2022-12-31,230,20.7
