location,latitude,longitude,plusdirection,mindirection,direction,datetime,count,speed_mean
Nieuwe Hemweg,52.404118,4.842763,Methaanweg richting Kabelweg,Kabelweg richting Methaanweg,-1,2022-01-01,133,17.73
Nieuwe Hemweg,52.404118,4.842763,Methaanweg richting Kabelweg,Kabelweg richting Methaanweg,1,2022-01-01,196,19.68
Nieuwe Hemweg,52.404118,4.842763,Methaanweg richting Kabelweg,Kabelweg richting Methaanweg,-1,2022-01-02,104,17.79
Nieuwe Hemweg,52.404118,4.842763,Methaanweg richting Kabelweg,Kabelweg richting Methaanweg,1,2022-01-02,100,20.14
Nieuwe Hemweg,52.404118,4.842763,Methaanweg richting Kabelweg,Kabelweg richting Methaanweg,-1,2022-01-03,265,18.4
Nieuwe Hemweg,52.404118,4.842763,Methaanweg richting Kabelweg,Kabelweg richting Methaanweg,1,2022-01-03,337,22.11
Nieuwe Hemweg,52.404118,4.842763,Methaanweg richting Kabelweg,Kabelweg richting Methaanweg,-1,2022-01-04,236,19.0
Nieuwe Hemweg,52.404118,4.842763,Methaanweg richting Kabelweg,Kabelweg richting Methaanweg,1,2022-01-04,321,22.78
Nieuwe Hemweg,52.404118,4.842763,Methaanweg richting Kabelweg,Kabelweg richting Methaanweg,-1,2022-01-05,190,17.85
Nieuwe Hemweg,52.404118,4.842763,Methaanweg richting Kabelweg,Kabelweg richting Methaanweg,1,2022-01-05,236,23.25
Nieuwe Hemweg,52.404118,4.842763,Methaanweg richting Kabelweg,Kabelweg richting Methaanweg,-1,2022-01-06,277,19.26
Nieuwe Hemweg,52.404118,4.842763,Methaanweg richting Kabelweg,Kabelweg richting Methaanweg,1,2022-01-06,343,22.51
Nieuwe Hemweg,52.404118,4.842763,Methaanweg richting Kabelweg,Kabelweg richting Methaanweg,-1,2022-01-07,159,18.74
Nieuwe Hemweg,52.404118,4.842763,Methaanweg richting Kabelweg,Kabelweg richting Methaanweg,1,2022-01-07,237,22.16
Nieuwe Hemweg,52.404118,4.842763,Methaanweg richting Kabelweg,Kabelweg richting Methaanweg,-1,2022-01-08,59,18.07
Nieuwe Hemweg,52.404118,4.842763,Methaanweg richting Kabelweg,Kabelweg richting Methaanweg,1,2022-01-08,86,20.4
Nieuwe Hemweg,52.404118,4.842763,Methaanweg richting Kabelweg,Kabelweg richting Methaanweg,-1,2022-01-09,81,18.36
Nieuwe Hemweg,52.404118,4.842763,Methaanweg richting Kabelweg,Kabelweg richting Methaanweg,1,2022-01-09,113,20.54
Nieuwe Hemweg,52.404118,4.842763,Methaanweg richting Kabelweg,Kabelweg richting Methaanweg,-1,2022-01-10,206,19.63
Nieuwe Hemweg,52.404118,4.842763,Methaanweg richting Kabelweg,Kabelweg richting Methaanweg,1,2022-01-10,297,22.41
Nieuwe Hemweg,52.404118,4.842763,Methaanweg richting Kabelweg,Kabelweg richting Methaanweg,-1,2022-01-11,233,19.55
Nieuwe Hemweg,52.404118,4.842763,Methaanweg richting Kabelweg,Kabelweg richting Methaanweg,1,2022-01-11,280,21.12
Nieuwe Hemweg,52.404118,4.842763,Methaanweg richting Kabelweg,Kabelweg richting Methaanweg,-1,2022-01-12,283,18.62
Nieuwe Hemweg,52.404118,4.842763,Methaanweg richting Kabelweg,Kabelweg richting Methaanweg,1,2022-01-12,405,20.61
Nieuwe Hemweg,52.404118,4.842763,Methaanweg richting Kabelweg,Kabelweg richting Methaanweg,-1,2022-01-13,297,18.26
Nieuwe Hemweg,52.404118,4.842763,Methaanweg richting Kabelweg,Kabelweg richting Methaanweg,1,2022-01-13,421,21.87
Nieuwe Hemweg,52.404118,4.842763,Methaanweg richting Kabelweg,Kabelweg richting Methaanweg,-1,2022-01-14,297,18.88
Nieuwe Hemweg,52.404118,4.842763,Methaanweg richting Kabelweg,Kabelweg richting Methaanweg,1,2022-01-14,370,22.48
Nieuwe Hemweg,52.404118,4.842763,Methaanweg richting Kabelweg,Kabelweg richting Methaanweg,-1,2022-01-15,158,18.3
Nieuwe Hemweg,52.404118,4.842763,Methaanweg richting Kabelweg,Kabelweg richting Methaanweg,1,2022-01-15,213,20.13
Nieuwe Hemweg,52.404118,4.842763,Methaanweg richting Kabelweg,Kabelweg richting Methaanweg,-1,2022-01-16,174,17.03
Nieuwe Hemweg,52.404118,4.842763,Methaanweg richting Kabelweg,Kabelweg richting Methaanweg,1,2022-01-16,236,20.04
Nieuwe Hemweg,52.404118,4.842763,Methaanweg richting Kabelweg,Kabelweg richting Methaanweg,-1,2022-01-17,205,19.69
Nieuwe Hemweg,52.404118,4.842763,Methaanweg richting Kabelweg,Kabelweg richting Methaanweg,1,2022-01-17,428,23.84
Nieuwe Hemweg,52.404118,4.842763,Methaanweg richting Kabelweg,Kabelweg richting Methaanweg,-1,2022-01-18,195,19.49
Nieuwe Hemweg,52.404118,4.842763,Methaanweg richting Kabelweg,Kabelweg richting Methaanweg,1,2022-01-18,323,21.87
Nieuwe Hemweg,52.404118,4.842763,Methaanweg richting Kabelweg,Kabelweg richting Methaanweg,-1,2022-01-19,188,18.13
Nieuwe Hemweg,52.404118,4.842763,Methaanweg richting Kabelweg,Kabelweg richting Methaanweg,1,2022-01-19,274,23.04
Nieuwe Hemweg,52.404118,4.842763,Methaanweg richting Kabelweg,Kabelweg richting Methaanweg,-1,2022-01-20,204,18.59
Nieuwe Hemweg,52.404118,4.842763,Methaanweg richting Kabelweg,Kabelweg richting Methaanweg,1,2022-01-20,271,25.08
Nieuwe Hemweg,52.404118,4.842763,Methaanweg richting Kabelweg,Kabelweg richting Methaanweg,-1,2022-01-21,192,18.62
Nieuwe Hemweg,52.404118,4.842763,Methaanweg richting Kabelweg,Kabelweg richting Methaanweg,1,2022-01-21,298,23.93
Nieuwe Hemweg,52.404118,4.842763,Methaanweg richting Kabelweg,Kabelweg richting Methaanweg,-1,2022-01-22,144,17.28
Nieuwe Hemweg,52.404118,4.842763,Methaanweg richting Kabelweg,Kabelweg richting Methaanweg,1,2022-01-22,206,21.6
Nieuwe Hemweg,52.404118,4.842763,Methaanweg richting Kabelweg,Kabelweg richting Methaanweg,-1,2022-01-23,150,18.34
Nieuwe Hemweg,52.404118,4.842763,Methaanweg richting Kabelweg,Kabelweg richting Methaanweg,1,2022-01-23,198,19.39
Nieuwe Hemweg,52.404118,4.842763,Methaanweg richting Kabelweg,Kabelweg richting Methaanweg,-1,2022-01-24,202,19.88
Nieuwe Hemweg,52.404118,4.842763,Methaanweg richting Kabelweg,Kabelweg richting Methaanweg,1,2022-01-24,317,23.3
Nieuwe Hemweg,52.404118,4.842763,Methaanweg richting Kabelweg,Kabelweg richting Methaanweg,-1,2022-01-25,245,21.21
Nieuwe Hemweg,52.404118,4.842763,Methaanweg richting Kabelweg,Kabelweg richting Methaanweg,1,2022-01-25,349,23.6
Nieuwe Hemweg,52.404118,4.842763,Methaanweg richting Kabelweg,Kabelweg richting Methaanweg,-1,2022-01-26,68,19.56
Nieuwe Hemweg,52.404118,4.842763,Methaanweg richting Kabelweg,Kabelweg richting Methaanweg,1,2022-01-26,185,24.45
Nieuwe Hemweg,52.404118,4.842763,Methaanweg richting Kabelweg,Kabelweg richting Methaanweg,-1,2022-01-27,181,19.27
Nieuwe Hemweg,52.404118,4.842763,Methaanweg richting Kabelweg,Kabelweg richting Methaanweg,1,2022-01-27,180,24.43
Nieuwe Hemweg,52.404118,4.842763,Methaanweg richting Kabelweg,Kabelweg richting Methaanweg,-1,2022-01-28,276,19.09
Nieuwe Hemweg,52.404118,4.842763,Methaanweg richting Kabelweg,Kabelweg richting Methaanweg,1,2022-01-28,402,22.27
Nieuwe Hemweg,52.404118,4.842763,Methaanweg richting Kabelweg,Kabelweg richting Methaanweg,-1,2022-01-29,162,18.55
Nieuwe Hemweg,52.404118,4.842763,Methaanweg richting Kabelweg,Kabelweg richting Methaanweg,1,2022-01-29,203,23.89
Nieuwe Hemweg,52.404118,4.842763,Methaanweg richting Kabelweg,Kabelweg richting Methaanweg,-1,2022-01-30,192,17.36
Nieuwe Hemweg,52.404118,4.842763,Methaanweg richting Kabelweg,Kabelweg richting Methaanweg,1,2022-01-30,251,20.62
Nieuwe Hemweg,52.404118,4.842763,Methaanweg richting Kabelweg,Kabelweg richting Methaanweg,-1,2022-01-31,113,17.84
Nieuwe Hemweg,52.404118,4.842763,Methaanweg richting Kabelweg,Kabelweg richting Methaanweg,1,2022-01-31,139,25.48
Nieuwe Hemweg,52.404118,4.842763,Methaanweg richting Kabelweg,Kabelweg richting Methaanweg,-1,2022-02-01,35,18.43
Nieuwe Hemweg,52.404118,4.842763,Methaanweg richting Kabelweg,Kabelweg richting Methaanweg,1,2022-02-01,83,23.89
Nieuwe Hemweg,52.404118,4.842763,Methaanweg richting Kabelweg,Kabelweg richting Methaanweg,-1,2022-02-02,0,
Nieuwe Hemweg,52.404118,4.842763,Methaanweg richting Kabelweg,Kabelweg richting Methaanweg,1,2022-02-02,0,
Nieuwe Hemweg,52.404118,4.842763,Methaanweg richting Kabelweg,Kabelweg richting Methaanweg,-1,2022-02-03,0,
Nieuwe Hemweg,52.404118,4.842763,Methaanweg richting Kabelweg,Kabelweg richting Methaanweg,1,2022-02-03,0,
Nieuwe Hemweg,52.404118,4.842763,Methaanweg richting Kabelweg,Kabelweg richting Methaanweg,-1,2022-02-04,0,
Nieuwe Hemweg,52.404118,4.842763,Methaanweg richting Kabelweg,Kabelweg richting Methaanweg,1,2022-02-04,0,
Nieuwe Hemweg,52.404118,4.842763,Methaanweg richting Kabelweg,Kabelweg richting Methaanweg,-1,2022-02-05,0,
Nieuwe Hemweg,52.404118,4.842763,Methaanweg richting Kabelweg,Kabelweg richting Methaanweg,1,2022-02-05,0,
Nieuwe Hemweg,52.404118,4.842763,Methaanweg richting Kabelweg,Kabelweg richting Methaanweg,-1,2022-02-06,0,
Nieuwe Hemweg,52.404118,4.842763,Methaanweg richting Kabelweg,Kabelweg richting Methaanweg,1,2022-02-06,0,
Nieuwe Hemweg,52.404118,4.842763,Methaanweg richting Kabelweg,Kabelweg richting Methaanweg,-1,2022-02-07,0,
Nieuwe Hemweg,52.404118,4.842763,Methaanweg richting Kabelweg,Kabelweg richting Methaanweg,1,2022-02-07,0,
Nieuwe Hemweg,52.404118,4.842763,Methaanweg richting Kabelweg,Kabelweg richting Methaanweg,-1,2022-02-08,0,
Nieuwe Hemweg,52.404118,4.842763,Methaanweg richting Kabelweg,Kabelweg richting Methaanweg,1,2022-02-08,0,
Nieuwe Hemweg,52.404118,4.842763,Methaanweg richting Kabelweg,Kabelweg richting Methaanweg,-1,2022-02-09,173,22.71
Nieuwe Hemweg,52.404118,4.842763,Methaanweg richting Kabelweg,Kabelweg richting Methaanweg,1,2022-02-09,103,22.6
Nieuwe Hemweg,52.404118,4.842763,Methaanweg richting Kabelweg,Kabelweg richting Methaanweg,-1,2022-02-10,247,21.34
Nieuwe Hemweg,52.404118,4.842763,Methaanweg richting Kabelweg,Kabelweg richting Methaanweg,1,2022-02-10,292,23.4
Nieuwe Hemweg,52.404118,4.842763,Methaanweg richting Kabelweg,Kabelweg richting Methaanweg,-1,2022-02-11,271,20.61
Nieuwe Hemweg,52.404118,4.842763,Methaanweg richting Kabelweg,Kabelweg richting Methaanweg,1,2022-02-11,290,23.22
Nieuwe Hemweg,52.404118,4.842763,Methaanweg richting Kabelweg,Kabelweg richting Methaanweg,-1,2022-02-12,200,20.62
Nieuwe Hemweg,52.404118,4.842763,Methaanweg richting Kabelweg,Kabelweg richting Methaanweg,1,2022-02-12,250,19.06
Nieuwe Hemweg,52.404118,4.842763,Methaanweg richting Kabelweg,Kabelweg richting Methaanweg,-1,2022-02-13,163,21.35
Nieuwe Hemweg,52.404118,4.842763,Methaanweg richting Kabelweg,Kabelweg richting Methaanweg,1,2022-02-13,167,19.19
Nieuwe Hemweg,52.404118,4.842763,Methaanweg richting Kabelweg,Kabelweg richting Methaanweg,-1,2022-02-14,233,22.08
Nieuwe Hemweg,52.404118,4.842763,Methaanweg richting Kabelweg,Kabelweg richting Methaanweg,1,2022-02-14,284,22.42
Nieuwe Hemweg,52.404118,4.842763,Methaanweg richting Kabelweg,Kabelweg richting Methaanweg,-1,2022-02-15,254,22.22
Nieuwe Hemweg,52.404118,4.842763,Methaanweg richting Kabelweg,Kabelweg richting Methaanweg,1,2022-02-15,281,22.35
Nieuwe Hemweg,52.404118,4.842763,Methaanweg richting Kabelweg,Kabelweg richting Methaanweg,-1,2022-02-16,192,23.28
Nieuwe Hemweg,52.404118,4.842763,Methaanweg richting Kabelweg,Kabelweg richting Methaanweg,1,2022-02-16,203,24.0
Nieuwe Hemweg,52.404118,4.842763,Methaanweg richting Kabelweg,Kabelweg richting Methaanweg,-1,2022-02-17,176,21.68
Nieuwe Hemweg,52.404118,4.842763,Methaanweg richting Kabelweg,Kabelweg richting Methaanweg,1,2022-02-17,201,25.23
Nieuwe Hemweg,52.404118,4.842763,Methaanweg richting Kabelweg,Kabelweg richting Methaanweg,-1,2022-02-18,104,23.06
Nieuwe Hemweg,52.404118,4.842763,Methaanweg richting Kabelweg,Kabelweg richting Methaanweg,1,2022-02-18,128,22.23
Nieuwe Hemweg,52.404118,4.842763,Methaanweg richting Kabelweg,Kabelweg richting Methaanweg,-1,2022-02-19,95,20.58
Nieuwe Hemweg,52.404118,4.842763,Methaanweg richting Kabelweg,Kabelweg richting Methaanweg,1,2022-02-19,101,21.24
Nieuwe Hemweg,52.404118,4.842763,Methaanweg richting Kabelweg,Kabelweg richting Methaanweg,-1,2022-02-20,59,22.12
Nieuwe Hemweg,52.404118,4.842763,Methaanweg richting Kabelweg,Kabelweg richting Methaanweg,1,2022-02-20,59,23.15
Nieuwe Hemweg,52.404118,4.842763,Methaanweg richting Kabelweg,Kabelweg richting Methaanweg,-1,2022-02-21,123,21.2
Nieuwe Hemweg,52.404118,4.842763,Methaanweg richting Kabelweg,Kabelweg richting Methaanweg,1,2022-02-21,143,24.31
Nieuwe Hemweg,52.404118,4.842763,Methaanweg richting Kabelweg,Kabelweg richting Methaanweg,-1,2022-02-22,222,21.7
Nieuwe Hemweg,52.404118,4.842763,Methaanweg richting Kabelweg,Kabelweg richting Methaanweg,1,2022-02-22,224,22.87
Nieuwe Hemweg,52.404118,4.842763,Methaanweg richting Kabelweg,Kabelweg richting Methaanweg,-1,2022-02-23,311,21.94
Nieuwe Hemweg,52.404118,4.842763,Methaanweg richting Kabelweg,Kabelweg richting Methaanweg,1,2022-02-23,352,21.49
Nieuwe Hemweg,52.404118,4.842763,Methaanweg richting Kabelweg,Kabelweg richting Methaanweg,-1,2022-02-24,171,21.88
Nieuwe Hemweg,52.404118,4.842763,Methaanweg richting Kabelweg,Kabelweg richting Methaanweg,1,2022-02-24,203,23.0
Nieuwe Hemweg,52.404118,4.842763,Methaanweg richting Kabelweg,Kabelweg richting Methaanweg,-1,2022-02-25,212,20.23
Nieuwe Hemweg,52.404118,4.842763,Methaanweg richting Kabelweg,Kabelweg richting Methaanweg,1,2022-02-25,223,24.15
Nieuwe Hemweg,52.404118,4.842763,Methaanweg richting Kabelweg,Kabelweg richting Methaanweg,-1,2022-02-26,300,20.58
Nieuwe Hemweg,52.404118,4.842763,Methaanweg richting Kabelweg,Kabelweg richting Methaanweg,1,2022-02-26,329,19.43
Nieuwe Hemweg,52.404118,4.842763,Methaanweg richting Kabelweg,Kabelweg richting Methaanweg,-1,2022-02-27,261,20.7
Nieuwe Hemweg,52.404118,4.842763,Methaanweg richting Kabelweg,Kabelweg richting Methaanweg,1,2022-02-27,288,17.67
Nieuwe Hemweg,52.404118,4.842763,Methaanweg richting Kabelweg,Kabelweg richting Methaanweg,-1,2022-02-28,315,22.69
Nieuwe Hemweg,52.404118,4.842763,Methaanweg richting Kabelweg,Kabelweg richting Methaanweg,1,2022-02-28,388,21.53
Nieuwe Hemweg,52.404118,4.842763,Methaanweg richting Kabelweg,Kabelweg richting Methaanweg,-1,2022-03-01,267,22.6
Nieuwe Hemweg,52.404118,4.842763,Methaanweg richting Kabelweg,Kabelweg richting Methaanweg,1,2022-03-01,285,22.73
Nieuwe Hemweg,52.404118,4.842763,Methaanweg richting Kabelweg,Kabelweg richting Methaanweg,-1,2022-03-02,344,21.64
Nieuwe Hemweg,52.404118,4.842763,Methaanweg richting Kabelweg,Kabelweg richting Methaanweg,1,2022-03-02,402,22.4
Nieuwe Hemweg,52.404118,4.842763,Methaanweg richting Kabelweg,Kabelweg richting Methaanweg,-1,2022-03-03,381,22.97
Nieuwe Hemweg,52.404118,4.842763,Methaanweg richting Kabelweg,Kabelweg richting Methaanweg,1,2022-03-03,437,21.76
Nieuwe Hemweg,52.404118,4.842763,Methaanweg richting Kabelweg,Kabelweg richting Methaanweg,-1,2022-03-04,358,22.2
Nieuwe Hemweg,52.404118,4.842763,Methaanweg richting Kabelweg,Kabelweg richting Methaanweg,1,2022-03-04,415,21.18
Nieuwe Hemweg,52.404118,4.842763,Methaanweg richting Kabelweg,Kabelweg richting Methaanweg,-1,2022-03-05,260,20.12
Nieuwe Hemweg,52.404118,4.842763,Methaanweg richting Kabelweg,Kabelweg richting Methaanweg,1,2022-03-05,316,20.37
Nieuwe Hemweg,52.404118,4.842763,Methaanweg richting Kabelweg,Kabelweg richting Methaanweg,-1,2022-03-06,202,20.09
Nieuwe Hemweg,52.404118,4.842763,Methaanweg richting Kabelweg,Kabelweg richting Methaanweg,1,2022-03-06,219,20.74
Nieuwe Hemweg,52.404118,4.842763,Methaanweg richting Kabelweg,Kabelweg richting Methaanweg,-1,2022-03-07,335,21.9
Nieuwe Hemweg,52.404118,4.842763,Methaanweg richting Kabelweg,Kabelweg richting Methaanweg,1,2022-03-07,387,21.68
Nieuwe Hemweg,52.404118,4.842763,Methaanweg richting Kabelweg,Kabelweg richting Methaanweg,-1,2022-03-08,366,23.14
Nieuwe Hemweg,52.404118,4.842763,Methaanweg richting Kabelweg,Kabelweg richting Methaanweg,1,2022-03-08,420,21.13
Nieuwe Hemweg,52.404118,4.842763,Methaanweg richting Kabelweg,Kabelweg richting Methaanweg,-1,2022-03-09,376,22.87
Nieuwe Hemweg,52.404118,4.842763,Methaanweg richting Kabelweg,Kabelweg richting Methaanweg,1,2022-03-09,435,21.83
Nieuwe Hemweg,52.404118,4.842763,Methaanweg richting Kabelweg,Kabelweg richting Methaanweg,-1,2022-03-10,423,23.02
Nieuwe Hemweg,52.404118,4.842763,Methaanweg richting Kabelweg,Kabelweg richting Methaanweg,1,2022-03-10,506,21.38
Nieuwe Hemweg,52.404118,4.842763,Methaanweg richting Kabelweg,Kabelweg richting Methaanweg,-1,2022-03-11,379,23.46
Nieuwe Hemweg,52.404118,4.842763,Methaanweg richting Kabelweg,Kabelweg richting Methaanweg,1,2022-03-11,459,21.41
Nieuwe Hemweg,52.404118,4.842763,Methaanweg richting Kabelweg,Kabelweg richting Methaanweg,-1,2022-03-12,236,21.25
Nieuwe Hemweg,52.404118,4.842763,Methaanweg richting Kabelweg,Kabelweg richting Methaanweg,1,2022-03-12,292,20.32
Nieuwe Hemweg,52.404118,4.842763,Methaanweg richting Kabelweg,Kabelweg richting Methaanweg,-1,2022-03-13,258,21.84
Nieuwe Hemweg,52.404118,4.842763,Methaanweg richting Kabelweg,Kabelweg richting Methaanweg,1,2022-03-13,274,18.97
Nieuwe Hemweg,52.404118,4.842763,Methaanweg richting Kabelweg,Kabelweg richting Methaanweg,-1,2022-03-14,329,21.92
Nieuwe Hemweg,52.404118,4.842763,Methaanweg richting Kabelweg,Kabelweg richting Methaanweg,1,2022-03-14,385,22.72
Nieuwe Hemweg,52.404118,4.842763,Methaanweg richting Kabelweg,Kabelweg richting Methaanweg,-1,2022-03-15,403,21.81
Nieuwe Hemweg,52.404118,4.842763,Methaanweg richting Kabelweg,Kabelweg richting Methaanweg,1,2022-03-15,478,22.08
Nieuwe Hemweg,52.404118,4.842763,Methaanweg richting Kabelweg,Kabelweg richting Methaanweg,-1,2022-03-16,392,22.99
Nieuwe Hemweg,52.404118,4.842763,Methaanweg richting Kabelweg,Kabelweg richting Methaanweg,1,2022-03-16,463,21.08
Nieuwe Hemweg,52.404118,4.842763,Methaanweg richting Kabelweg,Kabelweg richting Methaanweg,-1,2022-03-17,371,21.27
Nieuwe Hemweg,52.404118,4.842763,Methaanweg richting Kabelweg,Kabelweg richting Methaanweg,1,2022-03-17,388,23.11
Nieuwe Hemweg,52.404118,4.842763,Methaanweg richting Kabelweg,Kabelweg richting Methaanweg,-1,2022-03-18,400,21.38
Nieuwe Hemweg,52.404118,4.842763,Methaanweg richting Kabelweg,Kabelweg richting Methaanweg,1,2022-03-18,464,22.25
Nieuwe Hemweg,52.404118,4.842763,Methaanweg richting Kabelweg,Kabelweg richting Methaanweg,-1,2022-03-19,312,19.74
Nieuwe Hemweg,52.404118,4.842763,Methaanweg richting Kabelweg,Kabelweg richting Methaanweg,1,2022-03-19,449,18.31
Nieuwe Hemweg,52.404118,4.842763,Methaanweg richting Kabelweg,Kabelweg richting Methaanweg,-1,2022-03-20,204,21.99
Nieuwe Hemweg,52.404118,4.842763,Methaanweg richting Kabelweg,Kabelweg richting Methaanweg,1,2022-03-20,253,20.33
Nieuwe Hemweg,52.404118,4.842763,Methaanweg richting Kabelweg,Kabelweg richting Methaanweg,-1,2022-03-21,444,21.84
Nieuwe Hemweg,52.404118,4.842763,Methaanweg richting Kabelweg,Kabelweg richting Methaanweg,1,2022-03-21,487,21.46
Nieuwe Hemweg,52.404118,4.842763,Methaanweg richting Kabelweg,Kabelweg richting Methaanweg,-1,2022-03-22,526,22.03
Nieuwe Hemweg,52.404118,4.842763,Methaanweg richting Kabelweg,Kabelweg richting Methaanweg,1,2022-03-22,603,22.36
Nieuwe Hemweg,52.404118,4.842763,Methaanweg richting Kabelweg,Kabelweg richting Methaanweg,-1,2022-03-23,480,21.93
Nieuwe Hemweg,52.404118,4.842763,Methaanweg richting Kabelweg,Kabelweg richting Methaanweg,1,2022-03-23,598,21.01
Nieuwe Hemweg,52.404118,4.842763,Methaanweg richting Kabelweg,Kabelweg richting Methaanweg,-1,2022-03-24,488,22.2
Nieuwe Hemweg,52.404118,4.842763,Methaanweg richting Kabelweg,Kabelweg richting Methaanweg,1,2022-03-24,544,22.43
Nieuwe Hemweg,52.404118,4.842763,Methaanweg richting Kabelweg,Kabelweg richting Methaanweg,-1,2022-03-25,532,20.93
Nieuwe Hemweg,52.404118,4.842763,Methaanweg richting Kabelweg,Kabelweg richting Methaanweg,1,2022-03-25,891,22.17
Nieuwe Hemweg,52.404118,4.842763,Methaanweg richting Kabelweg,Kabelweg richting Methaanweg,-1,2022-03-26,493,19.72
Nieuwe Hemweg,52.404118,4.842763,Methaanweg richting Kabelweg,Kabelweg richting Methaanweg,1,2022-03-26,471,19.92
Nieuwe Hemweg,52.404118,4.842763,Methaanweg richting Kabelweg,Kabelweg richting Methaanweg,-1,2022-03-27,376,20.44
Nieuwe Hemweg,52.404118,4.842763,Methaanweg richting Kabelweg,Kabelweg richting Methaanweg,1,2022-03-27,435,19.09
Nieuwe Hemweg,52.404118,4.842763,Methaanweg richting Kabelweg,Kabelweg richting Methaanweg,-1,2022-03-28,409,22.44
Nieuwe Hemweg,52.404118,4.842763,Methaanweg richting Kabelweg,Kabelweg richting Methaanweg,1,2022-03-28,459,22.09
Nieuwe Hemweg,52.404118,4.842763,Methaanweg richting Kabelweg,Kabelweg richting Methaanweg,-1,2022-03-29,419,22.34
Nieuwe Hemweg,52.404118,4.842763,Methaanweg richting Kabelweg,Kabelweg richting Methaanweg,1,2022-03-29,428,22.19
Nieuwe Hemweg,52.404118,4.842763,Methaanweg richting Kabelweg,Kabelweg richting Methaanweg,-1,2022-03-30,358,22.5
Nieuwe Hemweg,52.404118,4.842763,Methaanweg richting Kabelweg,Kabelweg richting Methaanweg,1,2022-03-30,378,22.83
Nieuwe Hemweg,52.404118,4.842763,Methaanweg richting Kabelweg,Kabelweg richting Methaanweg,-1,2022-03-31,255,22.34
Nieuwe Hemweg,52.404118,4.842763,Methaanweg richting Kabelweg,Kabelweg richting Methaanweg,1,2022-03-31,260,24.05
Nieuwe Hemweg,52.404118,4.842763,Methaanweg richting Kabelweg,Kabelweg richting Methaanweg,-1,2022-04-01,197,21.61
Nieuwe Hemweg,52.404118,4.842763,Methaanweg richting Kabelweg,Kabelweg richting Methaanweg,1,2022-04-01,222,22.92
Nieuwe Hemweg,52.404118,4.842763,Methaanweg richting Kabelweg,Kabelweg richting Methaanweg,-1,2022-04-02,273,18.17
Nieuwe Hemweg,52.404118,4.842763,Methaanweg richting Kabelweg,Kabelweg richting Methaanweg,1,2022-04-02,275,20.15
Nieuwe Hemweg,52.404118,4.842763,Methaanweg richting Kabelweg,Kabelweg richting Methaanweg,-1,2022-04-03,145,20.16
Nieuwe Hemweg,52.404118,4.842763,Methaanweg richting Kabelweg,Kabelweg richting Methaanweg,1,2022-04-03,317,19.03
Nieuwe Hemweg,52.404118,4.842763,Methaanweg richting Kabelweg,Kabelweg richting Methaanweg,-1,2022-04-04,243,22.42
Nieuwe Hemweg,52.404118,4.842763,Methaanweg richting Kabelweg,Kabelweg richting Methaanweg,1,2022-04-04,234,23.52
Nieuwe Hemweg,52.404118,4.842763,Methaanweg richting Kabelweg,Kabelweg richting Methaanweg,-1,2022-04-05,266,22.0
Nieuwe Hemweg,52.404118,4.842763,Methaanweg richting Kabelweg,Kabelweg richting Methaanweg,1,2022-04-05,288,23.89
Nieuwe Hemweg,52.404118,4.842763,Methaanweg richting Kabelweg,Kabelweg richting Methaanweg,-1,2022-04-06,237,22.54
Nieuwe Hemweg,52.404118,4.842763,Methaanweg richting Kabelweg,Kabelweg richting Methaanweg,1,2022-04-06,281,22.93
Nieuwe Hemweg,52.404118,4.842763,Methaanweg richting Kabelweg,Kabelweg richting Methaanweg,-1,2022-04-07,197,21.72
Nieuwe Hemweg,52.404118,4.842763,Methaanweg richting Kabelweg,Kabelweg richting Methaanweg,1,2022-04-07,208,23.89
Nieuwe Hemweg,52.404118,4.842763,Methaanweg richting Kabelweg,Kabelweg richting Methaanweg,-1,2022-04-08,317,20.53
Nieuwe Hemweg,52.404118,4.842763,Methaanweg richting Kabelweg,Kabelweg richting Methaanweg,1,2022-04-08,355,22.75
Nieuwe Hemweg,52.404118,4.842763,Methaanweg richting Kabelweg,Kabelweg richting Methaanweg,-1,2022-04-09,174,19.8
Nieuwe Hemweg,52.404118,4.842763,Methaanweg richting Kabelweg,Kabelweg richting Methaanweg,1,2022-04-09,193,22.6
Nieuwe Hemweg,52.404118,4.842763,Methaanweg richting Kabelweg,Kabelweg richting Methaanweg,-1,2022-04-10,296,19.31
Nieuwe Hemweg,52.404118,4.842763,Methaanweg richting Kabelweg,Kabelweg richting Methaanweg,1,2022-04-10,351,20.19
Nieuwe Hemweg,52.404118,4.842763,Methaanweg richting Kabelweg,Kabelweg richting Methaanweg,-1,2022-04-11,421,22.14
Nieuwe Hemweg,52.404118,4.842763,Methaanweg richting Kabelweg,Kabelweg richting Methaanweg,1,2022-04-11,501,21.17
Nieuwe Hemweg,52.404118,4.842763,Methaanweg richting Kabelweg,Kabelweg richting Methaanweg,-1,2022-04-12,602,21.97
Nieuwe Hemweg,52.404118,4.842763,Methaanweg richting Kabelweg,Kabelweg richting Methaanweg,1,2022-04-12,632,21.17
Nieuwe Hemweg,52.404118,4.842763,Methaanweg richting Kabelweg,Kabelweg richting Methaanweg,-1,2022-04-13,463,22.03
Nieuwe Hemweg,52.404118,4.842763,Methaanweg richting Kabelweg,Kabelweg richting Methaanweg,1,2022-04-13,532,21.89
Nieuwe Hemweg,52.404118,4.842763,Methaanweg richting Kabelweg,Kabelweg richting Methaanweg,-1,2022-04-14,528,20.23
Nieuwe Hemweg,52.404118,4.842763,Methaanweg richting Kabelweg,Kabelweg richting Methaanweg,1,2022-04-14,581,21.3
Nieuwe Hemweg,52.404118,4.842763,Methaanweg richting Kabelweg,Kabelweg richting Methaanweg,-1,2022-04-15,455,21.45
Nieuwe Hemweg,52.404118,4.842763,Methaanweg richting Kabelweg,Kabelweg richting Methaanweg,1,2022-04-15,478,21.28
Nieuwe Hemweg,52.404118,4.842763,Methaanweg richting Kabelweg,Kabelweg richting Methaanweg,-1,2022-04-16,394,20.29
Nieuwe Hemweg,52.404118,4.842763,Methaanweg richting Kabelweg,Kabelweg richting Methaanweg,1,2022-04-16,452,18.57
Nieuwe Hemweg,52.404118,4.842763,Methaanweg richting Kabelweg,Kabelweg richting Methaanweg,-1,2022-04-17,499,19.66
Nieuwe Hemweg,52.404118,4.842763,Methaanweg richting Kabelweg,Kabelweg richting Methaanweg,1,2022-04-17,568,17.61
Nieuwe Hemweg,52.404118,4.842763,Methaanweg richting Kabelweg,Kabelweg richting Methaanweg,-1,2022-04-18,420,20.86
Nieuwe Hemweg,52.404118,4.842763,Methaanweg richting Kabelweg,Kabelweg richting Methaanweg,1,2022-04-18,527,19.53
Nieuwe Hemweg,52.404118,4.842763,Methaanweg richting Kabelweg,Kabelweg richting Methaanweg,-1,2022-04-19,542,21.65
Nieuwe Hemweg,52.404118,4.842763,Methaanweg richting Kabelweg,Kabelweg richting Methaanweg,1,2022-04-19,570,21.81
Nieuwe Hemweg,52.404118,4.842763,Methaanweg richting Kabelweg,Kabelweg richting Methaanweg,-1,2022-04-20,492,21.28
Nieuwe Hemweg,52.404118,4.842763,Methaanweg richting Kabelweg,Kabelweg richting Methaanweg,1,2022-04-20,565,21.68
Nieuwe Hemweg,52.404118,4.842763,Methaanweg richting Kabelweg,Kabelweg richting Methaanweg,-1,2022-04-21,538,21.77
Nieuwe Hemweg,52.404118,4.842763,Methaanweg richting Kabelweg,Kabelweg richting Methaanweg,1,2022-04-21,542,21.63
Nieuwe Hemweg,52.404118,4.842763,Methaanweg richting Kabelweg,Kabelweg richting Methaanweg,-1,2022-04-22,450,21.68
Nieuwe Hemweg,52.404118,4.842763,Methaanweg richting Kabelweg,Kabelweg richting Methaanweg,1,2022-04-22,531,21.23
Nieuwe Hemweg,52.404118,4.842763,Methaanweg richting Kabelweg,Kabelweg richting Methaanweg,-1,2022-04-23,327,19.92
Nieuwe Hemweg,52.404118,4.842763,Methaanweg richting Kabelweg,Kabelweg richting Methaanweg,1,2022-04-23,420,19.46
Nieuwe Hemweg,52.404118,4.842763,Methaanweg richting Kabelweg,Kabelweg richting Methaanweg,-1,2022-04-24,345,19.07
Nieuwe Hemweg,52.404118,4.842763,Methaanweg richting Kabelweg,Kabelweg richting Methaanweg,1,2022-04-24,424,19.37
Nieuwe Hemweg,52.404118,4.842763,Methaanweg richting Kabelweg,Kabelweg richting Methaanweg,-1,2022-04-25,320,21.61
Nieuwe Hemweg,52.404118,4.842763,Methaanweg richting Kabelweg,Kabelweg richting Methaanweg,1,2022-04-25,362,22.71
Nieuwe Hemweg,52.404118,4.842763,Methaanweg richting Kabelweg,Kabelweg richting Methaanweg,-1,2022-04-26,441,20.83
Nieuwe Hemweg,52.404118,4.842763,Methaanweg richting Kabelweg,Kabelweg richting Methaanweg,1,2022-04-26,494,22.52
Nieuwe Hemweg,52.404118,4.842763,Methaanweg richting Kabelweg,Kabelweg richting Methaanweg,-1,2022-04-27,430,18.99
Nieuwe Hemweg,52.404118,4.842763,Methaanweg richting Kabelweg,Kabelweg richting Methaanweg,1,2022-04-27,490,19.91
Nieuwe Hemweg,52.404118,4.842763,Methaanweg richting Kabelweg,Kabelweg richting Methaanweg,-1,2022-04-28,391,21.23
Nieuwe Hemweg,52.404118,4.842763,Methaanweg richting Kabelweg,Kabelweg richting Methaanweg,1,2022-04-28,419,21.4
Nieuwe Hemweg,52.404118,4.842763,Methaanweg richting Kabelweg,Kabelweg richting Methaanweg,-1,2022-04-29,360,21.8
Nieuwe Hemweg,52.404118,4.842763,Methaanweg richting Kabelweg,Kabelweg richting Methaanweg,1,2022-04-29,381,22.23
Nieuwe Hemweg,52.404118,4.842763,Methaanweg richting Kabelweg,Kabelweg richting Methaanweg,-1,2022-04-30,269,19.27
Nieuwe Hemweg,52.404118,4.842763,Methaanweg richting Kabelweg,Kabelweg richting Methaanweg,1,2022-04-30,291,21.5
Nieuwe Hemweg,52.404118,4.842763,Methaanweg richting Kabelweg,Kabelweg richting Methaanweg,-1,2022-05-01,343,20.86
Nieuwe Hemweg,52.404118,4.842763,Methaanweg richting Kabelweg,Kabelweg richting Methaanweg,1,2022-05-01,363,19.92
Nieuwe Hemweg,52.404118,4.842763,Methaanweg richting Kabelweg,Kabelweg richting Methaanweg,-1,2022-05-02,478,21.58
Nieuwe Hemweg,52.404118,4.842763,Methaanweg richting Kabelweg,Kabelweg richting Methaanweg,1,2022-05-02,524,21.96
Nieuwe Hemweg,52.404118,4.842763,Methaanweg richting Kabelweg,Kabelweg richting Methaanweg,-1,2022-05-03,402,21.08
Nieuwe Hemweg,52.404118,4.842763,Methaanweg richting Kabelweg,Kabelweg richting Methaanweg,1,2022-05-03,482,21.9
Nieuwe Hemweg,52.404118,4.842763,Methaanweg richting Kabelweg,Kabelweg richting Methaanweg,-1,2022-05-04,454,20.44
Nieuwe Hemweg,52.404118,4.842763,Methaanweg richting Kabelweg,Kabelweg richting Methaanweg,1,2022-05-04,502,21.55
Nieuwe Hemweg,52.404118,4.842763,Methaanweg richting Kabelweg,Kabelweg richting Methaanweg,-1,2022-05-05,423,21.88
Nieuwe Hemweg,52.404118,4.842763,Methaanweg richting Kabelweg,Kabelweg richting Methaanweg,1,2022-05-05,539,22.3
Nieuwe Hemweg,52.404118,4.842763,Methaanweg richting Kabelweg,Kabelweg richting Methaanweg,-1,2022-05-06,416,21.55
Nieuwe Hemweg,52.404118,4.842763,Methaanweg richting Kabelweg,Kabelweg richting Methaanweg,1,2022-05-06,523,20.97
Nieuwe Hemweg,52.404118,4.842763,Methaanweg richting Kabelweg,Kabelweg richting Methaanweg,-1,2022-05-07,263,20.4
Nieuwe Hemweg,52.404118,4.842763,Methaanweg richting Kabelweg,Kabelweg richting Methaanweg,1,2022-05-07,404,19.66
Nieuwe Hemweg,52.404118,4.842763,Methaanweg richting Kabelweg,Kabelweg richting Methaanweg,-1,2022-05-08,307,19.85
Nieuwe Hemweg,52.404118,4.842763,Methaanweg richting Kabelweg,Kabelweg richting Methaanweg,1,2022-05-08,424,19.79
Nieuwe Hemweg,52.404118,4.842763,Methaanweg richting Kabelweg,Kabelweg richting Methaanweg,-1,2022-05-09,483,22.07
Nieuwe Hemweg,52.404118,4.842763,Methaanweg richting Kabelweg,Kabelweg richting Methaanweg,1,2022-05-09,553,22.25
Nieuwe Hemweg,52.404118,4.842763,Methaanweg richting Kabelweg,Kabelweg richting Methaanweg,-1,2022-05-10,451,22.31
Nieuwe Hemweg,52.404118,4.842763,Methaanweg richting Kabelweg,Kabelweg richting Methaanweg,1,2022-05-10,529,21.99
Nieuwe Hemweg,52.404118,4.842763,Methaanweg richting Kabelweg,Kabelweg richting Methaanweg,-1,2022-05-11,360,22.27
Nieuwe Hemweg,52.404118,4.842763,Methaanweg richting Kabelweg,Kabelweg richting Methaanweg,1,2022-05-11,455,23.17
Nieuwe Hemweg,52.404118,4.842763,Methaanweg richting Kabelweg,Kabelweg richting Methaanweg,-1,2022-05-12,464,21.83
Nieuwe Hemweg,52.404118,4.842763,Methaanweg richting Kabelweg,Kabelweg richting Methaanweg,1,2022-05-12,537,22.41
Nieuwe Hemweg,52.404118,4.842763,Methaanweg richting Kabelweg,Kabelweg richting Methaanweg,-1,2022-05-13,505,20.77
Nieuwe Hemweg,52.404118,4.842763,Methaanweg richting Kabelweg,Kabelweg richting Methaanweg,1,2022-05-13,529,22.19
Nieuwe Hemweg,52.404118,4.842763,Methaanweg richting Kabelweg,Kabelweg richting Methaanweg,-1,2022-05-14,415,19.77
Nieuwe Hemweg,52.404118,4.842763,Methaanweg richting Kabelweg,Kabelweg richting Methaanweg,1,2022-05-14,575,19.64
Nieuwe Hemweg,52.404118,4.842763,Methaanweg richting Kabelweg,Kabelweg richting Methaanweg,-1,2022-05-15,456,19.74
Nieuwe Hemweg,52.404118,4.842763,Methaanweg richting Kabelweg,Kabelweg richting Methaanweg,1,2022-05-15,579,18.82
Nieuwe Hemweg,52.404118,4.842763,Methaanweg richting Kabelweg,Kabelweg richting Methaanweg,-1,2022-05-16,462,22.06
Nieuwe Hemweg,52.404118,4.842763,Methaanweg richting Kabelweg,Kabelweg richting Methaanweg,1,2022-05-16,486,21.76
Nieuwe Hemweg,52.404118,4.842763,Methaanweg richting Kabelweg,Kabelweg richting Methaanweg,-1,2022-05-17,523,22.16
Nieuwe Hemweg,52.404118,4.842763,Methaanweg richting Kabelweg,Kabelweg richting Methaanweg,1,2022-05-17,592,21.86
Nieuwe Hemweg,52.404118,4.842763,Methaanweg richting Kabelweg,Kabelweg richting Methaanweg,-1,2022-05-18,599,21.7
Nieuwe Hemweg,52.404118,4.842763,Methaanweg richting Kabelweg,Kabelweg richting Methaanweg,1,2022-05-18,633,22.2
Nieuwe Hemweg,52.404118,4.842763,Methaanweg richting Kabelweg,Kabelweg richting Methaanweg,-1,2022-05-19,319,22.18
Nieuwe Hemweg,52.404118,4.842763,Methaanweg richting Kabelweg,Kabelweg richting Methaanweg,1,2022-05-19,373,22.8
Nieuwe Hemweg,52.404118,4.842763,Methaanweg richting Kabelweg,Kabelweg richting Methaanweg,-1,2022-05-20,305,22.98
Nieuwe Hemweg,52.404118,4.842763,Methaanweg richting Kabelweg,Kabelweg richting Methaanweg,1,2022-05-20,355,22.95
Nieuwe Hemweg,52.404118,4.842763,Methaanweg richting Kabelweg,Kabelweg richting Methaanweg,-1,2022-05-21,361,18.94
Nieuwe Hemweg,52.404118,4.842763,Methaanweg richting Kabelweg,Kabelweg richting Methaanweg,1,2022-05-21,453,20.41
Nieuwe Hemweg,52.404118,4.842763,Methaanweg richting Kabelweg,Kabelweg richting Methaanweg,-1,2022-05-22,466,20.65
Nieuwe Hemweg,52.404118,4.842763,Methaanweg richting Kabelweg,Kabelweg richting Methaanweg,1,2022-05-22,573,18.39
Nieuwe Hemweg,52.404118,4.842763,Methaanweg richting Kabelweg,Kabelweg richting Methaanweg,-1,2022-05-23,347,22.67
Nieuwe Hemweg,52.404118,4.842763,Methaanweg richting Kabelweg,Kabelweg richting Methaanweg,1,2022-05-23,414,22.76
Nieuwe Hemweg,52.404118,4.842763,Methaanweg richting Kabelweg,Kabelweg richting Methaanweg,-1,2022-05-24,365,21.21
Nieuwe Hemweg,52.404118,4.842763,Methaanweg richting Kabelweg,Kabelweg richting Methaanweg,1,2022-05-24,400,22.46
Nieuwe Hemweg,52.404118,4.842763,Methaanweg richting Kabelweg,Kabelweg richting Methaanweg,-1,2022-05-25,435,22.06
Nieuwe Hemweg,52.404118,4.842763,Methaanweg richting Kabelweg,Kabelweg richting Methaanweg,1,2022-05-25,498,22.27
Nieuwe Hemweg,52.404118,4.842763,Methaanweg richting Kabelweg,Kabelweg richting Methaanweg,-1,2022-05-26,399,19.94
Nieuwe Hemweg,52.404118,4.842763,Methaanweg richting Kabelweg,Kabelweg richting Methaanweg,1,2022-05-26,523,20.56
Nieuwe Hemweg,52.404118,4.842763,Methaanweg richting Kabelweg,Kabelweg richting Methaanweg,-1,2022-05-27,458,19.74
Nieuwe Hemweg,52.404118,4.842763,Methaanweg richting Kabelweg,Kabelweg richting Methaanweg,1,2022-05-27,565,21.97
Nieuwe Hemweg,52.404118,4.842763,Methaanweg richting Kabelweg,Kabelweg richting Methaanweg,-1,2022-05-28,419,18.71
Nieuwe Hemweg,52.404118,4.842763,Methaanweg richting Kabelweg,Kabelweg richting Methaanweg,1,2022-05-28,558,21.11
Nieuwe Hemweg,52.404118,4.842763,Methaanweg richting Kabelweg,Kabelweg richting Methaanweg,-1,2022-05-29,232,18.9
Nieuwe Hemweg,52.404118,4.842763,Methaanweg richting Kabelweg,Kabelweg richting Methaanweg,1,2022-05-29,324,20.76
Nieuwe Hemweg,52.404118,4.842763,Methaanweg richting Kabelweg,Kabelweg richting Methaanweg,-1,2022-05-30,421,21.8
Nieuwe Hemweg,52.404118,4.842763,Methaanweg richting Kabelweg,Kabelweg richting Methaanweg,1,2022-05-30,484,22.08
Nieuwe Hemweg,52.404118,4.842763,Methaanweg richting Kabelweg,Kabelweg richting Methaanweg,-1,2022-05-31,404,22.89
Nieuwe Hemweg,52.404118,4.842763,Methaanweg richting Kabelweg,Kabelweg richting Methaanweg,1,2022-05-31,455,22.43
Nieuwe Hemweg,52.404118,4.842763,Methaanweg richting Kabelweg,Kabelweg richting Methaanweg,-1,2022-06-01,409,21.78
Nieuwe Hemweg,52.404118,4.842763,Methaanweg richting Kabelweg,Kabelweg richting Methaanweg,1,2022-06-01,420,23.37
Nieuwe Hemweg,52.404118,4.842763,Methaanweg richting Kabelweg,Kabelweg richting Methaanweg,-1,2022-06-02,517,21.77
Nieuwe Hemweg,52.404118,4.842763,Methaanweg richting Kabelweg,Kabelweg richting Methaanweg,1,2022-06-02,587,22.19
Nieuwe Hemweg,52.404118,4.842763,Methaanweg richting Kabelweg,Kabelweg richting Methaanweg,-1,2022-06-03,524,20.86
Nieuwe Hemweg,52.404118,4.842763,Methaanweg richting Kabelweg,Kabelweg richting Methaanweg,1,2022-06-03,631,20.5
Nieuwe Hemweg,52.404118,4.842763,Methaanweg richting Kabelweg,Kabelweg richting Methaanweg,-1,2022-06-04,405,19.67
Nieuwe Hemweg,52.404118,4.842763,Methaanweg richting Kabelweg,Kabelweg richting Methaanweg,1,2022-06-04,522,19.32
Nieuwe Hemweg,52.404118,4.842763,Methaanweg richting Kabelweg,Kabelweg richting Methaanweg,-1,2022-06-05,211,21.16
Nieuwe Hemweg,52.404118,4.842763,Methaanweg richting Kabelweg,Kabelweg richting Methaanweg,1,2022-06-05,219,19.85
Nieuwe Hemweg,52.404118,4.842763,Methaanweg richting Kabelweg,Kabelweg richting Methaanweg,-1,2022-06-06,108,22.04
Nieuwe Hemweg,52.404118,4.842763,Methaanweg richting Kabelweg,Kabelweg richting Methaanweg,1,2022-06-06,159,22.48
Nieuwe Hemweg,52.404118,4.842763,Methaanweg richting Kabelweg,Kabelweg richting Methaanweg,-1,2022-06-07,470,20.69
Nieuwe Hemweg,52.404118,4.842763,Methaanweg richting Kabelweg,Kabelweg richting Methaanweg,1,2022-06-07,506,22.54
Nieuwe Hemweg,52.404118,4.842763,Methaanweg richting Kabelweg,Kabelweg richting Methaanweg,-1,2022-06-08,331,22.62
Nieuwe Hemweg,52.404118,4.842763,Methaanweg richting Kabelweg,Kabelweg richting Methaanweg,1,2022-06-08,350,22.55
Nieuwe Hemweg,52.404118,4.842763,Methaanweg richting Kabelweg,Kabelweg richting Methaanweg,-1,2022-06-09,513,22.03
Nieuwe Hemweg,52.404118,4.842763,Methaanweg richting Kabelweg,Kabelweg richting Methaanweg,1,2022-06-09,558,23.17
Nieuwe Hemweg,52.404118,4.842763,Methaanweg richting Kabelweg,Kabelweg richting Methaanweg,-1,2022-06-10,444,21.77
Nieuwe Hemweg,52.404118,4.842763,Methaanweg richting Kabelweg,Kabelweg richting Methaanweg,1,2022-06-10,523,21.65
Nieuwe Hemweg,52.404118,4.842763,Methaanweg richting Kabelweg,Kabelweg richting Methaanweg,-1,2022-06-11,444,19.79
Nieuwe Hemweg,52.404118,4.842763,Methaanweg richting Kabelweg,Kabelweg richting Methaanweg,1,2022-06-11,520,20.43
Nieuwe Hemweg,52.404118,4.842763,Methaanweg richting Kabelweg,Kabelweg richting Methaanweg,-1,2022-06-12,445,18.97
Nieuwe Hemweg,52.404118,4.842763,Methaanweg richting Kabelweg,Kabelweg richting Methaanweg,1,2022-06-12,503,20.68
Nieuwe Hemweg,52.404118,4.842763,Methaanweg richting Kabelweg,Kabelweg richting Methaanweg,-1,2022-06-13,529,20.95
Nieuwe Hemweg,52.404118,4.842763,Methaanweg richting Kabelweg,Kabelweg richting Methaanweg,1,2022-06-13,558,22.97
Nieuwe Hemweg,52.404118,4.842763,Methaanweg richting Kabelweg,Kabelweg richting Methaanweg,-1,2022-06-14,587,22.1
Nieuwe Hemweg,52.404118,4.842763,Methaanweg richting Kabelweg,Kabelweg richting Methaanweg,1,2022-06-14,651,22.47
Nieuwe Hemweg,52.404118,4.842763,Methaanweg richting Kabelweg,Kabelweg richting Methaanweg,-1,2022-06-15,597,21.68
Nieuwe Hemweg,52.404118,4.842763,Methaanweg richting Kabelweg,Kabelweg richting Methaanweg,1,2022-06-15,644,21.65
Nieuwe Hemweg,52.404118,4.842763,Methaanweg richting Kabelweg,Kabelweg richting Methaanweg,-1,2022-06-16,795,21.85
Nieuwe Hemweg,52.404118,4.842763,Methaanweg richting Kabelweg,Kabelweg richting Methaanweg,1,2022-06-16,942,20.92
Nieuwe Hemweg,52.404118,4.842763,Methaanweg richting Kabelweg,Kabelweg richting Methaanweg,-1,2022-06-17,668,21.24
Nieuwe Hemweg,52.404118,4.842763,Methaanweg richting Kabelweg,Kabelweg richting Methaanweg,1,2022-06-17,789,20.26
Nieuwe Hemweg,52.404118,4.842763,Methaanweg richting Kabelweg,Kabelweg richting Methaanweg,-1,2022-06-18,444,20.11
Nieuwe Hemweg,52.404118,4.842763,Methaanweg richting Kabelweg,Kabelweg richting Methaanweg,1,2022-06-18,532,19.95
Nieuwe Hemweg,52.404118,4.842763,Methaanweg richting Kabelweg,Kabelweg richting Methaanweg,-1,2022-06-19,300,19.26
Nieuwe Hemweg,52.404118,4.842763,Methaanweg richting Kabelweg,Kabelweg richting Methaanweg,1,2022-06-19,289,20.36
Nieuwe Hemweg,52.404118,4.842763,Methaanweg richting Kabelweg,Kabelweg richting Methaanweg,-1,2022-06-20,536,21.21
Nieuwe Hemweg,52.404118,4.842763,Methaanweg richting Kabelweg,Kabelweg richting Methaanweg,1,2022-06-20,576,22.23
Nieuwe Hemweg,52.404118,4.842763,Methaanweg richting Kabelweg,Kabelweg richting Methaanweg,-1,2022-06-21,656,21.69
Nieuwe Hemweg,52.404118,4.842763,Methaanweg richting Kabelweg,Kabelweg richting Methaanweg,1,2022-06-21,711,21.94
Nieuwe Hemweg,52.404118,4.842763,Methaanweg richting Kabelweg,Kabelweg richting Methaanweg,-1,2022-06-22,635,21.52
Nieuwe Hemweg,52.404118,4.842763,Methaanweg richting Kabelweg,Kabelweg richting Methaanweg,1,2022-06-22,753,21.32
Nieuwe Hemweg,52.404118,4.842763,Methaanweg richting Kabelweg,Kabelweg richting Methaanweg,-1,2022-06-23,681,22.38
Nieuwe Hemweg,52.404118,4.842763,Methaanweg richting Kabelweg,Kabelweg richting Methaanweg,1,2022-06-23,675,21.53
Nieuwe Hemweg,52.404118,4.842763,Methaanweg richting Kabelweg,Kabelweg richting Methaanweg,-1,2022-06-24,439,21.3
Nieuwe Hemweg,52.404118,4.842763,Methaanweg richting Kabelweg,Kabelweg richting Methaanweg,1,2022-06-24,460,22.15
Nieuwe Hemweg,52.404118,4.842763,Methaanweg richting Kabelweg,Kabelweg richting Methaanweg,-1,2022-06-25,377,19.13
Nieuwe Hemweg,52.404118,4.842763,Methaanweg richting Kabelweg,Kabelweg richting Methaanweg,1,2022-06-25,394,20.39
Nieuwe Hemweg,52.404118,4.842763,Methaanweg richting Kabelweg,Kabelweg richting Methaanweg,-1,2022-06-26,441,19.72
Nieuwe Hemweg,52.404118,4.842763,Methaanweg richting Kabelweg,Kabelweg richting Methaanweg,1,2022-06-26,521,17.78
Nieuwe Hemweg,52.404118,4.842763,Methaanweg richting Kabelweg,Kabelweg richting Methaanweg,-1,2022-06-27,416,22.67
Nieuwe Hemweg,52.404118,4.842763,Methaanweg richting Kabelweg,Kabelweg richting Methaanweg,1,2022-06-27,487,22.48
Nieuwe Hemweg,52.404118,4.842763,Methaanweg richting Kabelweg,Kabelweg richting Methaanweg,-1,2022-06-28,631,22.27
Nieuwe Hemweg,52.404118,4.842763,Methaanweg richting Kabelweg,Kabelweg richting Methaanweg,1,2022-06-28,690,21.5
Nieuwe Hemweg,52.404118,4.842763,Methaanweg richting Kabelweg,Kabelweg richting Methaanweg,-1,2022-06-29,631,21.56
Nieuwe Hemweg,52.404118,4.842763,Methaanweg richting Kabelweg,Kabelweg richting Methaanweg,1,2022-06-29,688,21.37
Nieuwe Hemweg,52.404118,4.842763,Methaanweg richting Kabelweg,Kabelweg richting Methaanweg,-1,2022-06-30,456,22.26
Nieuwe Hemweg,52.404118,4.842763,Methaanweg richting Kabelweg,Kabelweg richting Methaanweg,1,2022-06-30,521,22.97
Nieuwe Hemweg,52.404118,4.842763,Methaanweg richting Kabelweg,Kabelweg richting Methaanweg,-1,2022-07-01,420,21.87
Nieuwe Hemweg,52.404118,4.842763,Methaanweg richting Kabelweg,Kabelweg richting Methaanweg,1,2022-07-01,480,22.06
Nieuwe Hemweg,52.404118,4.842763,Methaanweg richting Kabelweg,Kabelweg richting Methaanweg,-1,2022-07-02,415,20.16
Nieuwe Hemweg,52.404118,4.842763,Methaanweg richting Kabelweg,Kabelweg richting Methaanweg,1,2022-07-02,463,19.59
Nieuwe Hemweg,52.404118,4.842763,Methaanweg richting Kabelweg,Kabelweg richting Methaanweg,-1,2022-07-03,370,19.55
Nieuwe Hemweg,52.404118,4.842763,Methaanweg richting Kabelweg,Kabelweg richting Methaanweg,1,2022-07-03,444,19.99
Nieuwe Hemweg,52.404118,4.842763,Methaanweg richting Kabelweg,Kabelweg richting Methaanweg,-1,2022-07-04,592,21.73
Nieuwe Hemweg,52.404118,4.842763,Methaanweg richting Kabelweg,Kabelweg richting Methaanweg,1,2022-07-04,623,22.46
Nieuwe Hemweg,52.404118,4.842763,Methaanweg richting Kabelweg,Kabelweg richting Methaanweg,-1,2022-07-05,657,21.1
Nieuwe Hemweg,52.404118,4.842763,Methaanweg richting Kabelweg,Kabelweg richting Methaanweg,1,2022-07-05,643,23.14
Nieuwe Hemweg,52.404118,4.842763,Methaanweg richting Kabelweg,Kabelweg richting Methaanweg,-1,2022-07-06,541,21.94
Nieuwe Hemweg,52.404118,4.842763,Methaanweg richting Kabelweg,Kabelweg richting Methaanweg,1,2022-07-06,599,22.43
Nieuwe Hemweg,52.404118,4.842763,Methaanweg richting Kabelweg,Kabelweg richting Methaanweg,-1,2022-07-07,434,20.83
Nieuwe Hemweg,52.404118,4.842763,Methaanweg richting Kabelweg,Kabelweg richting Methaanweg,1,2022-07-07,481,23.23
Nieuwe Hemweg,52.404118,4.842763,Methaanweg richting Kabelweg,Kabelweg richting Methaanweg,-1,2022-07-08,563,20.36
Nieuwe Hemweg,52.404118,4.842763,Methaanweg richting Kabelweg,Kabelweg richting Methaanweg,1,2022-07-08,590,21.94
Nieuwe Hemweg,52.404118,4.842763,Methaanweg richting Kabelweg,Kabelweg richting Methaanweg,-1,2022-07-09,473,18.83
Nieuwe Hemweg,52.404118,4.842763,Methaanweg richting Kabelweg,Kabelweg richting Methaanweg,1,2022-07-09,468,21.43
Nieuwe Hemweg,52.404118,4.842763,Methaanweg richting Kabelweg,Kabelweg richting Methaanweg,-1,2022-07-10,425,19.27
Nieuwe Hemweg,52.404118,4.842763,Methaanweg richting Kabelweg,Kabelweg richting Methaanweg,1,2022-07-10,577,20.16
Nieuwe Hemweg,52.404118,4.842763,Methaanweg richting Kabelweg,Kabelweg richting Methaanweg,-1,2022-07-11,587,21.27
Nieuwe Hemweg,52.404118,4.842763,Methaanweg richting Kabelweg,Kabelweg richting Methaanweg,1,2022-07-11,629,21.62
Nieuwe Hemweg,52.404118,4.842763,Methaanweg richting Kabelweg,Kabelweg richting Methaanweg,-1,2022-07-12,684,22.07
Nieuwe Hemweg,52.404118,4.842763,Methaanweg richting Kabelweg,Kabelweg richting Methaanweg,1,2022-07-12,696,20.83
Nieuwe Hemweg,52.404118,4.842763,Methaanweg richting Kabelweg,Kabelweg richting Methaanweg,-1,2022-07-13,598,21.51
Nieuwe Hemweg,52.404118,4.842763,Methaanweg richting Kabelweg,Kabelweg richting Methaanweg,1,2022-07-13,648,22.56
Nieuwe Hemweg,52.404118,4.842763,Methaanweg richting Kabelweg,Kabelweg richting Methaanweg,-1,2022-07-14,603,21.0
Nieuwe Hemweg,52.404118,4.842763,Methaanweg richting Kabelweg,Kabelweg richting Methaanweg,1,2022-07-14,756,21.5
Nieuwe Hemweg,52.404118,4.842763,Methaanweg richting Kabelweg,Kabelweg richting Methaanweg,-1,2022-07-15,564,21.49
Nieuwe Hemweg,52.404118,4.842763,Methaanweg richting Kabelweg,Kabelweg richting Methaanweg,1,2022-07-15,618,22.31
Nieuwe Hemweg,52.404118,4.842763,Methaanweg richting Kabelweg,Kabelweg richting Methaanweg,-1,2022-07-16,513,19.27
Nieuwe Hemweg,52.404118,4.842763,Methaanweg richting Kabelweg,Kabelweg richting Methaanweg,1,2022-07-16,464,20.75
Nieuwe Hemweg,52.404118,4.842763,Methaanweg richting Kabelweg,Kabelweg richting Methaanweg,-1,2022-07-17,529,20.64
Nieuwe Hemweg,52.404118,4.842763,Methaanweg richting Kabelweg,Kabelweg richting Methaanweg,1,2022-07-17,601,19.78
Nieuwe Hemweg,52.404118,4.842763,Methaanweg richting Kabelweg,Kabelweg richting Methaanweg,-1,2022-07-18,560,21.57
Nieuwe Hemweg,52.404118,4.842763,Methaanweg richting Kabelweg,Kabelweg richting Methaanweg,1,2022-07-18,615,21.26
Nieuwe Hemweg,52.404118,4.842763,Methaanweg richting Kabelweg,Kabelweg richting Methaanweg,-1,2022-07-19,485,23.08
Nieuwe Hemweg,52.404118,4.842763,Methaanweg richting Kabelweg,Kabelweg richting Methaanweg,1,2022-07-19,528,22.13
Nieuwe Hemweg,52.404118,4.842763,Methaanweg richting Kabelweg,Kabelweg richting Methaanweg,-1,2022-07-20,468,21.49
Nieuwe Hemweg,52.404118,4.842763,Methaanweg richting Kabelweg,Kabelweg richting Methaanweg,1,2022-07-20,478,22.46
Nieuwe Hemweg,52.404118,4.842763,Methaanweg richting Kabelweg,Kabelweg richting Methaanweg,-1,2022-07-21,297,22.09
Nieuwe Hemweg,52.404118,4.842763,Methaanweg richting Kabelweg,Kabelweg richting Methaanweg,1,2022-07-21,308,22.72
Nieuwe Hemweg,52.404118,4.842763,Methaanweg richting Kabelweg,Kabelweg richting Methaanweg,-1,2022-07-22,547,20.57
Nieuwe Hemweg,52.404118,4.842763,Methaanweg richting Kabelweg,Kabelweg richting Methaanweg,1,2022-07-22,537,21.41
Nieuwe Hemweg,52.404118,4.842763,Methaanweg richting Kabelweg,Kabelweg richting Methaanweg,-1,2022-07-23,489,19.4
Nieuwe Hemweg,52.404118,4.842763,Methaanweg richting Kabelweg,Kabelweg richting Methaanweg,1,2022-07-23,326,19.94
Nieuwe Hemweg,52.404118,4.842763,Methaanweg richting Kabelweg,Kabelweg richting Methaanweg,-1,2022-07-24,434,20.53
Nieuwe Hemweg,52.404118,4.842763,Methaanweg richting Kabelweg,Kabelweg richting Methaanweg,1,2022-07-24,339,19.28
Nieuwe Hemweg,52.404118,4.842763,Methaanweg richting Kabelweg,Kabelweg richting Methaanweg,-1,2022-07-25,443,21.22
Nieuwe Hemweg,52.404118,4.842763,Methaanweg richting Kabelweg,Kabelweg richting Methaanweg,1,2022-07-25,449,22.24
Nieuwe Hemweg,52.404118,4.842763,Methaanweg richting Kabelweg,Kabelweg richting Methaanweg,-1,2022-07-26,474,20.13
Nieuwe Hemweg,52.404118,4.842763,Methaanweg richting Kabelweg,Kabelweg richting Methaanweg,1,2022-07-26,531,21.18
Nieuwe Hemweg,52.404118,4.842763,Methaanweg richting Kabelweg,Kabelweg richting Methaanweg,-1,2022-07-27,531,20.86
Nieuwe Hemweg,52.404118,4.842763,Methaanweg richting Kabelweg,Kabelweg richting Methaanweg,1,2022-07-27,596,21.6
Nieuwe Hemweg,52.404118,4.842763,Methaanweg richting Kabelweg,Kabelweg richting Methaanweg,-1,2022-07-28,502,21.59
Nieuwe Hemweg,52.404118,4.842763,Methaanweg richting Kabelweg,Kabelweg richting Methaanweg,1,2022-07-28,593,21.16
Nieuwe Hemweg,52.404118,4.842763,Methaanweg richting Kabelweg,Kabelweg richting Methaanweg,-1,2022-07-29,512,20.58
Nieuwe Hemweg,52.404118,4.842763,Methaanweg richting Kabelweg,Kabelweg richting Methaanweg,1,2022-07-29,539,21.07
Nieuwe Hemweg,52.404118,4.842763,Methaanweg richting Kabelweg,Kabelweg richting Methaanweg,-1,2022-07-30,455,19.52
Nieuwe Hemweg,52.404118,4.842763,Methaanweg richting Kabelweg,Kabelweg richting Methaanweg,1,2022-07-30,508,20.25
Nieuwe Hemweg,52.404118,4.842763,Methaanweg richting Kabelweg,Kabelweg richting Methaanweg,-1,2022-07-31,162,20.81
Nieuwe Hemweg,52.404118,4.842763,Methaanweg richting Kabelweg,Kabelweg richting Methaanweg,1,2022-07-31,177,20.49
Nieuwe Hemweg,52.404118,4.842763,Methaanweg richting Kabelweg,Kabelweg richting Methaanweg,-1,2022-08-01,475,20.67
Nieuwe Hemweg,52.404118,4.842763,Methaanweg richting Kabelweg,Kabelweg richting Methaanweg,1,2022-08-01,508,20.4
Nieuwe Hemweg,52.404118,4.842763,Methaanweg richting Kabelweg,Kabelweg richting Methaanweg,-1,2022-08-02,571,21.05
Nieuwe Hemweg,52.404118,4.842763,Methaanweg richting Kabelweg,Kabelweg richting Methaanweg,1,2022-08-02,640,21.04
Nieuwe Hemweg,52.404118,4.842763,Methaanweg richting Kabelweg,Kabelweg richting Methaanweg,-1,2022-08-03,682,21.38
Nieuwe Hemweg,52.404118,4.842763,Methaanweg richting Kabelweg,Kabelweg richting Methaanweg,1,2022-08-03,729,20.98
Nieuwe Hemweg,52.404118,4.842763,Methaanweg richting Kabelweg,Kabelweg richting Methaanweg,-1,2022-08-04,589,20.57
Nieuwe Hemweg,52.404118,4.842763,Methaanweg richting Kabelweg,Kabelweg richting Methaanweg,1,2022-08-04,671,21.81
Nieuwe Hemweg,52.404118,4.842763,Methaanweg richting Kabelweg,Kabelweg richting Methaanweg,-1,2022-08-05,495,20.25
Nieuwe Hemweg,52.404118,4.842763,Methaanweg richting Kabelweg,Kabelweg richting Methaanweg,1,2022-08-05,532,21.88
Nieuwe Hemweg,52.404118,4.842763,Methaanweg richting Kabelweg,Kabelweg richting Methaanweg,-1,2022-08-06,533,20.32
Nieuwe Hemweg,52.404118,4.842763,Methaanweg richting Kabelweg,Kabelweg richting Methaanweg,1,2022-08-06,649,21.45
Nieuwe Hemweg,52.404118,4.842763,Methaanweg richting Kabelweg,Kabelweg richting Methaanweg,-1,2022-08-07,474,19.43
Nieuwe Hemweg,52.404118,4.842763,Methaanweg richting Kabelweg,Kabelweg richting Methaanweg,1,2022-08-07,531,19.69
Nieuwe Hemweg,52.404118,4.842763,Methaanweg richting Kabelweg,Kabelweg richting Methaanweg,-1,2022-08-08,596,20.23
Nieuwe Hemweg,52.404118,4.842763,Methaanweg richting Kabelweg,Kabelweg richting Methaanweg,1,2022-08-08,647,20.69
Nieuwe Hemweg,52.404118,4.842763,Methaanweg richting Kabelweg,Kabelweg richting Methaanweg,-1,2022-08-09,642,20.52
Nieuwe Hemweg,52.404118,4.842763,Methaanweg richting Kabelweg,Kabelweg richting Methaanweg,1,2022-08-09,708,20.32
Nieuwe Hemweg,52.404118,4.842763,Methaanweg richting Kabelweg,Kabelweg richting Methaanweg,-1,2022-08-10,591,20.38
Nieuwe Hemweg,52.404118,4.842763,Methaanweg richting Kabelweg,Kabelweg richting Methaanweg,1,2022-08-10,679,20.52
Nieuwe Hemweg,52.404118,4.842763,Methaanweg richting Kabelweg,Kabelweg richting Methaanweg,-1,2022-08-11,663,20.98
Nieuwe Hemweg,52.404118,4.842763,Methaanweg richting Kabelweg,Kabelweg richting Methaanweg,1,2022-08-11,705,20.74
Nieuwe Hemweg,52.404118,4.842763,Methaanweg richting Kabelweg,Kabelweg richting Methaanweg,-1,2022-08-12,529,20.98
Nieuwe Hemweg,52.404118,4.842763,Methaanweg richting Kabelweg,Kabelweg richting Methaanweg,1,2022-08-12,591,21.53
Nieuwe Hemweg,52.404118,4.842763,Methaanweg richting Kabelweg,Kabelweg richting Methaanweg,-1,2022-08-13,464,21.21
Nieuwe Hemweg,52.404118,4.842763,Methaanweg richting Kabelweg,Kabelweg richting Methaanweg,1,2022-08-13,522,19.87
Nieuwe Hemweg,52.404118,4.842763,Methaanweg richting Kabelweg,Kabelweg richting Methaanweg,-1,2022-08-14,425,21.04
Nieuwe Hemweg,52.404118,4.842763,Methaanweg richting Kabelweg,Kabelweg richting Methaanweg,1,2022-08-14,490,18.94
Nieuwe Hemweg,52.404118,4.842763,Methaanweg richting Kabelweg,Kabelweg richting Methaanweg,-1,2022-08-15,505,21.16
Nieuwe Hemweg,52.404118,4.842763,Methaanweg richting Kabelweg,Kabelweg richting Methaanweg,1,2022-08-15,568,21.62
Nieuwe Hemweg,52.404118,4.842763,Methaanweg richting Kabelweg,Kabelweg richting Methaanweg,-1,2022-08-16,667,21.1
Nieuwe Hemweg,52.404118,4.842763,Methaanweg richting Kabelweg,Kabelweg richting Methaanweg,1,2022-08-16,649,21.9
Nieuwe Hemweg,52.404118,4.842763,Methaanweg richting Kabelweg,Kabelweg richting Methaanweg,-1,2022-08-17,258,21.4
Nieuwe Hemweg,52.404118,4.842763,Methaanweg richting Kabelweg,Kabelweg richting Methaanweg,1,2022-08-17,273,22.44
Nieuwe Hemweg,52.404118,4.842763,Methaanweg richting Kabelweg,Kabelweg richting Methaanweg,-1,2022-08-18,556,21.02
Nieuwe Hemweg,52.404118,4.842763,Methaanweg richting Kabelweg,Kabelweg richting Methaanweg,1,2022-08-18,623,21.48
Nieuwe Hemweg,52.404118,4.842763,Methaanweg richting Kabelweg,Kabelweg richting Methaanweg,-1,2022-08-19,462,21.72
Nieuwe Hemweg,52.404118,4.842763,Methaanweg richting Kabelweg,Kabelweg richting Methaanweg,1,2022-08-19,494,21.7
Nieuwe Hemweg,52.404118,4.842763,Methaanweg richting Kabelweg,Kabelweg richting Methaanweg,-1,2022-08-20,524,20.13
Nieuwe Hemweg,52.404118,4.842763,Methaanweg richting Kabelweg,Kabelweg richting Methaanweg,1,2022-08-20,523,20.59
Nieuwe Hemweg,52.404118,4.842763,Methaanweg richting Kabelweg,Kabelweg richting Methaanweg,-1,2022-08-21,433,18.85
Nieuwe Hemweg,52.404118,4.842763,Methaanweg richting Kabelweg,Kabelweg richting Methaanweg,1,2022-08-21,480,19.93
Nieuwe Hemweg,52.404118,4.842763,Methaanweg richting Kabelweg,Kabelweg richting Methaanweg,-1,2022-08-22,487,22.39
Nieuwe Hemweg,52.404118,4.842763,Methaanweg richting Kabelweg,Kabelweg richting Methaanweg,1,2022-08-22,541,21.34
Nieuwe Hemweg,52.404118,4.842763,Methaanweg richting Kabelweg,Kabelweg richting Methaanweg,-1,2022-08-23,636,21.44
Nieuwe Hemweg,52.404118,4.842763,Methaanweg richting Kabelweg,Kabelweg richting Methaanweg,1,2022-08-23,670,22.02
Nieuwe Hemweg,52.404118,4.842763,Methaanweg richting Kabelweg,Kabelweg richting Methaanweg,-1,2022-08-24,655,21.93
Nieuwe Hemweg,52.404118,4.842763,Methaanweg richting Kabelweg,Kabelweg richting Methaanweg,1,2022-08-24,683,21.81
Nieuwe Hemweg,52.404118,4.842763,Methaanweg richting Kabelweg,Kabelweg richting Methaanweg,-1,2022-08-25,665,22.15
Nieuwe Hemweg,52.404118,4.842763,Methaanweg richting Kabelweg,Kabelweg richting Methaanweg,1,2022-08-25,744,21.68
Nieuwe Hemweg,52.404118,4.842763,Methaanweg richting Kabelweg,Kabelweg richting Methaanweg,-1,2022-08-26,489,20.86
Nieuwe Hemweg,52.404118,4.842763,Methaanweg richting Kabelweg,Kabelweg richting Methaanweg,1,2022-08-26,585,22.11
Nieuwe Hemweg,52.404118,4.842763,Methaanweg richting Kabelweg,Kabelweg richting Methaanweg,-1,2022-08-27,487,18.9
Nieuwe Hemweg,52.404118,4.842763,Methaanweg richting Kabelweg,Kabelweg richting Methaanweg,1,2022-08-27,537,19.46
Nieuwe Hemweg,52.404118,4.842763,Methaanweg richting Kabelweg,Kabelweg richting Methaanweg,-1,2022-08-28,477,19.24
Nieuwe Hemweg,52.404118,4.842763,Methaanweg richting Kabelweg,Kabelweg richting Methaanweg,1,2022-08-28,561,19.06
Nieuwe Hemweg,52.404118,4.842763,Methaanweg richting Kabelweg,Kabelweg richting Methaanweg,-1,2022-08-29,728,21.29
Nieuwe Hemweg,52.404118,4.842763,Methaanweg richting Kabelweg,Kabelweg richting Methaanweg,1,2022-08-29,854,21.28
Nieuwe Hemweg,52.404118,4.842763,Methaanweg richting Kabelweg,Kabelweg richting Methaanweg,-1,2022-08-30,897,21.07
Nieuwe Hemweg,52.404118,4.842763,Methaanweg richting Kabelweg,Kabelweg richting Methaanweg,1,2022-08-30,1003,21.14
Nieuwe Hemweg,52.404118,4.842763,Methaanweg richting Kabelweg,Kabelweg richting Methaanweg,-1,2022-08-31,759,21.02
Nieuwe Hemweg,52.404118,4.842763,Methaanweg richting Kabelweg,Kabelweg richting Methaanweg,1,2022-08-31,724,21.41
Nieuwe Hemweg,52.404118,4.842763,Methaanweg richting Kabelweg,Kabelweg richting Methaanweg,-1,2022-09-01,707,21.84
Nieuwe Hemweg,52.404118,4.842763,Methaanweg richting Kabelweg,Kabelweg richting Methaanweg,1,2022-09-01,688,21.88
Nieuwe Hemweg,52.404118,4.842763,Methaanweg richting Kabelweg,Kabelweg richting Methaanweg,-1,2022-09-02,644,21.71
Nieuwe Hemweg,52.404118,4.842763,Methaanweg richting Kabelweg,Kabelweg richting Methaanweg,1,2022-09-02,713,20.77
Nieuwe Hemweg,52.404118,4.842763,Methaanweg richting Kabelweg,Kabelweg richting Methaanweg,-1,2022-09-03,460,21.38
Nieuwe Hemweg,52.404118,4.842763,Methaanweg richting Kabelweg,Kabelweg richting Methaanweg,1,2022-09-03,544,19.19
Nieuwe Hemweg,52.404118,4.842763,Methaanweg richting Kabelweg,Kabelweg richting Methaanweg,-1,2022-09-04,401,20.38
Nieuwe Hemweg,52.404118,4.842763,Methaanweg richting Kabelweg,Kabelweg richting Methaanweg,1,2022-09-04,514,20.58
Nieuwe Hemweg,52.404118,4.842763,Methaanweg richting Kabelweg,Kabelweg richting Methaanweg,-1,2022-09-05,573,21.94
Nieuwe Hemweg,52.404118,4.842763,Methaanweg richting Kabelweg,Kabelweg richting Methaanweg,1,2022-09-05,588,21.5
Nieuwe Hemweg,52.404118,4.842763,Methaanweg richting Kabelweg,Kabelweg richting Methaanweg,-1,2022-09-06,619,21.48
Nieuwe Hemweg,52.404118,4.842763,Methaanweg richting Kabelweg,Kabelweg richting Methaanweg,1,2022-09-06,654,21.28
Nieuwe Hemweg,52.404118,4.842763,Methaanweg richting Kabelweg,Kabelweg richting Methaanweg,-1,2022-09-07,534,22.04
Nieuwe Hemweg,52.404118,4.842763,Methaanweg richting Kabelweg,Kabelweg richting Methaanweg,1,2022-09-07,600,21.65
Nieuwe Hemweg,52.404118,4.842763,Methaanweg richting Kabelweg,Kabelweg richting Methaanweg,-1,2022-09-08,379,21.26
Nieuwe Hemweg,52.404118,4.842763,Methaanweg richting Kabelweg,Kabelweg richting Methaanweg,1,2022-09-08,432,21.41
Nieuwe Hemweg,52.404118,4.842763,Methaanweg richting Kabelweg,Kabelweg richting Methaanweg,-1,2022-09-09,475,22.01
Nieuwe Hemweg,52.404118,4.842763,Methaanweg richting Kabelweg,Kabelweg richting Methaanweg,1,2022-09-09,589,21.11
Nieuwe Hemweg,52.404118,4.842763,Methaanweg richting Kabelweg,Kabelweg richting Methaanweg,-1,2022-09-10,398,19.25
Nieuwe Hemweg,52.404118,4.842763,Methaanweg richting Kabelweg,Kabelweg richting Methaanweg,1,2022-09-10,405,19.87
Nieuwe Hemweg,52.404118,4.842763,Methaanweg richting Kabelweg,Kabelweg richting Methaanweg,-1,2022-09-11,431,20.11
Nieuwe Hemweg,52.404118,4.842763,Methaanweg richting Kabelweg,Kabelweg richting Methaanweg,1,2022-09-11,542,18.81
Nieuwe Hemweg,52.404118,4.842763,Methaanweg richting Kabelweg,Kabelweg richting Methaanweg,-1,2022-09-12,607,21.73
Nieuwe Hemweg,52.404118,4.842763,Methaanweg richting Kabelweg,Kabelweg richting Methaanweg,1,2022-09-12,674,20.97
Nieuwe Hemweg,52.404118,4.842763,Methaanweg richting Kabelweg,Kabelweg richting Methaanweg,-1,2022-09-13,599,21.99
Nieuwe Hemweg,52.404118,4.842763,Methaanweg richting Kabelweg,Kabelweg richting Methaanweg,1,2022-09-13,665,22.25
Nieuwe Hemweg,52.404118,4.842763,Methaanweg richting Kabelweg,Kabelweg richting Methaanweg,-1,2022-09-14,580,22.65
Nieuwe Hemweg,52.404118,4.842763,Methaanweg richting Kabelweg,Kabelweg richting Methaanweg,1,2022-09-14,593,22.47
Nieuwe Hemweg,52.404118,4.842763,Methaanweg richting Kabelweg,Kabelweg richting Methaanweg,-1,2022-09-15,515,21.81
Nieuwe Hemweg,52.404118,4.842763,Methaanweg richting Kabelweg,Kabelweg richting Methaanweg,1,2022-09-15,586,23.05
Nieuwe Hemweg,52.404118,4.842763,Methaanweg richting Kabelweg,Kabelweg richting Methaanweg,-1,2022-09-16,311,22.12
Nieuwe Hemweg,52.404118,4.842763,Methaanweg richting Kabelweg,Kabelweg richting Methaanweg,1,2022-09-16,300,24.18
Nieuwe Hemweg,52.404118,4.842763,Methaanweg richting Kabelweg,Kabelweg richting Methaanweg,-1,2022-09-17,206,19.13
Nieuwe Hemweg,52.404118,4.842763,Methaanweg richting Kabelweg,Kabelweg richting Methaanweg,1,2022-09-17,259,20.54
Nieuwe Hemweg,52.404118,4.842763,Methaanweg richting Kabelweg,Kabelweg richting Methaanweg,-1,2022-09-18,198,20.84
Nieuwe Hemweg,52.404118,4.842763,Methaanweg richting Kabelweg,Kabelweg richting Methaanweg,1,2022-09-18,268,21.12
Nieuwe Hemweg,52.404118,4.842763,Methaanweg richting Kabelweg,Kabelweg richting Methaanweg,-1,2022-09-19,397,21.16
Nieuwe Hemweg,52.404118,4.842763,Methaanweg richting Kabelweg,Kabelweg richting Methaanweg,1,2022-09-19,445,23.11
Nieuwe Hemweg,52.404118,4.842763,Methaanweg richting Kabelweg,Kabelweg richting Methaanweg,-1,2022-09-20,471,22.52
Nieuwe Hemweg,52.404118,4.842763,Methaanweg richting Kabelweg,Kabelweg richting Methaanweg,1,2022-09-20,514,22.96
Nieuwe Hemweg,52.404118,4.842763,Methaanweg richting Kabelweg,Kabelweg richting Methaanweg,-1,2022-09-21,521,22.57
Nieuwe Hemweg,52.404118,4.842763,Methaanweg richting Kabelweg,Kabelweg richting Methaanweg,1,2022-09-21,548,22.68
Nieuwe Hemweg,52.404118,4.842763,Methaanweg richting Kabelweg,Kabelweg richting Methaanweg,-1,2022-09-22,589,22.22
Nieuwe Hemweg,52.404118,4.842763,Methaanweg richting Kabelweg,Kabelweg richting Methaanweg,1,2022-09-22,716,21.98
Nieuwe Hemweg,52.404118,4.842763,Methaanweg richting Kabelweg,Kabelweg richting Methaanweg,-1,2022-09-23,403,22.36
Nieuwe Hemweg,52.404118,4.842763,Methaanweg richting Kabelweg,Kabelweg richting Methaanweg,1,2022-09-23,432,21.71
Nieuwe Hemweg,52.404118,4.842763,Methaanweg richting Kabelweg,Kabelweg richting Methaanweg,-1,2022-09-24,262,20.08
Nieuwe Hemweg,52.404118,4.842763,Methaanweg richting Kabelweg,Kabelweg richting Methaanweg,1,2022-09-24,283,20.54
Nieuwe Hemweg,52.404118,4.842763,Methaanweg richting Kabelweg,Kabelweg richting Methaanweg,-1,2022-09-25,319,20.1
Nieuwe Hemweg,52.404118,4.842763,Methaanweg richting Kabelweg,Kabelweg richting Methaanweg,1,2022-09-25,388,19.45
Nieuwe Hemweg,52.404118,4.842763,Methaanweg richting Kabelweg,Kabelweg richting Methaanweg,-1,2022-09-26,267,22.72
Nieuwe Hemweg,52.404118,4.842763,Methaanweg richting Kabelweg,Kabelweg richting Methaanweg,1,2022-09-26,311,22.55
Nieuwe Hemweg,52.404118,4.842763,Methaanweg richting Kabelweg,Kabelweg richting Methaanweg,-1,2022-09-27,288,22.69
Nieuwe Hemweg,52.404118,4.842763,Methaanweg richting Kabelweg,Kabelweg richting Methaanweg,1,2022-09-27,301,24.27
Nieuwe Hemweg,52.404118,4.842763,Methaanweg richting Kabelweg,Kabelweg richting Methaanweg,-1,2022-09-28,325,22.82
Nieuwe Hemweg,52.404118,4.842763,Methaanweg richting Kabelweg,Kabelweg richting Methaanweg,1,2022-09-28,394,23.03
Nieuwe Hemweg,52.404118,4.842763,Methaanweg richting Kabelweg,Kabelweg richting Methaanweg,-1,2022-09-29,455,22.91
Nieuwe Hemweg,52.404118,4.842763,Methaanweg richting Kabelweg,Kabelweg richting Methaanweg,1,2022-09-29,507,22.8
Nieuwe Hemweg,52.404118,4.842763,Methaanweg richting Kabelweg,Kabelweg richting Methaanweg,-1,2022-09-30,436,22.17
Nieuwe Hemweg,52.404118,4.842763,Methaanweg richting Kabelweg,Kabelweg richting Methaanweg,1,2022-09-30,465,21.61
Nieuwe Hemweg,52.404118,4.842763,Methaanweg richting Kabelweg,Kabelweg richting Methaanweg,-1,2022-10-01,262,20.11
Nieuwe Hemweg,52.404118,4.842763,Methaanweg richting Kabelweg,Kabelweg richting Methaanweg,1,2022-10-01,254,21.54
Nieuwe Hemweg,52.404118,4.842763,Methaanweg richting Kabelweg,Kabelweg richting Methaanweg,-1,2022-10-02,299,19.7
Nieuwe Hemweg,52.404118,4.842763,Methaanweg richting Kabelweg,Kabelweg richting Methaanweg,1,2022-10-02,392,20.47
Nieuwe Hemweg,52.404118,4.842763,Methaanweg richting Kabelweg,Kabelweg richting Methaanweg,-1,2022-10-03,481,22.21
Nieuwe Hemweg,52.404118,4.842763,Methaanweg richting Kabelweg,Kabelweg richting Methaanweg,1,2022-10-03,569,22.22
Nieuwe Hemweg,52.404118,4.842763,Methaanweg richting Kabelweg,Kabelweg richting Methaanweg,-1,2022-10-04,581,22.71
Nieuwe Hemweg,52.404118,4.842763,Methaanweg richting Kabelweg,Kabelweg richting Methaanweg,1,2022-10-04,608,21.35
Nieuwe Hemweg,52.404118,4.842763,Methaanweg richting Kabelweg,Kabelweg richting Methaanweg,-1,2022-10-05,463,23.27
Nieuwe Hemweg,52.404118,4.842763,Methaanweg richting Kabelweg,Kabelweg richting Methaanweg,1,2022-10-05,481,22.14
Nieuwe Hemweg,52.404118,4.842763,Methaanweg richting Kabelweg,Kabelweg richting Methaanweg,-1,2022-10-06,580,22.48
Nieuwe Hemweg,52.404118,4.842763,Methaanweg richting Kabelweg,Kabelweg richting Methaanweg,1,2022-10-06,597,23.22
Nieuwe Hemweg,52.404118,4.842763,Methaanweg richting Kabelweg,Kabelweg richting Methaanweg,-1,2022-10-07,462,22.15
Nieuwe Hemweg,52.404118,4.842763,Methaanweg richting Kabelweg,Kabelweg richting Methaanweg,1,2022-10-07,513,21.1
Nieuwe Hemweg,52.404118,4.842763,Methaanweg richting Kabelweg,Kabelweg richting Methaanweg,-1,2022-10-08,318,19.59
Nieuwe Hemweg,52.404118,4.842763,Methaanweg richting Kabelweg,Kabelweg richting Methaanweg,1,2022-10-08,395,20.55
Nieuwe Hemweg,52.404118,4.842763,Methaanweg richting Kabelweg,Kabelweg richting Methaanweg,-1,2022-10-09,388,20.1
Nieuwe Hemweg,52.404118,4.842763,Methaanweg richting Kabelweg,Kabelweg richting Methaanweg,1,2022-10-09,470,17.66
Nieuwe Hemweg,52.404118,4.842763,Methaanweg richting Kabelweg,Kabelweg richting Methaanweg,-1,2022-10-10,442,21.55
Nieuwe Hemweg,52.404118,4.842763,Methaanweg richting Kabelweg,Kabelweg richting Methaanweg,1,2022-10-10,523,22.33
Nieuwe Hemweg,52.404118,4.842763,Methaanweg richting Kabelweg,Kabelweg richting Methaanweg,-1,2022-10-11,557,22.47
Nieuwe Hemweg,52.404118,4.842763,Methaanweg richting Kabelweg,Kabelweg richting Methaanweg,1,2022-10-11,587,22.69
Nieuwe Hemweg,52.404118,4.842763,Methaanweg richting Kabelweg,Kabelweg richting Methaanweg,-1,2022-10-12,600,22.98
Nieuwe Hemweg,52.404118,4.842763,Methaanweg richting Kabelweg,Kabelweg richting Methaanweg,1,2022-10-12,649,21.24
Nieuwe Hemweg,52.404118,4.842763,Methaanweg richting Kabelweg,Kabelweg richting Methaanweg,-1,2022-10-13,415,23.44
Nieuwe Hemweg,52.404118,4.842763,Methaanweg richting Kabelweg,Kabelweg richting Methaanweg,1,2022-10-13,448,23.2
Nieuwe Hemweg,52.404118,4.842763,Methaanweg richting Kabelweg,Kabelweg richting Methaanweg,-1,2022-10-14,336,23.23
Nieuwe Hemweg,52.404118,4.842763,Methaanweg richting Kabelweg,Kabelweg richting Methaanweg,1,2022-10-14,391,22.35
Nieuwe Hemweg,52.404118,4.842763,Methaanweg richting Kabelweg,Kabelweg richting Methaanweg,-1,2022-10-15,270,20.9
Nieuwe Hemweg,52.404118,4.842763,Methaanweg richting Kabelweg,Kabelweg richting Methaanweg,1,2022-10-15,280,19.53
Nieuwe Hemweg,52.404118,4.842763,Methaanweg richting Kabelweg,Kabelweg richting Methaanweg,-1,2022-10-16,321,20.0
Nieuwe Hemweg,52.404118,4.842763,Methaanweg richting Kabelweg,Kabelweg richting Methaanweg,1,2022-10-16,376,19.56
Nieuwe Hemweg,52.404118,4.842763,Methaanweg richting Kabelweg,Kabelweg richting Methaanweg,-1,2022-10-17,380,22.41
Nieuwe Hemweg,52.404118,4.842763,Methaanweg richting Kabelweg,Kabelweg richting Methaanweg,1,2022-10-17,417,22.2
Nieuwe Hemweg,52.404118,4.842763,Methaanweg richting Kabelweg,Kabelweg richting Methaanweg,-1,2022-10-18,550,21.66
Nieuwe Hemweg,52.404118,4.842763,Methaanweg richting Kabelweg,Kabelweg richting Methaanweg,1,2022-10-18,556,22.44
Nieuwe Hemweg,52.404118,4.842763,Methaanweg richting Kabelweg,Kabelweg richting Methaanweg,-1,2022-10-19,507,22.47
Nieuwe Hemweg,52.404118,4.842763,Methaanweg richting Kabelweg,Kabelweg richting Methaanweg,1,2022-10-19,509,21.81
Nieuwe Hemweg,52.404118,4.842763,Methaanweg richting Kabelweg,Kabelweg richting Methaanweg,-1,2022-10-20,388,23.51
Nieuwe Hemweg,52.404118,4.842763,Methaanweg richting Kabelweg,Kabelweg richting Methaanweg,1,2022-10-20,473,22.42
Nieuwe Hemweg,52.404118,4.842763,Methaanweg richting Kabelweg,Kabelweg richting Methaanweg,-1,2022-10-21,539,21.51
Nieuwe Hemweg,52.404118,4.842763,Methaanweg richting Kabelweg,Kabelweg richting Methaanweg,1,2022-10-21,456,21.69
Nieuwe Hemweg,52.404118,4.842763,Methaanweg richting Kabelweg,Kabelweg richting Methaanweg,-1,2022-10-22,1338,17.91
Nieuwe Hemweg,52.404118,4.842763,Methaanweg richting Kabelweg,Kabelweg richting Methaanweg,1,2022-10-22,1271,16.31
Nieuwe Hemweg,52.404118,4.842763,Methaanweg richting Kabelweg,Kabelweg richting Methaanweg,-1,2022-10-23,379,19.77
Nieuwe Hemweg,52.404118,4.842763,Methaanweg richting Kabelweg,Kabelweg richting Methaanweg,1,2022-10-23,1149,15.38
Nieuwe Hemweg,52.404118,4.842763,Methaanweg richting Kabelweg,Kabelweg richting Methaanweg,-1,2022-10-24,334,21.99
Nieuwe Hemweg,52.404118,4.842763,Methaanweg richting Kabelweg,Kabelweg richting Methaanweg,1,2022-10-24,405,22.62
Nieuwe Hemweg,52.404118,4.842763,Methaanweg richting Kabelweg,Kabelweg richting Methaanweg,-1,2022-10-25,440,22.99
Nieuwe Hemweg,52.404118,4.842763,Methaanweg richting Kabelweg,Kabelweg richting Methaanweg,1,2022-10-25,496,22.36
Nieuwe Hemweg,52.404118,4.842763,Methaanweg richting Kabelweg,Kabelweg richting Methaanweg,-1,2022-10-26,481,22.85
Nieuwe Hemweg,52.404118,4.842763,Methaanweg richting Kabelweg,Kabelweg richting Methaanweg,1,2022-10-26,622,21.83
Nieuwe Hemweg,52.404118,4.842763,Methaanweg richting Kabelweg,Kabelweg richting Methaanweg,-1,2022-10-27,553,22.92
Nieuwe Hemweg,52.404118,4.842763,Methaanweg richting Kabelweg,Kabelweg richting Methaanweg,1,2022-10-27,626,21.86
Nieuwe Hemweg,52.404118,4.842763,Methaanweg richting Kabelweg,Kabelweg richting Methaanweg,-1,2022-10-28,522,21.71
Nieuwe Hemweg,52.404118,4.842763,Methaanweg richting Kabelweg,Kabelweg richting Methaanweg,1,2022-10-28,595,21.49
Nieuwe Hemweg,52.404118,4.842763,Methaanweg richting Kabelweg,Kabelweg richting Methaanweg,-1,2022-10-29,472,20.43
Nieuwe Hemweg,52.404118,4.842763,Methaanweg richting Kabelweg,Kabelweg richting Methaanweg,1,2022-10-29,484,19.3
Nieuwe Hemweg,52.404118,4.842763,Methaanweg richting Kabelweg,Kabelweg richting Methaanweg,-1,2022-10-30,459,20.06
Nieuwe Hemweg,52.404118,4.842763,Methaanweg richting Kabelweg,Kabelweg richting Methaanweg,1,2022-10-30,598,19.01
Nieuwe Hemweg,52.404118,4.842763,Methaanweg richting Kabelweg,Kabelweg richting Methaanweg,-1,2022-10-31,540,22.73
Nieuwe Hemweg,52.404118,4.842763,Methaanweg richting Kabelweg,Kabelweg richting Methaanweg,1,2022-10-31,613,21.84
Nieuwe Hemweg,52.404118,4.842763,Methaanweg richting Kabelweg,Kabelweg richting Methaanweg,-1,2022-11-01,418,22.81
Nieuwe Hemweg,52.404118,4.842763,Methaanweg richting Kabelweg,Kabelweg richting Methaanweg,1,2022-11-01,451,22.09
Nieuwe Hemweg,52.404118,4.842763,Methaanweg richting Kabelweg,Kabelweg richting Methaanweg,-1,2022-11-02,460,22.85
Nieuwe Hemweg,52.404118,4.842763,Methaanweg richting Kabelweg,Kabelweg richting Methaanweg,1,2022-11-02,506,23.2
Nieuwe Hemweg,52.404118,4.842763,Methaanweg richting Kabelweg,Kabelweg richting Methaanweg,-1,2022-11-03,433,22.94
Nieuwe Hemweg,52.404118,4.842763,Methaanweg richting Kabelweg,Kabelweg richting Methaanweg,1,2022-11-03,460,22.64
Nieuwe Hemweg,52.404118,4.842763,Methaanweg richting Kabelweg,Kabelweg richting Methaanweg,-1,2022-11-04,382,21.75
Nieuwe Hemweg,52.404118,4.842763,Methaanweg richting Kabelweg,Kabelweg richting Methaanweg,1,2022-11-04,377,22.39
Nieuwe Hemweg,52.404118,4.842763,Methaanweg richting Kabelweg,Kabelweg richting Methaanweg,-1,2022-11-05,258,22.36
Nieuwe Hemweg,52.404118,4.842763,Methaanweg richting Kabelweg,Kabelweg richting Methaanweg,1,2022-11-05,280,20.79
Nieuwe Hemweg,52.404118,4.842763,Methaanweg richting Kabelweg,Kabelweg richting Methaanweg,-1,2022-11-06,135,21.83
Nieuwe Hemweg,52.404118,4.842763,Methaanweg richting Kabelweg,Kabelweg richting Methaanweg,1,2022-11-06,125,20.87
Nieuwe Hemweg,52.404118,4.842763,Methaanweg richting Kabelweg,Kabelweg richting Methaanweg,-1,2022-11-07,319,22.8
Nieuwe Hemweg,52.404118,4.842763,Methaanweg richting Kabelweg,Kabelweg richting Methaanweg,1,2022-11-07,354,22.12
Nieuwe Hemweg,52.404118,4.842763,Methaanweg richting Kabelweg,Kabelweg richting Methaanweg,-1,2022-11-08,488,22.95
Nieuwe Hemweg,52.404118,4.842763,Methaanweg richting Kabelweg,Kabelweg richting Methaanweg,1,2022-11-08,514,21.79
Nieuwe Hemweg,52.404118,4.842763,Methaanweg richting Kabelweg,Kabelweg richting Methaanweg,-1,2022-11-09,342,22.82
Nieuwe Hemweg,52.404118,4.842763,Methaanweg richting Kabelweg,Kabelweg richting Methaanweg,1,2022-11-09,377,22.54
Nieuwe Hemweg,52.404118,4.842763,Methaanweg richting Kabelweg,Kabelweg richting Methaanweg,-1,2022-11-10,506,23.05
Nieuwe Hemweg,52.404118,4.842763,Methaanweg richting Kabelweg,Kabelweg richting Methaanweg,1,2022-11-10,544,22.75
Nieuwe Hemweg,52.404118,4.842763,Methaanweg richting Kabelweg,Kabelweg richting Methaanweg,-1,2022-11-11,430,22.59
Nieuwe Hemweg,52.404118,4.842763,Methaanweg richting Kabelweg,Kabelweg richting Methaanweg,1,2022-11-11,452,21.67
Nieuwe Hemweg,52.404118,4.842763,Methaanweg richting Kabelweg,Kabelweg richting Methaanweg,-1,2022-11-12,403,20.6
Nieuwe Hemweg,52.404118,4.842763,Methaanweg richting Kabelweg,Kabelweg richting Methaanweg,1,2022-11-12,470,19.27
Nieuwe Hemweg,52.404118,4.842763,Methaanweg richting Kabelweg,Kabelweg richting Methaanweg,-1,2022-11-13,365,20.67
Nieuwe Hemweg,52.404118,4.842763,Methaanweg richting Kabelweg,Kabelweg richting Methaanweg,1,2022-11-13,467,18.22
Nieuwe Hemweg,52.404118,4.842763,Methaanweg richting Kabelweg,Kabelweg richting Methaanweg,-1,2022-11-14,463,23.73
Nieuwe Hemweg,52.404118,4.842763,Methaanweg richting Kabelweg,Kabelweg richting Methaanweg,1,2022-11-14,522,22.49
Nieuwe Hemweg,52.404118,4.842763,Methaanweg richting Kabelweg,Kabelweg richting Methaanweg,-1,2022-11-15,456,23.62
Nieuwe Hemweg,52.404118,4.842763,Methaanweg richting Kabelweg,Kabelweg richting Methaanweg,1,2022-11-15,515,22.25
Nieuwe Hemweg,52.404118,4.842763,Methaanweg richting Kabelweg,Kabelweg richting Methaanweg,-1,2022-11-16,464,23.97
Nieuwe Hemweg,52.404118,4.842763,Methaanweg richting Kabelweg,Kabelweg richting Methaanweg,1,2022-11-16,484,22.9
Nieuwe Hemweg,52.404118,4.842763,Methaanweg richting Kabelweg,Kabelweg richting Methaanweg,-1,2022-11-17,302,23.47
Nieuwe Hemweg,52.404118,4.842763,Methaanweg richting Kabelweg,Kabelweg richting Methaanweg,1,2022-11-17,348,22.59
Nieuwe Hemweg,52.404118,4.842763,Methaanweg richting Kabelweg,Kabelweg richting Methaanweg,-1,2022-11-18,347,23.15
Nieuwe Hemweg,52.404118,4.842763,Methaanweg richting Kabelweg,Kabelweg richting Methaanweg,1,2022-11-18,374,22.55
Nieuwe Hemweg,52.404118,4.842763,Methaanweg richting Kabelweg,Kabelweg richting Methaanweg,-1,2022-11-19,230,22.15
Nieuwe Hemweg,52.404118,4.842763,Methaanweg richting Kabelweg,Kabelweg richting Methaanweg,1,2022-11-19,244,20.94
Nieuwe Hemweg,52.404118,4.842763,Methaanweg richting Kabelweg,Kabelweg richting Methaanweg,-1,2022-11-20,109,21.14
Nieuwe Hemweg,52.404118,4.842763,Methaanweg richting Kabelweg,Kabelweg richting Methaanweg,1,2022-11-20,112,21.04
Nieuwe Hemweg,52.404118,4.842763,Methaanweg richting Kabelweg,Kabelweg richting Methaanweg,-1,2022-11-21,339,23.22
Nieuwe Hemweg,52.404118,4.842763,Methaanweg richting Kabelweg,Kabelweg richting Methaanweg,1,2022-11-21,363,22.82
Nieuwe Hemweg,52.404118,4.842763,Methaanweg richting Kabelweg,Kabelweg richting Methaanweg,-1,2022-11-22,378,23.83
Nieuwe Hemweg,52.404118,4.842763,Methaanweg richting Kabelweg,Kabelweg richting Methaanweg,1,2022-11-22,473,22.13
Nieuwe Hemweg,52.404118,4.842763,Methaanweg richting Kabelweg,Kabelweg richting Methaanweg,-1,2022-11-23,341,23.72
Nieuwe Hemweg,52.404118,4.842763,Methaanweg richting Kabelweg,Kabelweg richting Methaanweg,1,2022-11-23,399,23.0
Nieuwe Hemweg,52.404118,4.842763,Methaanweg richting Kabelweg,Kabelweg richting Methaanweg,-1,2022-11-24,440,22.7
Nieuwe Hemweg,52.404118,4.842763,Methaanweg richting Kabelweg,Kabelweg richting Methaanweg,1,2022-11-24,480,22.41
Nieuwe Hemweg,52.404118,4.842763,Methaanweg richting Kabelweg,Kabelweg richting Methaanweg,-1,2022-11-25,376,22.86
Nieuwe Hemweg,52.404118,4.842763,Methaanweg richting Kabelweg,Kabelweg richting Methaanweg,1,2022-11-25,455,23.04
Nieuwe Hemweg,52.404118,4.842763,Methaanweg richting Kabelweg,Kabelweg richting Methaanweg,-1,2022-11-26,277,21.43
Nieuwe Hemweg,52.404118,4.842763,Methaanweg richting Kabelweg,Kabelweg richting Methaanweg,1,2022-11-26,288,20.49
Nieuwe Hemweg,52.404118,4.842763,Methaanweg richting Kabelweg,Kabelweg richting Methaanweg,-1,2022-11-27,128,21.05
Nieuwe Hemweg,52.404118,4.842763,Methaanweg richting Kabelweg,Kabelweg richting Methaanweg,1,2022-11-27,147,19.99
Nieuwe Hemweg,52.404118,4.842763,Methaanweg richting Kabelweg,Kabelweg richting Methaanweg,-1,2022-11-28,310,23.52
Nieuwe Hemweg,52.404118,4.842763,Methaanweg richting Kabelweg,Kabelweg richting Methaanweg,1,2022-11-28,366,23.01
Nieuwe Hemweg,52.404118,4.842763,Methaanweg richting Kabelweg,Kabelweg richting Methaanweg,-1,2022-11-29,420,22.28
Nieuwe Hemweg,52.404118,4.842763,Methaanweg richting Kabelweg,Kabelweg richting Methaanweg,1,2022-11-29,478,22.96
Nieuwe Hemweg,52.404118,4.842763,Methaanweg richting Kabelweg,Kabelweg richting Methaanweg,-1,2022-11-30,398,22.67
Nieuwe Hemweg,52.404118,4.842763,Methaanweg richting Kabelweg,Kabelweg richting Methaanweg,1,2022-11-30,458,23.12
Nieuwe Hemweg,52.404118,4.842763,Methaanweg richting Kabelweg,Kabelweg richting Methaanweg,-1,2022-12-01,430,22.42
Nieuwe Hemweg,52.404118,4.842763,Methaanweg richting Kabelweg,Kabelweg richting Methaanweg,1,2022-12-01,469,22.85
Nieuwe Hemweg,52.404118,4.842763,Methaanweg richting Kabelweg,Kabelweg richting Methaanweg,-1,2022-12-02,326,22.1
Nieuwe Hemweg,52.404118,4.842763,Methaanweg richting Kabelweg,Kabelweg richting Methaanweg,1,2022-12-02,392,21.98
Nieuwe Hemweg,52.404118,4.842763,Methaanweg richting Kabelweg,Kabelweg richting Methaanweg,-1,2022-12-03,184,22.4
Nieuwe Hemweg,52.404118,4.842763,Methaanweg richting Kabelweg,Kabelweg richting Methaanweg,1,2022-12-03,188,21.45
Nieuwe Hemweg,52.404118,4.842763,Methaanweg richting Kabelweg,Kabelweg richting Methaanweg,-1,2022-12-04,138,20.12
Nieuwe Hemweg,52.404118,4.842763,Methaanweg richting Kabelweg,Kabelweg richting Methaanweg,1,2022-12-04,141,20.35
Nieuwe Hemweg,52.404118,4.842763,Methaanweg richting Kabelweg,Kabelweg richting Methaanweg,-1,2022-12-05,341,22.47
Nieuwe Hemweg,52.404118,4.842763,Methaanweg richting Kabelweg,Kabelweg richting Methaanweg,1,2022-12-05,356,22.71
Nieuwe Hemweg,52.404118,4.842763,Methaanweg richting Kabelweg,Kabelweg richting Methaanweg,-1,2022-12-06,377,23.3
Nieuwe Hemweg,52.404118,4.842763,Methaanweg richting Kabelweg,Kabelweg richting Methaanweg,1,2022-12-06,426,22.5
Nieuwe Hemweg,52.404118,4.842763,Methaanweg richting Kabelweg,Kabelweg richting Methaanweg,-1,2022-12-07,332,22.12
Nieuwe Hemweg,52.404118,4.842763,Methaanweg richting Kabelweg,Kabelweg richting Methaanweg,1,2022-12-07,340,23.49
Nieuwe Hemweg,52.404118,4.842763,Methaanweg richting Kabelweg,Kabelweg richting Methaanweg,-1,2022-12-08,354,22.99
Nieuwe Hemweg,52.404118,4.842763,Methaanweg richting Kabelweg,Kabelweg richting Methaanweg,1,2022-12-08,384,23.26
Nieuwe Hemweg,52.404118,4.842763,Methaanweg richting Kabelweg,Kabelweg richting Methaanweg,-1,2022-12-09,288,23.01
Nieuwe Hemweg,52.404118,4.842763,Methaanweg richting Kabelweg,Kabelweg richting Methaanweg,1,2022-12-09,331,22.79
Nieuwe Hemweg,52.404118,4.842763,Methaanweg richting Kabelweg,Kabelweg richting Methaanweg,-1,2022-12-10,133,21.16
Nieuwe Hemweg,52.404118,4.842763,Methaanweg richting Kabelweg,Kabelweg richting Methaanweg,1,2022-12-10,174,21.26
Nieuwe Hemweg,52.404118,4.842763,Methaanweg richting Kabelweg,Kabelweg richting Methaanweg,-1,2022-12-11,122,19.61
Nieuwe Hemweg,52.404118,4.842763,Methaanweg richting Kabelweg,Kabelweg richting Methaanweg,1,2022-12-11,126,18.56
Nieuwe Hemweg,52.404118,4.842763,Methaanweg richting Kabelweg,Kabelweg richting Methaanweg,-1,2022-12-12,386,22.87
Nieuwe Hemweg,52.404118,4.842763,Methaanweg richting Kabelweg,Kabelweg richting Methaanweg,1,2022-12-12,372,23.03
Nieuwe Hemweg,52.404118,4.842763,Methaanweg richting Kabelweg,Kabelweg richting Methaanweg,-1,2022-12-13,358,22.78
Nieuwe Hemweg,52.404118,4.842763,Methaanweg richting Kabelweg,Kabelweg richting Methaanweg,1,2022-12-13,376,22.56
Nieuwe Hemweg,52.404118,4.842763,Methaanweg richting Kabelweg,Kabelweg richting Methaanweg,-1,2022-12-14,305,22.6
Nieuwe Hemweg,52.404118,4.842763,Methaanweg richting Kabelweg,Kabelweg richting Methaanweg,1,2022-12-14,329,22.31
Nieuwe Hemweg,52.404118,4.842763,Methaanweg richting Kabelweg,Kabelweg richting Methaanweg,-1,2022-12-15,288,21.95
Nieuwe Hemweg,52.404118,4.842763,Methaanweg richting Kabelweg,Kabelweg richting Methaanweg,1,2022-12-15,299,22.18
Nieuwe Hemweg,52.404118,4.842763,Methaanweg richting Kabelweg,Kabelweg richting Methaanweg,-1,2022-12-16,247,20.51
Nieuwe Hemweg,52.404118,4.842763,Methaanweg richting Kabelweg,Kabelweg richting Methaanweg,1,2022-12-16,252,21.97
Nieuwe Hemweg,52.404118,4.842763,Methaanweg richting Kabelweg,Kabelweg richting Methaanweg,-1,2022-12-17,189,20.56
Nieuwe Hemweg,52.404118,4.842763,Methaanweg richting Kabelweg,Kabelweg richting Methaanweg,1,2022-12-17,151,19.1
Nieuwe Hemweg,52.404118,4.842763,Methaanweg richting Kabelweg,Kabelweg richting Methaanweg,-1,2022-12-18,134,22.16
Nieuwe Hemweg,52.404118,4.842763,Methaanweg richting Kabelweg,Kabelweg richting Methaanweg,1,2022-12-18,156,23.33
Nieuwe Hemweg,52.404118,4.842763,Methaanweg richting Kabelweg,Kabelweg richting Methaanweg,-1,2022-12-19,230,23.2
Nieuwe Hemweg,52.404118,4.842763,Methaanweg richting Kabelweg,Kabelweg richting Methaanweg,1,2022-12-19,244,22.86
Nieuwe Hemweg,52.404118,4.842763,Methaanweg richting Kabelweg,Kabelweg richting Methaanweg,-1,2022-12-20,265,22.46
Nieuwe Hemweg,52.404118,4.842763,Methaanweg richting Kabelweg,Kabelweg richting Methaanweg,1,2022-12-20,309,23.02
Nieuwe Hemweg,52.404118,4.842763,Methaanweg richting Kabelweg,Kabelweg richting Methaanweg,-1,2022-12-21,318,23.06
Nieuwe Hemweg,52.404118,4.842763,Methaanweg richting Kabelweg,Kabelweg richting Methaanweg,1,2022-12-21,346,22.48
Nieuwe Hemweg,52.404118,4.842763,Methaanweg richting Kabelweg,Kabelweg richting Methaanweg,-1,2022-12-22,307,23.07
Nieuwe Hemweg,52.404118,4.842763,Methaanweg richting Kabelweg,Kabelweg richting Methaanweg,1,2022-12-22,298,22.34
Nieuwe Hemweg,52.404118,4.842763,Methaanweg richting Kabelweg,Kabelweg richting Methaanweg,-1,2022-12-23,196,23.49
Nieuwe Hemweg,52.404118,4.842763,Methaanweg richting Kabelweg,Kabelweg richting Methaanweg,1,2022-12-23,213,24.44
Nieuwe Hemweg,52.404118,4.842763,Methaanweg richting Kabelweg,Kabelweg richting Methaanweg,-1,2022-12-24,127,20.76
Nieuwe Hemweg,52.404118,4.842763,Methaanweg richting Kabelweg,Kabelweg richting Methaanweg,1,2022-12-24,143,21.69
Nieuwe Hemweg,52.404118,4.842763,Methaanweg richting Kabelweg,Kabelweg richting Methaanweg,-1,2022-12-25,80,19.24
Nieuwe Hemweg,52.404118,4.842763,Methaanweg richting Kabelweg,Kabelweg richting Methaanweg,1,2022-12-25,67,19.43
Nieuwe Hemweg,52.404118,4.842763,Methaanweg richting Kabelweg,Kabelweg richting Methaanweg,-1,2022-12-26,106,21.4
Nieuwe Hemweg,52.404118,4.842763,Methaanweg richting Kabelweg,Kabelweg richting Methaanweg,1,2022-12-26,134,21.85
Nieuwe Hemweg,52.404118,4.842763,Methaanweg richting Kabelweg,Kabelweg richting Methaanweg,-1,2022-12-27,250,21.95
Nieuwe Hemweg,52.404118,4.842763,Methaanweg richting Kabelweg,Kabelweg richting Methaanweg,1,2022-12-27,244,22.04
Nieuwe Hemweg,52.404118,4.842763,Methaanweg richting Kabelweg,Kabelweg richting Methaanweg,-1,2022-12-28,149,21.91
Nieuwe Hemweg,52.404118,4.842763,Methaanweg richting Kabelweg,Kabelweg richting Methaanweg,1,2022-12-28,195,22.03
Nieuwe Hemweg,52.404118,4.842763,Methaanweg richting Kabelweg,Kabelweg richting Methaanweg,-1,2022-12-29,193,21.7
Nieuwe Hemweg,52.404118,4.842763,Methaanweg richting Kabelweg,Kabelweg richting Methaanweg,1,2022-12-29,208,21.74
Nieuwe Hemweg,52.404118,4.842763,Methaanweg richting Kabelweg,Kabelweg richting Methaanweg,-1,2022-12-30,151,22.09
Nieuwe Hemweg,52.404118,4.842763,Methaanweg richting Kabelweg,Kabelweg richting Methaanweg,1,2022-12-30,171,21.8
Nieuwe Hemweg,52.404118,4.842763,Methaanweg richting Kabelweg,Kabelweg richting Methaanweg,-1,2022-12-31,98,21.62
Nieuwe Hemweg,52.404118,4.842763,Methaanweg richting Kabelweg,Kabelweg richting Methaanweg,1,2022-12-31,86,21.53
