location,latitude,longitude,plusdirection,mindirection,direction,datetime,count,speed_mean
Papaverweg,52.39592057,4.907727031,Struisgrasstraat richting Fonteinkruidstraat,Fonteinkruidstraat richting Struisgrasstraat ,-1,2022-01-01,287,15.48
Papaverweg,52.39592057,4.907727031,Struisgrasstraat richting Fonteinkruidstraat,Fonteinkruidstraat richting Struisgrasstraat ,1,2022-01-01,260,18.1
Papaverweg,52.39592057,4.907727031,Struisgrasstraat richting Fonteinkruidstraat,Fonteinkruidstraat richting Struisgrasstraat ,-1,2022-01-02,203,15.98
Papaverweg,52.39592057,4.907727031,Struisgrasstraat richting Fonteinkruidstraat,Fonteinkruidstraat richting Struisgrasstraat ,1,2022-01-02,249,17.07
Papaverweg,52.39592057,4.907727031,Struisgrasstraat richting Fonteinkruidstraat,Fonteinkruidstraat richting Struisgrasstraat ,-1,2022-01-03,266,16.62
Papaverweg,52.39592057,4.907727031,Struisgrasstraat richting Fonteinkruidstraat,Fonteinkruidstraat richting Struisgrasstraat ,1,2022-01-03,356,17.25
Papaverweg,52.39592057,4.907727031,Struisgrasstraat richting Fonteinkruidstraat,Fonteinkruidstraat richting Struisgrasstraat ,-1,2022-01-04,286,17.0
Papaverweg,52.39592057,4.907727031,Struisgrasstraat richting Fonteinkruidstraat,Fonteinkruidstraat richting Struisgrasstraat ,1,2022-01-04,379,17.17
Papaverweg,52.39592057,4.907727031,Struisgrasstraat richting Fonteinkruidstraat,Fonteinkruidstraat richting Struisgrasstraat ,-1,2022-01-05,273,17.18
Papaverweg,52.39592057,4.907727031,Struisgrasstraat richting Fonteinkruidstraat,Fonteinkruidstraat richting Struisgrasstraat ,1,2022-01-05,363,15.88
Papaverweg,52.39592057,4.907727031,Struisgrasstraat richting Fonteinkruidstraat,Fonteinkruidstraat richting Struisgrasstraat ,-1,2022-01-06,298,15.95
Papaverweg,52.39592057,4.907727031,Struisgrasstraat richting Fonteinkruidstraat,Fonteinkruidstraat richting Struisgrasstraat ,1,2022-01-06,472,18.09
Papaverweg,52.39592057,4.907727031,Struisgrasstraat richting Fonteinkruidstraat,Fonteinkruidstraat richting Struisgrasstraat ,-1,2022-01-07,312,16.72
Papaverweg,52.39592057,4.907727031,Struisgrasstraat richting Fonteinkruidstraat,Fonteinkruidstraat richting Struisgrasstraat ,1,2022-01-07,361,17.72
Papaverweg,52.39592057,4.907727031,Struisgrasstraat richting Fonteinkruidstraat,Fonteinkruidstraat richting Struisgrasstraat ,-1,2022-01-08,233,15.48
Papaverweg,52.39592057,4.907727031,Struisgrasstraat richting Fonteinkruidstraat,Fonteinkruidstraat richting Struisgrasstraat ,1,2022-01-08,326,18.35
Papaverweg,52.39592057,4.907727031,Struisgrasstraat richting Fonteinkruidstraat,Fonteinkruidstraat richting Struisgrasstraat ,-1,2022-01-09,235,15.94
Papaverweg,52.39592057,4.907727031,Struisgrasstraat richting Fonteinkruidstraat,Fonteinkruidstraat richting Struisgrasstraat ,1,2022-01-09,263,16.96
Papaverweg,52.39592057,4.907727031,Struisgrasstraat richting Fonteinkruidstraat,Fonteinkruidstraat richting Struisgrasstraat ,-1,2022-01-10,384,15.84
Papaverweg,52.39592057,4.907727031,Struisgrasstraat richting Fonteinkruidstraat,Fonteinkruidstraat richting Struisgrasstraat ,1,2022-01-10,519,18.08
Papaverweg,52.39592057,4.907727031,Struisgrasstraat richting Fonteinkruidstraat,Fonteinkruidstraat richting Struisgrasstraat ,-1,2022-01-11,359,15.84
Papaverweg,52.39592057,4.907727031,Struisgrasstraat richting Fonteinkruidstraat,Fonteinkruidstraat richting Struisgrasstraat ,1,2022-01-11,535,18.03
Papaverweg,52.39592057,4.907727031,Struisgrasstraat richting Fonteinkruidstraat,Fonteinkruidstraat richting Struisgrasstraat ,-1,2022-01-12,346,16.57
Papaverweg,52.39592057,4.907727031,Struisgrasstraat richting Fonteinkruidstraat,Fonteinkruidstraat richting Struisgrasstraat ,1,2022-01-12,600,17.49
Papaverweg,52.39592057,4.907727031,Struisgrasstraat richting Fonteinkruidstraat,Fonteinkruidstraat richting Struisgrasstraat ,-1,2022-01-13,341,16.69
Papaverweg,52.39592057,4.907727031,Struisgrasstraat richting Fonteinkruidstraat,Fonteinkruidstraat richting Struisgrasstraat ,1,2022-01-13,516,17.44
Papaverweg,52.39592057,4.907727031,Struisgrasstraat richting Fonteinkruidstraat,Fonteinkruidstraat richting Struisgrasstraat ,-1,2022-01-14,374,16.85
Papaverweg,52.39592057,4.907727031,Struisgrasstraat richting Fonteinkruidstraat,Fonteinkruidstraat richting Struisgrasstraat ,1,2022-01-14,606,17.43
Papaverweg,52.39592057,4.907727031,Struisgrasstraat richting Fonteinkruidstraat,Fonteinkruidstraat richting Struisgrasstraat ,-1,2022-01-15,396,15.82
Papaverweg,52.39592057,4.907727031,Struisgrasstraat richting Fonteinkruidstraat,Fonteinkruidstraat richting Struisgrasstraat ,1,2022-01-15,569,18.44
Papaverweg,52.39592057,4.907727031,Struisgrasstraat richting Fonteinkruidstraat,Fonteinkruidstraat richting Struisgrasstraat ,-1,2022-01-16,299,16.1
Papaverweg,52.39592057,4.907727031,Struisgrasstraat richting Fonteinkruidstraat,Fonteinkruidstraat richting Struisgrasstraat ,1,2022-01-16,366,16.4
Papaverweg,52.39592057,4.907727031,Struisgrasstraat richting Fonteinkruidstraat,Fonteinkruidstraat richting Struisgrasstraat ,-1,2022-01-17,345,16.82
Papaverweg,52.39592057,4.907727031,Struisgrasstraat richting Fonteinkruidstraat,Fonteinkruidstraat richting Struisgrasstraat ,1,2022-01-17,579,16.12
Papaverweg,52.39592057,4.907727031,Struisgrasstraat richting Fonteinkruidstraat,Fonteinkruidstraat richting Struisgrasstraat ,-1,2022-01-18,615,15.54
Papaverweg,52.39592057,4.907727031,Struisgrasstraat richting Fonteinkruidstraat,Fonteinkruidstraat richting Struisgrasstraat ,1,2022-01-18,863,18.21
Papaverweg,52.39592057,4.907727031,Struisgrasstraat richting Fonteinkruidstraat,Fonteinkruidstraat richting Struisgrasstraat ,-1,2022-01-19,422,16.76
Papaverweg,52.39592057,4.907727031,Struisgrasstraat richting Fonteinkruidstraat,Fonteinkruidstraat richting Struisgrasstraat ,1,2022-01-19,581,16.74
Papaverweg,52.39592057,4.907727031,Struisgrasstraat richting Fonteinkruidstraat,Fonteinkruidstraat richting Struisgrasstraat ,-1,2022-01-20,379,17.22
Papaverweg,52.39592057,4.907727031,Struisgrasstraat richting Fonteinkruidstraat,Fonteinkruidstraat richting Struisgrasstraat ,1,2022-01-20,564,16.25
Papaverweg,52.39592057,4.907727031,Struisgrasstraat richting Fonteinkruidstraat,Fonteinkruidstraat richting Struisgrasstraat ,-1,2022-01-21,339,17.49
Papaverweg,52.39592057,4.907727031,Struisgrasstraat richting Fonteinkruidstraat,Fonteinkruidstraat richting Struisgrasstraat ,1,2022-01-21,600,16.51
Papaverweg,52.39592057,4.907727031,Struisgrasstraat richting Fonteinkruidstraat,Fonteinkruidstraat richting Struisgrasstraat ,-1,2022-01-22,423,16.77
Papaverweg,52.39592057,4.907727031,Struisgrasstraat richting Fonteinkruidstraat,Fonteinkruidstraat richting Struisgrasstraat ,1,2022-01-22,593,16.95
Papaverweg,52.39592057,4.907727031,Struisgrasstraat richting Fonteinkruidstraat,Fonteinkruidstraat richting Struisgrasstraat ,-1,2022-01-23,255,15.67
Papaverweg,52.39592057,4.907727031,Struisgrasstraat richting Fonteinkruidstraat,Fonteinkruidstraat richting Struisgrasstraat ,1,2022-01-23,408,17.55
Papaverweg,52.39592057,4.907727031,Struisgrasstraat richting Fonteinkruidstraat,Fonteinkruidstraat richting Struisgrasstraat ,-1,2022-01-24,281,16.04
Papaverweg,52.39592057,4.907727031,Struisgrasstraat richting Fonteinkruidstraat,Fonteinkruidstraat richting Struisgrasstraat ,1,2022-01-24,529,18.22
Papaverweg,52.39592057,4.907727031,Struisgrasstraat richting Fonteinkruidstraat,Fonteinkruidstraat richting Struisgrasstraat ,-1,2022-01-25,418,16.36
Papaverweg,52.39592057,4.907727031,Struisgrasstraat richting Fonteinkruidstraat,Fonteinkruidstraat richting Struisgrasstraat ,1,2022-01-25,565,18.55
Papaverweg,52.39592057,4.907727031,Struisgrasstraat richting Fonteinkruidstraat,Fonteinkruidstraat richting Struisgrasstraat ,-1,2022-01-26,407,16.36
Papaverweg,52.39592057,4.907727031,Struisgrasstraat richting Fonteinkruidstraat,Fonteinkruidstraat richting Struisgrasstraat ,1,2022-01-26,662,17.45
Papaverweg,52.39592057,4.907727031,Struisgrasstraat richting Fonteinkruidstraat,Fonteinkruidstraat richting Struisgrasstraat ,-1,2022-01-27,418,16.54
Papaverweg,52.39592057,4.907727031,Struisgrasstraat richting Fonteinkruidstraat,Fonteinkruidstraat richting Struisgrasstraat ,1,2022-01-27,557,16.2
Papaverweg,52.39592057,4.907727031,Struisgrasstraat richting Fonteinkruidstraat,Fonteinkruidstraat richting Struisgrasstraat ,-1,2022-01-28,535,16.8
Papaverweg,52.39592057,4.907727031,Struisgrasstraat richting Fonteinkruidstraat,Fonteinkruidstraat richting Struisgrasstraat ,1,2022-01-28,735,17.46
Papaverweg,52.39592057,4.907727031,Struisgrasstraat richting Fonteinkruidstraat,Fonteinkruidstraat richting Struisgrasstraat ,-1,2022-01-29,508,16.76
Papaverweg,52.39592057,4.907727031,Struisgrasstraat richting Fonteinkruidstraat,Fonteinkruidstraat richting Struisgrasstraat ,1,2022-01-29,676,15.42
Papaverweg,52.39592057,4.907727031,Struisgrasstraat richting Fonteinkruidstraat,Fonteinkruidstraat richting Struisgrasstraat ,-1,2022-01-30,370,16.49
Papaverweg,52.39592057,4.907727031,Struisgrasstraat richting Fonteinkruidstraat,Fonteinkruidstraat richting Struisgrasstraat ,1,2022-01-30,527,16.55
Papaverweg,52.39592057,4.907727031,Struisgrasstraat richting Fonteinkruidstraat,Fonteinkruidstraat richting Struisgrasstraat ,-1,2022-01-31,138,17.51
Papaverweg,52.39592057,4.907727031,Struisgrasstraat richting Fonteinkruidstraat,Fonteinkruidstraat richting Struisgrasstraat ,1,2022-01-31,306,14.8
Papaverweg,52.39592057,4.907727031,Struisgrasstraat richting Fonteinkruidstraat,Fonteinkruidstraat richting Struisgrasstraat ,-1,2022-02-01,372,17.47
Papaverweg,52.39592057,4.907727031,Struisgrasstraat richting Fonteinkruidstraat,Fonteinkruidstraat richting Struisgrasstraat ,1,2022-02-01,509,15.86
Papaverweg,52.39592057,4.907727031,Struisgrasstraat richting Fonteinkruidstraat,Fonteinkruidstraat richting Struisgrasstraat ,-1,2022-02-02,465,16.23
Papaverweg,52.39592057,4.907727031,Struisgrasstraat richting Fonteinkruidstraat,Fonteinkruidstraat richting Struisgrasstraat ,1,2022-02-02,676,17.17
Papaverweg,52.39592057,4.907727031,Struisgrasstraat richting Fonteinkruidstraat,Fonteinkruidstraat richting Struisgrasstraat ,-1,2022-02-03,408,16.5
Papaverweg,52.39592057,4.907727031,Struisgrasstraat richting Fonteinkruidstraat,Fonteinkruidstraat richting Struisgrasstraat ,1,2022-02-03,571,17.58
Papaverweg,52.39592057,4.907727031,Struisgrasstraat richting Fonteinkruidstraat,Fonteinkruidstraat richting Struisgrasstraat ,-1,2022-02-04,432,16.63
Papaverweg,52.39592057,4.907727031,Struisgrasstraat richting Fonteinkruidstraat,Fonteinkruidstraat richting Struisgrasstraat ,1,2022-02-04,632,17.16
Papaverweg,52.39592057,4.907727031,Struisgrasstraat richting Fonteinkruidstraat,Fonteinkruidstraat richting Struisgrasstraat ,-1,2022-02-05,610,16.28
Papaverweg,52.39592057,4.907727031,Struisgrasstraat richting Fonteinkruidstraat,Fonteinkruidstraat richting Struisgrasstraat ,1,2022-02-05,701,16.46
Papaverweg,52.39592057,4.907727031,Struisgrasstraat richting Fonteinkruidstraat,Fonteinkruidstraat richting Struisgrasstraat ,-1,2022-02-06,208,16.56
Papaverweg,52.39592057,4.907727031,Struisgrasstraat richting Fonteinkruidstraat,Fonteinkruidstraat richting Struisgrasstraat ,1,2022-02-06,283,16.06
Papaverweg,52.39592057,4.907727031,Struisgrasstraat richting Fonteinkruidstraat,Fonteinkruidstraat richting Struisgrasstraat ,-1,2022-02-07,393,16.9
Papaverweg,52.39592057,4.907727031,Struisgrasstraat richting Fonteinkruidstraat,Fonteinkruidstraat richting Struisgrasstraat ,1,2022-02-07,582,16.8
Papaverweg,52.39592057,4.907727031,Struisgrasstraat richting Fonteinkruidstraat,Fonteinkruidstraat richting Struisgrasstraat ,-1,2022-02-08,509,16.18
Papaverweg,52.39592057,4.907727031,Struisgrasstraat richting Fonteinkruidstraat,Fonteinkruidstraat richting Struisgrasstraat ,1,2022-02-08,658,16.73
Papaverweg,52.39592057,4.907727031,Struisgrasstraat richting Fonteinkruidstraat,Fonteinkruidstraat richting Struisgrasstraat ,-1,2022-02-09,404,15.84
Papaverweg,52.39592057,4.907727031,Struisgrasstraat richting Fonteinkruidstraat,Fonteinkruidstraat richting Struisgrasstraat ,1,2022-02-09,442,16.08
Papaverweg,52.39592057,4.907727031,Struisgrasstraat richting Fonteinkruidstraat,Fonteinkruidstraat richting Struisgrasstraat ,-1,2022-02-10,720,16.56
Papaverweg,52.39592057,4.907727031,Struisgrasstraat richting Fonteinkruidstraat,Fonteinkruidstraat richting Struisgrasstraat ,1,2022-02-10,658,15.94
Papaverweg,52.39592057,4.907727031,Struisgrasstraat richting Fonteinkruidstraat,Fonteinkruidstraat richting Struisgrasstraat ,-1,2022-02-11,831,16.9
Papaverweg,52.39592057,4.907727031,Struisgrasstraat richting Fonteinkruidstraat,Fonteinkruidstraat richting Struisgrasstraat ,1,2022-02-11,737,15.59
Papaverweg,52.39592057,4.907727031,Struisgrasstraat richting Fonteinkruidstraat,Fonteinkruidstraat richting Struisgrasstraat ,-1,2022-02-12,751,15.54
Papaverweg,52.39592057,4.907727031,Struisgrasstraat richting Fonteinkruidstraat,Fonteinkruidstraat richting Struisgrasstraat ,1,2022-02-12,660,17.37
Papaverweg,52.39592057,4.907727031,Struisgrasstraat richting Fonteinkruidstraat,Fonteinkruidstraat richting Struisgrasstraat ,-1,2022-02-13,511,15.62
Papaverweg,52.39592057,4.907727031,Struisgrasstraat richting Fonteinkruidstraat,Fonteinkruidstraat richting Struisgrasstraat ,1,2022-02-13,510,17.73
Papaverweg,52.39592057,4.907727031,Struisgrasstraat richting Fonteinkruidstraat,Fonteinkruidstraat richting Struisgrasstraat ,-1,2022-02-14,603,15.99
Papaverweg,52.39592057,4.907727031,Struisgrasstraat richting Fonteinkruidstraat,Fonteinkruidstraat richting Struisgrasstraat ,1,2022-02-14,627,16.64
Papaverweg,52.39592057,4.907727031,Struisgrasstraat richting Fonteinkruidstraat,Fonteinkruidstraat richting Struisgrasstraat ,-1,2022-02-15,581,15.73
Papaverweg,52.39592057,4.907727031,Struisgrasstraat richting Fonteinkruidstraat,Fonteinkruidstraat richting Struisgrasstraat ,1,2022-02-15,549,16.27
Papaverweg,52.39592057,4.907727031,Struisgrasstraat richting Fonteinkruidstraat,Fonteinkruidstraat richting Struisgrasstraat ,-1,2022-02-16,535,16.89
Papaverweg,52.39592057,4.907727031,Struisgrasstraat richting Fonteinkruidstraat,Fonteinkruidstraat richting Struisgrasstraat ,1,2022-02-16,551,15.7
Papaverweg,52.39592057,4.907727031,Struisgrasstraat richting Fonteinkruidstraat,Fonteinkruidstraat richting Struisgrasstraat ,-1,2022-02-17,598,16.85
Papaverweg,52.39592057,4.907727031,Struisgrasstraat richting Fonteinkruidstraat,Fonteinkruidstraat richting Struisgrasstraat ,1,2022-02-17,605,15.17
Papaverweg,52.39592057,4.907727031,Struisgrasstraat richting Fonteinkruidstraat,Fonteinkruidstraat richting Struisgrasstraat ,-1,2022-02-18,281,16.84
Papaverweg,52.39592057,4.907727031,Struisgrasstraat richting Fonteinkruidstraat,Fonteinkruidstraat richting Struisgrasstraat ,1,2022-02-18,299,16.77
Papaverweg,52.39592057,4.907727031,Struisgrasstraat richting Fonteinkruidstraat,Fonteinkruidstraat richting Struisgrasstraat ,-1,2022-02-19,527,16.32
Papaverweg,52.39592057,4.907727031,Struisgrasstraat richting Fonteinkruidstraat,Fonteinkruidstraat richting Struisgrasstraat ,1,2022-02-19,474,15.62
Papaverweg,52.39592057,4.907727031,Struisgrasstraat richting Fonteinkruidstraat,Fonteinkruidstraat richting Struisgrasstraat ,-1,2022-02-20,232,16.53
Papaverweg,52.39592057,4.907727031,Struisgrasstraat richting Fonteinkruidstraat,Fonteinkruidstraat richting Struisgrasstraat ,1,2022-02-20,260,14.98
Papaverweg,52.39592057,4.907727031,Struisgrasstraat richting Fonteinkruidstraat,Fonteinkruidstraat richting Struisgrasstraat ,-1,2022-02-21,287,18.58
Papaverweg,52.39592057,4.907727031,Struisgrasstraat richting Fonteinkruidstraat,Fonteinkruidstraat richting Struisgrasstraat ,1,2022-02-21,311,15.49
Papaverweg,52.39592057,4.907727031,Struisgrasstraat richting Fonteinkruidstraat,Fonteinkruidstraat richting Struisgrasstraat ,-1,2022-02-22,458,17.15
Papaverweg,52.39592057,4.907727031,Struisgrasstraat richting Fonteinkruidstraat,Fonteinkruidstraat richting Struisgrasstraat ,1,2022-02-22,480,16.57
Papaverweg,52.39592057,4.907727031,Struisgrasstraat richting Fonteinkruidstraat,Fonteinkruidstraat richting Struisgrasstraat ,-1,2022-02-23,708,16.47
Papaverweg,52.39592057,4.907727031,Struisgrasstraat richting Fonteinkruidstraat,Fonteinkruidstraat richting Struisgrasstraat ,1,2022-02-23,729,16.71
Papaverweg,52.39592057,4.907727031,Struisgrasstraat richting Fonteinkruidstraat,Fonteinkruidstraat richting Struisgrasstraat ,-1,2022-02-24,488,16.88
Papaverweg,52.39592057,4.907727031,Struisgrasstraat richting Fonteinkruidstraat,Fonteinkruidstraat richting Struisgrasstraat ,1,2022-02-24,503,16.73
Papaverweg,52.39592057,4.907727031,Struisgrasstraat richting Fonteinkruidstraat,Fonteinkruidstraat richting Struisgrasstraat ,-1,2022-02-25,699,17.6
Papaverweg,52.39592057,4.907727031,Struisgrasstraat richting Fonteinkruidstraat,Fonteinkruidstraat richting Struisgrasstraat ,1,2022-02-25,665,15.43
Papaverweg,52.39592057,4.907727031,Struisgrasstraat richting Fonteinkruidstraat,Fonteinkruidstraat richting Struisgrasstraat ,-1,2022-02-26,941,15.35
Papaverweg,52.39592057,4.907727031,Struisgrasstraat richting Fonteinkruidstraat,Fonteinkruidstraat richting Struisgrasstraat ,1,2022-02-26,715,16.9
Papaverweg,52.39592057,4.907727031,Struisgrasstraat richting Fonteinkruidstraat,Fonteinkruidstraat richting Struisgrasstraat ,-1,2022-02-27,686,15.09
Papaverweg,52.39592057,4.907727031,Struisgrasstraat richting Fonteinkruidstraat,Fonteinkruidstraat richting Struisgrasstraat ,1,2022-02-27,632,17.1
Papaverweg,52.39592057,4.907727031,Struisgrasstraat richting Fonteinkruidstraat,Fonteinkruidstraat richting Struisgrasstraat ,-1,2022-02-28,651,15.8
Papaverweg,52.39592057,4.907727031,Struisgrasstraat richting Fonteinkruidstraat,Fonteinkruidstraat richting Struisgrasstraat ,1,2022-02-28,658,17.63
Papaverweg,52.39592057,4.907727031,Struisgrasstraat richting Fonteinkruidstraat,Fonteinkruidstraat richting Struisgrasstraat ,-1,2022-03-01,602,16.67
Papaverweg,52.39592057,4.907727031,Struisgrasstraat richting Fonteinkruidstraat,Fonteinkruidstraat richting Struisgrasstraat ,1,2022-03-01,605,16.72
Papaverweg,52.39592057,4.907727031,Struisgrasstraat richting Fonteinkruidstraat,Fonteinkruidstraat richting Struisgrasstraat ,-1,2022-03-02,772,16.2
Papaverweg,52.39592057,4.907727031,Struisgrasstraat richting Fonteinkruidstraat,Fonteinkruidstraat richting Struisgrasstraat ,1,2022-03-02,784,17.04
Papaverweg,52.39592057,4.907727031,Struisgrasstraat richting Fonteinkruidstraat,Fonteinkruidstraat richting Struisgrasstraat ,-1,2022-03-03,809,16.2
Papaverweg,52.39592057,4.907727031,Struisgrasstraat richting Fonteinkruidstraat,Fonteinkruidstraat richting Struisgrasstraat ,1,2022-03-03,846,17.5
Papaverweg,52.39592057,4.907727031,Struisgrasstraat richting Fonteinkruidstraat,Fonteinkruidstraat richting Struisgrasstraat ,-1,2022-03-04,908,15.56
Papaverweg,52.39592057,4.907727031,Struisgrasstraat richting Fonteinkruidstraat,Fonteinkruidstraat richting Struisgrasstraat ,1,2022-03-04,836,17.18
Papaverweg,52.39592057,4.907727031,Struisgrasstraat richting Fonteinkruidstraat,Fonteinkruidstraat richting Struisgrasstraat ,-1,2022-03-05,980,15.57
Papaverweg,52.39592057,4.907727031,Struisgrasstraat richting Fonteinkruidstraat,Fonteinkruidstraat richting Struisgrasstraat ,1,2022-03-05,887,15.81
Papaverweg,52.39592057,4.907727031,Struisgrasstraat richting Fonteinkruidstraat,Fonteinkruidstraat richting Struisgrasstraat ,-1,2022-03-06,596,15.6
Papaverweg,52.39592057,4.907727031,Struisgrasstraat richting Fonteinkruidstraat,Fonteinkruidstraat richting Struisgrasstraat ,1,2022-03-06,511,15.87
Papaverweg,52.39592057,4.907727031,Struisgrasstraat richting Fonteinkruidstraat,Fonteinkruidstraat richting Struisgrasstraat ,-1,2022-03-07,644,16.05
Papaverweg,52.39592057,4.907727031,Struisgrasstraat richting Fonteinkruidstraat,Fonteinkruidstraat richting Struisgrasstraat ,1,2022-03-07,652,16.55
Papaverweg,52.39592057,4.907727031,Struisgrasstraat richting Fonteinkruidstraat,Fonteinkruidstraat richting Struisgrasstraat ,-1,2022-03-08,692,15.63
Papaverweg,52.39592057,4.907727031,Struisgrasstraat richting Fonteinkruidstraat,Fonteinkruidstraat richting Struisgrasstraat ,1,2022-03-08,680,17.49
Papaverweg,52.39592057,4.907727031,Struisgrasstraat richting Fonteinkruidstraat,Fonteinkruidstraat richting Struisgrasstraat ,-1,2022-03-09,819,15.89
Papaverweg,52.39592057,4.907727031,Struisgrasstraat richting Fonteinkruidstraat,Fonteinkruidstraat richting Struisgrasstraat ,1,2022-03-09,869,16.68
Papaverweg,52.39592057,4.907727031,Struisgrasstraat richting Fonteinkruidstraat,Fonteinkruidstraat richting Struisgrasstraat ,-1,2022-03-10,791,15.77
Papaverweg,52.39592057,4.907727031,Struisgrasstraat richting Fonteinkruidstraat,Fonteinkruidstraat richting Struisgrasstraat ,1,2022-03-10,786,16.99
Papaverweg,52.39592057,4.907727031,Struisgrasstraat richting Fonteinkruidstraat,Fonteinkruidstraat richting Struisgrasstraat ,-1,2022-03-11,963,15.47
Papaverweg,52.39592057,4.907727031,Struisgrasstraat richting Fonteinkruidstraat,Fonteinkruidstraat richting Struisgrasstraat ,1,2022-03-11,862,17.75
Papaverweg,52.39592057,4.907727031,Struisgrasstraat richting Fonteinkruidstraat,Fonteinkruidstraat richting Struisgrasstraat ,-1,2022-03-12,1097,15.22
Papaverweg,52.39592057,4.907727031,Struisgrasstraat richting Fonteinkruidstraat,Fonteinkruidstraat richting Struisgrasstraat ,1,2022-03-12,971,17.11
Papaverweg,52.39592057,4.907727031,Struisgrasstraat richting Fonteinkruidstraat,Fonteinkruidstraat richting Struisgrasstraat ,-1,2022-03-13,903,14.86
Papaverweg,52.39592057,4.907727031,Struisgrasstraat richting Fonteinkruidstraat,Fonteinkruidstraat richting Struisgrasstraat ,1,2022-03-13,708,17.05
Papaverweg,52.39592057,4.907727031,Struisgrasstraat richting Fonteinkruidstraat,Fonteinkruidstraat richting Struisgrasstraat ,-1,2022-03-14,683,16.43
Papaverweg,52.39592057,4.907727031,Struisgrasstraat richting Fonteinkruidstraat,Fonteinkruidstraat richting Struisgrasstraat ,1,2022-03-14,650,16.69
Papaverweg,52.39592057,4.907727031,Struisgrasstraat richting Fonteinkruidstraat,Fonteinkruidstraat richting Struisgrasstraat ,-1,2022-03-15,811,16.0
Papaverweg,52.39592057,4.907727031,Struisgrasstraat richting Fonteinkruidstraat,Fonteinkruidstraat richting Struisgrasstraat ,1,2022-03-15,775,17.12
Papaverweg,52.39592057,4.907727031,Struisgrasstraat richting Fonteinkruidstraat,Fonteinkruidstraat richting Struisgrasstraat ,-1,2022-03-16,821,15.58
Papaverweg,52.39592057,4.907727031,Struisgrasstraat richting Fonteinkruidstraat,Fonteinkruidstraat richting Struisgrasstraat ,1,2022-03-16,824,17.74
Papaverweg,52.39592057,4.907727031,Struisgrasstraat richting Fonteinkruidstraat,Fonteinkruidstraat richting Struisgrasstraat ,-1,2022-03-17,748,16.8
Papaverweg,52.39592057,4.907727031,Struisgrasstraat richting Fonteinkruidstraat,Fonteinkruidstraat richting Struisgrasstraat ,1,2022-03-17,728,16.13
Papaverweg,52.39592057,4.907727031,Struisgrasstraat richting Fonteinkruidstraat,Fonteinkruidstraat richting Struisgrasstraat ,-1,2022-03-18,937,16.28
Papaverweg,52.39592057,4.907727031,Struisgrasstraat richting Fonteinkruidstraat,Fonteinkruidstraat richting Struisgrasstraat ,1,2022-03-18,906,16.36
Papaverweg,52.39592057,4.907727031,Struisgrasstraat richting Fonteinkruidstraat,Fonteinkruidstraat richting Struisgrasstraat ,-1,2022-03-19,1008,14.96
Papaverweg,52.39592057,4.907727031,Struisgrasstraat richting Fonteinkruidstraat,Fonteinkruidstraat richting Struisgrasstraat ,1,2022-03-19,863,16.8
Papaverweg,52.39592057,4.907727031,Struisgrasstraat richting Fonteinkruidstraat,Fonteinkruidstraat richting Struisgrasstraat ,-1,2022-03-20,510,15.19
Papaverweg,52.39592057,4.907727031,Struisgrasstraat richting Fonteinkruidstraat,Fonteinkruidstraat richting Struisgrasstraat ,1,2022-03-20,543,16.84
Papaverweg,52.39592057,4.907727031,Struisgrasstraat richting Fonteinkruidstraat,Fonteinkruidstraat richting Struisgrasstraat ,-1,2022-03-21,784,15.52
Papaverweg,52.39592057,4.907727031,Struisgrasstraat richting Fonteinkruidstraat,Fonteinkruidstraat richting Struisgrasstraat ,1,2022-03-21,736,16.7
Papaverweg,52.39592057,4.907727031,Struisgrasstraat richting Fonteinkruidstraat,Fonteinkruidstraat richting Struisgrasstraat ,-1,2022-03-22,859,16.24
Papaverweg,52.39592057,4.907727031,Struisgrasstraat richting Fonteinkruidstraat,Fonteinkruidstraat richting Struisgrasstraat ,1,2022-03-22,849,17.02
Papaverweg,52.39592057,4.907727031,Struisgrasstraat richting Fonteinkruidstraat,Fonteinkruidstraat richting Struisgrasstraat ,-1,2022-03-23,950,16.37
Papaverweg,52.39592057,4.907727031,Struisgrasstraat richting Fonteinkruidstraat,Fonteinkruidstraat richting Struisgrasstraat ,1,2022-03-23,945,16.77
Papaverweg,52.39592057,4.907727031,Struisgrasstraat richting Fonteinkruidstraat,Fonteinkruidstraat richting Struisgrasstraat ,-1,2022-03-24,998,16.53
Papaverweg,52.39592057,4.907727031,Struisgrasstraat richting Fonteinkruidstraat,Fonteinkruidstraat richting Struisgrasstraat ,1,2022-03-24,961,16.42
Papaverweg,52.39592057,4.907727031,Struisgrasstraat richting Fonteinkruidstraat,Fonteinkruidstraat richting Struisgrasstraat ,-1,2022-03-25,1043,16.17
Papaverweg,52.39592057,4.907727031,Struisgrasstraat richting Fonteinkruidstraat,Fonteinkruidstraat richting Struisgrasstraat ,1,2022-03-25,887,16.21
Papaverweg,52.39592057,4.907727031,Struisgrasstraat richting Fonteinkruidstraat,Fonteinkruidstraat richting Struisgrasstraat ,-1,2022-03-26,1203,15.7
Papaverweg,52.39592057,4.907727031,Struisgrasstraat richting Fonteinkruidstraat,Fonteinkruidstraat richting Struisgrasstraat ,1,2022-03-26,1062,15.84
Papaverweg,52.39592057,4.907727031,Struisgrasstraat richting Fonteinkruidstraat,Fonteinkruidstraat richting Struisgrasstraat ,-1,2022-03-27,904,15.62
Papaverweg,52.39592057,4.907727031,Struisgrasstraat richting Fonteinkruidstraat,Fonteinkruidstraat richting Struisgrasstraat ,1,2022-03-27,677,16.28
Papaverweg,52.39592057,4.907727031,Struisgrasstraat richting Fonteinkruidstraat,Fonteinkruidstraat richting Struisgrasstraat ,-1,2022-03-28,707,16.82
Papaverweg,52.39592057,4.907727031,Struisgrasstraat richting Fonteinkruidstraat,Fonteinkruidstraat richting Struisgrasstraat ,1,2022-03-28,686,17.21
Papaverweg,52.39592057,4.907727031,Struisgrasstraat richting Fonteinkruidstraat,Fonteinkruidstraat richting Struisgrasstraat ,-1,2022-03-29,827,16.78
Papaverweg,52.39592057,4.907727031,Struisgrasstraat richting Fonteinkruidstraat,Fonteinkruidstraat richting Struisgrasstraat ,1,2022-03-29,712,17.34
Papaverweg,52.39592057,4.907727031,Struisgrasstraat richting Fonteinkruidstraat,Fonteinkruidstraat richting Struisgrasstraat ,-1,2022-03-30,1313,15.16
Papaverweg,52.39592057,4.907727031,Struisgrasstraat richting Fonteinkruidstraat,Fonteinkruidstraat richting Struisgrasstraat ,1,2022-03-30,1053,16.11
Papaverweg,52.39592057,4.907727031,Struisgrasstraat richting Fonteinkruidstraat,Fonteinkruidstraat richting Struisgrasstraat ,-1,2022-03-31,630,17.12
Papaverweg,52.39592057,4.907727031,Struisgrasstraat richting Fonteinkruidstraat,Fonteinkruidstraat richting Struisgrasstraat ,1,2022-03-31,629,16.23
Papaverweg,52.39592057,4.907727031,Struisgrasstraat richting Fonteinkruidstraat,Fonteinkruidstraat richting Struisgrasstraat ,-1,2022-04-01,788,16.55
Papaverweg,52.39592057,4.907727031,Struisgrasstraat richting Fonteinkruidstraat,Fonteinkruidstraat richting Struisgrasstraat ,1,2022-04-01,652,16.18
Papaverweg,52.39592057,4.907727031,Struisgrasstraat richting Fonteinkruidstraat,Fonteinkruidstraat richting Struisgrasstraat ,-1,2022-04-02,1072,16.38
Papaverweg,52.39592057,4.907727031,Struisgrasstraat richting Fonteinkruidstraat,Fonteinkruidstraat richting Struisgrasstraat ,1,2022-04-02,841,15.48
Papaverweg,52.39592057,4.907727031,Struisgrasstraat richting Fonteinkruidstraat,Fonteinkruidstraat richting Struisgrasstraat ,-1,2022-04-03,684,16.58
Papaverweg,52.39592057,4.907727031,Struisgrasstraat richting Fonteinkruidstraat,Fonteinkruidstraat richting Struisgrasstraat ,1,2022-04-03,534,15.61
Papaverweg,52.39592057,4.907727031,Struisgrasstraat richting Fonteinkruidstraat,Fonteinkruidstraat richting Struisgrasstraat ,-1,2022-04-04,477,16.81
Papaverweg,52.39592057,4.907727031,Struisgrasstraat richting Fonteinkruidstraat,Fonteinkruidstraat richting Struisgrasstraat ,1,2022-04-04,438,15.29
Papaverweg,52.39592057,4.907727031,Struisgrasstraat richting Fonteinkruidstraat,Fonteinkruidstraat richting Struisgrasstraat ,-1,2022-04-05,708,17.0
Papaverweg,52.39592057,4.907727031,Struisgrasstraat richting Fonteinkruidstraat,Fonteinkruidstraat richting Struisgrasstraat ,1,2022-04-05,619,16.17
Papaverweg,52.39592057,4.907727031,Struisgrasstraat richting Fonteinkruidstraat,Fonteinkruidstraat richting Struisgrasstraat ,-1,2022-04-06,748,16.05
Papaverweg,52.39592057,4.907727031,Struisgrasstraat richting Fonteinkruidstraat,Fonteinkruidstraat richting Struisgrasstraat ,1,2022-04-06,735,16.33
Papaverweg,52.39592057,4.907727031,Struisgrasstraat richting Fonteinkruidstraat,Fonteinkruidstraat richting Struisgrasstraat ,-1,2022-04-07,697,16.54
Papaverweg,52.39592057,4.907727031,Struisgrasstraat richting Fonteinkruidstraat,Fonteinkruidstraat richting Struisgrasstraat ,1,2022-04-07,577,14.92
Papaverweg,52.39592057,4.907727031,Struisgrasstraat richting Fonteinkruidstraat,Fonteinkruidstraat richting Struisgrasstraat ,-1,2022-04-08,972,17.06
Papaverweg,52.39592057,4.907727031,Struisgrasstraat richting Fonteinkruidstraat,Fonteinkruidstraat richting Struisgrasstraat ,1,2022-04-08,787,15.07
Papaverweg,52.39592057,4.907727031,Struisgrasstraat richting Fonteinkruidstraat,Fonteinkruidstraat richting Struisgrasstraat ,-1,2022-04-09,946,16.91
Papaverweg,52.39592057,4.907727031,Struisgrasstraat richting Fonteinkruidstraat,Fonteinkruidstraat richting Struisgrasstraat ,1,2022-04-09,779,14.57
Papaverweg,52.39592057,4.907727031,Struisgrasstraat richting Fonteinkruidstraat,Fonteinkruidstraat richting Struisgrasstraat ,-1,2022-04-10,848,16.08
Papaverweg,52.39592057,4.907727031,Struisgrasstraat richting Fonteinkruidstraat,Fonteinkruidstraat richting Struisgrasstraat ,1,2022-04-10,765,15.27
Papaverweg,52.39592057,4.907727031,Struisgrasstraat richting Fonteinkruidstraat,Fonteinkruidstraat richting Struisgrasstraat ,-1,2022-04-11,850,15.96
Papaverweg,52.39592057,4.907727031,Struisgrasstraat richting Fonteinkruidstraat,Fonteinkruidstraat richting Struisgrasstraat ,1,2022-04-11,774,17.62
Papaverweg,52.39592057,4.907727031,Struisgrasstraat richting Fonteinkruidstraat,Fonteinkruidstraat richting Struisgrasstraat ,-1,2022-04-12,997,15.95
Papaverweg,52.39592057,4.907727031,Struisgrasstraat richting Fonteinkruidstraat,Fonteinkruidstraat richting Struisgrasstraat ,1,2022-04-12,874,17.51
Papaverweg,52.39592057,4.907727031,Struisgrasstraat richting Fonteinkruidstraat,Fonteinkruidstraat richting Struisgrasstraat ,-1,2022-04-13,1088,16.82
Papaverweg,52.39592057,4.907727031,Struisgrasstraat richting Fonteinkruidstraat,Fonteinkruidstraat richting Struisgrasstraat ,1,2022-04-13,1039,16.38
Papaverweg,52.39592057,4.907727031,Struisgrasstraat richting Fonteinkruidstraat,Fonteinkruidstraat richting Struisgrasstraat ,-1,2022-04-14,1103,16.66
Papaverweg,52.39592057,4.907727031,Struisgrasstraat richting Fonteinkruidstraat,Fonteinkruidstraat richting Struisgrasstraat ,1,2022-04-14,1000,15.72
Papaverweg,52.39592057,4.907727031,Struisgrasstraat richting Fonteinkruidstraat,Fonteinkruidstraat richting Struisgrasstraat ,-1,2022-04-15,938,16.74
Papaverweg,52.39592057,4.907727031,Struisgrasstraat richting Fonteinkruidstraat,Fonteinkruidstraat richting Struisgrasstraat ,1,2022-04-15,877,17.13
Papaverweg,52.39592057,4.907727031,Struisgrasstraat richting Fonteinkruidstraat,Fonteinkruidstraat richting Struisgrasstraat ,-1,2022-04-16,1283,14.54
Papaverweg,52.39592057,4.907727031,Struisgrasstraat richting Fonteinkruidstraat,Fonteinkruidstraat richting Struisgrasstraat ,1,2022-04-16,1110,16.84
Papaverweg,52.39592057,4.907727031,Struisgrasstraat richting Fonteinkruidstraat,Fonteinkruidstraat richting Struisgrasstraat ,-1,2022-04-17,999,14.45
Papaverweg,52.39592057,4.907727031,Struisgrasstraat richting Fonteinkruidstraat,Fonteinkruidstraat richting Struisgrasstraat ,1,2022-04-17,870,16.9
Papaverweg,52.39592057,4.907727031,Struisgrasstraat richting Fonteinkruidstraat,Fonteinkruidstraat richting Struisgrasstraat ,-1,2022-04-18,912,15.33
Papaverweg,52.39592057,4.907727031,Struisgrasstraat richting Fonteinkruidstraat,Fonteinkruidstraat richting Struisgrasstraat ,1,2022-04-18,658,16.67
Papaverweg,52.39592057,4.907727031,Struisgrasstraat richting Fonteinkruidstraat,Fonteinkruidstraat richting Struisgrasstraat ,-1,2022-04-19,947,16.3
Papaverweg,52.39592057,4.907727031,Struisgrasstraat richting Fonteinkruidstraat,Fonteinkruidstraat richting Struisgrasstraat ,1,2022-04-19,931,16.21
Papaverweg,52.39592057,4.907727031,Struisgrasstraat richting Fonteinkruidstraat,Fonteinkruidstraat richting Struisgrasstraat ,-1,2022-04-20,1011,16.41
Papaverweg,52.39592057,4.907727031,Struisgrasstraat richting Fonteinkruidstraat,Fonteinkruidstraat richting Struisgrasstraat ,1,2022-04-20,957,16.11
Papaverweg,52.39592057,4.907727031,Struisgrasstraat richting Fonteinkruidstraat,Fonteinkruidstraat richting Struisgrasstraat ,-1,2022-04-21,1156,16.11
Papaverweg,52.39592057,4.907727031,Struisgrasstraat richting Fonteinkruidstraat,Fonteinkruidstraat richting Struisgrasstraat ,1,2022-04-21,978,16.58
Papaverweg,52.39592057,4.907727031,Struisgrasstraat richting Fonteinkruidstraat,Fonteinkruidstraat richting Struisgrasstraat ,-1,2022-04-22,1032,15.89
Papaverweg,52.39592057,4.907727031,Struisgrasstraat richting Fonteinkruidstraat,Fonteinkruidstraat richting Struisgrasstraat ,1,2022-04-22,1077,16.69
Papaverweg,52.39592057,4.907727031,Struisgrasstraat richting Fonteinkruidstraat,Fonteinkruidstraat richting Struisgrasstraat ,-1,2022-04-23,1168,14.59
Papaverweg,52.39592057,4.907727031,Struisgrasstraat richting Fonteinkruidstraat,Fonteinkruidstraat richting Struisgrasstraat ,1,2022-04-23,914,17.21
Papaverweg,52.39592057,4.907727031,Struisgrasstraat richting Fonteinkruidstraat,Fonteinkruidstraat richting Struisgrasstraat ,-1,2022-04-24,880,15.49
Papaverweg,52.39592057,4.907727031,Struisgrasstraat richting Fonteinkruidstraat,Fonteinkruidstraat richting Struisgrasstraat ,1,2022-04-24,714,15.76
Papaverweg,52.39592057,4.907727031,Struisgrasstraat richting Fonteinkruidstraat,Fonteinkruidstraat richting Struisgrasstraat ,-1,2022-04-25,628,16.41
Papaverweg,52.39592057,4.907727031,Struisgrasstraat richting Fonteinkruidstraat,Fonteinkruidstraat richting Struisgrasstraat ,1,2022-04-25,603,16.8
Papaverweg,52.39592057,4.907727031,Struisgrasstraat richting Fonteinkruidstraat,Fonteinkruidstraat richting Struisgrasstraat ,-1,2022-04-26,918,17.01
Papaverweg,52.39592057,4.907727031,Struisgrasstraat richting Fonteinkruidstraat,Fonteinkruidstraat richting Struisgrasstraat ,1,2022-04-26,834,15.6
Papaverweg,52.39592057,4.907727031,Struisgrasstraat richting Fonteinkruidstraat,Fonteinkruidstraat richting Struisgrasstraat ,-1,2022-04-27,1768,15.45
Papaverweg,52.39592057,4.907727031,Struisgrasstraat richting Fonteinkruidstraat,Fonteinkruidstraat richting Struisgrasstraat ,1,2022-04-27,1374,15.31
Papaverweg,52.39592057,4.907727031,Struisgrasstraat richting Fonteinkruidstraat,Fonteinkruidstraat richting Struisgrasstraat ,-1,2022-04-28,779,15.89
Papaverweg,52.39592057,4.907727031,Struisgrasstraat richting Fonteinkruidstraat,Fonteinkruidstraat richting Struisgrasstraat ,1,2022-04-28,611,16.11
Papaverweg,52.39592057,4.907727031,Struisgrasstraat richting Fonteinkruidstraat,Fonteinkruidstraat richting Struisgrasstraat ,-1,2022-04-29,806,16.15
Papaverweg,52.39592057,4.907727031,Struisgrasstraat richting Fonteinkruidstraat,Fonteinkruidstraat richting Struisgrasstraat ,1,2022-04-29,789,16.26
Papaverweg,52.39592057,4.907727031,Struisgrasstraat richting Fonteinkruidstraat,Fonteinkruidstraat richting Struisgrasstraat ,-1,2022-04-30,979,16.44
Papaverweg,52.39592057,4.907727031,Struisgrasstraat richting Fonteinkruidstraat,Fonteinkruidstraat richting Struisgrasstraat ,1,2022-04-30,873,15.78
Papaverweg,52.39592057,4.907727031,Struisgrasstraat richting Fonteinkruidstraat,Fonteinkruidstraat richting Struisgrasstraat ,-1,2022-05-01,939,15.7
Papaverweg,52.39592057,4.907727031,Struisgrasstraat richting Fonteinkruidstraat,Fonteinkruidstraat richting Struisgrasstraat ,1,2022-05-01,758,15.9
Papaverweg,52.39592057,4.907727031,Struisgrasstraat richting Fonteinkruidstraat,Fonteinkruidstraat richting Struisgrasstraat ,-1,2022-05-02,732,16.07
Papaverweg,52.39592057,4.907727031,Struisgrasstraat richting Fonteinkruidstraat,Fonteinkruidstraat richting Struisgrasstraat ,1,2022-05-02,669,16.12
Papaverweg,52.39592057,4.907727031,Struisgrasstraat richting Fonteinkruidstraat,Fonteinkruidstraat richting Struisgrasstraat ,-1,2022-05-03,736,16.89
Papaverweg,52.39592057,4.907727031,Struisgrasstraat richting Fonteinkruidstraat,Fonteinkruidstraat richting Struisgrasstraat ,1,2022-05-03,635,16.25
Papaverweg,52.39592057,4.907727031,Struisgrasstraat richting Fonteinkruidstraat,Fonteinkruidstraat richting Struisgrasstraat ,-1,2022-05-04,898,16.42
Papaverweg,52.39592057,4.907727031,Struisgrasstraat richting Fonteinkruidstraat,Fonteinkruidstraat richting Struisgrasstraat ,1,2022-05-04,787,16.05
Papaverweg,52.39592057,4.907727031,Struisgrasstraat richting Fonteinkruidstraat,Fonteinkruidstraat richting Struisgrasstraat ,-1,2022-05-05,912,16.02
Papaverweg,52.39592057,4.907727031,Struisgrasstraat richting Fonteinkruidstraat,Fonteinkruidstraat richting Struisgrasstraat ,1,2022-05-05,786,16.04
Papaverweg,52.39592057,4.907727031,Struisgrasstraat richting Fonteinkruidstraat,Fonteinkruidstraat richting Struisgrasstraat ,-1,2022-05-06,1090,15.9
Papaverweg,52.39592057,4.907727031,Struisgrasstraat richting Fonteinkruidstraat,Fonteinkruidstraat richting Struisgrasstraat ,1,2022-05-06,914,16.05
Papaverweg,52.39592057,4.907727031,Struisgrasstraat richting Fonteinkruidstraat,Fonteinkruidstraat richting Struisgrasstraat ,-1,2022-05-07,1024,15.9
Papaverweg,52.39592057,4.907727031,Struisgrasstraat richting Fonteinkruidstraat,Fonteinkruidstraat richting Struisgrasstraat ,1,2022-05-07,917,15.48
Papaverweg,52.39592057,4.907727031,Struisgrasstraat richting Fonteinkruidstraat,Fonteinkruidstraat richting Struisgrasstraat ,-1,2022-05-08,918,15.52
Papaverweg,52.39592057,4.907727031,Struisgrasstraat richting Fonteinkruidstraat,Fonteinkruidstraat richting Struisgrasstraat ,1,2022-05-08,747,15.66
Papaverweg,52.39592057,4.907727031,Struisgrasstraat richting Fonteinkruidstraat,Fonteinkruidstraat richting Struisgrasstraat ,-1,2022-05-09,914,16.56
Papaverweg,52.39592057,4.907727031,Struisgrasstraat richting Fonteinkruidstraat,Fonteinkruidstraat richting Struisgrasstraat ,1,2022-05-09,871,16.82
Papaverweg,52.39592057,4.907727031,Struisgrasstraat richting Fonteinkruidstraat,Fonteinkruidstraat richting Struisgrasstraat ,-1,2022-05-10,823,16.79
Papaverweg,52.39592057,4.907727031,Struisgrasstraat richting Fonteinkruidstraat,Fonteinkruidstraat richting Struisgrasstraat ,1,2022-05-10,843,16.49
Papaverweg,52.39592057,4.907727031,Struisgrasstraat richting Fonteinkruidstraat,Fonteinkruidstraat richting Struisgrasstraat ,-1,2022-05-11,895,16.76
Papaverweg,52.39592057,4.907727031,Struisgrasstraat richting Fonteinkruidstraat,Fonteinkruidstraat richting Struisgrasstraat ,1,2022-05-11,884,16.08
Papaverweg,52.39592057,4.907727031,Struisgrasstraat richting Fonteinkruidstraat,Fonteinkruidstraat richting Struisgrasstraat ,-1,2022-05-12,994,16.45
Papaverweg,52.39592057,4.907727031,Struisgrasstraat richting Fonteinkruidstraat,Fonteinkruidstraat richting Struisgrasstraat ,1,2022-05-12,926,15.78
Papaverweg,52.39592057,4.907727031,Struisgrasstraat richting Fonteinkruidstraat,Fonteinkruidstraat richting Struisgrasstraat ,-1,2022-05-13,1180,16.23
Papaverweg,52.39592057,4.907727031,Struisgrasstraat richting Fonteinkruidstraat,Fonteinkruidstraat richting Struisgrasstraat ,1,2022-05-13,1045,15.49
Papaverweg,52.39592057,4.907727031,Struisgrasstraat richting Fonteinkruidstraat,Fonteinkruidstraat richting Struisgrasstraat ,-1,2022-05-14,1509,15.31
Papaverweg,52.39592057,4.907727031,Struisgrasstraat richting Fonteinkruidstraat,Fonteinkruidstraat richting Struisgrasstraat ,1,2022-05-14,1112,15.59
Papaverweg,52.39592057,4.907727031,Struisgrasstraat richting Fonteinkruidstraat,Fonteinkruidstraat richting Struisgrasstraat ,-1,2022-05-15,1043,15.22
Papaverweg,52.39592057,4.907727031,Struisgrasstraat richting Fonteinkruidstraat,Fonteinkruidstraat richting Struisgrasstraat ,1,2022-05-15,899,16.36
Papaverweg,52.39592057,4.907727031,Struisgrasstraat richting Fonteinkruidstraat,Fonteinkruidstraat richting Struisgrasstraat ,-1,2022-05-16,780,16.19
Papaverweg,52.39592057,4.907727031,Struisgrasstraat richting Fonteinkruidstraat,Fonteinkruidstraat richting Struisgrasstraat ,1,2022-05-16,780,16.43
Papaverweg,52.39592057,4.907727031,Struisgrasstraat richting Fonteinkruidstraat,Fonteinkruidstraat richting Struisgrasstraat ,-1,2022-05-17,906,16.07
Papaverweg,52.39592057,4.907727031,Struisgrasstraat richting Fonteinkruidstraat,Fonteinkruidstraat richting Struisgrasstraat ,1,2022-05-17,883,16.97
Papaverweg,52.39592057,4.907727031,Struisgrasstraat richting Fonteinkruidstraat,Fonteinkruidstraat richting Struisgrasstraat ,-1,2022-05-18,982,16.64
Papaverweg,52.39592057,4.907727031,Struisgrasstraat richting Fonteinkruidstraat,Fonteinkruidstraat richting Struisgrasstraat ,1,2022-05-18,1036,16.42
Papaverweg,52.39592057,4.907727031,Struisgrasstraat richting Fonteinkruidstraat,Fonteinkruidstraat richting Struisgrasstraat ,-1,2022-05-19,858,16.55
Papaverweg,52.39592057,4.907727031,Struisgrasstraat richting Fonteinkruidstraat,Fonteinkruidstraat richting Struisgrasstraat ,1,2022-05-19,804,16.8
Papaverweg,52.39592057,4.907727031,Struisgrasstraat richting Fonteinkruidstraat,Fonteinkruidstraat richting Struisgrasstraat ,-1,2022-05-20,837,16.18
Papaverweg,52.39592057,4.907727031,Struisgrasstraat richting Fonteinkruidstraat,Fonteinkruidstraat richting Struisgrasstraat ,1,2022-05-20,835,16.42
Papaverweg,52.39592057,4.907727031,Struisgrasstraat richting Fonteinkruidstraat,Fonteinkruidstraat richting Struisgrasstraat ,-1,2022-05-21,1270,15.64
Papaverweg,52.39592057,4.907727031,Struisgrasstraat richting Fonteinkruidstraat,Fonteinkruidstraat richting Struisgrasstraat ,1,2022-05-21,1020,15.55
Papaverweg,52.39592057,4.907727031,Struisgrasstraat richting Fonteinkruidstraat,Fonteinkruidstraat richting Struisgrasstraat ,-1,2022-05-22,1094,15.06
Papaverweg,52.39592057,4.907727031,Struisgrasstraat richting Fonteinkruidstraat,Fonteinkruidstraat richting Struisgrasstraat ,1,2022-05-22,947,16.51
Papaverweg,52.39592057,4.907727031,Struisgrasstraat richting Fonteinkruidstraat,Fonteinkruidstraat richting Struisgrasstraat ,-1,2022-05-23,641,16.67
Papaverweg,52.39592057,4.907727031,Struisgrasstraat richting Fonteinkruidstraat,Fonteinkruidstraat richting Struisgrasstraat ,1,2022-05-23,620,16.55
Papaverweg,52.39592057,4.907727031,Struisgrasstraat richting Fonteinkruidstraat,Fonteinkruidstraat richting Struisgrasstraat ,-1,2022-05-24,744,16.74
Papaverweg,52.39592057,4.907727031,Struisgrasstraat richting Fonteinkruidstraat,Fonteinkruidstraat richting Struisgrasstraat ,1,2022-05-24,751,16.52
Papaverweg,52.39592057,4.907727031,Struisgrasstraat richting Fonteinkruidstraat,Fonteinkruidstraat richting Struisgrasstraat ,-1,2022-05-25,968,16.28
Papaverweg,52.39592057,4.907727031,Struisgrasstraat richting Fonteinkruidstraat,Fonteinkruidstraat richting Struisgrasstraat ,1,2022-05-25,921,15.86
Papaverweg,52.39592057,4.907727031,Struisgrasstraat richting Fonteinkruidstraat,Fonteinkruidstraat richting Struisgrasstraat ,-1,2022-05-26,996,15.81
Papaverweg,52.39592057,4.907727031,Struisgrasstraat richting Fonteinkruidstraat,Fonteinkruidstraat richting Struisgrasstraat ,1,2022-05-26,794,15.18
Papaverweg,52.39592057,4.907727031,Struisgrasstraat richting Fonteinkruidstraat,Fonteinkruidstraat richting Struisgrasstraat ,-1,2022-05-27,1036,16.63
Papaverweg,52.39592057,4.907727031,Struisgrasstraat richting Fonteinkruidstraat,Fonteinkruidstraat richting Struisgrasstraat ,1,2022-05-27,848,15.46
Papaverweg,52.39592057,4.907727031,Struisgrasstraat richting Fonteinkruidstraat,Fonteinkruidstraat richting Struisgrasstraat ,-1,2022-05-28,1348,15.95
Papaverweg,52.39592057,4.907727031,Struisgrasstraat richting Fonteinkruidstraat,Fonteinkruidstraat richting Struisgrasstraat ,1,2022-05-28,965,15.21
Papaverweg,52.39592057,4.907727031,Struisgrasstraat richting Fonteinkruidstraat,Fonteinkruidstraat richting Struisgrasstraat ,-1,2022-05-29,639,15.93
Papaverweg,52.39592057,4.907727031,Struisgrasstraat richting Fonteinkruidstraat,Fonteinkruidstraat richting Struisgrasstraat ,1,2022-05-29,569,15.4
Papaverweg,52.39592057,4.907727031,Struisgrasstraat richting Fonteinkruidstraat,Fonteinkruidstraat richting Struisgrasstraat ,-1,2022-05-30,724,16.47
Papaverweg,52.39592057,4.907727031,Struisgrasstraat richting Fonteinkruidstraat,Fonteinkruidstraat richting Struisgrasstraat ,1,2022-05-30,753,16.19
Papaverweg,52.39592057,4.907727031,Struisgrasstraat richting Fonteinkruidstraat,Fonteinkruidstraat richting Struisgrasstraat ,-1,2022-05-31,754,16.21
Papaverweg,52.39592057,4.907727031,Struisgrasstraat richting Fonteinkruidstraat,Fonteinkruidstraat richting Struisgrasstraat ,1,2022-05-31,780,17.28
Papaverweg,52.39592057,4.907727031,Struisgrasstraat richting Fonteinkruidstraat,Fonteinkruidstraat richting Struisgrasstraat ,-1,2022-06-01,916,16.77
Papaverweg,52.39592057,4.907727031,Struisgrasstraat richting Fonteinkruidstraat,Fonteinkruidstraat richting Struisgrasstraat ,1,2022-06-01,832,15.94
Papaverweg,52.39592057,4.907727031,Struisgrasstraat richting Fonteinkruidstraat,Fonteinkruidstraat richting Struisgrasstraat ,-1,2022-06-02,997,16.33
Papaverweg,52.39592057,4.907727031,Struisgrasstraat richting Fonteinkruidstraat,Fonteinkruidstraat richting Struisgrasstraat ,1,2022-06-02,887,16.61
Papaverweg,52.39592057,4.907727031,Struisgrasstraat richting Fonteinkruidstraat,Fonteinkruidstraat richting Struisgrasstraat ,-1,2022-06-03,1140,16.42
Papaverweg,52.39592057,4.907727031,Struisgrasstraat richting Fonteinkruidstraat,Fonteinkruidstraat richting Struisgrasstraat ,1,2022-06-03,1003,16.46
Papaverweg,52.39592057,4.907727031,Struisgrasstraat richting Fonteinkruidstraat,Fonteinkruidstraat richting Struisgrasstraat ,-1,2022-06-04,1133,15.6
Papaverweg,52.39592057,4.907727031,Struisgrasstraat richting Fonteinkruidstraat,Fonteinkruidstraat richting Struisgrasstraat ,1,2022-06-04,1207,15.85
Papaverweg,52.39592057,4.907727031,Struisgrasstraat richting Fonteinkruidstraat,Fonteinkruidstraat richting Struisgrasstraat ,-1,2022-06-05,927,16.67
Papaverweg,52.39592057,4.907727031,Struisgrasstraat richting Fonteinkruidstraat,Fonteinkruidstraat richting Struisgrasstraat ,1,2022-06-05,794,16.38
Papaverweg,52.39592057,4.907727031,Struisgrasstraat richting Fonteinkruidstraat,Fonteinkruidstraat richting Struisgrasstraat ,-1,2022-06-06,456,16.3
Papaverweg,52.39592057,4.907727031,Struisgrasstraat richting Fonteinkruidstraat,Fonteinkruidstraat richting Struisgrasstraat ,1,2022-06-06,355,16.27
Papaverweg,52.39592057,4.907727031,Struisgrasstraat richting Fonteinkruidstraat,Fonteinkruidstraat richting Struisgrasstraat ,-1,2022-06-07,953,16.23
Papaverweg,52.39592057,4.907727031,Struisgrasstraat richting Fonteinkruidstraat,Fonteinkruidstraat richting Struisgrasstraat ,1,2022-06-07,844,15.75
Papaverweg,52.39592057,4.907727031,Struisgrasstraat richting Fonteinkruidstraat,Fonteinkruidstraat richting Struisgrasstraat ,-1,2022-06-08,830,16.73
Papaverweg,52.39592057,4.907727031,Struisgrasstraat richting Fonteinkruidstraat,Fonteinkruidstraat richting Struisgrasstraat ,1,2022-06-08,761,16.92
Papaverweg,52.39592057,4.907727031,Struisgrasstraat richting Fonteinkruidstraat,Fonteinkruidstraat richting Struisgrasstraat ,-1,2022-06-09,1196,16.37
Papaverweg,52.39592057,4.907727031,Struisgrasstraat richting Fonteinkruidstraat,Fonteinkruidstraat richting Struisgrasstraat ,1,2022-06-09,957,15.92
Papaverweg,52.39592057,4.907727031,Struisgrasstraat richting Fonteinkruidstraat,Fonteinkruidstraat richting Struisgrasstraat ,-1,2022-06-10,1156,16.19
Papaverweg,52.39592057,4.907727031,Struisgrasstraat richting Fonteinkruidstraat,Fonteinkruidstraat richting Struisgrasstraat ,1,2022-06-10,913,16.14
Papaverweg,52.39592057,4.907727031,Struisgrasstraat richting Fonteinkruidstraat,Fonteinkruidstraat richting Struisgrasstraat ,-1,2022-06-11,1682,15.29
Papaverweg,52.39592057,4.907727031,Struisgrasstraat richting Fonteinkruidstraat,Fonteinkruidstraat richting Struisgrasstraat ,1,2022-06-11,1165,15.2
Papaverweg,52.39592057,4.907727031,Struisgrasstraat richting Fonteinkruidstraat,Fonteinkruidstraat richting Struisgrasstraat ,-1,2022-06-12,1387,15.56
Papaverweg,52.39592057,4.907727031,Struisgrasstraat richting Fonteinkruidstraat,Fonteinkruidstraat richting Struisgrasstraat ,1,2022-06-12,924,15.47
Papaverweg,52.39592057,4.907727031,Struisgrasstraat richting Fonteinkruidstraat,Fonteinkruidstraat richting Struisgrasstraat ,-1,2022-06-13,883,17.3
Papaverweg,52.39592057,4.907727031,Struisgrasstraat richting Fonteinkruidstraat,Fonteinkruidstraat richting Struisgrasstraat ,1,2022-06-13,786,15.78
Papaverweg,52.39592057,4.907727031,Struisgrasstraat richting Fonteinkruidstraat,Fonteinkruidstraat richting Struisgrasstraat ,-1,2022-06-14,1015,16.3
Papaverweg,52.39592057,4.907727031,Struisgrasstraat richting Fonteinkruidstraat,Fonteinkruidstraat richting Struisgrasstraat ,1,2022-06-14,870,16.39
Papaverweg,52.39592057,4.907727031,Struisgrasstraat richting Fonteinkruidstraat,Fonteinkruidstraat richting Struisgrasstraat ,-1,2022-06-15,1081,15.82
Papaverweg,52.39592057,4.907727031,Struisgrasstraat richting Fonteinkruidstraat,Fonteinkruidstraat richting Struisgrasstraat ,1,2022-06-15,1099,16.24
Papaverweg,52.39592057,4.907727031,Struisgrasstraat richting Fonteinkruidstraat,Fonteinkruidstraat richting Struisgrasstraat ,-1,2022-06-16,1125,16.06
Papaverweg,52.39592057,4.907727031,Struisgrasstraat richting Fonteinkruidstraat,Fonteinkruidstraat richting Struisgrasstraat ,1,2022-06-16,981,17.44
Papaverweg,52.39592057,4.907727031,Struisgrasstraat richting Fonteinkruidstraat,Fonteinkruidstraat richting Struisgrasstraat ,-1,2022-06-17,1454,15.19
Papaverweg,52.39592057,4.907727031,Struisgrasstraat richting Fonteinkruidstraat,Fonteinkruidstraat richting Struisgrasstraat ,1,2022-06-17,1186,16.11
Papaverweg,52.39592057,4.907727031,Struisgrasstraat richting Fonteinkruidstraat,Fonteinkruidstraat richting Struisgrasstraat ,-1,2022-06-18,1418,15.82
Papaverweg,52.39592057,4.907727031,Struisgrasstraat richting Fonteinkruidstraat,Fonteinkruidstraat richting Struisgrasstraat ,1,2022-06-18,1024,16.06
Papaverweg,52.39592057,4.907727031,Struisgrasstraat richting Fonteinkruidstraat,Fonteinkruidstraat richting Struisgrasstraat ,-1,2022-06-19,698,15.95
Papaverweg,52.39592057,4.907727031,Struisgrasstraat richting Fonteinkruidstraat,Fonteinkruidstraat richting Struisgrasstraat ,1,2022-06-19,630,15.65
Papaverweg,52.39592057,4.907727031,Struisgrasstraat richting Fonteinkruidstraat,Fonteinkruidstraat richting Struisgrasstraat ,-1,2022-06-20,842,16.91
Papaverweg,52.39592057,4.907727031,Struisgrasstraat richting Fonteinkruidstraat,Fonteinkruidstraat richting Struisgrasstraat ,1,2022-06-20,855,15.66
Papaverweg,52.39592057,4.907727031,Struisgrasstraat richting Fonteinkruidstraat,Fonteinkruidstraat richting Struisgrasstraat ,-1,2022-06-21,1044,16.06
Papaverweg,52.39592057,4.907727031,Struisgrasstraat richting Fonteinkruidstraat,Fonteinkruidstraat richting Struisgrasstraat ,1,2022-06-21,1013,16.84
Papaverweg,52.39592057,4.907727031,Struisgrasstraat richting Fonteinkruidstraat,Fonteinkruidstraat richting Struisgrasstraat ,-1,2022-06-22,1151,16.1
Papaverweg,52.39592057,4.907727031,Struisgrasstraat richting Fonteinkruidstraat,Fonteinkruidstraat richting Struisgrasstraat ,1,2022-06-22,1143,16.32
Papaverweg,52.39592057,4.907727031,Struisgrasstraat richting Fonteinkruidstraat,Fonteinkruidstraat richting Struisgrasstraat ,-1,2022-06-23,1182,15.81
Papaverweg,52.39592057,4.907727031,Struisgrasstraat richting Fonteinkruidstraat,Fonteinkruidstraat richting Struisgrasstraat ,1,2022-06-23,1052,16.56
Papaverweg,52.39592057,4.907727031,Struisgrasstraat richting Fonteinkruidstraat,Fonteinkruidstraat richting Struisgrasstraat ,-1,2022-06-24,1174,16.09
Papaverweg,52.39592057,4.907727031,Struisgrasstraat richting Fonteinkruidstraat,Fonteinkruidstraat richting Struisgrasstraat ,1,2022-06-24,956,16.12
Papaverweg,52.39592057,4.907727031,Struisgrasstraat richting Fonteinkruidstraat,Fonteinkruidstraat richting Struisgrasstraat ,-1,2022-06-25,1180,15.76
Papaverweg,52.39592057,4.907727031,Struisgrasstraat richting Fonteinkruidstraat,Fonteinkruidstraat richting Struisgrasstraat ,1,2022-06-25,986,16.06
Papaverweg,52.39592057,4.907727031,Struisgrasstraat richting Fonteinkruidstraat,Fonteinkruidstraat richting Struisgrasstraat ,-1,2022-06-26,1055,15.27
Papaverweg,52.39592057,4.907727031,Struisgrasstraat richting Fonteinkruidstraat,Fonteinkruidstraat richting Struisgrasstraat ,1,2022-06-26,844,16.55
Papaverweg,52.39592057,4.907727031,Struisgrasstraat richting Fonteinkruidstraat,Fonteinkruidstraat richting Struisgrasstraat ,-1,2022-06-27,858,16.76
Papaverweg,52.39592057,4.907727031,Struisgrasstraat richting Fonteinkruidstraat,Fonteinkruidstraat richting Struisgrasstraat ,1,2022-06-27,671,16.74
Papaverweg,52.39592057,4.907727031,Struisgrasstraat richting Fonteinkruidstraat,Fonteinkruidstraat richting Struisgrasstraat ,-1,2022-06-28,1195,16.59
Papaverweg,52.39592057,4.907727031,Struisgrasstraat richting Fonteinkruidstraat,Fonteinkruidstraat richting Struisgrasstraat ,1,2022-06-28,911,16.86
Papaverweg,52.39592057,4.907727031,Struisgrasstraat richting Fonteinkruidstraat,Fonteinkruidstraat richting Struisgrasstraat ,-1,2022-06-29,1316,16.41
Papaverweg,52.39592057,4.907727031,Struisgrasstraat richting Fonteinkruidstraat,Fonteinkruidstraat richting Struisgrasstraat ,1,2022-06-29,1017,16.58
Papaverweg,52.39592057,4.907727031,Struisgrasstraat richting Fonteinkruidstraat,Fonteinkruidstraat richting Struisgrasstraat ,-1,2022-06-30,1119,17.18
Papaverweg,52.39592057,4.907727031,Struisgrasstraat richting Fonteinkruidstraat,Fonteinkruidstraat richting Struisgrasstraat ,1,2022-06-30,929,15.69
Papaverweg,52.39592057,4.907727031,Struisgrasstraat richting Fonteinkruidstraat,Fonteinkruidstraat richting Struisgrasstraat ,-1,2022-07-01,1117,16.01
Papaverweg,52.39592057,4.907727031,Struisgrasstraat richting Fonteinkruidstraat,Fonteinkruidstraat richting Struisgrasstraat ,1,2022-07-01,898,16.44
Papaverweg,52.39592057,4.907727031,Struisgrasstraat richting Fonteinkruidstraat,Fonteinkruidstraat richting Struisgrasstraat ,-1,2022-07-02,1342,15.79
Papaverweg,52.39592057,4.907727031,Struisgrasstraat richting Fonteinkruidstraat,Fonteinkruidstraat richting Struisgrasstraat ,1,2022-07-02,964,15.94
Papaverweg,52.39592057,4.907727031,Struisgrasstraat richting Fonteinkruidstraat,Fonteinkruidstraat richting Struisgrasstraat ,-1,2022-07-03,856,15.94
Papaverweg,52.39592057,4.907727031,Struisgrasstraat richting Fonteinkruidstraat,Fonteinkruidstraat richting Struisgrasstraat ,1,2022-07-03,717,15.43
Papaverweg,52.39592057,4.907727031,Struisgrasstraat richting Fonteinkruidstraat,Fonteinkruidstraat richting Struisgrasstraat ,-1,2022-07-04,1031,16.39
Papaverweg,52.39592057,4.907727031,Struisgrasstraat richting Fonteinkruidstraat,Fonteinkruidstraat richting Struisgrasstraat ,1,2022-07-04,898,15.88
Papaverweg,52.39592057,4.907727031,Struisgrasstraat richting Fonteinkruidstraat,Fonteinkruidstraat richting Struisgrasstraat ,-1,2022-07-05,1173,16.98
Papaverweg,52.39592057,4.907727031,Struisgrasstraat richting Fonteinkruidstraat,Fonteinkruidstraat richting Struisgrasstraat ,1,2022-07-05,986,15.8
Papaverweg,52.39592057,4.907727031,Struisgrasstraat richting Fonteinkruidstraat,Fonteinkruidstraat richting Struisgrasstraat ,-1,2022-07-06,1212,16.68
Papaverweg,52.39592057,4.907727031,Struisgrasstraat richting Fonteinkruidstraat,Fonteinkruidstraat richting Struisgrasstraat ,1,2022-07-06,1042,15.94
Papaverweg,52.39592057,4.907727031,Struisgrasstraat richting Fonteinkruidstraat,Fonteinkruidstraat richting Struisgrasstraat ,-1,2022-07-07,987,16.92
Papaverweg,52.39592057,4.907727031,Struisgrasstraat richting Fonteinkruidstraat,Fonteinkruidstraat richting Struisgrasstraat ,1,2022-07-07,855,15.41
Papaverweg,52.39592057,4.907727031,Struisgrasstraat richting Fonteinkruidstraat,Fonteinkruidstraat richting Struisgrasstraat ,-1,2022-07-08,1559,16.33
Papaverweg,52.39592057,4.907727031,Struisgrasstraat richting Fonteinkruidstraat,Fonteinkruidstraat richting Struisgrasstraat ,1,2022-07-08,1309,15.01
Papaverweg,52.39592057,4.907727031,Struisgrasstraat richting Fonteinkruidstraat,Fonteinkruidstraat richting Struisgrasstraat ,-1,2022-07-09,1348,16.23
Papaverweg,52.39592057,4.907727031,Struisgrasstraat richting Fonteinkruidstraat,Fonteinkruidstraat richting Struisgrasstraat ,1,2022-07-09,1016,15.18
Papaverweg,52.39592057,4.907727031,Struisgrasstraat richting Fonteinkruidstraat,Fonteinkruidstraat richting Struisgrasstraat ,-1,2022-07-10,1049,16.37
Papaverweg,52.39592057,4.907727031,Struisgrasstraat richting Fonteinkruidstraat,Fonteinkruidstraat richting Struisgrasstraat ,1,2022-07-10,755,15.55
Papaverweg,52.39592057,4.907727031,Struisgrasstraat richting Fonteinkruidstraat,Fonteinkruidstraat richting Struisgrasstraat ,-1,2022-07-11,1049,16.52
Papaverweg,52.39592057,4.907727031,Struisgrasstraat richting Fonteinkruidstraat,Fonteinkruidstraat richting Struisgrasstraat ,1,2022-07-11,837,16.6
Papaverweg,52.39592057,4.907727031,Struisgrasstraat richting Fonteinkruidstraat,Fonteinkruidstraat richting Struisgrasstraat ,-1,2022-07-12,1228,16.23
Papaverweg,52.39592057,4.907727031,Struisgrasstraat richting Fonteinkruidstraat,Fonteinkruidstraat richting Struisgrasstraat ,1,2022-07-12,937,16.55
Papaverweg,52.39592057,4.907727031,Struisgrasstraat richting Fonteinkruidstraat,Fonteinkruidstraat richting Struisgrasstraat ,-1,2022-07-13,1382,16.61
Papaverweg,52.39592057,4.907727031,Struisgrasstraat richting Fonteinkruidstraat,Fonteinkruidstraat richting Struisgrasstraat ,1,2022-07-13,1110,16.05
Papaverweg,52.39592057,4.907727031,Struisgrasstraat richting Fonteinkruidstraat,Fonteinkruidstraat richting Struisgrasstraat ,-1,2022-07-14,1424,16.99
Papaverweg,52.39592057,4.907727031,Struisgrasstraat richting Fonteinkruidstraat,Fonteinkruidstraat richting Struisgrasstraat ,1,2022-07-14,1049,16.08
Papaverweg,52.39592057,4.907727031,Struisgrasstraat richting Fonteinkruidstraat,Fonteinkruidstraat richting Struisgrasstraat ,-1,2022-07-15,1509,16.21
Papaverweg,52.39592057,4.907727031,Struisgrasstraat richting Fonteinkruidstraat,Fonteinkruidstraat richting Struisgrasstraat ,1,2022-07-15,1219,15.38
Papaverweg,52.39592057,4.907727031,Struisgrasstraat richting Fonteinkruidstraat,Fonteinkruidstraat richting Struisgrasstraat ,-1,2022-07-16,1284,15.95
Papaverweg,52.39592057,4.907727031,Struisgrasstraat richting Fonteinkruidstraat,Fonteinkruidstraat richting Struisgrasstraat ,1,2022-07-16,1043,15.66
Papaverweg,52.39592057,4.907727031,Struisgrasstraat richting Fonteinkruidstraat,Fonteinkruidstraat richting Struisgrasstraat ,-1,2022-07-17,1061,15.15
Papaverweg,52.39592057,4.907727031,Struisgrasstraat richting Fonteinkruidstraat,Fonteinkruidstraat richting Struisgrasstraat ,1,2022-07-17,774,16.72
Papaverweg,52.39592057,4.907727031,Struisgrasstraat richting Fonteinkruidstraat,Fonteinkruidstraat richting Struisgrasstraat ,-1,2022-07-18,1021,15.89
Papaverweg,52.39592057,4.907727031,Struisgrasstraat richting Fonteinkruidstraat,Fonteinkruidstraat richting Struisgrasstraat ,1,2022-07-18,917,15.89
Papaverweg,52.39592057,4.907727031,Struisgrasstraat richting Fonteinkruidstraat,Fonteinkruidstraat richting Struisgrasstraat ,-1,2022-07-19,844,15.83
Papaverweg,52.39592057,4.907727031,Struisgrasstraat richting Fonteinkruidstraat,Fonteinkruidstraat richting Struisgrasstraat ,1,2022-07-19,755,16.96
Papaverweg,52.39592057,4.907727031,Struisgrasstraat richting Fonteinkruidstraat,Fonteinkruidstraat richting Struisgrasstraat ,-1,2022-07-20,1011,16.29
Papaverweg,52.39592057,4.907727031,Struisgrasstraat richting Fonteinkruidstraat,Fonteinkruidstraat richting Struisgrasstraat ,1,2022-07-20,868,15.78
Papaverweg,52.39592057,4.907727031,Struisgrasstraat richting Fonteinkruidstraat,Fonteinkruidstraat richting Struisgrasstraat ,-1,2022-07-21,1179,16.3
Papaverweg,52.39592057,4.907727031,Struisgrasstraat richting Fonteinkruidstraat,Fonteinkruidstraat richting Struisgrasstraat ,1,2022-07-21,1036,14.83
Papaverweg,52.39592057,4.907727031,Struisgrasstraat richting Fonteinkruidstraat,Fonteinkruidstraat richting Struisgrasstraat ,-1,2022-07-22,1086,16.46
Papaverweg,52.39592057,4.907727031,Struisgrasstraat richting Fonteinkruidstraat,Fonteinkruidstraat richting Struisgrasstraat ,1,2022-07-22,830,15.93
Papaverweg,52.39592057,4.907727031,Struisgrasstraat richting Fonteinkruidstraat,Fonteinkruidstraat richting Struisgrasstraat ,-1,2022-07-23,1369,15.45
Papaverweg,52.39592057,4.907727031,Struisgrasstraat richting Fonteinkruidstraat,Fonteinkruidstraat richting Struisgrasstraat ,1,2022-07-23,1102,16.05
Papaverweg,52.39592057,4.907727031,Struisgrasstraat richting Fonteinkruidstraat,Fonteinkruidstraat richting Struisgrasstraat ,-1,2022-07-24,1103,15.29
Papaverweg,52.39592057,4.907727031,Struisgrasstraat richting Fonteinkruidstraat,Fonteinkruidstraat richting Struisgrasstraat ,1,2022-07-24,796,16.44
Papaverweg,52.39592057,4.907727031,Struisgrasstraat richting Fonteinkruidstraat,Fonteinkruidstraat richting Struisgrasstraat ,-1,2022-07-25,671,16.26
Papaverweg,52.39592057,4.907727031,Struisgrasstraat richting Fonteinkruidstraat,Fonteinkruidstraat richting Struisgrasstraat ,1,2022-07-25,537,16.28
Papaverweg,52.39592057,4.907727031,Struisgrasstraat richting Fonteinkruidstraat,Fonteinkruidstraat richting Struisgrasstraat ,-1,2022-07-26,850,16.99
Papaverweg,52.39592057,4.907727031,Struisgrasstraat richting Fonteinkruidstraat,Fonteinkruidstraat richting Struisgrasstraat ,1,2022-07-26,737,16.46
Papaverweg,52.39592057,4.907727031,Struisgrasstraat richting Fonteinkruidstraat,Fonteinkruidstraat richting Struisgrasstraat ,-1,2022-07-27,871,16.8
Papaverweg,52.39592057,4.907727031,Struisgrasstraat richting Fonteinkruidstraat,Fonteinkruidstraat richting Struisgrasstraat ,1,2022-07-27,664,16.91
Papaverweg,52.39592057,4.907727031,Struisgrasstraat richting Fonteinkruidstraat,Fonteinkruidstraat richting Struisgrasstraat ,-1,2022-07-28,947,16.35
Papaverweg,52.39592057,4.907727031,Struisgrasstraat richting Fonteinkruidstraat,Fonteinkruidstraat richting Struisgrasstraat ,1,2022-07-28,736,16.88
Papaverweg,52.39592057,4.907727031,Struisgrasstraat richting Fonteinkruidstraat,Fonteinkruidstraat richting Struisgrasstraat ,-1,2022-07-29,1068,16.22
Papaverweg,52.39592057,4.907727031,Struisgrasstraat richting Fonteinkruidstraat,Fonteinkruidstraat richting Struisgrasstraat ,1,2022-07-29,877,16.32
Papaverweg,52.39592057,4.907727031,Struisgrasstraat richting Fonteinkruidstraat,Fonteinkruidstraat richting Struisgrasstraat ,-1,2022-07-30,1011,15.42
Papaverweg,52.39592057,4.907727031,Struisgrasstraat richting Fonteinkruidstraat,Fonteinkruidstraat richting Struisgrasstraat ,1,2022-07-30,867,15.99
Papaverweg,52.39592057,4.907727031,Struisgrasstraat richting Fonteinkruidstraat,Fonteinkruidstraat richting Struisgrasstraat ,-1,2022-07-31,396,15.89
Papaverweg,52.39592057,4.907727031,Struisgrasstraat richting Fonteinkruidstraat,Fonteinkruidstraat richting Struisgrasstraat ,1,2022-07-31,385,16.38
Papaverweg,52.39592057,4.907727031,Struisgrasstraat richting Fonteinkruidstraat,Fonteinkruidstraat richting Struisgrasstraat ,-1,2022-08-01,699,16.43
Papaverweg,52.39592057,4.907727031,Struisgrasstraat richting Fonteinkruidstraat,Fonteinkruidstraat richting Struisgrasstraat ,1,2022-08-01,645,16.68
Papaverweg,52.39592057,4.907727031,Struisgrasstraat richting Fonteinkruidstraat,Fonteinkruidstraat richting Struisgrasstraat ,-1,2022-08-02,825,15.91
Papaverweg,52.39592057,4.907727031,Struisgrasstraat richting Fonteinkruidstraat,Fonteinkruidstraat richting Struisgrasstraat ,1,2022-08-02,755,16.57
Papaverweg,52.39592057,4.907727031,Struisgrasstraat richting Fonteinkruidstraat,Fonteinkruidstraat richting Struisgrasstraat ,-1,2022-08-03,951,16.14
Papaverweg,52.39592057,4.907727031,Struisgrasstraat richting Fonteinkruidstraat,Fonteinkruidstraat richting Struisgrasstraat ,1,2022-08-03,813,16.39
Papaverweg,52.39592057,4.907727031,Struisgrasstraat richting Fonteinkruidstraat,Fonteinkruidstraat richting Struisgrasstraat ,-1,2022-08-04,841,17.09
Papaverweg,52.39592057,4.907727031,Struisgrasstraat richting Fonteinkruidstraat,Fonteinkruidstraat richting Struisgrasstraat ,1,2022-08-04,776,16.25
Papaverweg,52.39592057,4.907727031,Struisgrasstraat richting Fonteinkruidstraat,Fonteinkruidstraat richting Struisgrasstraat ,-1,2022-08-05,57,16.11
Papaverweg,52.39592057,4.907727031,Struisgrasstraat richting Fonteinkruidstraat,Fonteinkruidstraat richting Struisgrasstraat ,1,2022-08-05,30,15.2
Papaverweg,52.39592057,4.907727031,Struisgrasstraat richting Fonteinkruidstraat,Fonteinkruidstraat richting Struisgrasstraat ,-1,2022-08-06,426,16.45
Papaverweg,52.39592057,4.907727031,Struisgrasstraat richting Fonteinkruidstraat,Fonteinkruidstraat richting Struisgrasstraat ,1,2022-08-06,89,14.8
Papaverweg,52.39592057,4.907727031,Struisgrasstraat richting Fonteinkruidstraat,Fonteinkruidstraat richting Struisgrasstraat ,-1,2022-08-07,293,15.99
Papaverweg,52.39592057,4.907727031,Struisgrasstraat richting Fonteinkruidstraat,Fonteinkruidstraat richting Struisgrasstraat ,1,2022-08-07,53,15.0
Papaverweg,52.39592057,4.907727031,Struisgrasstraat richting Fonteinkruidstraat,Fonteinkruidstraat richting Struisgrasstraat ,-1,2022-08-08,625,16.37
Papaverweg,52.39592057,4.907727031,Struisgrasstraat richting Fonteinkruidstraat,Fonteinkruidstraat richting Struisgrasstraat ,1,2022-08-08,495,16.61
Papaverweg,52.39592057,4.907727031,Struisgrasstraat richting Fonteinkruidstraat,Fonteinkruidstraat richting Struisgrasstraat ,-1,2022-08-09,833,16.15
Papaverweg,52.39592057,4.907727031,Struisgrasstraat richting Fonteinkruidstraat,Fonteinkruidstraat richting Struisgrasstraat ,1,2022-08-09,749,16.7
Papaverweg,52.39592057,4.907727031,Struisgrasstraat richting Fonteinkruidstraat,Fonteinkruidstraat richting Struisgrasstraat ,-1,2022-08-10,913,16.04
Papaverweg,52.39592057,4.907727031,Struisgrasstraat richting Fonteinkruidstraat,Fonteinkruidstraat richting Struisgrasstraat ,1,2022-08-10,804,16.31
Papaverweg,52.39592057,4.907727031,Struisgrasstraat richting Fonteinkruidstraat,Fonteinkruidstraat richting Struisgrasstraat ,-1,2022-08-11,880,16.08
Papaverweg,52.39592057,4.907727031,Struisgrasstraat richting Fonteinkruidstraat,Fonteinkruidstraat richting Struisgrasstraat ,1,2022-08-11,794,16.79
Papaverweg,52.39592057,4.907727031,Struisgrasstraat richting Fonteinkruidstraat,Fonteinkruidstraat richting Struisgrasstraat ,-1,2022-08-12,1004,15.91
Papaverweg,52.39592057,4.907727031,Struisgrasstraat richting Fonteinkruidstraat,Fonteinkruidstraat richting Struisgrasstraat ,1,2022-08-12,869,16.46
Papaverweg,52.39592057,4.907727031,Struisgrasstraat richting Fonteinkruidstraat,Fonteinkruidstraat richting Struisgrasstraat ,-1,2022-08-13,1064,14.95
Papaverweg,52.39592057,4.907727031,Struisgrasstraat richting Fonteinkruidstraat,Fonteinkruidstraat richting Struisgrasstraat ,1,2022-08-13,903,16.66
Papaverweg,52.39592057,4.907727031,Struisgrasstraat richting Fonteinkruidstraat,Fonteinkruidstraat richting Struisgrasstraat ,-1,2022-08-14,889,15.07
Papaverweg,52.39592057,4.907727031,Struisgrasstraat richting Fonteinkruidstraat,Fonteinkruidstraat richting Struisgrasstraat ,1,2022-08-14,760,16.58
Papaverweg,52.39592057,4.907727031,Struisgrasstraat richting Fonteinkruidstraat,Fonteinkruidstraat richting Struisgrasstraat ,-1,2022-08-15,12,14.92
Papaverweg,52.39592057,4.907727031,Struisgrasstraat richting Fonteinkruidstraat,Fonteinkruidstraat richting Struisgrasstraat ,1,2022-08-15,11,18.18
