location,latitude,longitude,plusdirection,mindirection,direction,datetime,count,speed_mean
Rembrandpark,52.364927,4.847599,Postjesweg richting Jan Evertsenstraat,Jan Evertsenstraat richting Postjesweg ,-1,2022-01-01,1492,13.63
Rembrandpark,52.364927,4.847599,Postjesweg richting Jan Evertsenstraat,Jan Evertsenstraat richting Postjesweg ,1,2022-01-01,2002,11.4
Rembrandpark,52.364927,4.847599,Postjesweg richting Jan Evertsenstraat,Jan Evertsenstraat richting Postjesweg ,-1,2022-01-02,1552,12.98
Rembrandpark,52.364927,4.847599,Postjesweg richting Jan Evertsenstraat,Jan Evertsenstraat richting Postjesweg ,1,2022-01-02,2439,10.47
Rembrandpark,52.364927,4.847599,Postjesweg richting Jan Evertsenstraat,Jan Evertsenstraat richting Postjesweg ,-1,2022-01-03,2345,13.97
Rembrandpark,52.364927,4.847599,Postjesweg richting Jan Evertsenstraat,Jan Evertsenstraat richting Postjesweg ,1,2022-01-03,3044,11.89
Rembrandpark,52.364927,4.847599,Postjesweg richting Jan Evertsenstraat,Jan Evertsenstraat richting Postjesweg ,-1,2022-01-04,2490,14.83
Rembrandpark,52.364927,4.847599,Postjesweg richting Jan Evertsenstraat,Jan Evertsenstraat richting Postjesweg ,1,2022-01-04,3088,12.0
Rembrandpark,52.364927,4.847599,Postjesweg richting Jan Evertsenstraat,Jan Evertsenstraat richting Postjesweg ,-1,2022-01-05,1939,15.06
Rembrandpark,52.364927,4.847599,Postjesweg richting Jan Evertsenstraat,Jan Evertsenstraat richting Postjesweg ,1,2022-01-05,2495,11.74
Rembrandpark,52.364927,4.847599,Postjesweg richting Jan Evertsenstraat,Jan Evertsenstraat richting Postjesweg ,-1,2022-01-06,2561,14.12
Rembrandpark,52.364927,4.847599,Postjesweg richting Jan Evertsenstraat,Jan Evertsenstraat richting Postjesweg ,1,2022-01-06,3407,11.89
Rembrandpark,52.364927,4.847599,Postjesweg richting Jan Evertsenstraat,Jan Evertsenstraat richting Postjesweg ,-1,2022-01-07,2122,14.22
Rembrandpark,52.364927,4.847599,Postjesweg richting Jan Evertsenstraat,Jan Evertsenstraat richting Postjesweg ,1,2022-01-07,2684,12.4
Rembrandpark,52.364927,4.847599,Postjesweg richting Jan Evertsenstraat,Jan Evertsenstraat richting Postjesweg ,-1,2022-01-08,1514,13.28
Rembrandpark,52.364927,4.847599,Postjesweg richting Jan Evertsenstraat,Jan Evertsenstraat richting Postjesweg ,1,2022-01-08,1971,11.93
Rembrandpark,52.364927,4.847599,Postjesweg richting Jan Evertsenstraat,Jan Evertsenstraat richting Postjesweg ,-1,2022-01-09,1853,13.12
Rembrandpark,52.364927,4.847599,Postjesweg richting Jan Evertsenstraat,Jan Evertsenstraat richting Postjesweg ,1,2022-01-09,2733,10.22
Rembrandpark,52.364927,4.847599,Postjesweg richting Jan Evertsenstraat,Jan Evertsenstraat richting Postjesweg ,-1,2022-01-10,3009,14.46
Rembrandpark,52.364927,4.847599,Postjesweg richting Jan Evertsenstraat,Jan Evertsenstraat richting Postjesweg ,1,2022-01-10,3831,12.18
Rembrandpark,52.364927,4.847599,Postjesweg richting Jan Evertsenstraat,Jan Evertsenstraat richting Postjesweg ,-1,2022-01-11,3359,14.12
Rembrandpark,52.364927,4.847599,Postjesweg richting Jan Evertsenstraat,Jan Evertsenstraat richting Postjesweg ,1,2022-01-11,4220,12.58
Rembrandpark,52.364927,4.847599,Postjesweg richting Jan Evertsenstraat,Jan Evertsenstraat richting Postjesweg ,-1,2022-01-12,7942,15.47
Rembrandpark,52.364927,4.847599,Postjesweg richting Jan Evertsenstraat,Jan Evertsenstraat richting Postjesweg ,1,2022-01-12,12556,13.41
Rembrandpark,52.364927,4.847599,Postjesweg richting Jan Evertsenstraat,Jan Evertsenstraat richting Postjesweg ,-1,2022-01-13,3389,14.4
Rembrandpark,52.364927,4.847599,Postjesweg richting Jan Evertsenstraat,Jan Evertsenstraat richting Postjesweg ,1,2022-01-13,4279,12.34
Rembrandpark,52.364927,4.847599,Postjesweg richting Jan Evertsenstraat,Jan Evertsenstraat richting Postjesweg ,-1,2022-01-14,3175,14.95
Rembrandpark,52.364927,4.847599,Postjesweg richting Jan Evertsenstraat,Jan Evertsenstraat richting Postjesweg ,1,2022-01-14,3762,12.48
Rembrandpark,52.364927,4.847599,Postjesweg richting Jan Evertsenstraat,Jan Evertsenstraat richting Postjesweg ,-1,2022-01-15,2201,14.01
Rembrandpark,52.364927,4.847599,Postjesweg richting Jan Evertsenstraat,Jan Evertsenstraat richting Postjesweg ,1,2022-01-15,2752,12.44
Rembrandpark,52.364927,4.847599,Postjesweg richting Jan Evertsenstraat,Jan Evertsenstraat richting Postjesweg ,-1,2022-01-16,2083,13.87
Rembrandpark,52.364927,4.847599,Postjesweg richting Jan Evertsenstraat,Jan Evertsenstraat richting Postjesweg ,1,2022-01-16,2708,11.43
Rembrandpark,52.364927,4.847599,Postjesweg richting Jan Evertsenstraat,Jan Evertsenstraat richting Postjesweg ,-1,2022-01-17,3526,15.19
Rembrandpark,52.364927,4.847599,Postjesweg richting Jan Evertsenstraat,Jan Evertsenstraat richting Postjesweg ,1,2022-01-17,4085,12.34
Rembrandpark,52.364927,4.847599,Postjesweg richting Jan Evertsenstraat,Jan Evertsenstraat richting Postjesweg ,-1,2022-01-18,3713,14.74
Rembrandpark,52.364927,4.847599,Postjesweg richting Jan Evertsenstraat,Jan Evertsenstraat richting Postjesweg ,1,2022-01-18,4256,13.17
Rembrandpark,52.364927,4.847599,Postjesweg richting Jan Evertsenstraat,Jan Evertsenstraat richting Postjesweg ,-1,2022-01-19,3350,14.92
Rembrandpark,52.364927,4.847599,Postjesweg richting Jan Evertsenstraat,Jan Evertsenstraat richting Postjesweg ,1,2022-01-19,3776,12.82
Rembrandpark,52.364927,4.847599,Postjesweg richting Jan Evertsenstraat,Jan Evertsenstraat richting Postjesweg ,-1,2022-01-20,3303,15.71
Rembrandpark,52.364927,4.847599,Postjesweg richting Jan Evertsenstraat,Jan Evertsenstraat richting Postjesweg ,1,2022-01-20,3866,12.27
Rembrandpark,52.364927,4.847599,Postjesweg richting Jan Evertsenstraat,Jan Evertsenstraat richting Postjesweg ,-1,2022-01-21,3076,15.14
Rembrandpark,52.364927,4.847599,Postjesweg richting Jan Evertsenstraat,Jan Evertsenstraat richting Postjesweg ,1,2022-01-21,3495,12.73
Rembrandpark,52.364927,4.847599,Postjesweg richting Jan Evertsenstraat,Jan Evertsenstraat richting Postjesweg ,-1,2022-01-22,2437,14.59
Rembrandpark,52.364927,4.847599,Postjesweg richting Jan Evertsenstraat,Jan Evertsenstraat richting Postjesweg ,1,2022-01-22,3028,12.19
Rembrandpark,52.364927,4.847599,Postjesweg richting Jan Evertsenstraat,Jan Evertsenstraat richting Postjesweg ,-1,2022-01-23,2189,14.13
Rembrandpark,52.364927,4.847599,Postjesweg richting Jan Evertsenstraat,Jan Evertsenstraat richting Postjesweg ,1,2022-01-23,2857,11.81
Rembrandpark,52.364927,4.847599,Postjesweg richting Jan Evertsenstraat,Jan Evertsenstraat richting Postjesweg ,-1,2022-01-24,3348,15.06
Rembrandpark,52.364927,4.847599,Postjesweg richting Jan Evertsenstraat,Jan Evertsenstraat richting Postjesweg ,1,2022-01-24,3843,12.95
Rembrandpark,52.364927,4.847599,Postjesweg richting Jan Evertsenstraat,Jan Evertsenstraat richting Postjesweg ,-1,2022-01-25,3500,15.19
Rembrandpark,52.364927,4.847599,Postjesweg richting Jan Evertsenstraat,Jan Evertsenstraat richting Postjesweg ,1,2022-01-25,4068,13.06
Rembrandpark,52.364927,4.847599,Postjesweg richting Jan Evertsenstraat,Jan Evertsenstraat richting Postjesweg ,-1,2022-01-26,3526,15.01
Rembrandpark,52.364927,4.847599,Postjesweg richting Jan Evertsenstraat,Jan Evertsenstraat richting Postjesweg ,1,2022-01-26,4013,13.41
Rembrandpark,52.364927,4.847599,Postjesweg richting Jan Evertsenstraat,Jan Evertsenstraat richting Postjesweg ,-1,2022-01-27,3305,15.08
Rembrandpark,52.364927,4.847599,Postjesweg richting Jan Evertsenstraat,Jan Evertsenstraat richting Postjesweg ,1,2022-01-27,3732,12.71
Rembrandpark,52.364927,4.847599,Postjesweg richting Jan Evertsenstraat,Jan Evertsenstraat richting Postjesweg ,-1,2022-01-28,3652,15.03
Rembrandpark,52.364927,4.847599,Postjesweg richting Jan Evertsenstraat,Jan Evertsenstraat richting Postjesweg ,1,2022-01-28,4192,13.23
Rembrandpark,52.364927,4.847599,Postjesweg richting Jan Evertsenstraat,Jan Evertsenstraat richting Postjesweg ,-1,2022-01-29,2495,14.54
Rembrandpark,52.364927,4.847599,Postjesweg richting Jan Evertsenstraat,Jan Evertsenstraat richting Postjesweg ,1,2022-01-29,3000,12.25
Rembrandpark,52.364927,4.847599,Postjesweg richting Jan Evertsenstraat,Jan Evertsenstraat richting Postjesweg ,-1,2022-01-30,2364,14.52
Rembrandpark,52.364927,4.847599,Postjesweg richting Jan Evertsenstraat,Jan Evertsenstraat richting Postjesweg ,1,2022-01-30,3047,11.5
Rembrandpark,52.364927,4.847599,Postjesweg richting Jan Evertsenstraat,Jan Evertsenstraat richting Postjesweg ,-1,2022-01-31,1761,15.8
Rembrandpark,52.364927,4.847599,Postjesweg richting Jan Evertsenstraat,Jan Evertsenstraat richting Postjesweg ,1,2022-01-31,2003,11.79
Rembrandpark,52.364927,4.847599,Postjesweg richting Jan Evertsenstraat,Jan Evertsenstraat richting Postjesweg ,-1,2022-02-01,1459,14.65
Rembrandpark,52.364927,4.847599,Postjesweg richting Jan Evertsenstraat,Jan Evertsenstraat richting Postjesweg ,1,2022-02-01,1456,13.09
Rembrandpark,52.364927,4.847599,Postjesweg richting Jan Evertsenstraat,Jan Evertsenstraat richting Postjesweg ,-1,2022-02-02,0,
Rembrandpark,52.364927,4.847599,Postjesweg richting Jan Evertsenstraat,Jan Evertsenstraat richting Postjesweg ,1,2022-02-02,0,
Rembrandpark,52.364927,4.847599,Postjesweg richting Jan Evertsenstraat,Jan Evertsenstraat richting Postjesweg ,-1,2022-02-03,0,
Rembrandpark,52.364927,4.847599,Postjesweg richting Jan Evertsenstraat,Jan Evertsenstraat richting Postjesweg ,1,2022-02-03,0,
Rembrandpark,52.364927,4.847599,Postjesweg richting Jan Evertsenstraat,Jan Evertsenstraat richting Postjesweg ,-1,2022-02-04,0,
Rembrandpark,52.364927,4.847599,Postjesweg richting Jan Evertsenstraat,Jan Evertsenstraat richting Postjesweg ,1,2022-02-04,0,
Rembrandpark,52.364927,4.847599,Postjesweg richting Jan Evertsenstraat,Jan Evertsenstraat richting Postjesweg ,-1,2022-02-05,0,
Rembrandpark,52.364927,4.847599,Postjesweg richting Jan Evertsenstraat,Jan Evertsenstraat richting Postjesweg ,1,2022-02-05,0,
Rembrandpark,52.364927,4.847599,Postjesweg richting Jan Evertsenstraat,Jan Evertsenstraat richting Postjesweg ,-1,2022-02-06,0,
Rembrandpark,52.364927,4.847599,Postjesweg richting Jan Evertsenstraat,Jan Evertsenstraat richting Postjesweg ,1,2022-02-06,0,
Rembrandpark,52.364927,4.847599,Postjesweg richting Jan Evertsenstraat,Jan Evertsenstraat richting Postjesweg ,-1,2022-02-07,0,
Rembrandpark,52.364927,4.847599,Postjesweg richting Jan Evertsenstraat,Jan Evertsenstraat richting Postjesweg ,1,2022-02-07,0,
Rembrandpark,52.364927,4.847599,Postjesweg richting Jan Evertsenstraat,Jan Evertsenstraat richting Postjesweg ,-1,2022-02-08,0,
Rembrandpark,52.364927,4.847599,Postjesweg richting Jan Evertsenstraat,Jan Evertsenstraat richting Postjesweg ,1,2022-02-08,0,
Rembrandpark,52.364927,4.847599,Postjesweg richting Jan Evertsenstraat,Jan Evertsenstraat richting Postjesweg ,-1,2022-02-09,1485,17.13
Rembrandpark,52.364927,4.847599,Postjesweg richting Jan Evertsenstraat,Jan Evertsenstraat richting Postjesweg ,1,2022-02-09,1051,16.1
Rembrandpark,52.364927,4.847599,Postjesweg richting Jan Evertsenstraat,Jan Evertsenstraat richting Postjesweg ,-1,2022-02-10,3849,16.53
Rembrandpark,52.364927,4.847599,Postjesweg richting Jan Evertsenstraat,Jan Evertsenstraat richting Postjesweg ,1,2022-02-10,3336,16.14
Rembrandpark,52.364927,4.847599,Postjesweg richting Jan Evertsenstraat,Jan Evertsenstraat richting Postjesweg ,-1,2022-02-11,3713,16.17
Rembrandpark,52.364927,4.847599,Postjesweg richting Jan Evertsenstraat,Jan Evertsenstraat richting Postjesweg ,1,2022-02-11,3284,16.52
Rembrandpark,52.364927,4.847599,Postjesweg richting Jan Evertsenstraat,Jan Evertsenstraat richting Postjesweg ,-1,2022-02-12,3071,16.92
Rembrandpark,52.364927,4.847599,Postjesweg richting Jan Evertsenstraat,Jan Evertsenstraat richting Postjesweg ,1,2022-02-12,2531,15.07
Rembrandpark,52.364927,4.847599,Postjesweg richting Jan Evertsenstraat,Jan Evertsenstraat richting Postjesweg ,-1,2022-02-13,2473,16.44
Rembrandpark,52.364927,4.847599,Postjesweg richting Jan Evertsenstraat,Jan Evertsenstraat richting Postjesweg ,1,2022-02-13,1987,14.79
Rembrandpark,52.364927,4.847599,Postjesweg richting Jan Evertsenstraat,Jan Evertsenstraat richting Postjesweg ,-1,2022-02-14,2009,12.27
Rembrandpark,52.364927,4.847599,Postjesweg richting Jan Evertsenstraat,Jan Evertsenstraat richting Postjesweg ,1,2022-02-14,1058,14.19
Rembrandpark,52.364927,4.847599,Postjesweg richting Jan Evertsenstraat,Jan Evertsenstraat richting Postjesweg ,-1,2022-02-15,1343,11.1
Rembrandpark,52.364927,4.847599,Postjesweg richting Jan Evertsenstraat,Jan Evertsenstraat richting Postjesweg ,1,2022-02-15,387,9.64
Rembrandpark,52.364927,4.847599,Postjesweg richting Jan Evertsenstraat,Jan Evertsenstraat richting Postjesweg ,-1,2022-02-16,1154,10.78
Rembrandpark,52.364927,4.847599,Postjesweg richting Jan Evertsenstraat,Jan Evertsenstraat richting Postjesweg ,1,2022-02-16,362,9.41
Rembrandpark,52.364927,4.847599,Postjesweg richting Jan Evertsenstraat,Jan Evertsenstraat richting Postjesweg ,-1,2022-02-17,1234,10.78
Rembrandpark,52.364927,4.847599,Postjesweg richting Jan Evertsenstraat,Jan Evertsenstraat richting Postjesweg ,1,2022-02-17,425,9.67
Rembrandpark,52.364927,4.847599,Postjesweg richting Jan Evertsenstraat,Jan Evertsenstraat richting Postjesweg ,-1,2022-02-18,524,11.31
Rembrandpark,52.364927,4.847599,Postjesweg richting Jan Evertsenstraat,Jan Evertsenstraat richting Postjesweg ,1,2022-02-18,256,10.3
Rembrandpark,52.364927,4.847599,Postjesweg richting Jan Evertsenstraat,Jan Evertsenstraat richting Postjesweg ,-1,2022-02-19,853,10.58
Rembrandpark,52.364927,4.847599,Postjesweg richting Jan Evertsenstraat,Jan Evertsenstraat richting Postjesweg ,1,2022-02-19,271,10.39
Rembrandpark,52.364927,4.847599,Postjesweg richting Jan Evertsenstraat,Jan Evertsenstraat richting Postjesweg ,-1,2022-02-20,434,10.77
Rembrandpark,52.364927,4.847599,Postjesweg richting Jan Evertsenstraat,Jan Evertsenstraat richting Postjesweg ,1,2022-02-20,143,9.41
Rembrandpark,52.364927,4.847599,Postjesweg richting Jan Evertsenstraat,Jan Evertsenstraat richting Postjesweg ,-1,2022-02-21,665,10.54
Rembrandpark,52.364927,4.847599,Postjesweg richting Jan Evertsenstraat,Jan Evertsenstraat richting Postjesweg ,1,2022-02-21,293,9.79
Rembrandpark,52.364927,4.847599,Postjesweg richting Jan Evertsenstraat,Jan Evertsenstraat richting Postjesweg ,-1,2022-02-22,1041,10.94
Rembrandpark,52.364927,4.847599,Postjesweg richting Jan Evertsenstraat,Jan Evertsenstraat richting Postjesweg ,1,2022-02-22,434,10.09
Rembrandpark,52.364927,4.847599,Postjesweg richting Jan Evertsenstraat,Jan Evertsenstraat richting Postjesweg ,-1,2022-02-23,1207,10.6
Rembrandpark,52.364927,4.847599,Postjesweg richting Jan Evertsenstraat,Jan Evertsenstraat richting Postjesweg ,1,2022-02-23,396,9.61
Rembrandpark,52.364927,4.847599,Postjesweg richting Jan Evertsenstraat,Jan Evertsenstraat richting Postjesweg ,-1,2022-02-24,757,11.09
Rembrandpark,52.364927,4.847599,Postjesweg richting Jan Evertsenstraat,Jan Evertsenstraat richting Postjesweg ,1,2022-02-24,345,9.81
Rembrandpark,52.364927,4.847599,Postjesweg richting Jan Evertsenstraat,Jan Evertsenstraat richting Postjesweg ,-1,2022-02-25,856,10.66
Rembrandpark,52.364927,4.847599,Postjesweg richting Jan Evertsenstraat,Jan Evertsenstraat richting Postjesweg ,1,2022-02-25,301,9.87
Rembrandpark,52.364927,4.847599,Postjesweg richting Jan Evertsenstraat,Jan Evertsenstraat richting Postjesweg ,-1,2022-02-26,1081,10.12
Rembrandpark,52.364927,4.847599,Postjesweg richting Jan Evertsenstraat,Jan Evertsenstraat richting Postjesweg ,1,2022-02-26,331,9.84
Rembrandpark,52.364927,4.847599,Postjesweg richting Jan Evertsenstraat,Jan Evertsenstraat richting Postjesweg ,-1,2022-02-27,872,10.07
Rembrandpark,52.364927,4.847599,Postjesweg richting Jan Evertsenstraat,Jan Evertsenstraat richting Postjesweg ,1,2022-02-27,238,9.49
Rembrandpark,52.364927,4.847599,Postjesweg richting Jan Evertsenstraat,Jan Evertsenstraat richting Postjesweg ,-1,2022-02-28,1395,11.03
Rembrandpark,52.364927,4.847599,Postjesweg richting Jan Evertsenstraat,Jan Evertsenstraat richting Postjesweg ,1,2022-02-28,547,9.95
Rembrandpark,52.364927,4.847599,Postjesweg richting Jan Evertsenstraat,Jan Evertsenstraat richting Postjesweg ,-1,2022-03-01,1202,11.06
Rembrandpark,52.364927,4.847599,Postjesweg richting Jan Evertsenstraat,Jan Evertsenstraat richting Postjesweg ,1,2022-03-01,526,10.15
Rembrandpark,52.364927,4.847599,Postjesweg richting Jan Evertsenstraat,Jan Evertsenstraat richting Postjesweg ,-1,2022-03-02,1540,10.7
Rembrandpark,52.364927,4.847599,Postjesweg richting Jan Evertsenstraat,Jan Evertsenstraat richting Postjesweg ,1,2022-03-02,590,9.9
Rembrandpark,52.364927,4.847599,Postjesweg richting Jan Evertsenstraat,Jan Evertsenstraat richting Postjesweg ,-1,2022-03-03,1494,10.88
Rembrandpark,52.364927,4.847599,Postjesweg richting Jan Evertsenstraat,Jan Evertsenstraat richting Postjesweg ,1,2022-03-03,585,9.79
Rembrandpark,52.364927,4.847599,Postjesweg richting Jan Evertsenstraat,Jan Evertsenstraat richting Postjesweg ,-1,2022-03-04,1358,10.82
Rembrandpark,52.364927,4.847599,Postjesweg richting Jan Evertsenstraat,Jan Evertsenstraat richting Postjesweg ,1,2022-03-04,551,9.96
Rembrandpark,52.364927,4.847599,Postjesweg richting Jan Evertsenstraat,Jan Evertsenstraat richting Postjesweg ,-1,2022-03-05,1037,10.22
Rembrandpark,52.364927,4.847599,Postjesweg richting Jan Evertsenstraat,Jan Evertsenstraat richting Postjesweg ,1,2022-03-05,291,9.83
Rembrandpark,52.364927,4.847599,Postjesweg richting Jan Evertsenstraat,Jan Evertsenstraat richting Postjesweg ,-1,2022-03-06,894,10.07
Rembrandpark,52.364927,4.847599,Postjesweg richting Jan Evertsenstraat,Jan Evertsenstraat richting Postjesweg ,1,2022-03-06,263,9.92
Rembrandpark,52.364927,4.847599,Postjesweg richting Jan Evertsenstraat,Jan Evertsenstraat richting Postjesweg ,-1,2022-03-07,1325,10.92
Rembrandpark,52.364927,4.847599,Postjesweg richting Jan Evertsenstraat,Jan Evertsenstraat richting Postjesweg ,1,2022-03-07,513,10.15
Rembrandpark,52.364927,4.847599,Postjesweg richting Jan Evertsenstraat,Jan Evertsenstraat richting Postjesweg ,-1,2022-03-08,1460,11.3
Rembrandpark,52.364927,4.847599,Postjesweg richting Jan Evertsenstraat,Jan Evertsenstraat richting Postjesweg ,1,2022-03-08,611,9.94
Rembrandpark,52.364927,4.847599,Postjesweg richting Jan Evertsenstraat,Jan Evertsenstraat richting Postjesweg ,-1,2022-03-09,1500,11.25
Rembrandpark,52.364927,4.847599,Postjesweg richting Jan Evertsenstraat,Jan Evertsenstraat richting Postjesweg ,1,2022-03-09,613,9.96
Rembrandpark,52.364927,4.847599,Postjesweg richting Jan Evertsenstraat,Jan Evertsenstraat richting Postjesweg ,-1,2022-03-10,1579,11.17
Rembrandpark,52.364927,4.847599,Postjesweg richting Jan Evertsenstraat,Jan Evertsenstraat richting Postjesweg ,1,2022-03-10,628,10.09
Rembrandpark,52.364927,4.847599,Postjesweg richting Jan Evertsenstraat,Jan Evertsenstraat richting Postjesweg ,-1,2022-03-11,1452,11.23
Rembrandpark,52.364927,4.847599,Postjesweg richting Jan Evertsenstraat,Jan Evertsenstraat richting Postjesweg ,1,2022-03-11,575,9.98
Rembrandpark,52.364927,4.847599,Postjesweg richting Jan Evertsenstraat,Jan Evertsenstraat richting Postjesweg ,-1,2022-03-12,991,10.8
Rembrandpark,52.364927,4.847599,Postjesweg richting Jan Evertsenstraat,Jan Evertsenstraat richting Postjesweg ,1,2022-03-12,316,9.83
Rembrandpark,52.364927,4.847599,Postjesweg richting Jan Evertsenstraat,Jan Evertsenstraat richting Postjesweg ,-1,2022-03-13,983,10.43
Rembrandpark,52.364927,4.847599,Postjesweg richting Jan Evertsenstraat,Jan Evertsenstraat richting Postjesweg ,1,2022-03-13,254,9.6
Rembrandpark,52.364927,4.847599,Postjesweg richting Jan Evertsenstraat,Jan Evertsenstraat richting Postjesweg ,-1,2022-03-14,1299,11.33
Rembrandpark,52.364927,4.847599,Postjesweg richting Jan Evertsenstraat,Jan Evertsenstraat richting Postjesweg ,1,2022-03-14,686,9.98
Rembrandpark,52.364927,4.847599,Postjesweg richting Jan Evertsenstraat,Jan Evertsenstraat richting Postjesweg ,-1,2022-03-15,1600,11.13
Rembrandpark,52.364927,4.847599,Postjesweg richting Jan Evertsenstraat,Jan Evertsenstraat richting Postjesweg ,1,2022-03-15,669,10.16
Rembrandpark,52.364927,4.847599,Postjesweg richting Jan Evertsenstraat,Jan Evertsenstraat richting Postjesweg ,-1,2022-03-16,1427,11.33
Rembrandpark,52.364927,4.847599,Postjesweg richting Jan Evertsenstraat,Jan Evertsenstraat richting Postjesweg ,1,2022-03-16,676,10.12
Rembrandpark,52.364927,4.847599,Postjesweg richting Jan Evertsenstraat,Jan Evertsenstraat richting Postjesweg ,-1,2022-03-17,1421,11.1
Rembrandpark,52.364927,4.847599,Postjesweg richting Jan Evertsenstraat,Jan Evertsenstraat richting Postjesweg ,1,2022-03-17,654,9.99
Rembrandpark,52.364927,4.847599,Postjesweg richting Jan Evertsenstraat,Jan Evertsenstraat richting Postjesweg ,-1,2022-03-18,1390,10.79
Rembrandpark,52.364927,4.847599,Postjesweg richting Jan Evertsenstraat,Jan Evertsenstraat richting Postjesweg ,1,2022-03-18,567,10.0
Rembrandpark,52.364927,4.847599,Postjesweg richting Jan Evertsenstraat,Jan Evertsenstraat richting Postjesweg ,-1,2022-03-19,1092,10.3
Rembrandpark,52.364927,4.847599,Postjesweg richting Jan Evertsenstraat,Jan Evertsenstraat richting Postjesweg ,1,2022-03-19,334,9.85
Rembrandpark,52.364927,4.847599,Postjesweg richting Jan Evertsenstraat,Jan Evertsenstraat richting Postjesweg ,-1,2022-03-20,784,10.87
Rembrandpark,52.364927,4.847599,Postjesweg richting Jan Evertsenstraat,Jan Evertsenstraat richting Postjesweg ,1,2022-03-20,311,9.74
Rembrandpark,52.364927,4.847599,Postjesweg richting Jan Evertsenstraat,Jan Evertsenstraat richting Postjesweg ,-1,2022-03-21,1438,11.16
Rembrandpark,52.364927,4.847599,Postjesweg richting Jan Evertsenstraat,Jan Evertsenstraat richting Postjesweg ,1,2022-03-21,699,9.95
Rembrandpark,52.364927,4.847599,Postjesweg richting Jan Evertsenstraat,Jan Evertsenstraat richting Postjesweg ,-1,2022-03-22,1863,11.1
Rembrandpark,52.364927,4.847599,Postjesweg richting Jan Evertsenstraat,Jan Evertsenstraat richting Postjesweg ,1,2022-03-22,800,10.06
Rembrandpark,52.364927,4.847599,Postjesweg richting Jan Evertsenstraat,Jan Evertsenstraat richting Postjesweg ,-1,2022-03-23,1806,11.02
Rembrandpark,52.364927,4.847599,Postjesweg richting Jan Evertsenstraat,Jan Evertsenstraat richting Postjesweg ,1,2022-03-23,719,10.05
Rembrandpark,52.364927,4.847599,Postjesweg richting Jan Evertsenstraat,Jan Evertsenstraat richting Postjesweg ,-1,2022-03-24,1787,11.19
Rembrandpark,52.364927,4.847599,Postjesweg richting Jan Evertsenstraat,Jan Evertsenstraat richting Postjesweg ,1,2022-03-24,789,10.07
Rembrandpark,52.364927,4.847599,Postjesweg richting Jan Evertsenstraat,Jan Evertsenstraat richting Postjesweg ,-1,2022-03-25,1706,11.08
Rembrandpark,52.364927,4.847599,Postjesweg richting Jan Evertsenstraat,Jan Evertsenstraat richting Postjesweg ,1,2022-03-25,697,10.11
Rembrandpark,52.364927,4.847599,Postjesweg richting Jan Evertsenstraat,Jan Evertsenstraat richting Postjesweg ,-1,2022-03-26,1444,10.23
Rembrandpark,52.364927,4.847599,Postjesweg richting Jan Evertsenstraat,Jan Evertsenstraat richting Postjesweg ,1,2022-03-26,460,9.81
Rembrandpark,52.364927,4.847599,Postjesweg richting Jan Evertsenstraat,Jan Evertsenstraat richting Postjesweg ,-1,2022-03-27,1210,10.25
Rembrandpark,52.364927,4.847599,Postjesweg richting Jan Evertsenstraat,Jan Evertsenstraat richting Postjesweg ,1,2022-03-27,403,9.88
Rembrandpark,52.364927,4.847599,Postjesweg richting Jan Evertsenstraat,Jan Evertsenstraat richting Postjesweg ,-1,2022-03-28,1595,11.4
Rembrandpark,52.364927,4.847599,Postjesweg richting Jan Evertsenstraat,Jan Evertsenstraat richting Postjesweg ,1,2022-03-28,772,10.26
Rembrandpark,52.364927,4.847599,Postjesweg richting Jan Evertsenstraat,Jan Evertsenstraat richting Postjesweg ,-1,2022-03-29,1699,11.38
Rembrandpark,52.364927,4.847599,Postjesweg richting Jan Evertsenstraat,Jan Evertsenstraat richting Postjesweg ,1,2022-03-29,819,10.37
Rembrandpark,52.364927,4.847599,Postjesweg richting Jan Evertsenstraat,Jan Evertsenstraat richting Postjesweg ,-1,2022-03-30,1635,11.35
Rembrandpark,52.364927,4.847599,Postjesweg richting Jan Evertsenstraat,Jan Evertsenstraat richting Postjesweg ,1,2022-03-30,813,10.25
Rembrandpark,52.364927,4.847599,Postjesweg richting Jan Evertsenstraat,Jan Evertsenstraat richting Postjesweg ,-1,2022-03-31,1046,11.49
Rembrandpark,52.364927,4.847599,Postjesweg richting Jan Evertsenstraat,Jan Evertsenstraat richting Postjesweg ,1,2022-03-31,609,10.23
Rembrandpark,52.364927,4.847599,Postjesweg richting Jan Evertsenstraat,Jan Evertsenstraat richting Postjesweg ,-1,2022-04-01,1002,10.83
Rembrandpark,52.364927,4.847599,Postjesweg richting Jan Evertsenstraat,Jan Evertsenstraat richting Postjesweg ,1,2022-04-01,534,10.01
Rembrandpark,52.364927,4.847599,Postjesweg richting Jan Evertsenstraat,Jan Evertsenstraat richting Postjesweg ,-1,2022-04-02,1110,10.49
Rembrandpark,52.364927,4.847599,Postjesweg richting Jan Evertsenstraat,Jan Evertsenstraat richting Postjesweg ,1,2022-04-02,406,9.83
Rembrandpark,52.364927,4.847599,Postjesweg richting Jan Evertsenstraat,Jan Evertsenstraat richting Postjesweg ,-1,2022-04-03,879,10.75
Rembrandpark,52.364927,4.847599,Postjesweg richting Jan Evertsenstraat,Jan Evertsenstraat richting Postjesweg ,1,2022-04-03,337,9.72
Rembrandpark,52.364927,4.847599,Postjesweg richting Jan Evertsenstraat,Jan Evertsenstraat richting Postjesweg ,-1,2022-04-04,1079,11.73
Rembrandpark,52.364927,4.847599,Postjesweg richting Jan Evertsenstraat,Jan Evertsenstraat richting Postjesweg ,1,2022-04-04,592,9.83
Rembrandpark,52.364927,4.847599,Postjesweg richting Jan Evertsenstraat,Jan Evertsenstraat richting Postjesweg ,-1,2022-04-05,1647,11.49
Rembrandpark,52.364927,4.847599,Postjesweg richting Jan Evertsenstraat,Jan Evertsenstraat richting Postjesweg ,1,2022-04-05,784,10.18
Rembrandpark,52.364927,4.847599,Postjesweg richting Jan Evertsenstraat,Jan Evertsenstraat richting Postjesweg ,-1,2022-04-06,1552,11.63
Rembrandpark,52.364927,4.847599,Postjesweg richting Jan Evertsenstraat,Jan Evertsenstraat richting Postjesweg ,1,2022-04-06,757,9.96
Rembrandpark,52.364927,4.847599,Postjesweg richting Jan Evertsenstraat,Jan Evertsenstraat richting Postjesweg ,-1,2022-04-07,1197,11.8
Rembrandpark,52.364927,4.847599,Postjesweg richting Jan Evertsenstraat,Jan Evertsenstraat richting Postjesweg ,1,2022-04-07,542,9.92
Rembrandpark,52.364927,4.847599,Postjesweg richting Jan Evertsenstraat,Jan Evertsenstraat richting Postjesweg ,-1,2022-04-08,1677,11.3
Rembrandpark,52.364927,4.847599,Postjesweg richting Jan Evertsenstraat,Jan Evertsenstraat richting Postjesweg ,1,2022-04-08,666,10.22
Rembrandpark,52.364927,4.847599,Postjesweg richting Jan Evertsenstraat,Jan Evertsenstraat richting Postjesweg ,-1,2022-04-09,1069,10.65
Rembrandpark,52.364927,4.847599,Postjesweg richting Jan Evertsenstraat,Jan Evertsenstraat richting Postjesweg ,1,2022-04-09,368,9.96
Rembrandpark,52.364927,4.847599,Postjesweg richting Jan Evertsenstraat,Jan Evertsenstraat richting Postjesweg ,-1,2022-04-10,1203,10.51
Rembrandpark,52.364927,4.847599,Postjesweg richting Jan Evertsenstraat,Jan Evertsenstraat richting Postjesweg ,1,2022-04-10,390,9.88
Rembrandpark,52.364927,4.847599,Postjesweg richting Jan Evertsenstraat,Jan Evertsenstraat richting Postjesweg ,-1,2022-04-11,2676,14.08
Rembrandpark,52.364927,4.847599,Postjesweg richting Jan Evertsenstraat,Jan Evertsenstraat richting Postjesweg ,1,2022-04-11,1390,11.65
Rembrandpark,52.364927,4.847599,Postjesweg richting Jan Evertsenstraat,Jan Evertsenstraat richting Postjesweg ,-1,2022-04-12,3445,15.03
Rembrandpark,52.364927,4.847599,Postjesweg richting Jan Evertsenstraat,Jan Evertsenstraat richting Postjesweg ,1,2022-04-12,1872,12.13
Rembrandpark,52.364927,4.847599,Postjesweg richting Jan Evertsenstraat,Jan Evertsenstraat richting Postjesweg ,-1,2022-04-13,3253,14.71
Rembrandpark,52.364927,4.847599,Postjesweg richting Jan Evertsenstraat,Jan Evertsenstraat richting Postjesweg ,1,2022-04-13,1855,12.58
Rembrandpark,52.364927,4.847599,Postjesweg richting Jan Evertsenstraat,Jan Evertsenstraat richting Postjesweg ,-1,2022-04-14,3400,14.82
Rembrandpark,52.364927,4.847599,Postjesweg richting Jan Evertsenstraat,Jan Evertsenstraat richting Postjesweg ,1,2022-04-14,1978,12.94
Rembrandpark,52.364927,4.847599,Postjesweg richting Jan Evertsenstraat,Jan Evertsenstraat richting Postjesweg ,-1,2022-04-15,2576,14.49
Rembrandpark,52.364927,4.847599,Postjesweg richting Jan Evertsenstraat,Jan Evertsenstraat richting Postjesweg ,1,2022-04-15,1508,12.99
Rembrandpark,52.364927,4.847599,Postjesweg richting Jan Evertsenstraat,Jan Evertsenstraat richting Postjesweg ,-1,2022-04-16,2392,14.49
Rembrandpark,52.364927,4.847599,Postjesweg richting Jan Evertsenstraat,Jan Evertsenstraat richting Postjesweg ,1,2022-04-16,1226,12.62
Rembrandpark,52.364927,4.847599,Postjesweg richting Jan Evertsenstraat,Jan Evertsenstraat richting Postjesweg ,-1,2022-04-17,2153,14.55
Rembrandpark,52.364927,4.847599,Postjesweg richting Jan Evertsenstraat,Jan Evertsenstraat richting Postjesweg ,1,2022-04-17,932,12.43
Rembrandpark,52.364927,4.847599,Postjesweg richting Jan Evertsenstraat,Jan Evertsenstraat richting Postjesweg ,-1,2022-04-18,2211,14.46
Rembrandpark,52.364927,4.847599,Postjesweg richting Jan Evertsenstraat,Jan Evertsenstraat richting Postjesweg ,1,2022-04-18,1179,12.26
Rembrandpark,52.364927,4.847599,Postjesweg richting Jan Evertsenstraat,Jan Evertsenstraat richting Postjesweg ,-1,2022-04-19,3353,14.46
Rembrandpark,52.364927,4.847599,Postjesweg richting Jan Evertsenstraat,Jan Evertsenstraat richting Postjesweg ,1,2022-04-19,1949,12.93
Rembrandpark,52.364927,4.847599,Postjesweg richting Jan Evertsenstraat,Jan Evertsenstraat richting Postjesweg ,-1,2022-04-20,3667,14.23
Rembrandpark,52.364927,4.847599,Postjesweg richting Jan Evertsenstraat,Jan Evertsenstraat richting Postjesweg ,1,2022-04-20,1995,13.06
Rembrandpark,52.364927,4.847599,Postjesweg richting Jan Evertsenstraat,Jan Evertsenstraat richting Postjesweg ,-1,2022-04-21,3478,14.26
Rembrandpark,52.364927,4.847599,Postjesweg richting Jan Evertsenstraat,Jan Evertsenstraat richting Postjesweg ,1,2022-04-21,1956,12.91
Rembrandpark,52.364927,4.847599,Postjesweg richting Jan Evertsenstraat,Jan Evertsenstraat richting Postjesweg ,-1,2022-04-22,3139,14.52
Rembrandpark,52.364927,4.847599,Postjesweg richting Jan Evertsenstraat,Jan Evertsenstraat richting Postjesweg ,1,2022-04-22,1894,13.01
Rembrandpark,52.364927,4.847599,Postjesweg richting Jan Evertsenstraat,Jan Evertsenstraat richting Postjesweg ,-1,2022-04-23,2667,14.22
Rembrandpark,52.364927,4.847599,Postjesweg richting Jan Evertsenstraat,Jan Evertsenstraat richting Postjesweg ,1,2022-04-23,1314,12.98
Rembrandpark,52.364927,4.847599,Postjesweg richting Jan Evertsenstraat,Jan Evertsenstraat richting Postjesweg ,-1,2022-04-24,2223,13.71
Rembrandpark,52.364927,4.847599,Postjesweg richting Jan Evertsenstraat,Jan Evertsenstraat richting Postjesweg ,1,2022-04-24,1090,12.72
Rembrandpark,52.364927,4.847599,Postjesweg richting Jan Evertsenstraat,Jan Evertsenstraat richting Postjesweg ,-1,2022-04-25,2123,14.58
Rembrandpark,52.364927,4.847599,Postjesweg richting Jan Evertsenstraat,Jan Evertsenstraat richting Postjesweg ,1,2022-04-25,1315,13.36
Rembrandpark,52.364927,4.847599,Postjesweg richting Jan Evertsenstraat,Jan Evertsenstraat richting Postjesweg ,-1,2022-04-26,3053,14.53
Rembrandpark,52.364927,4.847599,Postjesweg richting Jan Evertsenstraat,Jan Evertsenstraat richting Postjesweg ,1,2022-04-26,1755,13.32
Rembrandpark,52.364927,4.847599,Postjesweg richting Jan Evertsenstraat,Jan Evertsenstraat richting Postjesweg ,-1,2022-04-27,2222,14.08
Rembrandpark,52.364927,4.847599,Postjesweg richting Jan Evertsenstraat,Jan Evertsenstraat richting Postjesweg ,1,2022-04-27,1298,12.95
Rembrandpark,52.364927,4.847599,Postjesweg richting Jan Evertsenstraat,Jan Evertsenstraat richting Postjesweg ,-1,2022-04-28,2439,14.37
Rembrandpark,52.364927,4.847599,Postjesweg richting Jan Evertsenstraat,Jan Evertsenstraat richting Postjesweg ,1,2022-04-28,1430,13.11
Rembrandpark,52.364927,4.847599,Postjesweg richting Jan Evertsenstraat,Jan Evertsenstraat richting Postjesweg ,-1,2022-04-29,2272,14.24
Rembrandpark,52.364927,4.847599,Postjesweg richting Jan Evertsenstraat,Jan Evertsenstraat richting Postjesweg ,1,2022-04-29,1358,13.27
Rembrandpark,52.364927,4.847599,Postjesweg richting Jan Evertsenstraat,Jan Evertsenstraat richting Postjesweg ,-1,2022-04-30,2052,14.65
Rembrandpark,52.364927,4.847599,Postjesweg richting Jan Evertsenstraat,Jan Evertsenstraat richting Postjesweg ,1,2022-04-30,1081,13.36
Rembrandpark,52.364927,4.847599,Postjesweg richting Jan Evertsenstraat,Jan Evertsenstraat richting Postjesweg ,-1,2022-05-01,2047,14.13
Rembrandpark,52.364927,4.847599,Postjesweg richting Jan Evertsenstraat,Jan Evertsenstraat richting Postjesweg ,1,2022-05-01,980,12.8
Rembrandpark,52.364927,4.847599,Postjesweg richting Jan Evertsenstraat,Jan Evertsenstraat richting Postjesweg ,-1,2022-05-02,2684,14.35
Rembrandpark,52.364927,4.847599,Postjesweg richting Jan Evertsenstraat,Jan Evertsenstraat richting Postjesweg ,1,2022-05-02,1487,12.97
Rembrandpark,52.364927,4.847599,Postjesweg richting Jan Evertsenstraat,Jan Evertsenstraat richting Postjesweg ,-1,2022-05-03,2498,14.74
Rembrandpark,52.364927,4.847599,Postjesweg richting Jan Evertsenstraat,Jan Evertsenstraat richting Postjesweg ,1,2022-05-03,1473,13.23
Rembrandpark,52.364927,4.847599,Postjesweg richting Jan Evertsenstraat,Jan Evertsenstraat richting Postjesweg ,-1,2022-05-04,2743,14.82
Rembrandpark,52.364927,4.847599,Postjesweg richting Jan Evertsenstraat,Jan Evertsenstraat richting Postjesweg ,1,2022-05-04,1590,13.02
Rembrandpark,52.364927,4.847599,Postjesweg richting Jan Evertsenstraat,Jan Evertsenstraat richting Postjesweg ,-1,2022-05-05,2282,14.62
Rembrandpark,52.364927,4.847599,Postjesweg richting Jan Evertsenstraat,Jan Evertsenstraat richting Postjesweg ,1,2022-05-05,1290,13.35
Rembrandpark,52.364927,4.847599,Postjesweg richting Jan Evertsenstraat,Jan Evertsenstraat richting Postjesweg ,-1,2022-05-06,0,
Rembrandpark,52.364927,4.847599,Postjesweg richting Jan Evertsenstraat,Jan Evertsenstraat richting Postjesweg ,1,2022-05-06,0,
Rembrandpark,52.364927,4.847599,Postjesweg richting Jan Evertsenstraat,Jan Evertsenstraat richting Postjesweg ,-1,2022-05-07,0,
Rembrandpark,52.364927,4.847599,Postjesweg richting Jan Evertsenstraat,Jan Evertsenstraat richting Postjesweg ,1,2022-05-07,0,
Rembrandpark,52.364927,4.847599,Postjesweg richting Jan Evertsenstraat,Jan Evertsenstraat richting Postjesweg ,-1,2022-05-08,0,
Rembrandpark,52.364927,4.847599,Postjesweg richting Jan Evertsenstraat,Jan Evertsenstraat richting Postjesweg ,1,2022-05-08,0,
Rembrandpark,52.364927,4.847599,Postjesweg richting Jan Evertsenstraat,Jan Evertsenstraat richting Postjesweg ,-1,2022-05-09,0,
Rembrandpark,52.364927,4.847599,Postjesweg richting Jan Evertsenstraat,Jan Evertsenstraat richting Postjesweg ,1,2022-05-09,0,
Rembrandpark,52.364927,4.847599,Postjesweg richting Jan Evertsenstraat,Jan Evertsenstraat richting Postjesweg ,-1,2022-05-10,0,
Rembrandpark,52.364927,4.847599,Postjesweg richting Jan Evertsenstraat,Jan Evertsenstraat richting Postjesweg ,1,2022-05-10,0,
Rembrandpark,52.364927,4.847599,Postjesweg richting Jan Evertsenstraat,Jan Evertsenstraat richting Postjesweg ,-1,2022-05-11,0,
Rembrandpark,52.364927,4.847599,Postjesweg richting Jan Evertsenstraat,Jan Evertsenstraat richting Postjesweg ,1,2022-05-11,0,
Rembrandpark,52.364927,4.847599,Postjesweg richting Jan Evertsenstraat,Jan Evertsenstraat richting Postjesweg ,-1,2022-05-12,2386,15.01
Rembrandpark,52.364927,4.847599,Postjesweg richting Jan Evertsenstraat,Jan Evertsenstraat richting Postjesweg ,1,2022-05-12,1164,13.09
Rembrandpark,52.364927,4.847599,Postjesweg richting Jan Evertsenstraat,Jan Evertsenstraat richting Postjesweg ,-1,2022-05-13,3272,15.07
Rembrandpark,52.364927,4.847599,Postjesweg richting Jan Evertsenstraat,Jan Evertsenstraat richting Postjesweg ,1,2022-05-13,2004,13.0
Rembrandpark,52.364927,4.847599,Postjesweg richting Jan Evertsenstraat,Jan Evertsenstraat richting Postjesweg ,-1,2022-05-14,3063,14.7
Rembrandpark,52.364927,4.847599,Postjesweg richting Jan Evertsenstraat,Jan Evertsenstraat richting Postjesweg ,1,2022-05-14,1495,13.21
Rembrandpark,52.364927,4.847599,Postjesweg richting Jan Evertsenstraat,Jan Evertsenstraat richting Postjesweg ,-1,2022-05-15,3095,14.18
Rembrandpark,52.364927,4.847599,Postjesweg richting Jan Evertsenstraat,Jan Evertsenstraat richting Postjesweg ,1,2022-05-15,1517,12.86
Rembrandpark,52.364927,4.847599,Postjesweg richting Jan Evertsenstraat,Jan Evertsenstraat richting Postjesweg ,-1,2022-05-16,3335,15.1
Rembrandpark,52.364927,4.847599,Postjesweg richting Jan Evertsenstraat,Jan Evertsenstraat richting Postjesweg ,1,2022-05-16,2095,13.01
Rembrandpark,52.364927,4.847599,Postjesweg richting Jan Evertsenstraat,Jan Evertsenstraat richting Postjesweg ,-1,2022-05-17,3860,15.09
Rembrandpark,52.364927,4.847599,Postjesweg richting Jan Evertsenstraat,Jan Evertsenstraat richting Postjesweg ,1,2022-05-17,2331,13.35
Rembrandpark,52.364927,4.847599,Postjesweg richting Jan Evertsenstraat,Jan Evertsenstraat richting Postjesweg ,-1,2022-05-18,4056,15.16
Rembrandpark,52.364927,4.847599,Postjesweg richting Jan Evertsenstraat,Jan Evertsenstraat richting Postjesweg ,1,2022-05-18,2528,13.26
Rembrandpark,52.364927,4.847599,Postjesweg richting Jan Evertsenstraat,Jan Evertsenstraat richting Postjesweg ,-1,2022-05-19,3210,14.87
Rembrandpark,52.364927,4.847599,Postjesweg richting Jan Evertsenstraat,Jan Evertsenstraat richting Postjesweg ,1,2022-05-19,2032,13.03
Rembrandpark,52.364927,4.847599,Postjesweg richting Jan Evertsenstraat,Jan Evertsenstraat richting Postjesweg ,-1,2022-05-20,2728,15.44
Rembrandpark,52.364927,4.847599,Postjesweg richting Jan Evertsenstraat,Jan Evertsenstraat richting Postjesweg ,1,2022-05-20,1732,13.43
Rembrandpark,52.364927,4.847599,Postjesweg richting Jan Evertsenstraat,Jan Evertsenstraat richting Postjesweg ,-1,2022-05-21,2702,14.74
Rembrandpark,52.364927,4.847599,Postjesweg richting Jan Evertsenstraat,Jan Evertsenstraat richting Postjesweg ,1,2022-05-21,1449,13.05
Rembrandpark,52.364927,4.847599,Postjesweg richting Jan Evertsenstraat,Jan Evertsenstraat richting Postjesweg ,-1,2022-05-22,2817,14.77
Rembrandpark,52.364927,4.847599,Postjesweg richting Jan Evertsenstraat,Jan Evertsenstraat richting Postjesweg ,1,2022-05-22,1357,12.9
Rembrandpark,52.364927,4.847599,Postjesweg richting Jan Evertsenstraat,Jan Evertsenstraat richting Postjesweg ,-1,2022-05-23,2653,15.39
Rembrandpark,52.364927,4.847599,Postjesweg richting Jan Evertsenstraat,Jan Evertsenstraat richting Postjesweg ,1,2022-05-23,1744,13.38
Rembrandpark,52.364927,4.847599,Postjesweg richting Jan Evertsenstraat,Jan Evertsenstraat richting Postjesweg ,-1,2022-05-24,3299,14.95
Rembrandpark,52.364927,4.847599,Postjesweg richting Jan Evertsenstraat,Jan Evertsenstraat richting Postjesweg ,1,2022-05-24,2007,12.93
Rembrandpark,52.364927,4.847599,Postjesweg richting Jan Evertsenstraat,Jan Evertsenstraat richting Postjesweg ,-1,2022-05-25,3450,16.13
Rembrandpark,52.364927,4.847599,Postjesweg richting Jan Evertsenstraat,Jan Evertsenstraat richting Postjesweg ,1,2022-05-25,2681,14.5
Rembrandpark,52.364927,4.847599,Postjesweg richting Jan Evertsenstraat,Jan Evertsenstraat richting Postjesweg ,-1,2022-05-26,3810,15.35
Rembrandpark,52.364927,4.847599,Postjesweg richting Jan Evertsenstraat,Jan Evertsenstraat richting Postjesweg ,1,2022-05-26,3099,14.59
Rembrandpark,52.364927,4.847599,Postjesweg richting Jan Evertsenstraat,Jan Evertsenstraat richting Postjesweg ,-1,2022-05-27,3906,15.77
Rembrandpark,52.364927,4.847599,Postjesweg richting Jan Evertsenstraat,Jan Evertsenstraat richting Postjesweg ,1,2022-05-27,3087,15.15
Rembrandpark,52.364927,4.847599,Postjesweg richting Jan Evertsenstraat,Jan Evertsenstraat richting Postjesweg ,-1,2022-05-28,4116,14.96
Rembrandpark,52.364927,4.847599,Postjesweg richting Jan Evertsenstraat,Jan Evertsenstraat richting Postjesweg ,1,2022-05-28,3339,15.15
Rembrandpark,52.364927,4.847599,Postjesweg richting Jan Evertsenstraat,Jan Evertsenstraat richting Postjesweg ,-1,2022-05-29,2572,15.35
Rembrandpark,52.364927,4.847599,Postjesweg richting Jan Evertsenstraat,Jan Evertsenstraat richting Postjesweg ,1,2022-05-29,2002,15.68
Rembrandpark,52.364927,4.847599,Postjesweg richting Jan Evertsenstraat,Jan Evertsenstraat richting Postjesweg ,-1,2022-05-30,3578,16.87
Rembrandpark,52.364927,4.847599,Postjesweg richting Jan Evertsenstraat,Jan Evertsenstraat richting Postjesweg ,1,2022-05-30,2958,16.1
Rembrandpark,52.364927,4.847599,Postjesweg richting Jan Evertsenstraat,Jan Evertsenstraat richting Postjesweg ,-1,2022-05-31,4016,17.01
Rembrandpark,52.364927,4.847599,Postjesweg richting Jan Evertsenstraat,Jan Evertsenstraat richting Postjesweg ,1,2022-05-31,3349,16.28
Rembrandpark,52.364927,4.847599,Postjesweg richting Jan Evertsenstraat,Jan Evertsenstraat richting Postjesweg ,-1,2022-06-01,4303,16.84
Rembrandpark,52.364927,4.847599,Postjesweg richting Jan Evertsenstraat,Jan Evertsenstraat richting Postjesweg ,1,2022-06-01,3584,16.37
Rembrandpark,52.364927,4.847599,Postjesweg richting Jan Evertsenstraat,Jan Evertsenstraat richting Postjesweg ,-1,2022-06-02,4582,17.08
Rembrandpark,52.364927,4.847599,Postjesweg richting Jan Evertsenstraat,Jan Evertsenstraat richting Postjesweg ,1,2022-06-02,3834,16.78
Rembrandpark,52.364927,4.847599,Postjesweg richting Jan Evertsenstraat,Jan Evertsenstraat richting Postjesweg ,-1,2022-06-03,4389,16.36
Rembrandpark,52.364927,4.847599,Postjesweg richting Jan Evertsenstraat,Jan Evertsenstraat richting Postjesweg ,1,2022-06-03,3888,16.64
Rembrandpark,52.364927,4.847599,Postjesweg richting Jan Evertsenstraat,Jan Evertsenstraat richting Postjesweg ,-1,2022-06-04,3152,15.73
Rembrandpark,52.364927,4.847599,Postjesweg richting Jan Evertsenstraat,Jan Evertsenstraat richting Postjesweg ,1,2022-06-04,2628,16.16
Rembrandpark,52.364927,4.847599,Postjesweg richting Jan Evertsenstraat,Jan Evertsenstraat richting Postjesweg ,-1,2022-06-05,1697,16.14
Rembrandpark,52.364927,4.847599,Postjesweg richting Jan Evertsenstraat,Jan Evertsenstraat richting Postjesweg ,1,2022-06-05,1407,16.47
Rembrandpark,52.364927,4.847599,Postjesweg richting Jan Evertsenstraat,Jan Evertsenstraat richting Postjesweg ,-1,2022-06-06,1646,16.37
Rembrandpark,52.364927,4.847599,Postjesweg richting Jan Evertsenstraat,Jan Evertsenstraat richting Postjesweg ,1,2022-06-06,1416,15.65
Rembrandpark,52.364927,4.847599,Postjesweg richting Jan Evertsenstraat,Jan Evertsenstraat richting Postjesweg ,-1,2022-06-07,4486,16.87
Rembrandpark,52.364927,4.847599,Postjesweg richting Jan Evertsenstraat,Jan Evertsenstraat richting Postjesweg ,1,2022-06-07,3707,16.22
Rembrandpark,52.364927,4.847599,Postjesweg richting Jan Evertsenstraat,Jan Evertsenstraat richting Postjesweg ,-1,2022-06-08,3634,17.35
Rembrandpark,52.364927,4.847599,Postjesweg richting Jan Evertsenstraat,Jan Evertsenstraat richting Postjesweg ,1,2022-06-08,3248,16.42
Rembrandpark,52.364927,4.847599,Postjesweg richting Jan Evertsenstraat,Jan Evertsenstraat richting Postjesweg ,-1,2022-06-09,4816,17.0
Rembrandpark,52.364927,4.847599,Postjesweg richting Jan Evertsenstraat,Jan Evertsenstraat richting Postjesweg ,1,2022-06-09,4197,16.5
Rembrandpark,52.364927,4.847599,Postjesweg richting Jan Evertsenstraat,Jan Evertsenstraat richting Postjesweg ,-1,2022-06-10,4224,17.2
Rembrandpark,52.364927,4.847599,Postjesweg richting Jan Evertsenstraat,Jan Evertsenstraat richting Postjesweg ,1,2022-06-10,3760,16.19
Rembrandpark,52.364927,4.847599,Postjesweg richting Jan Evertsenstraat,Jan Evertsenstraat richting Postjesweg ,-1,2022-06-11,4052,16.35
Rembrandpark,52.364927,4.847599,Postjesweg richting Jan Evertsenstraat,Jan Evertsenstraat richting Postjesweg ,1,2022-06-11,3390,15.72
Rembrandpark,52.364927,4.847599,Postjesweg richting Jan Evertsenstraat,Jan Evertsenstraat richting Postjesweg ,-1,2022-06-12,3344,16.02
Rembrandpark,52.364927,4.847599,Postjesweg richting Jan Evertsenstraat,Jan Evertsenstraat richting Postjesweg ,1,2022-06-12,2943,15.88
Rembrandpark,52.364927,4.847599,Postjesweg richting Jan Evertsenstraat,Jan Evertsenstraat richting Postjesweg ,-1,2022-06-13,4354,16.87
Rembrandpark,52.364927,4.847599,Postjesweg richting Jan Evertsenstraat,Jan Evertsenstraat richting Postjesweg ,1,2022-06-13,3765,16.68
Rembrandpark,52.364927,4.847599,Postjesweg richting Jan Evertsenstraat,Jan Evertsenstraat richting Postjesweg ,-1,2022-06-14,4780,17.12
Rembrandpark,52.364927,4.847599,Postjesweg richting Jan Evertsenstraat,Jan Evertsenstraat richting Postjesweg ,1,2022-06-14,4145,16.73
Rembrandpark,52.364927,4.847599,Postjesweg richting Jan Evertsenstraat,Jan Evertsenstraat richting Postjesweg ,-1,2022-06-15,5268,16.74
Rembrandpark,52.364927,4.847599,Postjesweg richting Jan Evertsenstraat,Jan Evertsenstraat richting Postjesweg ,1,2022-06-15,4491,16.82
Rembrandpark,52.364927,4.847599,Postjesweg richting Jan Evertsenstraat,Jan Evertsenstraat richting Postjesweg ,-1,2022-06-16,5152,17.22
Rembrandpark,52.364927,4.847599,Postjesweg richting Jan Evertsenstraat,Jan Evertsenstraat richting Postjesweg ,1,2022-06-16,4536,16.74
Rembrandpark,52.364927,4.847599,Postjesweg richting Jan Evertsenstraat,Jan Evertsenstraat richting Postjesweg ,-1,2022-06-17,4970,17.27
Rembrandpark,52.364927,4.847599,Postjesweg richting Jan Evertsenstraat,Jan Evertsenstraat richting Postjesweg ,1,2022-06-17,4356,16.17
Rembrandpark,52.364927,4.847599,Postjesweg richting Jan Evertsenstraat,Jan Evertsenstraat richting Postjesweg ,-1,2022-06-18,4214,16.13
Rembrandpark,52.364927,4.847599,Postjesweg richting Jan Evertsenstraat,Jan Evertsenstraat richting Postjesweg ,1,2022-06-18,3470,16.45
Rembrandpark,52.364927,4.847599,Postjesweg richting Jan Evertsenstraat,Jan Evertsenstraat richting Postjesweg ,-1,2022-06-19,2475,16.09
Rembrandpark,52.364927,4.847599,Postjesweg richting Jan Evertsenstraat,Jan Evertsenstraat richting Postjesweg ,1,2022-06-19,2241,16.51
Rembrandpark,52.364927,4.847599,Postjesweg richting Jan Evertsenstraat,Jan Evertsenstraat richting Postjesweg ,-1,2022-06-20,4046,16.84
Rembrandpark,52.364927,4.847599,Postjesweg richting Jan Evertsenstraat,Jan Evertsenstraat richting Postjesweg ,1,2022-06-20,3708,17.07
Rembrandpark,52.364927,4.847599,Postjesweg richting Jan Evertsenstraat,Jan Evertsenstraat richting Postjesweg ,-1,2022-06-21,0,
Rembrandpark,52.364927,4.847599,Postjesweg richting Jan Evertsenstraat,Jan Evertsenstraat richting Postjesweg ,1,2022-06-21,0,
Rembrandpark,52.364927,4.847599,Postjesweg richting Jan Evertsenstraat,Jan Evertsenstraat richting Postjesweg ,-1,2022-06-22,0,
Rembrandpark,52.364927,4.847599,Postjesweg richting Jan Evertsenstraat,Jan Evertsenstraat richting Postjesweg ,1,2022-06-22,0,
Rembrandpark,52.364927,4.847599,Postjesweg richting Jan Evertsenstraat,Jan Evertsenstraat richting Postjesweg ,-1,2022-06-23,0,
Rembrandpark,52.364927,4.847599,Postjesweg richting Jan Evertsenstraat,Jan Evertsenstraat richting Postjesweg ,1,2022-06-23,0,
Rembrandpark,52.364927,4.847599,Postjesweg richting Jan Evertsenstraat,Jan Evertsenstraat richting Postjesweg ,-1,2022-06-24,0,
Rembrandpark,52.364927,4.847599,Postjesweg richting Jan Evertsenstraat,Jan Evertsenstraat richting Postjesweg ,1,2022-06-24,0,
Rembrandpark,52.364927,4.847599,Postjesweg richting Jan Evertsenstraat,Jan Evertsenstraat richting Postjesweg ,-1,2022-06-25,0,
Rembrandpark,52.364927,4.847599,Postjesweg richting Jan Evertsenstraat,Jan Evertsenstraat richting Postjesweg ,1,2022-06-25,0,
Rembrandpark,52.364927,4.847599,Postjesweg richting Jan Evertsenstraat,Jan Evertsenstraat richting Postjesweg ,-1,2022-06-26,0,
Rembrandpark,52.364927,4.847599,Postjesweg richting Jan Evertsenstraat,Jan Evertsenstraat richting Postjesweg ,1,2022-06-26,0,
Rembrandpark,52.364927,4.847599,Postjesweg richting Jan Evertsenstraat,Jan Evertsenstraat richting Postjesweg ,-1,2022-06-27,0,
Rembrandpark,52.364927,4.847599,Postjesweg richting Jan Evertsenstraat,Jan Evertsenstraat richting Postjesweg ,1,2022-06-27,0,
Rembrandpark,52.364927,4.847599,Postjesweg richting Jan Evertsenstraat,Jan Evertsenstraat richting Postjesweg ,-1,2022-06-28,0,
Rembrandpark,52.364927,4.847599,Postjesweg richting Jan Evertsenstraat,Jan Evertsenstraat richting Postjesweg ,1,2022-06-28,0,
Rembrandpark,52.364927,4.847599,Postjesweg richting Jan Evertsenstraat,Jan Evertsenstraat richting Postjesweg ,-1,2022-06-29,0,
Rembrandpark,52.364927,4.847599,Postjesweg richting Jan Evertsenstraat,Jan Evertsenstraat richting Postjesweg ,1,2022-06-29,0,
Rembrandpark,52.364927,4.847599,Postjesweg richting Jan Evertsenstraat,Jan Evertsenstraat richting Postjesweg ,-1,2022-06-30,0,
Rembrandpark,52.364927,4.847599,Postjesweg richting Jan Evertsenstraat,Jan Evertsenstraat richting Postjesweg ,1,2022-06-30,0,
Rembrandpark,52.364927,4.847599,Postjesweg richting Jan Evertsenstraat,Jan Evertsenstraat richting Postjesweg ,-1,2022-07-01,0,
Rembrandpark,52.364927,4.847599,Postjesweg richting Jan Evertsenstraat,Jan Evertsenstraat richting Postjesweg ,1,2022-07-01,0,
Rembrandpark,52.364927,4.847599,Postjesweg richting Jan Evertsenstraat,Jan Evertsenstraat richting Postjesweg ,-1,2022-07-02,0,
Rembrandpark,52.364927,4.847599,Postjesweg richting Jan Evertsenstraat,Jan Evertsenstraat richting Postjesweg ,1,2022-07-02,0,
Rembrandpark,52.364927,4.847599,Postjesweg richting Jan Evertsenstraat,Jan Evertsenstraat richting Postjesweg ,-1,2022-07-03,0,
Rembrandpark,52.364927,4.847599,Postjesweg richting Jan Evertsenstraat,Jan Evertsenstraat richting Postjesweg ,1,2022-07-03,0,
Rembrandpark,52.364927,4.847599,Postjesweg richting Jan Evertsenstraat,Jan Evertsenstraat richting Postjesweg ,-1,2022-07-04,0,
Rembrandpark,52.364927,4.847599,Postjesweg richting Jan Evertsenstraat,Jan Evertsenstraat richting Postjesweg ,1,2022-07-04,0,
Rembrandpark,52.364927,4.847599,Postjesweg richting Jan Evertsenstraat,Jan Evertsenstraat richting Postjesweg ,-1,2022-07-05,0,
Rembrandpark,52.364927,4.847599,Postjesweg richting Jan Evertsenstraat,Jan Evertsenstraat richting Postjesweg ,1,2022-07-05,0,
Rembrandpark,52.364927,4.847599,Postjesweg richting Jan Evertsenstraat,Jan Evertsenstraat richting Postjesweg ,-1,2022-07-06,0,
Rembrandpark,52.364927,4.847599,Postjesweg richting Jan Evertsenstraat,Jan Evertsenstraat richting Postjesweg ,1,2022-07-06,0,
Rembrandpark,52.364927,4.847599,Postjesweg richting Jan Evertsenstraat,Jan Evertsenstraat richting Postjesweg ,-1,2022-07-07,0,
Rembrandpark,52.364927,4.847599,Postjesweg richting Jan Evertsenstraat,Jan Evertsenstraat richting Postjesweg ,1,2022-07-07,0,
Rembrandpark,52.364927,4.847599,Postjesweg richting Jan Evertsenstraat,Jan Evertsenstraat richting Postjesweg ,-1,2022-07-08,0,
Rembrandpark,52.364927,4.847599,Postjesweg richting Jan Evertsenstraat,Jan Evertsenstraat richting Postjesweg ,1,2022-07-08,0,
Rembrandpark,52.364927,4.847599,Postjesweg richting Jan Evertsenstraat,Jan Evertsenstraat richting Postjesweg ,-1,2022-07-09,0,
Rembrandpark,52.364927,4.847599,Postjesweg richting Jan Evertsenstraat,Jan Evertsenstraat richting Postjesweg ,1,2022-07-09,0,
Rembrandpark,52.364927,4.847599,Postjesweg richting Jan Evertsenstraat,Jan Evertsenstraat richting Postjesweg ,-1,2022-07-10,0,
Rembrandpark,52.364927,4.847599,Postjesweg richting Jan Evertsenstraat,Jan Evertsenstraat richting Postjesweg ,1,2022-07-10,0,
Rembrandpark,52.364927,4.847599,Postjesweg richting Jan Evertsenstraat,Jan Evertsenstraat richting Postjesweg ,-1,2022-07-11,0,
Rembrandpark,52.364927,4.847599,Postjesweg richting Jan Evertsenstraat,Jan Evertsenstraat richting Postjesweg ,1,2022-07-11,0,
Rembrandpark,52.364927,4.847599,Postjesweg richting Jan Evertsenstraat,Jan Evertsenstraat richting Postjesweg ,-1,2022-07-12,0,
Rembrandpark,52.364927,4.847599,Postjesweg richting Jan Evertsenstraat,Jan Evertsenstraat richting Postjesweg ,1,2022-07-12,0,
Rembrandpark,52.364927,4.847599,Postjesweg richting Jan Evertsenstraat,Jan Evertsenstraat richting Postjesweg ,-1,2022-07-13,0,
Rembrandpark,52.364927,4.847599,Postjesweg richting Jan Evertsenstraat,Jan Evertsenstraat richting Postjesweg ,1,2022-07-13,0,
Rembrandpark,52.364927,4.847599,Postjesweg richting Jan Evertsenstraat,Jan Evertsenstraat richting Postjesweg ,-1,2022-07-14,0,
Rembrandpark,52.364927,4.847599,Postjesweg richting Jan Evertsenstraat,Jan Evertsenstraat richting Postjesweg ,1,2022-07-14,0,
Rembrandpark,52.364927,4.847599,Postjesweg richting Jan Evertsenstraat,Jan Evertsenstraat richting Postjesweg ,-1,2022-07-15,0,
Rembrandpark,52.364927,4.847599,Postjesweg richting Jan Evertsenstraat,Jan Evertsenstraat richting Postjesweg ,1,2022-07-15,0,
Rembrandpark,52.364927,4.847599,Postjesweg richting Jan Evertsenstraat,Jan Evertsenstraat richting Postjesweg ,-1,2022-07-16,0,
Rembrandpark,52.364927,4.847599,Postjesweg richting Jan Evertsenstraat,Jan Evertsenstraat richting Postjesweg ,1,2022-07-16,0,
Rembrandpark,52.364927,4.847599,Postjesweg richting Jan Evertsenstraat,Jan Evertsenstraat richting Postjesweg ,-1,2022-07-17,0,
Rembrandpark,52.364927,4.847599,Postjesweg richting Jan Evertsenstraat,Jan Evertsenstraat richting Postjesweg ,1,2022-07-17,0,
Rembrandpark,52.364927,4.847599,Postjesweg richting Jan Evertsenstraat,Jan Evertsenstraat richting Postjesweg ,-1,2022-07-18,0,
Rembrandpark,52.364927,4.847599,Postjesweg richting Jan Evertsenstraat,Jan Evertsenstraat richting Postjesweg ,1,2022-07-18,0,
Rembrandpark,52.364927,4.847599,Postjesweg richting Jan Evertsenstraat,Jan Evertsenstraat richting Postjesweg ,-1,2022-07-19,0,
Rembrandpark,52.364927,4.847599,Postjesweg richting Jan Evertsenstraat,Jan Evertsenstraat richting Postjesweg ,1,2022-07-19,0,
Rembrandpark,52.364927,4.847599,Postjesweg richting Jan Evertsenstraat,Jan Evertsenstraat richting Postjesweg ,-1,2022-07-20,0,
Rembrandpark,52.364927,4.847599,Postjesweg richting Jan Evertsenstraat,Jan Evertsenstraat richting Postjesweg ,1,2022-07-20,0,
Rembrandpark,52.364927,4.847599,Postjesweg richting Jan Evertsenstraat,Jan Evertsenstraat richting Postjesweg ,-1,2022-07-21,0,
Rembrandpark,52.364927,4.847599,Postjesweg richting Jan Evertsenstraat,Jan Evertsenstraat richting Postjesweg ,1,2022-07-21,0,
Rembrandpark,52.364927,4.847599,Postjesweg richting Jan Evertsenstraat,Jan Evertsenstraat richting Postjesweg ,-1,2022-07-22,0,
Rembrandpark,52.364927,4.847599,Postjesweg richting Jan Evertsenstraat,Jan Evertsenstraat richting Postjesweg ,1,2022-07-22,0,
Rembrandpark,52.364927,4.847599,Postjesweg richting Jan Evertsenstraat,Jan Evertsenstraat richting Postjesweg ,-1,2022-07-23,0,
Rembrandpark,52.364927,4.847599,Postjesweg richting Jan Evertsenstraat,Jan Evertsenstraat richting Postjesweg ,1,2022-07-23,0,
Rembrandpark,52.364927,4.847599,Postjesweg richting Jan Evertsenstraat,Jan Evertsenstraat richting Postjesweg ,-1,2022-07-24,0,
Rembrandpark,52.364927,4.847599,Postjesweg richting Jan Evertsenstraat,Jan Evertsenstraat richting Postjesweg ,1,2022-07-24,0,
Rembrandpark,52.364927,4.847599,Postjesweg richting Jan Evertsenstraat,Jan Evertsenstraat richting Postjesweg ,-1,2022-07-25,0,
Rembrandpark,52.364927,4.847599,Postjesweg richting Jan Evertsenstraat,Jan Evertsenstraat richting Postjesweg ,1,2022-07-25,0,
Rembrandpark,52.364927,4.847599,Postjesweg richting Jan Evertsenstraat,Jan Evertsenstraat richting Postjesweg ,-1,2022-07-26,0,
Rembrandpark,52.364927,4.847599,Postjesweg richting Jan Evertsenstraat,Jan Evertsenstraat richting Postjesweg ,1,2022-07-26,0,
Rembrandpark,52.364927,4.847599,Postjesweg richting Jan Evertsenstraat,Jan Evertsenstraat richting Postjesweg ,-1,2022-07-27,0,
Rembrandpark,52.364927,4.847599,Postjesweg richting Jan Evertsenstraat,Jan Evertsenstraat richting Postjesweg ,1,2022-07-27,0,
Rembrandpark,52.364927,4.847599,Postjesweg richting Jan Evertsenstraat,Jan Evertsenstraat richting Postjesweg ,-1,2022-07-28,0,
Rembrandpark,52.364927,4.847599,Postjesweg richting Jan Evertsenstraat,Jan Evertsenstraat richting Postjesweg ,1,2022-07-28,0,
Rembrandpark,52.364927,4.847599,Postjesweg richting Jan Evertsenstraat,Jan Evertsenstraat richting Postjesweg ,-1,2022-07-29,0,
Rembrandpark,52.364927,4.847599,Postjesweg richting Jan Evertsenstraat,Jan Evertsenstraat richting Postjesweg ,1,2022-07-29,0,
Rembrandpark,52.364927,4.847599,Postjesweg richting Jan Evertsenstraat,Jan Evertsenstraat richting Postjesweg ,-1,2022-07-30,0,
Rembrandpark,52.364927,4.847599,Postjesweg richting Jan Evertsenstraat,Jan Evertsenstraat richting Postjesweg ,1,2022-07-30,0,
Rembrandpark,52.364927,4.847599,Postjesweg richting Jan Evertsenstraat,Jan Evertsenstraat richting Postjesweg ,-1,2022-07-31,0,
Rembrandpark,52.364927,4.847599,Postjesweg richting Jan Evertsenstraat,Jan Evertsenstraat richting Postjesweg ,1,2022-07-31,0,
Rembrandpark,52.364927,4.847599,Postjesweg richting Jan Evertsenstraat,Jan Evertsenstraat richting Postjesweg ,-1,2022-08-01,0,
Rembrandpark,52.364927,4.847599,Postjesweg richting Jan Evertsenstraat,Jan Evertsenstraat richting Postjesweg ,1,2022-08-01,0,
Rembrandpark,52.364927,4.847599,Postjesweg richting Jan Evertsenstraat,Jan Evertsenstraat richting Postjesweg ,-1,2022-08-02,0,
Rembrandpark,52.364927,4.847599,Postjesweg richting Jan Evertsenstraat,Jan Evertsenstraat richting Postjesweg ,1,2022-08-02,0,
Rembrandpark,52.364927,4.847599,Postjesweg richting Jan Evertsenstraat,Jan Evertsenstraat richting Postjesweg ,-1,2022-08-03,0,
Rembrandpark,52.364927,4.847599,Postjesweg richting Jan Evertsenstraat,Jan Evertsenstraat richting Postjesweg ,1,2022-08-03,0,
Rembrandpark,52.364927,4.847599,Postjesweg richting Jan Evertsenstraat,Jan Evertsenstraat richting Postjesweg ,-1,2022-08-04,0,
Rembrandpark,52.364927,4.847599,Postjesweg richting Jan Evertsenstraat,Jan Evertsenstraat richting Postjesweg ,1,2022-08-04,0,
Rembrandpark,52.364927,4.847599,Postjesweg richting Jan Evertsenstraat,Jan Evertsenstraat richting Postjesweg ,-1,2022-08-05,0,
Rembrandpark,52.364927,4.847599,Postjesweg richting Jan Evertsenstraat,Jan Evertsenstraat richting Postjesweg ,1,2022-08-05,0,
Rembrandpark,52.364927,4.847599,Postjesweg richting Jan Evertsenstraat,Jan Evertsenstraat richting Postjesweg ,-1,2022-08-06,0,
Rembrandpark,52.364927,4.847599,Postjesweg richting Jan Evertsenstraat,Jan Evertsenstraat richting Postjesweg ,1,2022-08-06,0,
Rembrandpark,52.364927,4.847599,Postjesweg richting Jan Evertsenstraat,Jan Evertsenstraat richting Postjesweg ,-1,2022-08-07,0,
Rembrandpark,52.364927,4.847599,Postjesweg richting Jan Evertsenstraat,Jan Evertsenstraat richting Postjesweg ,1,2022-08-07,0,
Rembrandpark,52.364927,4.847599,Postjesweg richting Jan Evertsenstraat,Jan Evertsenstraat richting Postjesweg ,-1,2022-08-08,0,
Rembrandpark,52.364927,4.847599,Postjesweg richting Jan Evertsenstraat,Jan Evertsenstraat richting Postjesweg ,1,2022-08-08,0,
Rembrandpark,52.364927,4.847599,Postjesweg richting Jan Evertsenstraat,Jan Evertsenstraat richting Postjesweg ,-1,2022-08-09,0,
Rembrandpark,52.364927,4.847599,Postjesweg richting Jan Evertsenstraat,Jan Evertsenstraat richting Postjesweg ,1,2022-08-09,0,
Rembrandpark,52.364927,4.847599,Postjesweg richting Jan Evertsenstraat,Jan Evertsenstraat richting Postjesweg ,-1,2022-08-10,0,
Rembrandpark,52.364927,4.847599,Postjesweg richting Jan Evertsenstraat,Jan Evertsenstraat richting Postjesweg ,1,2022-08-10,0,
Rembrandpark,52.364927,4.847599,Postjesweg richting Jan Evertsenstraat,Jan Evertsenstraat richting Postjesweg ,-1,2022-08-11,0,
Rembrandpark,52.364927,4.847599,Postjesweg richting Jan Evertsenstraat,Jan Evertsenstraat richting Postjesweg ,1,2022-08-11,0,
Rembrandpark,52.364927,4.847599,Postjesweg richting Jan Evertsenstraat,Jan Evertsenstraat richting Postjesweg ,-1,2022-08-12,0,
Rembrandpark,52.364927,4.847599,Postjesweg richting Jan Evertsenstraat,Jan Evertsenstraat richting Postjesweg ,1,2022-08-12,0,
Rembrandpark,52.364927,4.847599,Postjesweg richting Jan Evertsenstraat,Jan Evertsenstraat richting Postjesweg ,-1,2022-08-13,0,
Rembrandpark,52.364927,4.847599,Postjesweg richting Jan Evertsenstraat,Jan Evertsenstraat richting Postjesweg ,1,2022-08-13,0,
Rembrandpark,52.364927,4.847599,Postjesweg richting Jan Evertsenstraat,Jan Evertsenstraat richting Postjesweg ,-1,2022-08-14,0,
Rembrandpark,52.364927,4.847599,Postjesweg richting Jan Evertsenstraat,Jan Evertsenstraat richting Postjesweg ,1,2022-08-14,0,
Rembrandpark,52.364927,4.847599,Postjesweg richting Jan Evertsenstraat,Jan Evertsenstraat richting Postjesweg ,-1,2022-08-15,0,
Rembrandpark,52.364927,4.847599,Postjesweg richting Jan Evertsenstraat,Jan Evertsenstraat richting Postjesweg ,1,2022-08-15,0,
Rembrandpark,52.364927,4.847599,Postjesweg richting Jan Evertsenstraat,Jan Evertsenstraat richting Postjesweg ,-1,2022-08-16,0,
Rembrandpark,52.364927,4.847599,Postjesweg richting Jan Evertsenstraat,Jan Evertsenstraat richting Postjesweg ,1,2022-08-16,0,
Rembrandpark,52.364927,4.847599,Postjesweg richting Jan Evertsenstraat,Jan Evertsenstraat richting Postjesweg ,-1,2022-08-17,0,
Rembrandpark,52.364927,4.847599,Postjesweg richting Jan Evertsenstraat,Jan Evertsenstraat richting Postjesweg ,1,2022-08-17,0,
Rembrandpark,52.364927,4.847599,Postjesweg richting Jan Evertsenstraat,Jan Evertsenstraat richting Postjesweg ,-1,2022-08-18,0,
Rembrandpark,52.364927,4.847599,Postjesweg richting Jan Evertsenstraat,Jan Evertsenstraat richting Postjesweg ,1,2022-08-18,0,
Rembrandpark,52.364927,4.847599,Postjesweg richting Jan Evertsenstraat,Jan Evertsenstraat richting Postjesweg ,-1,2022-08-19,0,
Rembrandpark,52.364927,4.847599,Postjesweg richting Jan Evertsenstraat,Jan Evertsenstraat richting Postjesweg ,1,2022-08-19,0,
Rembrandpark,52.364927,4.847599,Postjesweg richting Jan Evertsenstraat,Jan Evertsenstraat richting Postjesweg ,-1,2022-08-20,0,
Rembrandpark,52.364927,4.847599,Postjesweg richting Jan Evertsenstraat,Jan Evertsenstraat richting Postjesweg ,1,2022-08-20,0,
Rembrandpark,52.364927,4.847599,Postjesweg richting Jan Evertsenstraat,Jan Evertsenstraat richting Postjesweg ,-1,2022-08-21,0,
Rembrandpark,52.364927,4.847599,Postjesweg richting Jan Evertsenstraat,Jan Evertsenstraat richting Postjesweg ,1,2022-08-21,0,
Rembrandpark,52.364927,4.847599,Postjesweg richting Jan Evertsenstraat,Jan Evertsenstraat richting Postjesweg ,-1,2022-08-22,0,
Rembrandpark,52.364927,4.847599,Postjesweg richting Jan Evertsenstraat,Jan Evertsenstraat richting Postjesweg ,1,2022-08-22,0,
Rembrandpark,52.364927,4.847599,Postjesweg richting Jan Evertsenstraat,Jan Evertsenstraat richting Postjesweg ,-1,2022-08-23,0,
Rembrandpark,52.364927,4.847599,Postjesweg richting Jan Evertsenstraat,Jan Evertsenstraat richting Postjesweg ,1,2022-08-23,0,
Rembrandpark,52.364927,4.847599,Postjesweg richting Jan Evertsenstraat,Jan Evertsenstraat richting Postjesweg ,-1,2022-08-24,0,
Rembrandpark,52.364927,4.847599,Postjesweg richting Jan Evertsenstraat,Jan Evertsenstraat richting Postjesweg ,1,2022-08-24,0,
Rembrandpark,52.364927,4.847599,Postjesweg richting Jan Evertsenstraat,Jan Evertsenstraat richting Postjesweg ,-1,2022-08-25,0,
Rembrandpark,52.364927,4.847599,Postjesweg richting Jan Evertsenstraat,Jan Evertsenstraat richting Postjesweg ,1,2022-08-25,0,
Rembrandpark,52.364927,4.847599,Postjesweg richting Jan Evertsenstraat,Jan Evertsenstraat richting Postjesweg ,-1,2022-08-26,0,
Rembrandpark,52.364927,4.847599,Postjesweg richting Jan Evertsenstraat,Jan Evertsenstraat richting Postjesweg ,1,2022-08-26,0,
Rembrandpark,52.364927,4.847599,Postjesweg richting Jan Evertsenstraat,Jan Evertsenstraat richting Postjesweg ,-1,2022-08-27,0,
Rembrandpark,52.364927,4.847599,Postjesweg richting Jan Evertsenstraat,Jan Evertsenstraat richting Postjesweg ,1,2022-08-27,0,
Rembrandpark,52.364927,4.847599,Postjesweg richting Jan Evertsenstraat,Jan Evertsenstraat richting Postjesweg ,-1,2022-08-28,0,
Rembrandpark,52.364927,4.847599,Postjesweg richting Jan Evertsenstraat,Jan Evertsenstraat richting Postjesweg ,1,2022-08-28,0,
Rembrandpark,52.364927,4.847599,Postjesweg richting Jan Evertsenstraat,Jan Evertsenstraat richting Postjesweg ,-1,2022-08-29,0,
Rembrandpark,52.364927,4.847599,Postjesweg richting Jan Evertsenstraat,Jan Evertsenstraat richting Postjesweg ,1,2022-08-29,0,
Rembrandpark,52.364927,4.847599,Postjesweg richting Jan Evertsenstraat,Jan Evertsenstraat richting Postjesweg ,-1,2022-08-30,0,
Rembrandpark,52.364927,4.847599,Postjesweg richting Jan Evertsenstraat,Jan Evertsenstraat richting Postjesweg ,1,2022-08-30,0,
Rembrandpark,52.364927,4.847599,Postjesweg richting Jan Evertsenstraat,Jan Evertsenstraat richting Postjesweg ,-1,2022-08-31,0,
Rembrandpark,52.364927,4.847599,Postjesweg richting Jan Evertsenstraat,Jan Evertsenstraat richting Postjesweg ,1,2022-08-31,0,
Rembrandpark,52.364927,4.847599,Postjesweg richting Jan Evertsenstraat,Jan Evertsenstraat richting Postjesweg ,-1,2022-09-01,0,
Rembrandpark,52.364927,4.847599,Postjesweg richting Jan Evertsenstraat,Jan Evertsenstraat richting Postjesweg ,1,2022-09-01,0,
Rembrandpark,52.364927,4.847599,Postjesweg richting Jan Evertsenstraat,Jan Evertsenstraat richting Postjesweg ,-1,2022-09-02,0,
Rembrandpark,52.364927,4.847599,Postjesweg richting Jan Evertsenstraat,Jan Evertsenstraat richting Postjesweg ,1,2022-09-02,0,
Rembrandpark,52.364927,4.847599,Postjesweg richting Jan Evertsenstraat,Jan Evertsenstraat richting Postjesweg ,-1,2022-09-03,0,
Rembrandpark,52.364927,4.847599,Postjesweg richting Jan Evertsenstraat,Jan Evertsenstraat richting Postjesweg ,1,2022-09-03,0,
Rembrandpark,52.364927,4.847599,Postjesweg richting Jan Evertsenstraat,Jan Evertsenstraat richting Postjesweg ,-1,2022-09-04,0,
Rembrandpark,52.364927,4.847599,Postjesweg richting Jan Evertsenstraat,Jan Evertsenstraat richting Postjesweg ,1,2022-09-04,0,
Rembrandpark,52.364927,4.847599,Postjesweg richting Jan Evertsenstraat,Jan Evertsenstraat richting Postjesweg ,-1,2022-09-05,0,
Rembrandpark,52.364927,4.847599,Postjesweg richting Jan Evertsenstraat,Jan Evertsenstraat richting Postjesweg ,1,2022-09-05,0,
Rembrandpark,52.364927,4.847599,Postjesweg richting Jan Evertsenstraat,Jan Evertsenstraat richting Postjesweg ,-1,2022-09-06,0,
Rembrandpark,52.364927,4.847599,Postjesweg richting Jan Evertsenstraat,Jan Evertsenstraat richting Postjesweg ,1,2022-09-06,0,
Rembrandpark,52.364927,4.847599,Postjesweg richting Jan Evertsenstraat,Jan Evertsenstraat richting Postjesweg ,-1,2022-09-07,0,
Rembrandpark,52.364927,4.847599,Postjesweg richting Jan Evertsenstraat,Jan Evertsenstraat richting Postjesweg ,1,2022-09-07,0,
Rembrandpark,52.364927,4.847599,Postjesweg richting Jan Evertsenstraat,Jan Evertsenstraat richting Postjesweg ,-1,2022-09-08,0,
Rembrandpark,52.364927,4.847599,Postjesweg richting Jan Evertsenstraat,Jan Evertsenstraat richting Postjesweg ,1,2022-09-08,0,
Rembrandpark,52.364927,4.847599,Postjesweg richting Jan Evertsenstraat,Jan Evertsenstraat richting Postjesweg ,-1,2022-09-09,0,
Rembrandpark,52.364927,4.847599,Postjesweg richting Jan Evertsenstraat,Jan Evertsenstraat richting Postjesweg ,1,2022-09-09,0,
Rembrandpark,52.364927,4.847599,Postjesweg richting Jan Evertsenstraat,Jan Evertsenstraat richting Postjesweg ,-1,2022-09-10,0,
Rembrandpark,52.364927,4.847599,Postjesweg richting Jan Evertsenstraat,Jan Evertsenstraat richting Postjesweg ,1,2022-09-10,0,
Rembrandpark,52.364927,4.847599,Postjesweg richting Jan Evertsenstraat,Jan Evertsenstraat richting Postjesweg ,-1,2022-09-11,0,
Rembrandpark,52.364927,4.847599,Postjesweg richting Jan Evertsenstraat,Jan Evertsenstraat richting Postjesweg ,1,2022-09-11,0,
Rembrandpark,52.364927,4.847599,Postjesweg richting Jan Evertsenstraat,Jan Evertsenstraat richting Postjesweg ,-1,2022-09-12,0,
Rembrandpark,52.364927,4.847599,Postjesweg richting Jan Evertsenstraat,Jan Evertsenstraat richting Postjesweg ,1,2022-09-12,0,
Rembrandpark,52.364927,4.847599,Postjesweg richting Jan Evertsenstraat,Jan Evertsenstraat richting Postjesweg ,-1,2022-09-13,0,
Rembrandpark,52.364927,4.847599,Postjesweg richting Jan Evertsenstraat,Jan Evertsenstraat richting Postjesweg ,1,2022-09-13,0,
Rembrandpark,52.364927,4.847599,Postjesweg richting Jan Evertsenstraat,Jan Evertsenstraat richting Postjesweg ,-1,2022-09-14,0,
Rembrandpark,52.364927,4.847599,Postjesweg richting Jan Evertsenstraat,Jan Evertsenstraat richting Postjesweg ,1,2022-09-14,0,
Rembrandpark,52.364927,4.847599,Postjesweg richting Jan Evertsenstraat,Jan Evertsenstraat richting Postjesweg ,-1,2022-09-15,0,
Rembrandpark,52.364927,4.847599,Postjesweg richting Jan Evertsenstraat,Jan Evertsenstraat richting Postjesweg ,1,2022-09-15,0,
Rembrandpark,52.364927,4.847599,Postjesweg richting Jan Evertsenstraat,Jan Evertsenstraat richting Postjesweg ,-1,2022-09-16,0,
Rembrandpark,52.364927,4.847599,Postjesweg richting Jan Evertsenstraat,Jan Evertsenstraat richting Postjesweg ,1,2022-09-16,0,
Rembrandpark,52.364927,4.847599,Postjesweg richting Jan Evertsenstraat,Jan Evertsenstraat richting Postjesweg ,-1,2022-09-17,0,
Rembrandpark,52.364927,4.847599,Postjesweg richting Jan Evertsenstraat,Jan Evertsenstraat richting Postjesweg ,1,2022-09-17,0,
Rembrandpark,52.364927,4.847599,Postjesweg richting Jan Evertsenstraat,Jan Evertsenstraat richting Postjesweg ,-1,2022-09-18,0,
Rembrandpark,52.364927,4.847599,Postjesweg richting Jan Evertsenstraat,Jan Evertsenstraat richting Postjesweg ,1,2022-09-18,0,
Rembrandpark,52.364927,4.847599,Postjesweg richting Jan Evertsenstraat,Jan Evertsenstraat richting Postjesweg ,-1,2022-09-19,0,
Rembrandpark,52.364927,4.847599,Postjesweg richting Jan Evertsenstraat,Jan Evertsenstraat richting Postjesweg ,1,2022-09-19,0,
Rembrandpark,52.364927,4.847599,Postjesweg richting Jan Evertsenstraat,Jan Evertsenstraat richting Postjesweg ,-1,2022-09-20,0,
Rembrandpark,52.364927,4.847599,Postjesweg richting Jan Evertsenstraat,Jan Evertsenstraat richting Postjesweg ,1,2022-09-20,0,
Rembrandpark,52.364927,4.847599,Postjesweg richting Jan Evertsenstraat,Jan Evertsenstraat richting Postjesweg ,-1,2022-09-21,0,
Rembrandpark,52.364927,4.847599,Postjesweg richting Jan Evertsenstraat,Jan Evertsenstraat richting Postjesweg ,1,2022-09-21,0,
Rembrandpark,52.364927,4.847599,Postjesweg richting Jan Evertsenstraat,Jan Evertsenstraat richting Postjesweg ,-1,2022-09-22,0,
Rembrandpark,52.364927,4.847599,Postjesweg richting Jan Evertsenstraat,Jan Evertsenstraat richting Postjesweg ,1,2022-09-22,0,
Rembrandpark,52.364927,4.847599,Postjesweg richting Jan Evertsenstraat,Jan Evertsenstraat richting Postjesweg ,-1,2022-09-23,0,
Rembrandpark,52.364927,4.847599,Postjesweg richting Jan Evertsenstraat,Jan Evertsenstraat richting Postjesweg ,1,2022-09-23,0,
Rembrandpark,52.364927,4.847599,Postjesweg richting Jan Evertsenstraat,Jan Evertsenstraat richting Postjesweg ,-1,2022-09-24,0,
Rembrandpark,52.364927,4.847599,Postjesweg richting Jan Evertsenstraat,Jan Evertsenstraat richting Postjesweg ,1,2022-09-24,0,
Rembrandpark,52.364927,4.847599,Postjesweg richting Jan Evertsenstraat,Jan Evertsenstraat richting Postjesweg ,-1,2022-09-25,0,
Rembrandpark,52.364927,4.847599,Postjesweg richting Jan Evertsenstraat,Jan Evertsenstraat richting Postjesweg ,1,2022-09-25,0,
Rembrandpark,52.364927,4.847599,Postjesweg richting Jan Evertsenstraat,Jan Evertsenstraat richting Postjesweg ,-1,2022-09-26,0,
Rembrandpark,52.364927,4.847599,Postjesweg richting Jan Evertsenstraat,Jan Evertsenstraat richting Postjesweg ,1,2022-09-26,0,
Rembrandpark,52.364927,4.847599,Postjesweg richting Jan Evertsenstraat,Jan Evertsenstraat richting Postjesweg ,-1,2022-09-27,0,
Rembrandpark,52.364927,4.847599,Postjesweg richting Jan Evertsenstraat,Jan Evertsenstraat richting Postjesweg ,1,2022-09-27,0,
Rembrandpark,52.364927,4.847599,Postjesweg richting Jan Evertsenstraat,Jan Evertsenstraat richting Postjesweg ,-1,2022-09-28,0,
Rembrandpark,52.364927,4.847599,Postjesweg richting Jan Evertsenstraat,Jan Evertsenstraat richting Postjesweg ,1,2022-09-28,0,
Rembrandpark,52.364927,4.847599,Postjesweg richting Jan Evertsenstraat,Jan Evertsenstraat richting Postjesweg ,-1,2022-09-29,0,
Rembrandpark,52.364927,4.847599,Postjesweg richting Jan Evertsenstraat,Jan Evertsenstraat richting Postjesweg ,1,2022-09-29,0,
Rembrandpark,52.364927,4.847599,Postjesweg richting Jan Evertsenstraat,Jan Evertsenstraat richting Postjesweg ,-1,2022-09-30,0,
Rembrandpark,52.364927,4.847599,Postjesweg richting Jan Evertsenstraat,Jan Evertsenstraat richting Postjesweg ,1,2022-09-30,0,
Rembrandpark,52.364927,4.847599,Postjesweg richting Jan Evertsenstraat,Jan Evertsenstraat richting Postjesweg ,-1,2022-10-01,0,
Rembrandpark,52.364927,4.847599,Postjesweg richting Jan Evertsenstraat,Jan Evertsenstraat richting Postjesweg ,1,2022-10-01,0,
Rembrandpark,52.364927,4.847599,Postjesweg richting Jan Evertsenstraat,Jan Evertsenstraat richting Postjesweg ,-1,2022-10-02,0,
Rembrandpark,52.364927,4.847599,Postjesweg richting Jan Evertsenstraat,Jan Evertsenstraat richting Postjesweg ,1,2022-10-02,0,
Rembrandpark,52.364927,4.847599,Postjesweg richting Jan Evertsenstraat,Jan Evertsenstraat richting Postjesweg ,-1,2022-10-03,0,
Rembrandpark,52.364927,4.847599,Postjesweg richting Jan Evertsenstraat,Jan Evertsenstraat richting Postjesweg ,1,2022-10-03,0,
Rembrandpark,52.364927,4.847599,Postjesweg richting Jan Evertsenstraat,Jan Evertsenstraat richting Postjesweg ,-1,2022-10-04,18,15.44
Rembrandpark,52.364927,4.847599,Postjesweg richting Jan Evertsenstraat,Jan Evertsenstraat richting Postjesweg ,1,2022-10-04,9,13.89
Rembrandpark,52.364927,4.847599,Postjesweg richting Jan Evertsenstraat,Jan Evertsenstraat richting Postjesweg ,-1,2022-10-05,12,20.0
Rembrandpark,52.364927,4.847599,Postjesweg richting Jan Evertsenstraat,Jan Evertsenstraat richting Postjesweg ,1,2022-10-05,13,14.46
Rembrandpark,52.364927,4.847599,Postjesweg richting Jan Evertsenstraat,Jan Evertsenstraat richting Postjesweg ,-1,2022-10-06,11,19.27
Rembrandpark,52.364927,4.847599,Postjesweg richting Jan Evertsenstraat,Jan Evertsenstraat richting Postjesweg ,1,2022-10-06,8,14.5
Rembrandpark,52.364927,4.847599,Postjesweg richting Jan Evertsenstraat,Jan Evertsenstraat richting Postjesweg ,-1,2022-10-07,9,19.22
Rembrandpark,52.364927,4.847599,Postjesweg richting Jan Evertsenstraat,Jan Evertsenstraat richting Postjesweg ,1,2022-10-07,5,17.4
Rembrandpark,52.364927,4.847599,Postjesweg richting Jan Evertsenstraat,Jan Evertsenstraat richting Postjesweg ,-1,2022-10-08,14,16.43
Rembrandpark,52.364927,4.847599,Postjesweg richting Jan Evertsenstraat,Jan Evertsenstraat richting Postjesweg ,1,2022-10-08,9,12.22
Rembrandpark,52.364927,4.847599,Postjesweg richting Jan Evertsenstraat,Jan Evertsenstraat richting Postjesweg ,-1,2022-10-09,8,18.12
Rembrandpark,52.364927,4.847599,Postjesweg richting Jan Evertsenstraat,Jan Evertsenstraat richting Postjesweg ,1,2022-10-09,12,15.25
Rembrandpark,52.364927,4.847599,Postjesweg richting Jan Evertsenstraat,Jan Evertsenstraat richting Postjesweg ,-1,2022-10-10,9,20.11
Rembrandpark,52.364927,4.847599,Postjesweg richting Jan Evertsenstraat,Jan Evertsenstraat richting Postjesweg ,1,2022-10-10,6,12.0
Rembrandpark,52.364927,4.847599,Postjesweg richting Jan Evertsenstraat,Jan Evertsenstraat richting Postjesweg ,-1,2022-10-11,9,18.56
Rembrandpark,52.364927,4.847599,Postjesweg richting Jan Evertsenstraat,Jan Evertsenstraat richting Postjesweg ,1,2022-10-11,15,12.0
Rembrandpark,52.364927,4.847599,Postjesweg richting Jan Evertsenstraat,Jan Evertsenstraat richting Postjesweg ,-1,2022-10-12,15,18.67
Rembrandpark,52.364927,4.847599,Postjesweg richting Jan Evertsenstraat,Jan Evertsenstraat richting Postjesweg ,1,2022-10-12,11,13.27
Rembrandpark,52.364927,4.847599,Postjesweg richting Jan Evertsenstraat,Jan Evertsenstraat richting Postjesweg ,-1,2022-10-13,15,17.8
Rembrandpark,52.364927,4.847599,Postjesweg richting Jan Evertsenstraat,Jan Evertsenstraat richting Postjesweg ,1,2022-10-13,21,12.14
Rembrandpark,52.364927,4.847599,Postjesweg richting Jan Evertsenstraat,Jan Evertsenstraat richting Postjesweg ,-1,2022-10-14,20,17.3
Rembrandpark,52.364927,4.847599,Postjesweg richting Jan Evertsenstraat,Jan Evertsenstraat richting Postjesweg ,1,2022-10-14,18,13.5
Rembrandpark,52.364927,4.847599,Postjesweg richting Jan Evertsenstraat,Jan Evertsenstraat richting Postjesweg ,-1,2022-10-15,12,17.25
Rembrandpark,52.364927,4.847599,Postjesweg richting Jan Evertsenstraat,Jan Evertsenstraat richting Postjesweg ,1,2022-10-15,7,12.71
Rembrandpark,52.364927,4.847599,Postjesweg richting Jan Evertsenstraat,Jan Evertsenstraat richting Postjesweg ,-1,2022-10-16,11,19.73
Rembrandpark,52.364927,4.847599,Postjesweg richting Jan Evertsenstraat,Jan Evertsenstraat richting Postjesweg ,1,2022-10-16,6,14.0
Rembrandpark,52.364927,4.847599,Postjesweg richting Jan Evertsenstraat,Jan Evertsenstraat richting Postjesweg ,-1,2022-10-17,9,19.11
Rembrandpark,52.364927,4.847599,Postjesweg richting Jan Evertsenstraat,Jan Evertsenstraat richting Postjesweg ,1,2022-10-17,14,12.43
Rembrandpark,52.364927,4.847599,Postjesweg richting Jan Evertsenstraat,Jan Evertsenstraat richting Postjesweg ,-1,2022-10-18,18,18.22
Rembrandpark,52.364927,4.847599,Postjesweg richting Jan Evertsenstraat,Jan Evertsenstraat richting Postjesweg ,1,2022-10-18,9,14.0
Rembrandpark,52.364927,4.847599,Postjesweg richting Jan Evertsenstraat,Jan Evertsenstraat richting Postjesweg ,-1,2022-10-19,10,18.1
Rembrandpark,52.364927,4.847599,Postjesweg richting Jan Evertsenstraat,Jan Evertsenstraat richting Postjesweg ,1,2022-10-19,11,15.36
Rembrandpark,52.364927,4.847599,Postjesweg richting Jan Evertsenstraat,Jan Evertsenstraat richting Postjesweg ,-1,2022-10-20,11,16.91
Rembrandpark,52.364927,4.847599,Postjesweg richting Jan Evertsenstraat,Jan Evertsenstraat richting Postjesweg ,1,2022-10-20,16,13.0
Rembrandpark,52.364927,4.847599,Postjesweg richting Jan Evertsenstraat,Jan Evertsenstraat richting Postjesweg ,-1,2022-10-21,12,17.5
Rembrandpark,52.364927,4.847599,Postjesweg richting Jan Evertsenstraat,Jan Evertsenstraat richting Postjesweg ,1,2022-10-21,4,10.5
Rembrandpark,52.364927,4.847599,Postjesweg richting Jan Evertsenstraat,Jan Evertsenstraat richting Postjesweg ,-1,2022-10-22,8,17.62
Rembrandpark,52.364927,4.847599,Postjesweg richting Jan Evertsenstraat,Jan Evertsenstraat richting Postjesweg ,1,2022-10-22,9,12.78
Rembrandpark,52.364927,4.847599,Postjesweg richting Jan Evertsenstraat,Jan Evertsenstraat richting Postjesweg ,-1,2022-10-23,10,15.1
Rembrandpark,52.364927,4.847599,Postjesweg richting Jan Evertsenstraat,Jan Evertsenstraat richting Postjesweg ,1,2022-10-23,10,14.6
Rembrandpark,52.364927,4.847599,Postjesweg richting Jan Evertsenstraat,Jan Evertsenstraat richting Postjesweg ,-1,2022-10-24,10,20.0
Rembrandpark,52.364927,4.847599,Postjesweg richting Jan Evertsenstraat,Jan Evertsenstraat richting Postjesweg ,1,2022-10-24,16,12.0
Rembrandpark,52.364927,4.847599,Postjesweg richting Jan Evertsenstraat,Jan Evertsenstraat richting Postjesweg ,-1,2022-10-25,11,18.36
Rembrandpark,52.364927,4.847599,Postjesweg richting Jan Evertsenstraat,Jan Evertsenstraat richting Postjesweg ,1,2022-10-25,17,13.88
Rembrandpark,52.364927,4.847599,Postjesweg richting Jan Evertsenstraat,Jan Evertsenstraat richting Postjesweg ,-1,2022-10-26,20,17.6
Rembrandpark,52.364927,4.847599,Postjesweg richting Jan Evertsenstraat,Jan Evertsenstraat richting Postjesweg ,1,2022-10-26,13,15.15
Rembrandpark,52.364927,4.847599,Postjesweg richting Jan Evertsenstraat,Jan Evertsenstraat richting Postjesweg ,-1,2022-10-27,12,19.0
Rembrandpark,52.364927,4.847599,Postjesweg richting Jan Evertsenstraat,Jan Evertsenstraat richting Postjesweg ,1,2022-10-27,9,14.11
Rembrandpark,52.364927,4.847599,Postjesweg richting Jan Evertsenstraat,Jan Evertsenstraat richting Postjesweg ,-1,2022-10-28,8,19.12
Rembrandpark,52.364927,4.847599,Postjesweg richting Jan Evertsenstraat,Jan Evertsenstraat richting Postjesweg ,1,2022-10-28,15,13.27
Rembrandpark,52.364927,4.847599,Postjesweg richting Jan Evertsenstraat,Jan Evertsenstraat richting Postjesweg ,-1,2022-10-29,14,19.07
Rembrandpark,52.364927,4.847599,Postjesweg richting Jan Evertsenstraat,Jan Evertsenstraat richting Postjesweg ,1,2022-10-29,15,13.13
Rembrandpark,52.364927,4.847599,Postjesweg richting Jan Evertsenstraat,Jan Evertsenstraat richting Postjesweg ,-1,2022-10-30,8,17.25
Rembrandpark,52.364927,4.847599,Postjesweg richting Jan Evertsenstraat,Jan Evertsenstraat richting Postjesweg ,1,2022-10-30,10,13.5
Rembrandpark,52.364927,4.847599,Postjesweg richting Jan Evertsenstraat,Jan Evertsenstraat richting Postjesweg ,-1,2022-10-31,14,18.71
Rembrandpark,52.364927,4.847599,Postjesweg richting Jan Evertsenstraat,Jan Evertsenstraat richting Postjesweg ,1,2022-10-31,10,15.5
Rembrandpark,52.364927,4.847599,Postjesweg richting Jan Evertsenstraat,Jan Evertsenstraat richting Postjesweg ,-1,2022-11-01,14,17.57
Rembrandpark,52.364927,4.847599,Postjesweg richting Jan Evertsenstraat,Jan Evertsenstraat richting Postjesweg ,1,2022-11-01,12,14.33
Rembrandpark,52.364927,4.847599,Postjesweg richting Jan Evertsenstraat,Jan Evertsenstraat richting Postjesweg ,-1,2022-11-02,17,18.82
Rembrandpark,52.364927,4.847599,Postjesweg richting Jan Evertsenstraat,Jan Evertsenstraat richting Postjesweg ,1,2022-11-02,14,12.57
Rembrandpark,52.364927,4.847599,Postjesweg richting Jan Evertsenstraat,Jan Evertsenstraat richting Postjesweg ,-1,2022-11-03,16,18.0
Rembrandpark,52.364927,4.847599,Postjesweg richting Jan Evertsenstraat,Jan Evertsenstraat richting Postjesweg ,1,2022-11-03,11,13.55
Rembrandpark,52.364927,4.847599,Postjesweg richting Jan Evertsenstraat,Jan Evertsenstraat richting Postjesweg ,-1,2022-11-04,16,17.81
Rembrandpark,52.364927,4.847599,Postjesweg richting Jan Evertsenstraat,Jan Evertsenstraat richting Postjesweg ,1,2022-11-04,11,14.18
Rembrandpark,52.364927,4.847599,Postjesweg richting Jan Evertsenstraat,Jan Evertsenstraat richting Postjesweg ,-1,2022-11-05,11,18.64
Rembrandpark,52.364927,4.847599,Postjesweg richting Jan Evertsenstraat,Jan Evertsenstraat richting Postjesweg ,1,2022-11-05,11,14.27
Rembrandpark,52.364927,4.847599,Postjesweg richting Jan Evertsenstraat,Jan Evertsenstraat richting Postjesweg ,-1,2022-11-06,7,17.43
Rembrandpark,52.364927,4.847599,Postjesweg richting Jan Evertsenstraat,Jan Evertsenstraat richting Postjesweg ,1,2022-11-06,7,13.29
Rembrandpark,52.364927,4.847599,Postjesweg richting Jan Evertsenstraat,Jan Evertsenstraat richting Postjesweg ,-1,2022-11-07,20,16.2
Rembrandpark,52.364927,4.847599,Postjesweg richting Jan Evertsenstraat,Jan Evertsenstraat richting Postjesweg ,1,2022-11-07,20,11.8
Rembrandpark,52.364927,4.847599,Postjesweg richting Jan Evertsenstraat,Jan Evertsenstraat richting Postjesweg ,-1,2022-11-08,22,17.64
Rembrandpark,52.364927,4.847599,Postjesweg richting Jan Evertsenstraat,Jan Evertsenstraat richting Postjesweg ,1,2022-11-08,17,11.76
Rembrandpark,52.364927,4.847599,Postjesweg richting Jan Evertsenstraat,Jan Evertsenstraat richting Postjesweg ,-1,2022-11-09,20,17.0
Rembrandpark,52.364927,4.847599,Postjesweg richting Jan Evertsenstraat,Jan Evertsenstraat richting Postjesweg ,1,2022-11-09,19,13.16
Rembrandpark,52.364927,4.847599,Postjesweg richting Jan Evertsenstraat,Jan Evertsenstraat richting Postjesweg ,-1,2022-11-10,22,18.55
Rembrandpark,52.364927,4.847599,Postjesweg richting Jan Evertsenstraat,Jan Evertsenstraat richting Postjesweg ,1,2022-11-10,12,13.5
Rembrandpark,52.364927,4.847599,Postjesweg richting Jan Evertsenstraat,Jan Evertsenstraat richting Postjesweg ,-1,2022-11-11,15,17.73
Rembrandpark,52.364927,4.847599,Postjesweg richting Jan Evertsenstraat,Jan Evertsenstraat richting Postjesweg ,1,2022-11-11,22,13.32
Rembrandpark,52.364927,4.847599,Postjesweg richting Jan Evertsenstraat,Jan Evertsenstraat richting Postjesweg ,-1,2022-11-12,11,17.73
Rembrandpark,52.364927,4.847599,Postjesweg richting Jan Evertsenstraat,Jan Evertsenstraat richting Postjesweg ,1,2022-11-12,13,13.46
Rembrandpark,52.364927,4.847599,Postjesweg richting Jan Evertsenstraat,Jan Evertsenstraat richting Postjesweg ,-1,2022-11-13,15,18.0
Rembrandpark,52.364927,4.847599,Postjesweg richting Jan Evertsenstraat,Jan Evertsenstraat richting Postjesweg ,1,2022-11-13,8,15.0
Rembrandpark,52.364927,4.847599,Postjesweg richting Jan Evertsenstraat,Jan Evertsenstraat richting Postjesweg ,-1,2022-11-14,10,19.8
Rembrandpark,52.364927,4.847599,Postjesweg richting Jan Evertsenstraat,Jan Evertsenstraat richting Postjesweg ,1,2022-11-14,13,14.38
Rembrandpark,52.364927,4.847599,Postjesweg richting Jan Evertsenstraat,Jan Evertsenstraat richting Postjesweg ,-1,2022-11-15,13,20.23
Rembrandpark,52.364927,4.847599,Postjesweg richting Jan Evertsenstraat,Jan Evertsenstraat richting Postjesweg ,1,2022-11-15,16,14.25
Rembrandpark,52.364927,4.847599,Postjesweg richting Jan Evertsenstraat,Jan Evertsenstraat richting Postjesweg ,-1,2022-11-16,13,18.23
Rembrandpark,52.364927,4.847599,Postjesweg richting Jan Evertsenstraat,Jan Evertsenstraat richting Postjesweg ,1,2022-11-16,20,13.05
Rembrandpark,52.364927,4.847599,Postjesweg richting Jan Evertsenstraat,Jan Evertsenstraat richting Postjesweg ,-1,2022-11-17,23,18.17
Rembrandpark,52.364927,4.847599,Postjesweg richting Jan Evertsenstraat,Jan Evertsenstraat richting Postjesweg ,1,2022-11-17,18,11.44
Rembrandpark,52.364927,4.847599,Postjesweg richting Jan Evertsenstraat,Jan Evertsenstraat richting Postjesweg ,-1,2022-11-18,18,17.67
Rembrandpark,52.364927,4.847599,Postjesweg richting Jan Evertsenstraat,Jan Evertsenstraat richting Postjesweg ,1,2022-11-18,12,13.58
Rembrandpark,52.364927,4.847599,Postjesweg richting Jan Evertsenstraat,Jan Evertsenstraat richting Postjesweg ,-1,2022-11-19,15,17.27
Rembrandpark,52.364927,4.847599,Postjesweg richting Jan Evertsenstraat,Jan Evertsenstraat richting Postjesweg ,1,2022-11-19,14,13.64
Rembrandpark,52.364927,4.847599,Postjesweg richting Jan Evertsenstraat,Jan Evertsenstraat richting Postjesweg ,-1,2022-11-20,6,16.0
Rembrandpark,52.364927,4.847599,Postjesweg richting Jan Evertsenstraat,Jan Evertsenstraat richting Postjesweg ,1,2022-11-20,7,14.86
Rembrandpark,52.364927,4.847599,Postjesweg richting Jan Evertsenstraat,Jan Evertsenstraat richting Postjesweg ,-1,2022-11-21,16,18.19
Rembrandpark,52.364927,4.847599,Postjesweg richting Jan Evertsenstraat,Jan Evertsenstraat richting Postjesweg ,1,2022-11-21,16,13.81
Rembrandpark,52.364927,4.847599,Postjesweg richting Jan Evertsenstraat,Jan Evertsenstraat richting Postjesweg ,-1,2022-11-22,21,16.86
Rembrandpark,52.364927,4.847599,Postjesweg richting Jan Evertsenstraat,Jan Evertsenstraat richting Postjesweg ,1,2022-11-22,15,14.13
Rembrandpark,52.364927,4.847599,Postjesweg richting Jan Evertsenstraat,Jan Evertsenstraat richting Postjesweg ,-1,2022-11-23,20,17.6
Rembrandpark,52.364927,4.847599,Postjesweg richting Jan Evertsenstraat,Jan Evertsenstraat richting Postjesweg ,1,2022-11-23,15,12.67
Rembrandpark,52.364927,4.847599,Postjesweg richting Jan Evertsenstraat,Jan Evertsenstraat richting Postjesweg ,-1,2022-11-24,26,18.5
Rembrandpark,52.364927,4.847599,Postjesweg richting Jan Evertsenstraat,Jan Evertsenstraat richting Postjesweg ,1,2022-11-24,12,13.5
Rembrandpark,52.364927,4.847599,Postjesweg richting Jan Evertsenstraat,Jan Evertsenstraat richting Postjesweg ,-1,2022-11-25,17,19.12
Rembrandpark,52.364927,4.847599,Postjesweg richting Jan Evertsenstraat,Jan Evertsenstraat richting Postjesweg ,1,2022-11-25,17,13.29
Rembrandpark,52.364927,4.847599,Postjesweg richting Jan Evertsenstraat,Jan Evertsenstraat richting Postjesweg ,-1,2022-11-26,12,18.42
Rembrandpark,52.364927,4.847599,Postjesweg richting Jan Evertsenstraat,Jan Evertsenstraat richting Postjesweg ,1,2022-11-26,18,15.61
Rembrandpark,52.364927,4.847599,Postjesweg richting Jan Evertsenstraat,Jan Evertsenstraat richting Postjesweg ,-1,2022-11-27,14,15.86
Rembrandpark,52.364927,4.847599,Postjesweg richting Jan Evertsenstraat,Jan Evertsenstraat richting Postjesweg ,1,2022-11-27,8,11.12
Rembrandpark,52.364927,4.847599,Postjesweg richting Jan Evertsenstraat,Jan Evertsenstraat richting Postjesweg ,-1,2022-11-28,21,17.52
Rembrandpark,52.364927,4.847599,Postjesweg richting Jan Evertsenstraat,Jan Evertsenstraat richting Postjesweg ,1,2022-11-28,12,11.17
Rembrandpark,52.364927,4.847599,Postjesweg richting Jan Evertsenstraat,Jan Evertsenstraat richting Postjesweg ,-1,2022-11-29,19,17.21
Rembrandpark,52.364927,4.847599,Postjesweg richting Jan Evertsenstraat,Jan Evertsenstraat richting Postjesweg ,1,2022-11-29,13,12.54
Rembrandpark,52.364927,4.847599,Postjesweg richting Jan Evertsenstraat,Jan Evertsenstraat richting Postjesweg ,-1,2022-11-30,16,17.62
Rembrandpark,52.364927,4.847599,Postjesweg richting Jan Evertsenstraat,Jan Evertsenstraat richting Postjesweg ,1,2022-11-30,14,12.5
Rembrandpark,52.364927,4.847599,Postjesweg richting Jan Evertsenstraat,Jan Evertsenstraat richting Postjesweg ,-1,2022-12-01,16,18.94
Rembrandpark,52.364927,4.847599,Postjesweg richting Jan Evertsenstraat,Jan Evertsenstraat richting Postjesweg ,1,2022-12-01,17,15.88
Rembrandpark,52.364927,4.847599,Postjesweg richting Jan Evertsenstraat,Jan Evertsenstraat richting Postjesweg ,-1,2022-12-02,14,16.93
Rembrandpark,52.364927,4.847599,Postjesweg richting Jan Evertsenstraat,Jan Evertsenstraat richting Postjesweg ,1,2022-12-02,17,13.71
Rembrandpark,52.364927,4.847599,Postjesweg richting Jan Evertsenstraat,Jan Evertsenstraat richting Postjesweg ,-1,2022-12-03,9,16.22
Rembrandpark,52.364927,4.847599,Postjesweg richting Jan Evertsenstraat,Jan Evertsenstraat richting Postjesweg ,1,2022-12-03,7,16.71
Rembrandpark,52.364927,4.847599,Postjesweg richting Jan Evertsenstraat,Jan Evertsenstraat richting Postjesweg ,-1,2022-12-04,13,15.38
Rembrandpark,52.364927,4.847599,Postjesweg richting Jan Evertsenstraat,Jan Evertsenstraat richting Postjesweg ,1,2022-12-04,12,15.25
Rembrandpark,52.364927,4.847599,Postjesweg richting Jan Evertsenstraat,Jan Evertsenstraat richting Postjesweg ,-1,2022-12-05,19,19.47
Rembrandpark,52.364927,4.847599,Postjesweg richting Jan Evertsenstraat,Jan Evertsenstraat richting Postjesweg ,1,2022-12-05,11,16.45
Rembrandpark,52.364927,4.847599,Postjesweg richting Jan Evertsenstraat,Jan Evertsenstraat richting Postjesweg ,-1,2022-12-06,20,16.85
Rembrandpark,52.364927,4.847599,Postjesweg richting Jan Evertsenstraat,Jan Evertsenstraat richting Postjesweg ,1,2022-12-06,13,15.08
Rembrandpark,52.364927,4.847599,Postjesweg richting Jan Evertsenstraat,Jan Evertsenstraat richting Postjesweg ,-1,2022-12-07,16,18.31
Rembrandpark,52.364927,4.847599,Postjesweg richting Jan Evertsenstraat,Jan Evertsenstraat richting Postjesweg ,1,2022-12-07,13,12.62
Rembrandpark,52.364927,4.847599,Postjesweg richting Jan Evertsenstraat,Jan Evertsenstraat richting Postjesweg ,-1,2022-12-08,28,18.14
Rembrandpark,52.364927,4.847599,Postjesweg richting Jan Evertsenstraat,Jan Evertsenstraat richting Postjesweg ,1,2022-12-08,12,12.83
Rembrandpark,52.364927,4.847599,Postjesweg richting Jan Evertsenstraat,Jan Evertsenstraat richting Postjesweg ,-1,2022-12-09,18,17.39
Rembrandpark,52.364927,4.847599,Postjesweg richting Jan Evertsenstraat,Jan Evertsenstraat richting Postjesweg ,1,2022-12-09,12,12.25
Rembrandpark,52.364927,4.847599,Postjesweg richting Jan Evertsenstraat,Jan Evertsenstraat richting Postjesweg ,-1,2022-12-10,12,16.92
Rembrandpark,52.364927,4.847599,Postjesweg richting Jan Evertsenstraat,Jan Evertsenstraat richting Postjesweg ,1,2022-12-10,16,15.62
Rembrandpark,52.364927,4.847599,Postjesweg richting Jan Evertsenstraat,Jan Evertsenstraat richting Postjesweg ,-1,2022-12-11,13,18.31
Rembrandpark,52.364927,4.847599,Postjesweg richting Jan Evertsenstraat,Jan Evertsenstraat richting Postjesweg ,1,2022-12-11,9,14.56
Rembrandpark,52.364927,4.847599,Postjesweg richting Jan Evertsenstraat,Jan Evertsenstraat richting Postjesweg ,-1,2022-12-12,10,17.6
Rembrandpark,52.364927,4.847599,Postjesweg richting Jan Evertsenstraat,Jan Evertsenstraat richting Postjesweg ,1,2022-12-12,8,13.88
Rembrandpark,52.364927,4.847599,Postjesweg richting Jan Evertsenstraat,Jan Evertsenstraat richting Postjesweg ,-1,2022-12-13,31,17.97
Rembrandpark,52.364927,4.847599,Postjesweg richting Jan Evertsenstraat,Jan Evertsenstraat richting Postjesweg ,1,2022-12-13,12,14.83
Rembrandpark,52.364927,4.847599,Postjesweg richting Jan Evertsenstraat,Jan Evertsenstraat richting Postjesweg ,-1,2022-12-14,16,19.25
Rembrandpark,52.364927,4.847599,Postjesweg richting Jan Evertsenstraat,Jan Evertsenstraat richting Postjesweg ,1,2022-12-14,20,13.65
Rembrandpark,52.364927,4.847599,Postjesweg richting Jan Evertsenstraat,Jan Evertsenstraat richting Postjesweg ,-1,2022-12-15,15,17.93
Rembrandpark,52.364927,4.847599,Postjesweg richting Jan Evertsenstraat,Jan Evertsenstraat richting Postjesweg ,1,2022-12-15,11,13.0
Rembrandpark,52.364927,4.847599,Postjesweg richting Jan Evertsenstraat,Jan Evertsenstraat richting Postjesweg ,-1,2022-12-16,20,16.1
Rembrandpark,52.364927,4.847599,Postjesweg richting Jan Evertsenstraat,Jan Evertsenstraat richting Postjesweg ,1,2022-12-16,16,12.56
Rembrandpark,52.364927,4.847599,Postjesweg richting Jan Evertsenstraat,Jan Evertsenstraat richting Postjesweg ,-1,2022-12-17,13,17.92
Rembrandpark,52.364927,4.847599,Postjesweg richting Jan Evertsenstraat,Jan Evertsenstraat richting Postjesweg ,1,2022-12-17,9,13.67
Rembrandpark,52.364927,4.847599,Postjesweg richting Jan Evertsenstraat,Jan Evertsenstraat richting Postjesweg ,-1,2022-12-18,7,19.29
Rembrandpark,52.364927,4.847599,Postjesweg richting Jan Evertsenstraat,Jan Evertsenstraat richting Postjesweg ,1,2022-12-18,6,14.17
Rembrandpark,52.364927,4.847599,Postjesweg richting Jan Evertsenstraat,Jan Evertsenstraat richting Postjesweg ,-1,2022-12-19,17,16.24
Rembrandpark,52.364927,4.847599,Postjesweg richting Jan Evertsenstraat,Jan Evertsenstraat richting Postjesweg ,1,2022-12-19,12,13.83
Rembrandpark,52.364927,4.847599,Postjesweg richting Jan Evertsenstraat,Jan Evertsenstraat richting Postjesweg ,-1,2022-12-20,25,19.44
Rembrandpark,52.364927,4.847599,Postjesweg richting Jan Evertsenstraat,Jan Evertsenstraat richting Postjesweg ,1,2022-12-20,13,15.62
Rembrandpark,52.364927,4.847599,Postjesweg richting Jan Evertsenstraat,Jan Evertsenstraat richting Postjesweg ,-1,2022-12-21,20,18.7
Rembrandpark,52.364927,4.847599,Postjesweg richting Jan Evertsenstraat,Jan Evertsenstraat richting Postjesweg ,1,2022-12-21,8,12.25
Rembrandpark,52.364927,4.847599,Postjesweg richting Jan Evertsenstraat,Jan Evertsenstraat richting Postjesweg ,-1,2022-12-22,17,18.76
Rembrandpark,52.364927,4.847599,Postjesweg richting Jan Evertsenstraat,Jan Evertsenstraat richting Postjesweg ,1,2022-12-22,16,14.56
Rembrandpark,52.364927,4.847599,Postjesweg richting Jan Evertsenstraat,Jan Evertsenstraat richting Postjesweg ,-1,2022-12-23,13,16.0
Rembrandpark,52.364927,4.847599,Postjesweg richting Jan Evertsenstraat,Jan Evertsenstraat richting Postjesweg ,1,2022-12-23,8,12.62
Rembrandpark,52.364927,4.847599,Postjesweg richting Jan Evertsenstraat,Jan Evertsenstraat richting Postjesweg ,-1,2022-12-24,8,17.88
Rembrandpark,52.364927,4.847599,Postjesweg richting Jan Evertsenstraat,Jan Evertsenstraat richting Postjesweg ,1,2022-12-24,7,12.57
Rembrandpark,52.364927,4.847599,Postjesweg richting Jan Evertsenstraat,Jan Evertsenstraat richting Postjesweg ,-1,2022-12-25,3,18.33
Rembrandpark,52.364927,4.847599,Postjesweg richting Jan Evertsenstraat,Jan Evertsenstraat richting Postjesweg ,1,2022-12-25,2,14.5
Rembrandpark,52.364927,4.847599,Postjesweg richting Jan Evertsenstraat,Jan Evertsenstraat richting Postjesweg ,-1,2022-12-26,3,19.0
Rembrandpark,52.364927,4.847599,Postjesweg richting Jan Evertsenstraat,Jan Evertsenstraat richting Postjesweg ,1,2022-12-26,5,16.0
Rembrandpark,52.364927,4.847599,Postjesweg richting Jan Evertsenstraat,Jan Evertsenstraat richting Postjesweg ,-1,2022-12-27,15,19.27
Rembrandpark,52.364927,4.847599,Postjesweg richting Jan Evertsenstraat,Jan Evertsenstraat richting Postjesweg ,1,2022-12-27,7,12.29
Rembrandpark,52.364927,4.847599,Postjesweg richting Jan Evertsenstraat,Jan Evertsenstraat richting Postjesweg ,-1,2022-12-28,13,18.46
Rembrandpark,52.364927,4.847599,Postjesweg richting Jan Evertsenstraat,Jan Evertsenstraat richting Postjesweg ,1,2022-12-28,11,13.55
Rembrandpark,52.364927,4.847599,Postjesweg richting Jan Evertsenstraat,Jan Evertsenstraat richting Postjesweg ,-1,2022-12-29,13,18.08
Rembrandpark,52.364927,4.847599,Postjesweg richting Jan Evertsenstraat,Jan Evertsenstraat richting Postjesweg ,1,2022-12-29,7,11.86
Rembrandpark,52.364927,4.847599,Postjesweg richting Jan Evertsenstraat,Jan Evertsenstraat richting Postjesweg ,-1,2022-12-30,14,19.36
Rembrandpark,52.364927,4.847599,Postjesweg richting Jan Evertsenstraat,Jan Evertsenstraat richting Postjesweg ,1,2022-12-30,6,13.5
Rembrandpark,52.364927,4.847599,Postjesweg richting Jan Evertsenstraat,Jan Evertsenstraat richting Postjesweg ,-1,2022-12-31,5,18.6
Rembrandpark,52.364927,4.847599,Postjesweg richting Jan Evertsenstraat,Jan Evertsenstraat richting Postjesweg ,1,2022-12-31,3,18.67
