location,latitude,longitude,plusdirection,mindirection,direction,datetime,count,speed_mean
Skusjespad,52.336923,4.855587,Amstelveenseweg richting Jachthavenweg,Jachthavenweg richting Amstelveenseweg ,-1,2022-01-01,155,19.92
Skusjespad,52.336923,4.855587,Amstelveenseweg richting Jachthavenweg,Jachthavenweg richting Amstelveenseweg ,1,2022-01-01,163,15.94
Skusjespad,52.336923,4.855587,Amstelveenseweg richting Jachthavenweg,Jachthavenweg richting Amstelveenseweg ,-1,2022-01-02,111,21.03
Skusjespad,52.336923,4.855587,Amstelveenseweg richting Jachthavenweg,Jachthavenweg richting Amstelveenseweg ,1,2022-01-02,127,16.35
Skusjespad,52.336923,4.855587,Amstelveenseweg richting Jachthavenweg,Jachthavenweg richting Amstelveenseweg ,-1,2022-01-03,652,22.3
Skusjespad,52.336923,4.855587,Amstelveenseweg richting Jachthavenweg,Jachthavenweg richting Amstelveenseweg ,1,2022-01-03,608,16.39
Skusjespad,52.336923,4.855587,Amstelveenseweg richting Jachthavenweg,Jachthavenweg richting Amstelveenseweg ,-1,2022-01-04,703,21.73
Skusjespad,52.336923,4.855587,Amstelveenseweg richting Jachthavenweg,Jachthavenweg richting Amstelveenseweg ,1,2022-01-04,696,17.69
Skusjespad,52.336923,4.855587,Amstelveenseweg richting Jachthavenweg,Jachthavenweg richting Amstelveenseweg ,-1,2022-01-05,616,23.62
Skusjespad,52.336923,4.855587,Amstelveenseweg richting Jachthavenweg,Jachthavenweg richting Amstelveenseweg ,1,2022-01-05,612,18.2
Skusjespad,52.336923,4.855587,Amstelveenseweg richting Jachthavenweg,Jachthavenweg richting Amstelveenseweg ,-1,2022-01-06,691,21.2
Skusjespad,52.336923,4.855587,Amstelveenseweg richting Jachthavenweg,Jachthavenweg richting Amstelveenseweg ,1,2022-01-06,699,17.62
Skusjespad,52.336923,4.855587,Amstelveenseweg richting Jachthavenweg,Jachthavenweg richting Amstelveenseweg ,-1,2022-01-07,601,22.3
Skusjespad,52.336923,4.855587,Amstelveenseweg richting Jachthavenweg,Jachthavenweg richting Amstelveenseweg ,1,2022-01-07,620,18.05
Skusjespad,52.336923,4.855587,Amstelveenseweg richting Jachthavenweg,Jachthavenweg richting Amstelveenseweg ,-1,2022-01-08,216,22.42
Skusjespad,52.336923,4.855587,Amstelveenseweg richting Jachthavenweg,Jachthavenweg richting Amstelveenseweg ,1,2022-01-08,240,19.26
Skusjespad,52.336923,4.855587,Amstelveenseweg richting Jachthavenweg,Jachthavenweg richting Amstelveenseweg ,-1,2022-01-09,181,22.04
Skusjespad,52.336923,4.855587,Amstelveenseweg richting Jachthavenweg,Jachthavenweg richting Amstelveenseweg ,1,2022-01-09,177,16.39
Skusjespad,52.336923,4.855587,Amstelveenseweg richting Jachthavenweg,Jachthavenweg richting Amstelveenseweg ,-1,2022-01-10,974,21.57
Skusjespad,52.336923,4.855587,Amstelveenseweg richting Jachthavenweg,Jachthavenweg richting Amstelveenseweg ,1,2022-01-10,894,17.84
Skusjespad,52.336923,4.855587,Amstelveenseweg richting Jachthavenweg,Jachthavenweg richting Amstelveenseweg ,-1,2022-01-11,949,21.43
Skusjespad,52.336923,4.855587,Amstelveenseweg richting Jachthavenweg,Jachthavenweg richting Amstelveenseweg ,1,2022-01-11,940,17.75
Skusjespad,52.336923,4.855587,Amstelveenseweg richting Jachthavenweg,Jachthavenweg richting Amstelveenseweg ,-1,2022-01-12,891,21.59
Skusjespad,52.336923,4.855587,Amstelveenseweg richting Jachthavenweg,Jachthavenweg richting Amstelveenseweg ,1,2022-01-12,759,17.68
Skusjespad,52.336923,4.855587,Amstelveenseweg richting Jachthavenweg,Jachthavenweg richting Amstelveenseweg ,-1,2022-01-13,975,21.6
Skusjespad,52.336923,4.855587,Amstelveenseweg richting Jachthavenweg,Jachthavenweg richting Amstelveenseweg ,1,2022-01-13,852,17.32
Skusjespad,52.336923,4.855587,Amstelveenseweg richting Jachthavenweg,Jachthavenweg richting Amstelveenseweg ,-1,2022-01-14,898,21.81
Skusjespad,52.336923,4.855587,Amstelveenseweg richting Jachthavenweg,Jachthavenweg richting Amstelveenseweg ,1,2022-01-14,840,17.67
Skusjespad,52.336923,4.855587,Amstelveenseweg richting Jachthavenweg,Jachthavenweg richting Amstelveenseweg ,-1,2022-01-15,336,21.69
Skusjespad,52.336923,4.855587,Amstelveenseweg richting Jachthavenweg,Jachthavenweg richting Amstelveenseweg ,1,2022-01-15,311,17.9
Skusjespad,52.336923,4.855587,Amstelveenseweg richting Jachthavenweg,Jachthavenweg richting Amstelveenseweg ,-1,2022-01-16,214,21.19
Skusjespad,52.336923,4.855587,Amstelveenseweg richting Jachthavenweg,Jachthavenweg richting Amstelveenseweg ,1,2022-01-16,233,16.39
Skusjespad,52.336923,4.855587,Amstelveenseweg richting Jachthavenweg,Jachthavenweg richting Amstelveenseweg ,-1,2022-01-17,928,21.02
Skusjespad,52.336923,4.855587,Amstelveenseweg richting Jachthavenweg,Jachthavenweg richting Amstelveenseweg ,1,2022-01-17,928,17.2
Skusjespad,52.336923,4.855587,Amstelveenseweg richting Jachthavenweg,Jachthavenweg richting Amstelveenseweg ,-1,2022-01-18,1063,21.65
Skusjespad,52.336923,4.855587,Amstelveenseweg richting Jachthavenweg,Jachthavenweg richting Amstelveenseweg ,1,2022-01-18,930,17.68
Skusjespad,52.336923,4.855587,Amstelveenseweg richting Jachthavenweg,Jachthavenweg richting Amstelveenseweg ,-1,2022-01-19,998,21.5
Skusjespad,52.336923,4.855587,Amstelveenseweg richting Jachthavenweg,Jachthavenweg richting Amstelveenseweg ,1,2022-01-19,956,17.45
Skusjespad,52.336923,4.855587,Amstelveenseweg richting Jachthavenweg,Jachthavenweg richting Amstelveenseweg ,-1,2022-01-20,1051,22.06
Skusjespad,52.336923,4.855587,Amstelveenseweg richting Jachthavenweg,Jachthavenweg richting Amstelveenseweg ,1,2022-01-20,1027,16.88
Skusjespad,52.336923,4.855587,Amstelveenseweg richting Jachthavenweg,Jachthavenweg richting Amstelveenseweg ,-1,2022-01-21,939,21.87
Skusjespad,52.336923,4.855587,Amstelveenseweg richting Jachthavenweg,Jachthavenweg richting Amstelveenseweg ,1,2022-01-21,942,17.45
Skusjespad,52.336923,4.855587,Amstelveenseweg richting Jachthavenweg,Jachthavenweg richting Amstelveenseweg ,-1,2022-01-22,314,22.55
Skusjespad,52.336923,4.855587,Amstelveenseweg richting Jachthavenweg,Jachthavenweg richting Amstelveenseweg ,1,2022-01-22,333,18.31
Skusjespad,52.336923,4.855587,Amstelveenseweg richting Jachthavenweg,Jachthavenweg richting Amstelveenseweg ,-1,2022-01-23,243,19.97
Skusjespad,52.336923,4.855587,Amstelveenseweg richting Jachthavenweg,Jachthavenweg richting Amstelveenseweg ,1,2022-01-23,212,16.87
Skusjespad,52.336923,4.855587,Amstelveenseweg richting Jachthavenweg,Jachthavenweg richting Amstelveenseweg ,-1,2022-01-24,1073,21.59
Skusjespad,52.336923,4.855587,Amstelveenseweg richting Jachthavenweg,Jachthavenweg richting Amstelveenseweg ,1,2022-01-24,1034,17.84
Skusjespad,52.336923,4.855587,Amstelveenseweg richting Jachthavenweg,Jachthavenweg richting Amstelveenseweg ,-1,2022-01-25,1296,20.01
Skusjespad,52.336923,4.855587,Amstelveenseweg richting Jachthavenweg,Jachthavenweg richting Amstelveenseweg ,1,2022-01-25,1140,16.16
Skusjespad,52.336923,4.855587,Amstelveenseweg richting Jachthavenweg,Jachthavenweg richting Amstelveenseweg ,-1,2022-01-26,1044,21.93
Skusjespad,52.336923,4.855587,Amstelveenseweg richting Jachthavenweg,Jachthavenweg richting Amstelveenseweg ,1,2022-01-26,1024,16.77
Skusjespad,52.336923,4.855587,Amstelveenseweg richting Jachthavenweg,Jachthavenweg richting Amstelveenseweg ,-1,2022-01-27,975,22.75
Skusjespad,52.336923,4.855587,Amstelveenseweg richting Jachthavenweg,Jachthavenweg richting Amstelveenseweg ,1,2022-01-27,1007,17.36
Skusjespad,52.336923,4.855587,Amstelveenseweg richting Jachthavenweg,Jachthavenweg richting Amstelveenseweg ,-1,2022-01-28,1020,22.61
Skusjespad,52.336923,4.855587,Amstelveenseweg richting Jachthavenweg,Jachthavenweg richting Amstelveenseweg ,1,2022-01-28,1027,17.48
Skusjespad,52.336923,4.855587,Amstelveenseweg richting Jachthavenweg,Jachthavenweg richting Amstelveenseweg ,-1,2022-01-29,388,22.48
Skusjespad,52.336923,4.855587,Amstelveenseweg richting Jachthavenweg,Jachthavenweg richting Amstelveenseweg ,1,2022-01-29,333,16.44
Skusjespad,52.336923,4.855587,Amstelveenseweg richting Jachthavenweg,Jachthavenweg richting Amstelveenseweg ,-1,2022-01-30,270,20.95
Skusjespad,52.336923,4.855587,Amstelveenseweg richting Jachthavenweg,Jachthavenweg richting Amstelveenseweg ,1,2022-01-30,256,17.08
Skusjespad,52.336923,4.855587,Amstelveenseweg richting Jachthavenweg,Jachthavenweg richting Amstelveenseweg ,-1,2022-01-31,860,23.86
Skusjespad,52.336923,4.855587,Amstelveenseweg richting Jachthavenweg,Jachthavenweg richting Amstelveenseweg ,1,2022-01-31,804,18.59
Skusjespad,52.336923,4.855587,Amstelveenseweg richting Jachthavenweg,Jachthavenweg richting Amstelveenseweg ,-1,2022-02-01,1185,22.99
Skusjespad,52.336923,4.855587,Amstelveenseweg richting Jachthavenweg,Jachthavenweg richting Amstelveenseweg ,1,2022-02-01,1113,18.63
Skusjespad,52.336923,4.855587,Amstelveenseweg richting Jachthavenweg,Jachthavenweg richting Amstelveenseweg ,-1,2022-02-02,641,20.83
Skusjespad,52.336923,4.855587,Amstelveenseweg richting Jachthavenweg,Jachthavenweg richting Amstelveenseweg ,1,2022-02-02,679,18.58
Skusjespad,52.336923,4.855587,Amstelveenseweg richting Jachthavenweg,Jachthavenweg richting Amstelveenseweg ,-1,2022-02-03,0,
Skusjespad,52.336923,4.855587,Amstelveenseweg richting Jachthavenweg,Jachthavenweg richting Amstelveenseweg ,1,2022-02-03,0,
Skusjespad,52.336923,4.855587,Amstelveenseweg richting Jachthavenweg,Jachthavenweg richting Amstelveenseweg ,-1,2022-02-04,0,
Skusjespad,52.336923,4.855587,Amstelveenseweg richting Jachthavenweg,Jachthavenweg richting Amstelveenseweg ,1,2022-02-04,0,
Skusjespad,52.336923,4.855587,Amstelveenseweg richting Jachthavenweg,Jachthavenweg richting Amstelveenseweg ,-1,2022-02-05,0,
Skusjespad,52.336923,4.855587,Amstelveenseweg richting Jachthavenweg,Jachthavenweg richting Amstelveenseweg ,1,2022-02-05,0,
Skusjespad,52.336923,4.855587,Amstelveenseweg richting Jachthavenweg,Jachthavenweg richting Amstelveenseweg ,-1,2022-02-06,0,
Skusjespad,52.336923,4.855587,Amstelveenseweg richting Jachthavenweg,Jachthavenweg richting Amstelveenseweg ,1,2022-02-06,0,
Skusjespad,52.336923,4.855587,Amstelveenseweg richting Jachthavenweg,Jachthavenweg richting Amstelveenseweg ,-1,2022-02-07,0,
Skusjespad,52.336923,4.855587,Amstelveenseweg richting Jachthavenweg,Jachthavenweg richting Amstelveenseweg ,1,2022-02-07,0,
Skusjespad,52.336923,4.855587,Amstelveenseweg richting Jachthavenweg,Jachthavenweg richting Amstelveenseweg ,-1,2022-02-08,0,
Skusjespad,52.336923,4.855587,Amstelveenseweg richting Jachthavenweg,Jachthavenweg richting Amstelveenseweg ,1,2022-02-08,0,
Skusjespad,52.336923,4.855587,Amstelveenseweg richting Jachthavenweg,Jachthavenweg richting Amstelveenseweg ,-1,2022-02-09,16,24.88
Skusjespad,52.336923,4.855587,Amstelveenseweg richting Jachthavenweg,Jachthavenweg richting Amstelveenseweg ,1,2022-02-09,781,25.35
Skusjespad,52.336923,4.855587,Amstelveenseweg richting Jachthavenweg,Jachthavenweg richting Amstelveenseweg ,-1,2022-02-10,77,26.56
Skusjespad,52.336923,4.855587,Amstelveenseweg richting Jachthavenweg,Jachthavenweg richting Amstelveenseweg ,1,2022-02-10,2221,25.32
Skusjespad,52.336923,4.855587,Amstelveenseweg richting Jachthavenweg,Jachthavenweg richting Amstelveenseweg ,-1,2022-02-11,79,25.76
Skusjespad,52.336923,4.855587,Amstelveenseweg richting Jachthavenweg,Jachthavenweg richting Amstelveenseweg ,1,2022-02-11,1936,25.36
Skusjespad,52.336923,4.855587,Amstelveenseweg richting Jachthavenweg,Jachthavenweg richting Amstelveenseweg ,-1,2022-02-12,30,24.13
Skusjespad,52.336923,4.855587,Amstelveenseweg richting Jachthavenweg,Jachthavenweg richting Amstelveenseweg ,1,2022-02-12,726,25.05
Skusjespad,52.336923,4.855587,Amstelveenseweg richting Jachthavenweg,Jachthavenweg richting Amstelveenseweg ,-1,2022-02-13,14,28.79
Skusjespad,52.336923,4.855587,Amstelveenseweg richting Jachthavenweg,Jachthavenweg richting Amstelveenseweg ,1,2022-02-13,485,24.22
Skusjespad,52.336923,4.855587,Amstelveenseweg richting Jachthavenweg,Jachthavenweg richting Amstelveenseweg ,-1,2022-02-14,92,24.79
Skusjespad,52.336923,4.855587,Amstelveenseweg richting Jachthavenweg,Jachthavenweg richting Amstelveenseweg ,1,2022-02-14,1453,24.9
Skusjespad,52.336923,4.855587,Amstelveenseweg richting Jachthavenweg,Jachthavenweg richting Amstelveenseweg ,-1,2022-02-15,216,25.66
Skusjespad,52.336923,4.855587,Amstelveenseweg richting Jachthavenweg,Jachthavenweg richting Amstelveenseweg ,1,2022-02-15,2143,25.04
Skusjespad,52.336923,4.855587,Amstelveenseweg richting Jachthavenweg,Jachthavenweg richting Amstelveenseweg ,-1,2022-02-16,218,26.11
Skusjespad,52.336923,4.855587,Amstelveenseweg richting Jachthavenweg,Jachthavenweg richting Amstelveenseweg ,1,2022-02-16,1968,24.97
Skusjespad,52.336923,4.855587,Amstelveenseweg richting Jachthavenweg,Jachthavenweg richting Amstelveenseweg ,-1,2022-02-17,117,26.63
Skusjespad,52.336923,4.855587,Amstelveenseweg richting Jachthavenweg,Jachthavenweg richting Amstelveenseweg ,1,2022-02-17,1987,25.91
Skusjespad,52.336923,4.855587,Amstelveenseweg richting Jachthavenweg,Jachthavenweg richting Amstelveenseweg ,-1,2022-02-18,85,26.49
Skusjespad,52.336923,4.855587,Amstelveenseweg richting Jachthavenweg,Jachthavenweg richting Amstelveenseweg ,1,2022-02-18,1261,25.9
Skusjespad,52.336923,4.855587,Amstelveenseweg richting Jachthavenweg,Jachthavenweg richting Amstelveenseweg ,-1,2022-02-19,13,24.31
Skusjespad,52.336923,4.855587,Amstelveenseweg richting Jachthavenweg,Jachthavenweg richting Amstelveenseweg ,1,2022-02-19,463,25.79
Skusjespad,52.336923,4.855587,Amstelveenseweg richting Jachthavenweg,Jachthavenweg richting Amstelveenseweg ,-1,2022-02-20,4,24.5
Skusjespad,52.336923,4.855587,Amstelveenseweg richting Jachthavenweg,Jachthavenweg richting Amstelveenseweg ,1,2022-02-20,273,25.53
Skusjespad,52.336923,4.855587,Amstelveenseweg richting Jachthavenweg,Jachthavenweg richting Amstelveenseweg ,-1,2022-02-21,106,24.28
Skusjespad,52.336923,4.855587,Amstelveenseweg richting Jachthavenweg,Jachthavenweg richting Amstelveenseweg ,1,2022-02-21,1566,26.07
Skusjespad,52.336923,4.855587,Amstelveenseweg richting Jachthavenweg,Jachthavenweg richting Amstelveenseweg ,-1,2022-02-22,79,27.76
Skusjespad,52.336923,4.855587,Amstelveenseweg richting Jachthavenweg,Jachthavenweg richting Amstelveenseweg ,1,2022-02-22,1919,24.96
Skusjespad,52.336923,4.855587,Amstelveenseweg richting Jachthavenweg,Jachthavenweg richting Amstelveenseweg ,-1,2022-02-23,151,25.65
Skusjespad,52.336923,4.855587,Amstelveenseweg richting Jachthavenweg,Jachthavenweg richting Amstelveenseweg ,1,2022-02-23,1963,24.78
Skusjespad,52.336923,4.855587,Amstelveenseweg richting Jachthavenweg,Jachthavenweg richting Amstelveenseweg ,-1,2022-02-24,81,24.78
Skusjespad,52.336923,4.855587,Amstelveenseweg richting Jachthavenweg,Jachthavenweg richting Amstelveenseweg ,1,2022-02-24,1756,25.1
Skusjespad,52.336923,4.855587,Amstelveenseweg richting Jachthavenweg,Jachthavenweg richting Amstelveenseweg ,-1,2022-02-25,64,26.69
Skusjespad,52.336923,4.855587,Amstelveenseweg richting Jachthavenweg,Jachthavenweg richting Amstelveenseweg ,1,2022-02-25,1694,25.36
Skusjespad,52.336923,4.855587,Amstelveenseweg richting Jachthavenweg,Jachthavenweg richting Amstelveenseweg ,-1,2022-02-26,17,26.47
Skusjespad,52.336923,4.855587,Amstelveenseweg richting Jachthavenweg,Jachthavenweg richting Amstelveenseweg ,1,2022-02-26,678,24.66
Skusjespad,52.336923,4.855587,Amstelveenseweg richting Jachthavenweg,Jachthavenweg richting Amstelveenseweg ,-1,2022-02-27,24,24.58
Skusjespad,52.336923,4.855587,Amstelveenseweg richting Jachthavenweg,Jachthavenweg richting Amstelveenseweg ,1,2022-02-27,472,24.46
Skusjespad,52.336923,4.855587,Amstelveenseweg richting Jachthavenweg,Jachthavenweg richting Amstelveenseweg ,-1,2022-02-28,134,27.3
Skusjespad,52.336923,4.855587,Amstelveenseweg richting Jachthavenweg,Jachthavenweg richting Amstelveenseweg ,1,2022-02-28,2049,24.45
Skusjespad,52.336923,4.855587,Amstelveenseweg richting Jachthavenweg,Jachthavenweg richting Amstelveenseweg ,-1,2022-03-01,98,26.93
Skusjespad,52.336923,4.855587,Amstelveenseweg richting Jachthavenweg,Jachthavenweg richting Amstelveenseweg ,1,2022-03-01,2217,24.73
Skusjespad,52.336923,4.855587,Amstelveenseweg richting Jachthavenweg,Jachthavenweg richting Amstelveenseweg ,-1,2022-03-02,76,24.7
Skusjespad,52.336923,4.855587,Amstelveenseweg richting Jachthavenweg,Jachthavenweg richting Amstelveenseweg ,1,2022-03-02,1284,22.45
Skusjespad,52.336923,4.855587,Amstelveenseweg richting Jachthavenweg,Jachthavenweg richting Amstelveenseweg ,-1,2022-03-03,138,25.97
Skusjespad,52.336923,4.855587,Amstelveenseweg richting Jachthavenweg,Jachthavenweg richting Amstelveenseweg ,1,2022-03-03,2245,24.27
Skusjespad,52.336923,4.855587,Amstelveenseweg richting Jachthavenweg,Jachthavenweg richting Amstelveenseweg ,-1,2022-03-04,153,26.61
Skusjespad,52.336923,4.855587,Amstelveenseweg richting Jachthavenweg,Jachthavenweg richting Amstelveenseweg ,1,2022-03-04,1891,24.01
Skusjespad,52.336923,4.855587,Amstelveenseweg richting Jachthavenweg,Jachthavenweg richting Amstelveenseweg ,-1,2022-03-05,37,26.41
Skusjespad,52.336923,4.855587,Amstelveenseweg richting Jachthavenweg,Jachthavenweg richting Amstelveenseweg ,1,2022-03-05,742,24.93
Skusjespad,52.336923,4.855587,Amstelveenseweg richting Jachthavenweg,Jachthavenweg richting Amstelveenseweg ,-1,2022-03-06,29,23.83
Skusjespad,52.336923,4.855587,Amstelveenseweg richting Jachthavenweg,Jachthavenweg richting Amstelveenseweg ,1,2022-03-06,546,25.1
Skusjespad,52.336923,4.855587,Amstelveenseweg richting Jachthavenweg,Jachthavenweg richting Amstelveenseweg ,-1,2022-03-07,438,27.54
Skusjespad,52.336923,4.855587,Amstelveenseweg richting Jachthavenweg,Jachthavenweg richting Amstelveenseweg ,1,2022-03-07,2042,23.8
Skusjespad,52.336923,4.855587,Amstelveenseweg richting Jachthavenweg,Jachthavenweg richting Amstelveenseweg ,-1,2022-03-08,130,25.97
Skusjespad,52.336923,4.855587,Amstelveenseweg richting Jachthavenweg,Jachthavenweg richting Amstelveenseweg ,1,2022-03-08,2216,23.17
Skusjespad,52.336923,4.855587,Amstelveenseweg richting Jachthavenweg,Jachthavenweg richting Amstelveenseweg ,-1,2022-03-09,258,27.91
Skusjespad,52.336923,4.855587,Amstelveenseweg richting Jachthavenweg,Jachthavenweg richting Amstelveenseweg ,1,2022-03-09,2084,23.36
Skusjespad,52.336923,4.855587,Amstelveenseweg richting Jachthavenweg,Jachthavenweg richting Amstelveenseweg ,-1,2022-03-10,136,27.53
Skusjespad,52.336923,4.855587,Amstelveenseweg richting Jachthavenweg,Jachthavenweg richting Amstelveenseweg ,1,2022-03-10,2280,23.64
Skusjespad,52.336923,4.855587,Amstelveenseweg richting Jachthavenweg,Jachthavenweg richting Amstelveenseweg ,-1,2022-03-11,126,26.54
Skusjespad,52.336923,4.855587,Amstelveenseweg richting Jachthavenweg,Jachthavenweg richting Amstelveenseweg ,1,2022-03-11,1917,23.9
Skusjespad,52.336923,4.855587,Amstelveenseweg richting Jachthavenweg,Jachthavenweg richting Amstelveenseweg ,-1,2022-03-12,49,24.16
Skusjespad,52.336923,4.855587,Amstelveenseweg richting Jachthavenweg,Jachthavenweg richting Amstelveenseweg ,1,2022-03-12,745,24.41
Skusjespad,52.336923,4.855587,Amstelveenseweg richting Jachthavenweg,Jachthavenweg richting Amstelveenseweg ,-1,2022-03-13,14,24.14
Skusjespad,52.336923,4.855587,Amstelveenseweg richting Jachthavenweg,Jachthavenweg richting Amstelveenseweg ,1,2022-03-13,576,24.11
Skusjespad,52.336923,4.855587,Amstelveenseweg richting Jachthavenweg,Jachthavenweg richting Amstelveenseweg ,-1,2022-03-14,175,24.24
Skusjespad,52.336923,4.855587,Amstelveenseweg richting Jachthavenweg,Jachthavenweg richting Amstelveenseweg ,1,2022-03-14,2128,24.83
Skusjespad,52.336923,4.855587,Amstelveenseweg richting Jachthavenweg,Jachthavenweg richting Amstelveenseweg ,-1,2022-03-15,100,27.7
Skusjespad,52.336923,4.855587,Amstelveenseweg richting Jachthavenweg,Jachthavenweg richting Amstelveenseweg ,1,2022-03-15,2368,24.3
Skusjespad,52.336923,4.855587,Amstelveenseweg richting Jachthavenweg,Jachthavenweg richting Amstelveenseweg ,-1,2022-03-16,338,23.71
Skusjespad,52.336923,4.855587,Amstelveenseweg richting Jachthavenweg,Jachthavenweg richting Amstelveenseweg ,1,2022-03-16,2178,23.63
Skusjespad,52.336923,4.855587,Amstelveenseweg richting Jachthavenweg,Jachthavenweg richting Amstelveenseweg ,-1,2022-03-17,240,25.58
Skusjespad,52.336923,4.855587,Amstelveenseweg richting Jachthavenweg,Jachthavenweg richting Amstelveenseweg ,1,2022-03-17,2414,24.94
Skusjespad,52.336923,4.855587,Amstelveenseweg richting Jachthavenweg,Jachthavenweg richting Amstelveenseweg ,-1,2022-03-18,347,25.66
Skusjespad,52.336923,4.855587,Amstelveenseweg richting Jachthavenweg,Jachthavenweg richting Amstelveenseweg ,1,2022-03-18,1987,24.57
Skusjespad,52.336923,4.855587,Amstelveenseweg richting Jachthavenweg,Jachthavenweg richting Amstelveenseweg ,-1,2022-03-19,230,25.6
Skusjespad,52.336923,4.855587,Amstelveenseweg richting Jachthavenweg,Jachthavenweg richting Amstelveenseweg ,1,2022-03-19,999,25.02
Skusjespad,52.336923,4.855587,Amstelveenseweg richting Jachthavenweg,Jachthavenweg richting Amstelveenseweg ,-1,2022-03-20,82,26.63
Skusjespad,52.336923,4.855587,Amstelveenseweg richting Jachthavenweg,Jachthavenweg richting Amstelveenseweg ,1,2022-03-20,621,24.01
Skusjespad,52.336923,4.855587,Amstelveenseweg richting Jachthavenweg,Jachthavenweg richting Amstelveenseweg ,-1,2022-03-21,258,25.94
Skusjespad,52.336923,4.855587,Amstelveenseweg richting Jachthavenweg,Jachthavenweg richting Amstelveenseweg ,1,2022-03-21,2217,24.18
Skusjespad,52.336923,4.855587,Amstelveenseweg richting Jachthavenweg,Jachthavenweg richting Amstelveenseweg ,-1,2022-03-22,538,24.84
Skusjespad,52.336923,4.855587,Amstelveenseweg richting Jachthavenweg,Jachthavenweg richting Amstelveenseweg ,1,2022-03-22,2571,23.86
Skusjespad,52.336923,4.855587,Amstelveenseweg richting Jachthavenweg,Jachthavenweg richting Amstelveenseweg ,-1,2022-03-23,359,24.99
Skusjespad,52.336923,4.855587,Amstelveenseweg richting Jachthavenweg,Jachthavenweg richting Amstelveenseweg ,1,2022-03-23,2334,24.06
Skusjespad,52.336923,4.855587,Amstelveenseweg richting Jachthavenweg,Jachthavenweg richting Amstelveenseweg ,-1,2022-03-24,591,25.51
Skusjespad,52.336923,4.855587,Amstelveenseweg richting Jachthavenweg,Jachthavenweg richting Amstelveenseweg ,1,2022-03-24,2584,24.36
Skusjespad,52.336923,4.855587,Amstelveenseweg richting Jachthavenweg,Jachthavenweg richting Amstelveenseweg ,-1,2022-03-25,290,26.96
Skusjespad,52.336923,4.855587,Amstelveenseweg richting Jachthavenweg,Jachthavenweg richting Amstelveenseweg ,1,2022-03-25,2241,24.27
Skusjespad,52.336923,4.855587,Amstelveenseweg richting Jachthavenweg,Jachthavenweg richting Amstelveenseweg ,-1,2022-03-26,140,26.73
Skusjespad,52.336923,4.855587,Amstelveenseweg richting Jachthavenweg,Jachthavenweg richting Amstelveenseweg ,1,2022-03-26,1020,24.62
Skusjespad,52.336923,4.855587,Amstelveenseweg richting Jachthavenweg,Jachthavenweg richting Amstelveenseweg ,-1,2022-03-27,99,25.83
Skusjespad,52.336923,4.855587,Amstelveenseweg richting Jachthavenweg,Jachthavenweg richting Amstelveenseweg ,1,2022-03-27,664,23.74
Skusjespad,52.336923,4.855587,Amstelveenseweg richting Jachthavenweg,Jachthavenweg richting Amstelveenseweg ,-1,2022-03-28,341,25.92
Skusjespad,52.336923,4.855587,Amstelveenseweg richting Jachthavenweg,Jachthavenweg richting Amstelveenseweg ,1,2022-03-28,2287,24.23
Skusjespad,52.336923,4.855587,Amstelveenseweg richting Jachthavenweg,Jachthavenweg richting Amstelveenseweg ,-1,2022-03-29,507,25.46
Skusjespad,52.336923,4.855587,Amstelveenseweg richting Jachthavenweg,Jachthavenweg richting Amstelveenseweg ,1,2022-03-29,2538,23.96
Skusjespad,52.336923,4.855587,Amstelveenseweg richting Jachthavenweg,Jachthavenweg richting Amstelveenseweg ,-1,2022-03-30,544,25.09
Skusjespad,52.336923,4.855587,Amstelveenseweg richting Jachthavenweg,Jachthavenweg richting Amstelveenseweg ,1,2022-03-30,2466,24.42
Skusjespad,52.336923,4.855587,Amstelveenseweg richting Jachthavenweg,Jachthavenweg richting Amstelveenseweg ,-1,2022-03-31,335,25.57
Skusjespad,52.336923,4.855587,Amstelveenseweg richting Jachthavenweg,Jachthavenweg richting Amstelveenseweg ,1,2022-03-31,1999,25.18
Skusjespad,52.336923,4.855587,Amstelveenseweg richting Jachthavenweg,Jachthavenweg richting Amstelveenseweg ,-1,2022-04-01,652,25.18
Skusjespad,52.336923,4.855587,Amstelveenseweg richting Jachthavenweg,Jachthavenweg richting Amstelveenseweg ,1,2022-04-01,1782,24.43
Skusjespad,52.336923,4.855587,Amstelveenseweg richting Jachthavenweg,Jachthavenweg richting Amstelveenseweg ,-1,2022-04-02,289,27.19
Skusjespad,52.336923,4.855587,Amstelveenseweg richting Jachthavenweg,Jachthavenweg richting Amstelveenseweg ,1,2022-04-02,750,25.05
Skusjespad,52.336923,4.855587,Amstelveenseweg richting Jachthavenweg,Jachthavenweg richting Amstelveenseweg ,-1,2022-04-03,166,27.55
Skusjespad,52.336923,4.855587,Amstelveenseweg richting Jachthavenweg,Jachthavenweg richting Amstelveenseweg ,1,2022-04-03,702,25.62
Skusjespad,52.336923,4.855587,Amstelveenseweg richting Jachthavenweg,Jachthavenweg richting Amstelveenseweg ,-1,2022-04-04,556,26.53
Skusjespad,52.336923,4.855587,Amstelveenseweg richting Jachthavenweg,Jachthavenweg richting Amstelveenseweg ,1,2022-04-04,1953,25.25
Skusjespad,52.336923,4.855587,Amstelveenseweg richting Jachthavenweg,Jachthavenweg richting Amstelveenseweg ,-1,2022-04-05,689,24.01
Skusjespad,52.336923,4.855587,Amstelveenseweg richting Jachthavenweg,Jachthavenweg richting Amstelveenseweg ,1,2022-04-05,2155,25.01
Skusjespad,52.336923,4.855587,Amstelveenseweg richting Jachthavenweg,Jachthavenweg richting Amstelveenseweg ,-1,2022-04-06,696,24.94
Skusjespad,52.336923,4.855587,Amstelveenseweg richting Jachthavenweg,Jachthavenweg richting Amstelveenseweg ,1,2022-04-06,2085,24.54
Skusjespad,52.336923,4.855587,Amstelveenseweg richting Jachthavenweg,Jachthavenweg richting Amstelveenseweg ,-1,2022-04-07,678,26.0
Skusjespad,52.336923,4.855587,Amstelveenseweg richting Jachthavenweg,Jachthavenweg richting Amstelveenseweg ,1,2022-04-07,2065,25.15
Skusjespad,52.336923,4.855587,Amstelveenseweg richting Jachthavenweg,Jachthavenweg richting Amstelveenseweg ,-1,2022-04-08,789,25.01
Skusjespad,52.336923,4.855587,Amstelveenseweg richting Jachthavenweg,Jachthavenweg richting Amstelveenseweg ,1,2022-04-08,2060,24.8
Skusjespad,52.336923,4.855587,Amstelveenseweg richting Jachthavenweg,Jachthavenweg richting Amstelveenseweg ,-1,2022-04-09,282,27.41
Skusjespad,52.336923,4.855587,Amstelveenseweg richting Jachthavenweg,Jachthavenweg richting Amstelveenseweg ,1,2022-04-09,825,25.8
Skusjespad,52.336923,4.855587,Amstelveenseweg richting Jachthavenweg,Jachthavenweg richting Amstelveenseweg ,-1,2022-04-10,240,27.72
Skusjespad,52.336923,4.855587,Amstelveenseweg richting Jachthavenweg,Jachthavenweg richting Amstelveenseweg ,1,2022-04-10,764,25.01
Skusjespad,52.336923,4.855587,Amstelveenseweg richting Jachthavenweg,Jachthavenweg richting Amstelveenseweg ,-1,2022-04-11,667,25.61
Skusjespad,52.336923,4.855587,Amstelveenseweg richting Jachthavenweg,Jachthavenweg richting Amstelveenseweg ,1,2022-04-11,2427,23.52
Skusjespad,52.336923,4.855587,Amstelveenseweg richting Jachthavenweg,Jachthavenweg richting Amstelveenseweg ,-1,2022-04-12,945,25.53
Skusjespad,52.336923,4.855587,Amstelveenseweg richting Jachthavenweg,Jachthavenweg richting Amstelveenseweg ,1,2022-04-12,2773,23.64
Skusjespad,52.336923,4.855587,Amstelveenseweg richting Jachthavenweg,Jachthavenweg richting Amstelveenseweg ,-1,2022-04-13,827,25.93
Skusjespad,52.336923,4.855587,Amstelveenseweg richting Jachthavenweg,Jachthavenweg richting Amstelveenseweg ,1,2022-04-13,2331,24.19
Skusjespad,52.336923,4.855587,Amstelveenseweg richting Jachthavenweg,Jachthavenweg richting Amstelveenseweg ,-1,2022-04-14,818,25.66
Skusjespad,52.336923,4.855587,Amstelveenseweg richting Jachthavenweg,Jachthavenweg richting Amstelveenseweg ,1,2022-04-14,2525,23.96
Skusjespad,52.336923,4.855587,Amstelveenseweg richting Jachthavenweg,Jachthavenweg richting Amstelveenseweg ,-1,2022-04-15,389,27.17
Skusjespad,52.336923,4.855587,Amstelveenseweg richting Jachthavenweg,Jachthavenweg richting Amstelveenseweg ,1,2022-04-15,1431,25.17
Skusjespad,52.336923,4.855587,Amstelveenseweg richting Jachthavenweg,Jachthavenweg richting Amstelveenseweg ,-1,2022-04-16,284,27.55
Skusjespad,52.336923,4.855587,Amstelveenseweg richting Jachthavenweg,Jachthavenweg richting Amstelveenseweg ,1,2022-04-16,988,25.1
Skusjespad,52.336923,4.855587,Amstelveenseweg richting Jachthavenweg,Jachthavenweg richting Amstelveenseweg ,-1,2022-04-17,245,27.64
Skusjespad,52.336923,4.855587,Amstelveenseweg richting Jachthavenweg,Jachthavenweg richting Amstelveenseweg ,1,2022-04-17,723,25.69
Skusjespad,52.336923,4.855587,Amstelveenseweg richting Jachthavenweg,Jachthavenweg richting Amstelveenseweg ,-1,2022-04-18,189,27.96
Skusjespad,52.336923,4.855587,Amstelveenseweg richting Jachthavenweg,Jachthavenweg richting Amstelveenseweg ,1,2022-04-18,769,25.1
Skusjespad,52.336923,4.855587,Amstelveenseweg richting Jachthavenweg,Jachthavenweg richting Amstelveenseweg ,-1,2022-04-19,704,24.92
Skusjespad,52.336923,4.855587,Amstelveenseweg richting Jachthavenweg,Jachthavenweg richting Amstelveenseweg ,1,2022-04-19,2781,23.6
Skusjespad,52.336923,4.855587,Amstelveenseweg richting Jachthavenweg,Jachthavenweg richting Amstelveenseweg ,-1,2022-04-20,793,24.48
Skusjespad,52.336923,4.855587,Amstelveenseweg richting Jachthavenweg,Jachthavenweg richting Amstelveenseweg ,1,2022-04-20,2682,23.83
Skusjespad,52.336923,4.855587,Amstelveenseweg richting Jachthavenweg,Jachthavenweg richting Amstelveenseweg ,-1,2022-04-21,553,25.7
Skusjespad,52.336923,4.855587,Amstelveenseweg richting Jachthavenweg,Jachthavenweg richting Amstelveenseweg ,1,2022-04-21,2755,23.72
Skusjespad,52.336923,4.855587,Amstelveenseweg richting Jachthavenweg,Jachthavenweg richting Amstelveenseweg ,-1,2022-04-22,338,26.91
Skusjespad,52.336923,4.855587,Amstelveenseweg richting Jachthavenweg,Jachthavenweg richting Amstelveenseweg ,1,2022-04-22,2319,24.02
Skusjespad,52.336923,4.855587,Amstelveenseweg richting Jachthavenweg,Jachthavenweg richting Amstelveenseweg ,-1,2022-04-23,129,26.53
Skusjespad,52.336923,4.855587,Amstelveenseweg richting Jachthavenweg,Jachthavenweg richting Amstelveenseweg ,1,2022-04-23,1188,25.3
Skusjespad,52.336923,4.855587,Amstelveenseweg richting Jachthavenweg,Jachthavenweg richting Amstelveenseweg ,-1,2022-04-24,68,27.57
Skusjespad,52.336923,4.855587,Amstelveenseweg richting Jachthavenweg,Jachthavenweg richting Amstelveenseweg ,1,2022-04-24,852,25.0
Skusjespad,52.336923,4.855587,Amstelveenseweg richting Jachthavenweg,Jachthavenweg richting Amstelveenseweg ,-1,2022-04-25,293,27.0
Skusjespad,52.336923,4.855587,Amstelveenseweg richting Jachthavenweg,Jachthavenweg richting Amstelveenseweg ,1,2022-04-25,1996,24.32
Skusjespad,52.336923,4.855587,Amstelveenseweg richting Jachthavenweg,Jachthavenweg richting Amstelveenseweg ,-1,2022-04-26,376,26.99
Skusjespad,52.336923,4.855587,Amstelveenseweg richting Jachthavenweg,Jachthavenweg richting Amstelveenseweg ,1,2022-04-26,2527,24.63
Skusjespad,52.336923,4.855587,Amstelveenseweg richting Jachthavenweg,Jachthavenweg richting Amstelveenseweg ,-1,2022-04-27,163,20.89
Skusjespad,52.336923,4.855587,Amstelveenseweg richting Jachthavenweg,Jachthavenweg richting Amstelveenseweg ,1,2022-04-27,593,24.13
Skusjespad,52.336923,4.855587,Amstelveenseweg richting Jachthavenweg,Jachthavenweg richting Amstelveenseweg ,-1,2022-04-28,156,27.85
Skusjespad,52.336923,4.855587,Amstelveenseweg richting Jachthavenweg,Jachthavenweg richting Amstelveenseweg ,1,2022-04-28,2029,24.5
Skusjespad,52.336923,4.855587,Amstelveenseweg richting Jachthavenweg,Jachthavenweg richting Amstelveenseweg ,-1,2022-04-29,159,27.33
Skusjespad,52.336923,4.855587,Amstelveenseweg richting Jachthavenweg,Jachthavenweg richting Amstelveenseweg ,1,2022-04-29,1942,24.16
Skusjespad,52.336923,4.855587,Amstelveenseweg richting Jachthavenweg,Jachthavenweg richting Amstelveenseweg ,-1,2022-04-30,80,27.55
Skusjespad,52.336923,4.855587,Amstelveenseweg richting Jachthavenweg,Jachthavenweg richting Amstelveenseweg ,1,2022-04-30,707,26.1
Skusjespad,52.336923,4.855587,Amstelveenseweg richting Jachthavenweg,Jachthavenweg richting Amstelveenseweg ,-1,2022-05-01,49,27.69
Skusjespad,52.336923,4.855587,Amstelveenseweg richting Jachthavenweg,Jachthavenweg richting Amstelveenseweg ,1,2022-05-01,605,24.73
Skusjespad,52.336923,4.855587,Amstelveenseweg richting Jachthavenweg,Jachthavenweg richting Amstelveenseweg ,-1,2022-05-02,202,26.42
Skusjespad,52.336923,4.855587,Amstelveenseweg richting Jachthavenweg,Jachthavenweg richting Amstelveenseweg ,1,2022-05-02,1811,24.36
Skusjespad,52.336923,4.855587,Amstelveenseweg richting Jachthavenweg,Jachthavenweg richting Amstelveenseweg ,-1,2022-05-03,296,26.58
Skusjespad,52.336923,4.855587,Amstelveenseweg richting Jachthavenweg,Jachthavenweg richting Amstelveenseweg ,1,2022-05-03,1992,25.07
Skusjespad,52.336923,4.855587,Amstelveenseweg richting Jachthavenweg,Jachthavenweg richting Amstelveenseweg ,-1,2022-05-04,206,27.55
Skusjespad,52.336923,4.855587,Amstelveenseweg richting Jachthavenweg,Jachthavenweg richting Amstelveenseweg ,1,2022-05-04,1893,24.77
Skusjespad,52.336923,4.855587,Amstelveenseweg richting Jachthavenweg,Jachthavenweg richting Amstelveenseweg ,-1,2022-05-05,169,27.14
Skusjespad,52.336923,4.855587,Amstelveenseweg richting Jachthavenweg,Jachthavenweg richting Amstelveenseweg ,1,2022-05-05,1795,24.41
Skusjespad,52.336923,4.855587,Amstelveenseweg richting Jachthavenweg,Jachthavenweg richting Amstelveenseweg ,-1,2022-05-06,217,26.57
Skusjespad,52.336923,4.855587,Amstelveenseweg richting Jachthavenweg,Jachthavenweg richting Amstelveenseweg ,1,2022-05-06,1770,25.39
Skusjespad,52.336923,4.855587,Amstelveenseweg richting Jachthavenweg,Jachthavenweg richting Amstelveenseweg ,-1,2022-05-07,290,26.5
Skusjespad,52.336923,4.855587,Amstelveenseweg richting Jachthavenweg,Jachthavenweg richting Amstelveenseweg ,1,2022-05-07,874,24.96
Skusjespad,52.336923,4.855587,Amstelveenseweg richting Jachthavenweg,Jachthavenweg richting Amstelveenseweg ,-1,2022-05-08,59,25.34
Skusjespad,52.336923,4.855587,Amstelveenseweg richting Jachthavenweg,Jachthavenweg richting Amstelveenseweg ,1,2022-05-08,832,25.27
Skusjespad,52.336923,4.855587,Amstelveenseweg richting Jachthavenweg,Jachthavenweg richting Amstelveenseweg ,-1,2022-05-09,272,24.73
Skusjespad,52.336923,4.855587,Amstelveenseweg richting Jachthavenweg,Jachthavenweg richting Amstelveenseweg ,1,2022-05-09,2528,24.5
Skusjespad,52.336923,4.855587,Amstelveenseweg richting Jachthavenweg,Jachthavenweg richting Amstelveenseweg ,-1,2022-05-10,529,25.37
Skusjespad,52.336923,4.855587,Amstelveenseweg richting Jachthavenweg,Jachthavenweg richting Amstelveenseweg ,1,2022-05-10,2758,23.95
Skusjespad,52.336923,4.855587,Amstelveenseweg richting Jachthavenweg,Jachthavenweg richting Amstelveenseweg ,-1,2022-05-11,338,27.49
Skusjespad,52.336923,4.855587,Amstelveenseweg richting Jachthavenweg,Jachthavenweg richting Amstelveenseweg ,1,2022-05-11,2555,24.9
Skusjespad,52.336923,4.855587,Amstelveenseweg richting Jachthavenweg,Jachthavenweg richting Amstelveenseweg ,-1,2022-05-12,158,26.67
Skusjespad,52.336923,4.855587,Amstelveenseweg richting Jachthavenweg,Jachthavenweg richting Amstelveenseweg ,1,2022-05-12,2550,24.32
Skusjespad,52.336923,4.855587,Amstelveenseweg richting Jachthavenweg,Jachthavenweg richting Amstelveenseweg ,-1,2022-05-13,123,26.55
Skusjespad,52.336923,4.855587,Amstelveenseweg richting Jachthavenweg,Jachthavenweg richting Amstelveenseweg ,1,2022-05-13,2226,24.87
Skusjespad,52.336923,4.855587,Amstelveenseweg richting Jachthavenweg,Jachthavenweg richting Amstelveenseweg ,-1,2022-05-14,74,26.53
Skusjespad,52.336923,4.855587,Amstelveenseweg richting Jachthavenweg,Jachthavenweg richting Amstelveenseweg ,1,2022-05-14,1138,25.94
Skusjespad,52.336923,4.855587,Amstelveenseweg richting Jachthavenweg,Jachthavenweg richting Amstelveenseweg ,-1,2022-05-15,26,28.23
Skusjespad,52.336923,4.855587,Amstelveenseweg richting Jachthavenweg,Jachthavenweg richting Amstelveenseweg ,1,2022-05-15,1144,25.11
Skusjespad,52.336923,4.855587,Amstelveenseweg richting Jachthavenweg,Jachthavenweg richting Amstelveenseweg ,-1,2022-05-16,505,25.17
Skusjespad,52.336923,4.855587,Amstelveenseweg richting Jachthavenweg,Jachthavenweg richting Amstelveenseweg ,1,2022-05-16,2475,24.59
Skusjespad,52.336923,4.855587,Amstelveenseweg richting Jachthavenweg,Jachthavenweg richting Amstelveenseweg ,-1,2022-05-17,166,26.18
Skusjespad,52.336923,4.855587,Amstelveenseweg richting Jachthavenweg,Jachthavenweg richting Amstelveenseweg ,1,2022-05-17,2659,24.04
Skusjespad,52.336923,4.855587,Amstelveenseweg richting Jachthavenweg,Jachthavenweg richting Amstelveenseweg ,-1,2022-05-18,143,27.02
Skusjespad,52.336923,4.855587,Amstelveenseweg richting Jachthavenweg,Jachthavenweg richting Amstelveenseweg ,1,2022-05-18,2492,24.31
Skusjespad,52.336923,4.855587,Amstelveenseweg richting Jachthavenweg,Jachthavenweg richting Amstelveenseweg ,-1,2022-05-19,164,26.6
Skusjespad,52.336923,4.855587,Amstelveenseweg richting Jachthavenweg,Jachthavenweg richting Amstelveenseweg ,1,2022-05-19,2447,24.96
Skusjespad,52.336923,4.855587,Amstelveenseweg richting Jachthavenweg,Jachthavenweg richting Amstelveenseweg ,-1,2022-05-20,130,28.02
Skusjespad,52.336923,4.855587,Amstelveenseweg richting Jachthavenweg,Jachthavenweg richting Amstelveenseweg ,1,2022-05-20,1964,24.05
Skusjespad,52.336923,4.855587,Amstelveenseweg richting Jachthavenweg,Jachthavenweg richting Amstelveenseweg ,-1,2022-05-21,37,25.65
Skusjespad,52.336923,4.855587,Amstelveenseweg richting Jachthavenweg,Jachthavenweg richting Amstelveenseweg ,1,2022-05-21,961,25.53
Skusjespad,52.336923,4.855587,Amstelveenseweg richting Jachthavenweg,Jachthavenweg richting Amstelveenseweg ,-1,2022-05-22,31,25.23
Skusjespad,52.336923,4.855587,Amstelveenseweg richting Jachthavenweg,Jachthavenweg richting Amstelveenseweg ,1,2022-05-22,934,25.13
Skusjespad,52.336923,4.855587,Amstelveenseweg richting Jachthavenweg,Jachthavenweg richting Amstelveenseweg ,-1,2022-05-23,128,24.74
Skusjespad,52.336923,4.855587,Amstelveenseweg richting Jachthavenweg,Jachthavenweg richting Amstelveenseweg ,1,2022-05-23,2239,24.28
Skusjespad,52.336923,4.855587,Amstelveenseweg richting Jachthavenweg,Jachthavenweg richting Amstelveenseweg ,-1,2022-05-24,147,26.01
Skusjespad,52.336923,4.855587,Amstelveenseweg richting Jachthavenweg,Jachthavenweg richting Amstelveenseweg ,1,2022-05-24,2446,24.76
Skusjespad,52.336923,4.855587,Amstelveenseweg richting Jachthavenweg,Jachthavenweg richting Amstelveenseweg ,-1,2022-05-25,259,26.64
Skusjespad,52.336923,4.855587,Amstelveenseweg richting Jachthavenweg,Jachthavenweg richting Amstelveenseweg ,1,2022-05-25,2296,24.21
Skusjespad,52.336923,4.855587,Amstelveenseweg richting Jachthavenweg,Jachthavenweg richting Amstelveenseweg ,-1,2022-05-26,193,26.59
Skusjespad,52.336923,4.855587,Amstelveenseweg richting Jachthavenweg,Jachthavenweg richting Amstelveenseweg ,1,2022-05-26,916,24.44
Skusjespad,52.336923,4.855587,Amstelveenseweg richting Jachthavenweg,Jachthavenweg richting Amstelveenseweg ,-1,2022-05-27,131,28.23
Skusjespad,52.336923,4.855587,Amstelveenseweg richting Jachthavenweg,Jachthavenweg richting Amstelveenseweg ,1,2022-05-27,1386,24.53
Skusjespad,52.336923,4.855587,Amstelveenseweg richting Jachthavenweg,Jachthavenweg richting Amstelveenseweg ,-1,2022-05-28,43,27.21
Skusjespad,52.336923,4.855587,Amstelveenseweg richting Jachthavenweg,Jachthavenweg richting Amstelveenseweg ,1,2022-05-28,964,25.29
Skusjespad,52.336923,4.855587,Amstelveenseweg richting Jachthavenweg,Jachthavenweg richting Amstelveenseweg ,-1,2022-05-29,17,25.41
Skusjespad,52.336923,4.855587,Amstelveenseweg richting Jachthavenweg,Jachthavenweg richting Amstelveenseweg ,1,2022-05-29,734,25.41
Skusjespad,52.336923,4.855587,Amstelveenseweg richting Jachthavenweg,Jachthavenweg richting Amstelveenseweg ,-1,2022-05-30,202,26.33
Skusjespad,52.336923,4.855587,Amstelveenseweg richting Jachthavenweg,Jachthavenweg richting Amstelveenseweg ,1,2022-05-30,2249,24.8
Skusjespad,52.336923,4.855587,Amstelveenseweg richting Jachthavenweg,Jachthavenweg richting Amstelveenseweg ,-1,2022-05-31,280,26.21
Skusjespad,52.336923,4.855587,Amstelveenseweg richting Jachthavenweg,Jachthavenweg richting Amstelveenseweg ,1,2022-05-31,2503,24.08
Skusjespad,52.336923,4.855587,Amstelveenseweg richting Jachthavenweg,Jachthavenweg richting Amstelveenseweg ,-1,2022-06-01,195,24.51
Skusjespad,52.336923,4.855587,Amstelveenseweg richting Jachthavenweg,Jachthavenweg richting Amstelveenseweg ,1,2022-06-01,2447,24.98
Skusjespad,52.336923,4.855587,Amstelveenseweg richting Jachthavenweg,Jachthavenweg richting Amstelveenseweg ,-1,2022-06-02,293,26.45
Skusjespad,52.336923,4.855587,Amstelveenseweg richting Jachthavenweg,Jachthavenweg richting Amstelveenseweg ,1,2022-06-02,2472,24.19
Skusjespad,52.336923,4.855587,Amstelveenseweg richting Jachthavenweg,Jachthavenweg richting Amstelveenseweg ,-1,2022-06-03,394,27.18
Skusjespad,52.336923,4.855587,Amstelveenseweg richting Jachthavenweg,Jachthavenweg richting Amstelveenseweg ,1,2022-06-03,2157,23.85
Skusjespad,52.336923,4.855587,Amstelveenseweg richting Jachthavenweg,Jachthavenweg richting Amstelveenseweg ,-1,2022-06-04,199,26.88
Skusjespad,52.336923,4.855587,Amstelveenseweg richting Jachthavenweg,Jachthavenweg richting Amstelveenseweg ,1,2022-06-04,962,25.09
Skusjespad,52.336923,4.855587,Amstelveenseweg richting Jachthavenweg,Jachthavenweg richting Amstelveenseweg ,-1,2022-06-05,82,27.11
Skusjespad,52.336923,4.855587,Amstelveenseweg richting Jachthavenweg,Jachthavenweg richting Amstelveenseweg ,1,2022-06-05,509,24.97
Skusjespad,52.336923,4.855587,Amstelveenseweg richting Jachthavenweg,Jachthavenweg richting Amstelveenseweg ,-1,2022-06-06,58,25.38
Skusjespad,52.336923,4.855587,Amstelveenseweg richting Jachthavenweg,Jachthavenweg richting Amstelveenseweg ,1,2022-06-06,552,25.12
Skusjespad,52.336923,4.855587,Amstelveenseweg richting Jachthavenweg,Jachthavenweg richting Amstelveenseweg ,-1,2022-06-07,213,26.83
Skusjespad,52.336923,4.855587,Amstelveenseweg richting Jachthavenweg,Jachthavenweg richting Amstelveenseweg ,1,2022-06-07,2339,23.61
Skusjespad,52.336923,4.855587,Amstelveenseweg richting Jachthavenweg,Jachthavenweg richting Amstelveenseweg ,-1,2022-06-08,110,25.55
Skusjespad,52.336923,4.855587,Amstelveenseweg richting Jachthavenweg,Jachthavenweg richting Amstelveenseweg ,1,2022-06-08,2067,24.25
Skusjespad,52.336923,4.855587,Amstelveenseweg richting Jachthavenweg,Jachthavenweg richting Amstelveenseweg ,-1,2022-06-09,173,25.69
Skusjespad,52.336923,4.855587,Amstelveenseweg richting Jachthavenweg,Jachthavenweg richting Amstelveenseweg ,1,2022-06-09,2522,24.38
Skusjespad,52.336923,4.855587,Amstelveenseweg richting Jachthavenweg,Jachthavenweg richting Amstelveenseweg ,-1,2022-06-10,152,26.46
Skusjespad,52.336923,4.855587,Amstelveenseweg richting Jachthavenweg,Jachthavenweg richting Amstelveenseweg ,1,2022-06-10,2261,24.54
Skusjespad,52.336923,4.855587,Amstelveenseweg richting Jachthavenweg,Jachthavenweg richting Amstelveenseweg ,-1,2022-06-11,102,26.4
Skusjespad,52.336923,4.855587,Amstelveenseweg richting Jachthavenweg,Jachthavenweg richting Amstelveenseweg ,1,2022-06-11,1082,24.89
Skusjespad,52.336923,4.855587,Amstelveenseweg richting Jachthavenweg,Jachthavenweg richting Amstelveenseweg ,-1,2022-06-12,36,25.19
Skusjespad,52.336923,4.855587,Amstelveenseweg richting Jachthavenweg,Jachthavenweg richting Amstelveenseweg ,1,2022-06-12,904,25.27
Skusjespad,52.336923,4.855587,Amstelveenseweg richting Jachthavenweg,Jachthavenweg richting Amstelveenseweg ,-1,2022-06-13,198,26.26
Skusjespad,52.336923,4.855587,Amstelveenseweg richting Jachthavenweg,Jachthavenweg richting Amstelveenseweg ,1,2022-06-13,2220,24.53
Skusjespad,52.336923,4.855587,Amstelveenseweg richting Jachthavenweg,Jachthavenweg richting Amstelveenseweg ,-1,2022-06-14,340,25.55
Skusjespad,52.336923,4.855587,Amstelveenseweg richting Jachthavenweg,Jachthavenweg richting Amstelveenseweg ,1,2022-06-14,2820,24.46
Skusjespad,52.336923,4.855587,Amstelveenseweg richting Jachthavenweg,Jachthavenweg richting Amstelveenseweg ,-1,2022-06-15,210,25.97
Skusjespad,52.336923,4.855587,Amstelveenseweg richting Jachthavenweg,Jachthavenweg richting Amstelveenseweg ,1,2022-06-15,2676,24.15
Skusjespad,52.336923,4.855587,Amstelveenseweg richting Jachthavenweg,Jachthavenweg richting Amstelveenseweg ,-1,2022-06-16,237,24.11
Skusjespad,52.336923,4.855587,Amstelveenseweg richting Jachthavenweg,Jachthavenweg richting Amstelveenseweg ,1,2022-06-16,2793,24.22
Skusjespad,52.336923,4.855587,Amstelveenseweg richting Jachthavenweg,Jachthavenweg richting Amstelveenseweg ,-1,2022-06-17,205,26.67
Skusjespad,52.336923,4.855587,Amstelveenseweg richting Jachthavenweg,Jachthavenweg richting Amstelveenseweg ,1,2022-06-17,2544,24.06
Skusjespad,52.336923,4.855587,Amstelveenseweg richting Jachthavenweg,Jachthavenweg richting Amstelveenseweg ,-1,2022-06-18,54,25.48
Skusjespad,52.336923,4.855587,Amstelveenseweg richting Jachthavenweg,Jachthavenweg richting Amstelveenseweg ,1,2022-06-18,1166,24.97
Skusjespad,52.336923,4.855587,Amstelveenseweg richting Jachthavenweg,Jachthavenweg richting Amstelveenseweg ,-1,2022-06-19,13,24.69
Skusjespad,52.336923,4.855587,Amstelveenseweg richting Jachthavenweg,Jachthavenweg richting Amstelveenseweg ,1,2022-06-19,785,25.44
Skusjespad,52.336923,4.855587,Amstelveenseweg richting Jachthavenweg,Jachthavenweg richting Amstelveenseweg ,-1,2022-06-20,367,26.31
Skusjespad,52.336923,4.855587,Amstelveenseweg richting Jachthavenweg,Jachthavenweg richting Amstelveenseweg ,1,2022-06-20,2233,24.51
Skusjespad,52.336923,4.855587,Amstelveenseweg richting Jachthavenweg,Jachthavenweg richting Amstelveenseweg ,-1,2022-06-21,200,26.12
Skusjespad,52.336923,4.855587,Amstelveenseweg richting Jachthavenweg,Jachthavenweg richting Amstelveenseweg ,1,2022-06-21,2492,23.85
Skusjespad,52.336923,4.855587,Amstelveenseweg richting Jachthavenweg,Jachthavenweg richting Amstelveenseweg ,-1,2022-06-22,196,26.37
Skusjespad,52.336923,4.855587,Amstelveenseweg richting Jachthavenweg,Jachthavenweg richting Amstelveenseweg ,1,2022-06-22,2421,24.0
Skusjespad,52.336923,4.855587,Amstelveenseweg richting Jachthavenweg,Jachthavenweg richting Amstelveenseweg ,-1,2022-06-23,288,25.78
Skusjespad,52.336923,4.855587,Amstelveenseweg richting Jachthavenweg,Jachthavenweg richting Amstelveenseweg ,1,2022-06-23,2648,24.42
Skusjespad,52.336923,4.855587,Amstelveenseweg richting Jachthavenweg,Jachthavenweg richting Amstelveenseweg ,-1,2022-06-24,392,25.4
Skusjespad,52.336923,4.855587,Amstelveenseweg richting Jachthavenweg,Jachthavenweg richting Amstelveenseweg ,1,2022-06-24,1862,23.76
Skusjespad,52.336923,4.855587,Amstelveenseweg richting Jachthavenweg,Jachthavenweg richting Amstelveenseweg ,-1,2022-06-25,107,27.47
Skusjespad,52.336923,4.855587,Amstelveenseweg richting Jachthavenweg,Jachthavenweg richting Amstelveenseweg ,1,2022-06-25,869,25.41
Skusjespad,52.336923,4.855587,Amstelveenseweg richting Jachthavenweg,Jachthavenweg richting Amstelveenseweg ,-1,2022-06-26,88,24.32
Skusjespad,52.336923,4.855587,Amstelveenseweg richting Jachthavenweg,Jachthavenweg richting Amstelveenseweg ,1,2022-06-26,727,24.76
Skusjespad,52.336923,4.855587,Amstelveenseweg richting Jachthavenweg,Jachthavenweg richting Amstelveenseweg ,-1,2022-06-27,245,25.67
Skusjespad,52.336923,4.855587,Amstelveenseweg richting Jachthavenweg,Jachthavenweg richting Amstelveenseweg ,1,2022-06-27,2079,24.24
Skusjespad,52.336923,4.855587,Amstelveenseweg richting Jachthavenweg,Jachthavenweg richting Amstelveenseweg ,-1,2022-06-28,256,25.64
Skusjespad,52.336923,4.855587,Amstelveenseweg richting Jachthavenweg,Jachthavenweg richting Amstelveenseweg ,1,2022-06-28,2701,24.18
Skusjespad,52.336923,4.855587,Amstelveenseweg richting Jachthavenweg,Jachthavenweg richting Amstelveenseweg ,-1,2022-06-29,268,25.69
Skusjespad,52.336923,4.855587,Amstelveenseweg richting Jachthavenweg,Jachthavenweg richting Amstelveenseweg ,1,2022-06-29,2681,24.29
Skusjespad,52.336923,4.855587,Amstelveenseweg richting Jachthavenweg,Jachthavenweg richting Amstelveenseweg ,-1,2022-06-30,211,25.82
Skusjespad,52.336923,4.855587,Amstelveenseweg richting Jachthavenweg,Jachthavenweg richting Amstelveenseweg ,1,2022-06-30,2410,24.51
Skusjespad,52.336923,4.855587,Amstelveenseweg richting Jachthavenweg,Jachthavenweg richting Amstelveenseweg ,-1,2022-07-01,132,26.52
Skusjespad,52.336923,4.855587,Amstelveenseweg richting Jachthavenweg,Jachthavenweg richting Amstelveenseweg ,1,2022-07-01,2034,24.35
Skusjespad,52.336923,4.855587,Amstelveenseweg richting Jachthavenweg,Jachthavenweg richting Amstelveenseweg ,-1,2022-07-02,78,25.03
Skusjespad,52.336923,4.855587,Amstelveenseweg richting Jachthavenweg,Jachthavenweg richting Amstelveenseweg ,1,2022-07-02,1148,24.11
Skusjespad,52.336923,4.855587,Amstelveenseweg richting Jachthavenweg,Jachthavenweg richting Amstelveenseweg ,-1,2022-07-03,19,29.11
Skusjespad,52.336923,4.855587,Amstelveenseweg richting Jachthavenweg,Jachthavenweg richting Amstelveenseweg ,1,2022-07-03,891,24.88
Skusjespad,52.336923,4.855587,Amstelveenseweg richting Jachthavenweg,Jachthavenweg richting Amstelveenseweg ,-1,2022-07-04,188,26.95
Skusjespad,52.336923,4.855587,Amstelveenseweg richting Jachthavenweg,Jachthavenweg richting Amstelveenseweg ,1,2022-07-04,2081,24.35
Skusjespad,52.336923,4.855587,Amstelveenseweg richting Jachthavenweg,Jachthavenweg richting Amstelveenseweg ,-1,2022-07-05,267,25.66
Skusjespad,52.336923,4.855587,Amstelveenseweg richting Jachthavenweg,Jachthavenweg richting Amstelveenseweg ,1,2022-07-05,2461,24.68
Skusjespad,52.336923,4.855587,Amstelveenseweg richting Jachthavenweg,Jachthavenweg richting Amstelveenseweg ,-1,2022-07-06,289,24.02
Skusjespad,52.336923,4.855587,Amstelveenseweg richting Jachthavenweg,Jachthavenweg richting Amstelveenseweg ,1,2022-07-06,2219,24.69
Skusjespad,52.336923,4.855587,Amstelveenseweg richting Jachthavenweg,Jachthavenweg richting Amstelveenseweg ,-1,2022-07-07,184,26.47
Skusjespad,52.336923,4.855587,Amstelveenseweg richting Jachthavenweg,Jachthavenweg richting Amstelveenseweg ,1,2022-07-07,2174,24.77
Skusjespad,52.336923,4.855587,Amstelveenseweg richting Jachthavenweg,Jachthavenweg richting Amstelveenseweg ,-1,2022-07-08,108,26.34
Skusjespad,52.336923,4.855587,Amstelveenseweg richting Jachthavenweg,Jachthavenweg richting Amstelveenseweg ,1,2022-07-08,2177,24.47
Skusjespad,52.336923,4.855587,Amstelveenseweg richting Jachthavenweg,Jachthavenweg richting Amstelveenseweg ,-1,2022-07-09,19,26.21
Skusjespad,52.336923,4.855587,Amstelveenseweg richting Jachthavenweg,Jachthavenweg richting Amstelveenseweg ,1,2022-07-09,1008,24.55
Skusjespad,52.336923,4.855587,Amstelveenseweg richting Jachthavenweg,Jachthavenweg richting Amstelveenseweg ,-1,2022-07-10,14,27.93
Skusjespad,52.336923,4.855587,Amstelveenseweg richting Jachthavenweg,Jachthavenweg richting Amstelveenseweg ,1,2022-07-10,811,25.56
Skusjespad,52.336923,4.855587,Amstelveenseweg richting Jachthavenweg,Jachthavenweg richting Amstelveenseweg ,-1,2022-07-11,125,26.19
Skusjespad,52.336923,4.855587,Amstelveenseweg richting Jachthavenweg,Jachthavenweg richting Amstelveenseweg ,1,2022-07-11,2007,24.35
Skusjespad,52.336923,4.855587,Amstelveenseweg richting Jachthavenweg,Jachthavenweg richting Amstelveenseweg ,-1,2022-07-12,335,25.73
Skusjespad,52.336923,4.855587,Amstelveenseweg richting Jachthavenweg,Jachthavenweg richting Amstelveenseweg ,1,2022-07-12,2510,24.35
Skusjespad,52.336923,4.855587,Amstelveenseweg richting Jachthavenweg,Jachthavenweg richting Amstelveenseweg ,-1,2022-07-13,126,26.32
Skusjespad,52.336923,4.855587,Amstelveenseweg richting Jachthavenweg,Jachthavenweg richting Amstelveenseweg ,1,2022-07-13,2154,24.04
Skusjespad,52.336923,4.855587,Amstelveenseweg richting Jachthavenweg,Jachthavenweg richting Amstelveenseweg ,-1,2022-07-14,207,25.72
Skusjespad,52.336923,4.855587,Amstelveenseweg richting Jachthavenweg,Jachthavenweg richting Amstelveenseweg ,1,2022-07-14,2306,24.49
Skusjespad,52.336923,4.855587,Amstelveenseweg richting Jachthavenweg,Jachthavenweg richting Amstelveenseweg ,-1,2022-07-15,133,26.64
Skusjespad,52.336923,4.855587,Amstelveenseweg richting Jachthavenweg,Jachthavenweg richting Amstelveenseweg ,1,2022-07-15,1863,24.72
Skusjespad,52.336923,4.855587,Amstelveenseweg richting Jachthavenweg,Jachthavenweg richting Amstelveenseweg ,-1,2022-07-16,30,25.0
Skusjespad,52.336923,4.855587,Amstelveenseweg richting Jachthavenweg,Jachthavenweg richting Amstelveenseweg ,1,2022-07-16,1052,25.39
Skusjespad,52.336923,4.855587,Amstelveenseweg richting Jachthavenweg,Jachthavenweg richting Amstelveenseweg ,-1,2022-07-17,21,27.52
Skusjespad,52.336923,4.855587,Amstelveenseweg richting Jachthavenweg,Jachthavenweg richting Amstelveenseweg ,1,2022-07-17,988,25.73
Skusjespad,52.336923,4.855587,Amstelveenseweg richting Jachthavenweg,Jachthavenweg richting Amstelveenseweg ,-1,2022-07-18,190,26.44
Skusjespad,52.336923,4.855587,Amstelveenseweg richting Jachthavenweg,Jachthavenweg richting Amstelveenseweg ,1,2022-07-18,2176,24.28
Skusjespad,52.336923,4.855587,Amstelveenseweg richting Jachthavenweg,Jachthavenweg richting Amstelveenseweg ,-1,2022-07-19,213,25.94
Skusjespad,52.336923,4.855587,Amstelveenseweg richting Jachthavenweg,Jachthavenweg richting Amstelveenseweg ,1,2022-07-19,2632,23.7
Skusjespad,52.336923,4.855587,Amstelveenseweg richting Jachthavenweg,Jachthavenweg richting Amstelveenseweg ,-1,2022-07-20,158,26.71
Skusjespad,52.336923,4.855587,Amstelveenseweg richting Jachthavenweg,Jachthavenweg richting Amstelveenseweg ,1,2022-07-20,1943,24.87
Skusjespad,52.336923,4.855587,Amstelveenseweg richting Jachthavenweg,Jachthavenweg richting Amstelveenseweg ,-1,2022-07-21,148,26.63
Skusjespad,52.336923,4.855587,Amstelveenseweg richting Jachthavenweg,Jachthavenweg richting Amstelveenseweg ,1,2022-07-21,1688,25.25
Skusjespad,52.336923,4.855587,Amstelveenseweg richting Jachthavenweg,Jachthavenweg richting Amstelveenseweg ,-1,2022-07-22,87,25.47
Skusjespad,52.336923,4.855587,Amstelveenseweg richting Jachthavenweg,Jachthavenweg richting Amstelveenseweg ,1,2022-07-22,1579,24.56
Skusjespad,52.336923,4.855587,Amstelveenseweg richting Jachthavenweg,Jachthavenweg richting Amstelveenseweg ,-1,2022-07-23,32,26.16
Skusjespad,52.336923,4.855587,Amstelveenseweg richting Jachthavenweg,Jachthavenweg richting Amstelveenseweg ,1,2022-07-23,889,24.42
Skusjespad,52.336923,4.855587,Amstelveenseweg richting Jachthavenweg,Jachthavenweg richting Amstelveenseweg ,-1,2022-07-24,30,25.2
Skusjespad,52.336923,4.855587,Amstelveenseweg richting Jachthavenweg,Jachthavenweg richting Amstelveenseweg ,1,2022-07-24,943,24.18
Skusjespad,52.336923,4.855587,Amstelveenseweg richting Jachthavenweg,Jachthavenweg richting Amstelveenseweg ,-1,2022-07-25,86,26.29
Skusjespad,52.336923,4.855587,Amstelveenseweg richting Jachthavenweg,Jachthavenweg richting Amstelveenseweg ,1,2022-07-25,1474,24.35
Skusjespad,52.336923,4.855587,Amstelveenseweg richting Jachthavenweg,Jachthavenweg richting Amstelveenseweg ,-1,2022-07-26,110,25.84
Skusjespad,52.336923,4.855587,Amstelveenseweg richting Jachthavenweg,Jachthavenweg richting Amstelveenseweg ,1,2022-07-26,1535,23.61
Skusjespad,52.336923,4.855587,Amstelveenseweg richting Jachthavenweg,Jachthavenweg richting Amstelveenseweg ,-1,2022-07-27,93,24.68
Skusjespad,52.336923,4.855587,Amstelveenseweg richting Jachthavenweg,Jachthavenweg richting Amstelveenseweg ,1,2022-07-27,1599,23.2
Skusjespad,52.336923,4.855587,Amstelveenseweg richting Jachthavenweg,Jachthavenweg richting Amstelveenseweg ,-1,2022-07-28,95,26.36
Skusjespad,52.336923,4.855587,Amstelveenseweg richting Jachthavenweg,Jachthavenweg richting Amstelveenseweg ,1,2022-07-28,1611,23.0
Skusjespad,52.336923,4.855587,Amstelveenseweg richting Jachthavenweg,Jachthavenweg richting Amstelveenseweg ,-1,2022-07-29,89,26.37
Skusjespad,52.336923,4.855587,Amstelveenseweg richting Jachthavenweg,Jachthavenweg richting Amstelveenseweg ,1,2022-07-29,1330,23.19
Skusjespad,52.336923,4.855587,Amstelveenseweg richting Jachthavenweg,Jachthavenweg richting Amstelveenseweg ,-1,2022-07-30,24,27.0
Skusjespad,52.336923,4.855587,Amstelveenseweg richting Jachthavenweg,Jachthavenweg richting Amstelveenseweg ,1,2022-07-30,751,24.32
Skusjespad,52.336923,4.855587,Amstelveenseweg richting Jachthavenweg,Jachthavenweg richting Amstelveenseweg ,-1,2022-07-31,9,22.56
Skusjespad,52.336923,4.855587,Amstelveenseweg richting Jachthavenweg,Jachthavenweg richting Amstelveenseweg ,1,2022-07-31,337,24.07
Skusjespad,52.336923,4.855587,Amstelveenseweg richting Jachthavenweg,Jachthavenweg richting Amstelveenseweg ,-1,2022-08-01,107,25.73
Skusjespad,52.336923,4.855587,Amstelveenseweg richting Jachthavenweg,Jachthavenweg richting Amstelveenseweg ,1,2022-08-01,1319,23.03
Skusjespad,52.336923,4.855587,Amstelveenseweg richting Jachthavenweg,Jachthavenweg richting Amstelveenseweg ,-1,2022-08-02,79,25.38
Skusjespad,52.336923,4.855587,Amstelveenseweg richting Jachthavenweg,Jachthavenweg richting Amstelveenseweg ,1,2022-08-02,1546,23.44
Skusjespad,52.336923,4.855587,Amstelveenseweg richting Jachthavenweg,Jachthavenweg richting Amstelveenseweg ,-1,2022-08-03,88,23.85
Skusjespad,52.336923,4.855587,Amstelveenseweg richting Jachthavenweg,Jachthavenweg richting Amstelveenseweg ,1,2022-08-03,1818,24.04
Skusjespad,52.336923,4.855587,Amstelveenseweg richting Jachthavenweg,Jachthavenweg richting Amstelveenseweg ,-1,2022-08-04,74,25.74
Skusjespad,52.336923,4.855587,Amstelveenseweg richting Jachthavenweg,Jachthavenweg richting Amstelveenseweg ,1,2022-08-04,1688,24.39
Skusjespad,52.336923,4.855587,Amstelveenseweg richting Jachthavenweg,Jachthavenweg richting Amstelveenseweg ,-1,2022-08-05,57,23.58
Skusjespad,52.336923,4.855587,Amstelveenseweg richting Jachthavenweg,Jachthavenweg richting Amstelveenseweg ,1,2022-08-05,1423,24.35
Skusjespad,52.336923,4.855587,Amstelveenseweg richting Jachthavenweg,Jachthavenweg richting Amstelveenseweg ,-1,2022-08-06,22,23.55
Skusjespad,52.336923,4.855587,Amstelveenseweg richting Jachthavenweg,Jachthavenweg richting Amstelveenseweg ,1,2022-08-06,703,24.01
Skusjespad,52.336923,4.855587,Amstelveenseweg richting Jachthavenweg,Jachthavenweg richting Amstelveenseweg ,-1,2022-08-07,27,14.67
Skusjespad,52.336923,4.855587,Amstelveenseweg richting Jachthavenweg,Jachthavenweg richting Amstelveenseweg ,1,2022-08-07,251,18.06
Skusjespad,52.336923,4.855587,Amstelveenseweg richting Jachthavenweg,Jachthavenweg richting Amstelveenseweg ,-1,2022-08-08,58,16.67
Skusjespad,52.336923,4.855587,Amstelveenseweg richting Jachthavenweg,Jachthavenweg richting Amstelveenseweg ,1,2022-08-08,192,16.86
Skusjespad,52.336923,4.855587,Amstelveenseweg richting Jachthavenweg,Jachthavenweg richting Amstelveenseweg ,-1,2022-08-09,59,19.32
Skusjespad,52.336923,4.855587,Amstelveenseweg richting Jachthavenweg,Jachthavenweg richting Amstelveenseweg ,1,2022-08-09,233,16.39
Skusjespad,52.336923,4.855587,Amstelveenseweg richting Jachthavenweg,Jachthavenweg richting Amstelveenseweg ,-1,2022-08-10,170,20.5
Skusjespad,52.336923,4.855587,Amstelveenseweg richting Jachthavenweg,Jachthavenweg richting Amstelveenseweg ,1,2022-08-10,200,17.3
Skusjespad,52.336923,4.855587,Amstelveenseweg richting Jachthavenweg,Jachthavenweg richting Amstelveenseweg ,-1,2022-08-11,203,20.6
Skusjespad,52.336923,4.855587,Amstelveenseweg richting Jachthavenweg,Jachthavenweg richting Amstelveenseweg ,1,2022-08-11,207,18.4
Skusjespad,52.336923,4.855587,Amstelveenseweg richting Jachthavenweg,Jachthavenweg richting Amstelveenseweg ,-1,2022-08-12,196,20.2
Skusjespad,52.336923,4.855587,Amstelveenseweg richting Jachthavenweg,Jachthavenweg richting Amstelveenseweg ,1,2022-08-12,252,18.8
Skusjespad,52.336923,4.855587,Amstelveenseweg richting Jachthavenweg,Jachthavenweg richting Amstelveenseweg ,-1,2022-08-13,77,17.64
Skusjespad,52.336923,4.855587,Amstelveenseweg richting Jachthavenweg,Jachthavenweg richting Amstelveenseweg ,1,2022-08-13,138,18.17
Skusjespad,52.336923,4.855587,Amstelveenseweg richting Jachthavenweg,Jachthavenweg richting Amstelveenseweg ,-1,2022-08-14,97,19.14
Skusjespad,52.336923,4.855587,Amstelveenseweg richting Jachthavenweg,Jachthavenweg richting Amstelveenseweg ,1,2022-08-14,132,18.86
Skusjespad,52.336923,4.855587,Amstelveenseweg richting Jachthavenweg,Jachthavenweg richting Amstelveenseweg ,-1,2022-08-15,70,17.67
Skusjespad,52.336923,4.855587,Amstelveenseweg richting Jachthavenweg,Jachthavenweg richting Amstelveenseweg ,1,2022-08-15,177,19.24
Skusjespad,52.336923,4.855587,Amstelveenseweg richting Jachthavenweg,Jachthavenweg richting Amstelveenseweg ,-1,2022-08-16,16,18.75
Skusjespad,52.336923,4.855587,Amstelveenseweg richting Jachthavenweg,Jachthavenweg richting Amstelveenseweg ,1,2022-08-16,93,16.98
Skusjespad,52.336923,4.855587,Amstelveenseweg richting Jachthavenweg,Jachthavenweg richting Amstelveenseweg ,-1,2022-08-17,12,15.75
Skusjespad,52.336923,4.855587,Amstelveenseweg richting Jachthavenweg,Jachthavenweg richting Amstelveenseweg ,1,2022-08-17,62,17.27
Skusjespad,52.336923,4.855587,Amstelveenseweg richting Jachthavenweg,Jachthavenweg richting Amstelveenseweg ,-1,2022-08-18,110,21.12
Skusjespad,52.336923,4.855587,Amstelveenseweg richting Jachthavenweg,Jachthavenweg richting Amstelveenseweg ,1,2022-08-18,110,17.65
Skusjespad,52.336923,4.855587,Amstelveenseweg richting Jachthavenweg,Jachthavenweg richting Amstelveenseweg ,-1,2022-08-19,22,18.77
Skusjespad,52.336923,4.855587,Amstelveenseweg richting Jachthavenweg,Jachthavenweg richting Amstelveenseweg ,1,2022-08-19,74,16.81
Skusjespad,52.336923,4.855587,Amstelveenseweg richting Jachthavenweg,Jachthavenweg richting Amstelveenseweg ,-1,2022-08-20,15,18.53
Skusjespad,52.336923,4.855587,Amstelveenseweg richting Jachthavenweg,Jachthavenweg richting Amstelveenseweg ,1,2022-08-20,47,17.32
Skusjespad,52.336923,4.855587,Amstelveenseweg richting Jachthavenweg,Jachthavenweg richting Amstelveenseweg ,-1,2022-08-21,19,15.32
Skusjespad,52.336923,4.855587,Amstelveenseweg richting Jachthavenweg,Jachthavenweg richting Amstelveenseweg ,1,2022-08-21,65,17.12
Skusjespad,52.336923,4.855587,Amstelveenseweg richting Jachthavenweg,Jachthavenweg richting Amstelveenseweg ,-1,2022-08-22,60,18.52
Skusjespad,52.336923,4.855587,Amstelveenseweg richting Jachthavenweg,Jachthavenweg richting Amstelveenseweg ,1,2022-08-22,170,15.93
Skusjespad,52.336923,4.855587,Amstelveenseweg richting Jachthavenweg,Jachthavenweg richting Amstelveenseweg ,-1,2022-08-23,58,18.6
Skusjespad,52.336923,4.855587,Amstelveenseweg richting Jachthavenweg,Jachthavenweg richting Amstelveenseweg ,1,2022-08-23,176,16.7
Skusjespad,52.336923,4.855587,Amstelveenseweg richting Jachthavenweg,Jachthavenweg richting Amstelveenseweg ,-1,2022-08-24,103,18.23
Skusjespad,52.336923,4.855587,Amstelveenseweg richting Jachthavenweg,Jachthavenweg richting Amstelveenseweg ,1,2022-08-24,209,16.56
Skusjespad,52.336923,4.855587,Amstelveenseweg richting Jachthavenweg,Jachthavenweg richting Amstelveenseweg ,-1,2022-08-25,88,20.66
Skusjespad,52.336923,4.855587,Amstelveenseweg richting Jachthavenweg,Jachthavenweg richting Amstelveenseweg ,1,2022-08-25,175,18.66
Skusjespad,52.336923,4.855587,Amstelveenseweg richting Jachthavenweg,Jachthavenweg richting Amstelveenseweg ,-1,2022-08-26,46,19.07
Skusjespad,52.336923,4.855587,Amstelveenseweg richting Jachthavenweg,Jachthavenweg richting Amstelveenseweg ,1,2022-08-26,152,18.26
Skusjespad,52.336923,4.855587,Amstelveenseweg richting Jachthavenweg,Jachthavenweg richting Amstelveenseweg ,-1,2022-08-27,41,20.24
Skusjespad,52.336923,4.855587,Amstelveenseweg richting Jachthavenweg,Jachthavenweg richting Amstelveenseweg ,1,2022-08-27,67,18.6
Skusjespad,52.336923,4.855587,Amstelveenseweg richting Jachthavenweg,Jachthavenweg richting Amstelveenseweg ,-1,2022-08-28,25,19.72
Skusjespad,52.336923,4.855587,Amstelveenseweg richting Jachthavenweg,Jachthavenweg richting Amstelveenseweg ,1,2022-08-28,133,19.95
Skusjespad,52.336923,4.855587,Amstelveenseweg richting Jachthavenweg,Jachthavenweg richting Amstelveenseweg ,-1,2022-08-29,210,26.6
Skusjespad,52.336923,4.855587,Amstelveenseweg richting Jachthavenweg,Jachthavenweg richting Amstelveenseweg ,1,2022-08-29,1267,24.73
Skusjespad,52.336923,4.855587,Amstelveenseweg richting Jachthavenweg,Jachthavenweg richting Amstelveenseweg ,-1,2022-08-30,118,26.19
Skusjespad,52.336923,4.855587,Amstelveenseweg richting Jachthavenweg,Jachthavenweg richting Amstelveenseweg ,1,2022-08-30,1787,24.73
Skusjespad,52.336923,4.855587,Amstelveenseweg richting Jachthavenweg,Jachthavenweg richting Amstelveenseweg ,-1,2022-08-31,80,25.61
Skusjespad,52.336923,4.855587,Amstelveenseweg richting Jachthavenweg,Jachthavenweg richting Amstelveenseweg ,1,2022-08-31,1733,24.4
Skusjespad,52.336923,4.855587,Amstelveenseweg richting Jachthavenweg,Jachthavenweg richting Amstelveenseweg ,-1,2022-09-01,370,26.72
Skusjespad,52.336923,4.855587,Amstelveenseweg richting Jachthavenweg,Jachthavenweg richting Amstelveenseweg ,1,2022-09-01,1944,23.91
Skusjespad,52.336923,4.855587,Amstelveenseweg richting Jachthavenweg,Jachthavenweg richting Amstelveenseweg ,-1,2022-09-02,323,26.42
Skusjespad,52.336923,4.855587,Amstelveenseweg richting Jachthavenweg,Jachthavenweg richting Amstelveenseweg ,1,2022-09-02,1647,23.57
Skusjespad,52.336923,4.855587,Amstelveenseweg richting Jachthavenweg,Jachthavenweg richting Amstelveenseweg ,-1,2022-09-03,164,25.3
Skusjespad,52.336923,4.855587,Amstelveenseweg richting Jachthavenweg,Jachthavenweg richting Amstelveenseweg ,1,2022-09-03,830,24.26
Skusjespad,52.336923,4.855587,Amstelveenseweg richting Jachthavenweg,Jachthavenweg richting Amstelveenseweg ,-1,2022-09-04,17,21.06
Skusjespad,52.336923,4.855587,Amstelveenseweg richting Jachthavenweg,Jachthavenweg richting Amstelveenseweg ,1,2022-09-04,647,24.9
Skusjespad,52.336923,4.855587,Amstelveenseweg richting Jachthavenweg,Jachthavenweg richting Amstelveenseweg ,-1,2022-09-05,71,22.58
Skusjespad,52.336923,4.855587,Amstelveenseweg richting Jachthavenweg,Jachthavenweg richting Amstelveenseweg ,1,2022-09-05,1119,24.3
Skusjespad,52.336923,4.855587,Amstelveenseweg richting Jachthavenweg,Jachthavenweg richting Amstelveenseweg ,-1,2022-09-06,188,24.77
Skusjespad,52.336923,4.855587,Amstelveenseweg richting Jachthavenweg,Jachthavenweg richting Amstelveenseweg ,1,2022-09-06,2553,23.3
Skusjespad,52.336923,4.855587,Amstelveenseweg richting Jachthavenweg,Jachthavenweg richting Amstelveenseweg ,-1,2022-09-07,140,23.5
Skusjespad,52.336923,4.855587,Amstelveenseweg richting Jachthavenweg,Jachthavenweg richting Amstelveenseweg ,1,2022-09-07,2125,23.23
Skusjespad,52.336923,4.855587,Amstelveenseweg richting Jachthavenweg,Jachthavenweg richting Amstelveenseweg ,-1,2022-09-08,121,25.81
Skusjespad,52.336923,4.855587,Amstelveenseweg richting Jachthavenweg,Jachthavenweg richting Amstelveenseweg ,1,2022-09-08,2102,24.06
Skusjespad,52.336923,4.855587,Amstelveenseweg richting Jachthavenweg,Jachthavenweg richting Amstelveenseweg ,-1,2022-09-09,105,25.78
Skusjespad,52.336923,4.855587,Amstelveenseweg richting Jachthavenweg,Jachthavenweg richting Amstelveenseweg ,1,2022-09-09,1629,23.52
Skusjespad,52.336923,4.855587,Amstelveenseweg richting Jachthavenweg,Jachthavenweg richting Amstelveenseweg ,-1,2022-09-10,40,21.45
Skusjespad,52.336923,4.855587,Amstelveenseweg richting Jachthavenweg,Jachthavenweg richting Amstelveenseweg ,1,2022-09-10,711,24.43
Skusjespad,52.336923,4.855587,Amstelveenseweg richting Jachthavenweg,Jachthavenweg richting Amstelveenseweg ,-1,2022-09-11,17,21.65
Skusjespad,52.336923,4.855587,Amstelveenseweg richting Jachthavenweg,Jachthavenweg richting Amstelveenseweg ,1,2022-09-11,797,23.94
Skusjespad,52.336923,4.855587,Amstelveenseweg richting Jachthavenweg,Jachthavenweg richting Amstelveenseweg ,-1,2022-09-12,135,25.16
Skusjespad,52.336923,4.855587,Amstelveenseweg richting Jachthavenweg,Jachthavenweg richting Amstelveenseweg ,1,2022-09-12,2235,22.84
Skusjespad,52.336923,4.855587,Amstelveenseweg richting Jachthavenweg,Jachthavenweg richting Amstelveenseweg ,-1,2022-09-13,199,25.94
Skusjespad,52.336923,4.855587,Amstelveenseweg richting Jachthavenweg,Jachthavenweg richting Amstelveenseweg ,1,2022-09-13,2667,23.66
Skusjespad,52.336923,4.855587,Amstelveenseweg richting Jachthavenweg,Jachthavenweg richting Amstelveenseweg ,-1,2022-09-14,139,26.4
Skusjespad,52.336923,4.855587,Amstelveenseweg richting Jachthavenweg,Jachthavenweg richting Amstelveenseweg ,1,2022-09-14,2216,23.46
Skusjespad,52.336923,4.855587,Amstelveenseweg richting Jachthavenweg,Jachthavenweg richting Amstelveenseweg ,-1,2022-09-15,158,25.72
Skusjespad,52.336923,4.855587,Amstelveenseweg richting Jachthavenweg,Jachthavenweg richting Amstelveenseweg ,1,2022-09-15,2465,23.97
Skusjespad,52.336923,4.855587,Amstelveenseweg richting Jachthavenweg,Jachthavenweg richting Amstelveenseweg ,-1,2022-09-16,88,24.93
Skusjespad,52.336923,4.855587,Amstelveenseweg richting Jachthavenweg,Jachthavenweg richting Amstelveenseweg ,1,2022-09-16,2041,24.2
Skusjespad,52.336923,4.855587,Amstelveenseweg richting Jachthavenweg,Jachthavenweg richting Amstelveenseweg ,-1,2022-09-17,24,29.46
Skusjespad,52.336923,4.855587,Amstelveenseweg richting Jachthavenweg,Jachthavenweg richting Amstelveenseweg ,1,2022-09-17,891,25.66
Skusjespad,52.336923,4.855587,Amstelveenseweg richting Jachthavenweg,Jachthavenweg richting Amstelveenseweg ,-1,2022-09-18,11,17.55
Skusjespad,52.336923,4.855587,Amstelveenseweg richting Jachthavenweg,Jachthavenweg richting Amstelveenseweg ,1,2022-09-18,611,24.69
Skusjespad,52.336923,4.855587,Amstelveenseweg richting Jachthavenweg,Jachthavenweg richting Amstelveenseweg ,-1,2022-09-19,112,23.99
Skusjespad,52.336923,4.855587,Amstelveenseweg richting Jachthavenweg,Jachthavenweg richting Amstelveenseweg ,1,2022-09-19,2056,23.35
Skusjespad,52.336923,4.855587,Amstelveenseweg richting Jachthavenweg,Jachthavenweg richting Amstelveenseweg ,-1,2022-09-20,176,26.65
Skusjespad,52.336923,4.855587,Amstelveenseweg richting Jachthavenweg,Jachthavenweg richting Amstelveenseweg ,1,2022-09-20,2334,23.19
Skusjespad,52.336923,4.855587,Amstelveenseweg richting Jachthavenweg,Jachthavenweg richting Amstelveenseweg ,-1,2022-09-21,239,27.25
Skusjespad,52.336923,4.855587,Amstelveenseweg richting Jachthavenweg,Jachthavenweg richting Amstelveenseweg ,1,2022-09-21,2240,22.87
Skusjespad,52.336923,4.855587,Amstelveenseweg richting Jachthavenweg,Jachthavenweg richting Amstelveenseweg ,-1,2022-09-22,219,24.76
Skusjespad,52.336923,4.855587,Amstelveenseweg richting Jachthavenweg,Jachthavenweg richting Amstelveenseweg ,1,2022-09-22,2419,23.32
Skusjespad,52.336923,4.855587,Amstelveenseweg richting Jachthavenweg,Jachthavenweg richting Amstelveenseweg ,-1,2022-09-23,85,26.06
Skusjespad,52.336923,4.855587,Amstelveenseweg richting Jachthavenweg,Jachthavenweg richting Amstelveenseweg ,1,2022-09-23,1728,23.38
Skusjespad,52.336923,4.855587,Amstelveenseweg richting Jachthavenweg,Jachthavenweg richting Amstelveenseweg ,-1,2022-09-24,25,25.0
Skusjespad,52.336923,4.855587,Amstelveenseweg richting Jachthavenweg,Jachthavenweg richting Amstelveenseweg ,1,2022-09-24,736,25.04
Skusjespad,52.336923,4.855587,Amstelveenseweg richting Jachthavenweg,Jachthavenweg richting Amstelveenseweg ,-1,2022-09-25,11,27.64
Skusjespad,52.336923,4.855587,Amstelveenseweg richting Jachthavenweg,Jachthavenweg richting Amstelveenseweg ,1,2022-09-25,740,24.8
Skusjespad,52.336923,4.855587,Amstelveenseweg richting Jachthavenweg,Jachthavenweg richting Amstelveenseweg ,-1,2022-09-26,99,26.53
Skusjespad,52.336923,4.855587,Amstelveenseweg richting Jachthavenweg,Jachthavenweg richting Amstelveenseweg ,1,2022-09-26,1825,23.25
Skusjespad,52.336923,4.855587,Amstelveenseweg richting Jachthavenweg,Jachthavenweg richting Amstelveenseweg ,-1,2022-09-27,110,24.65
Skusjespad,52.336923,4.855587,Amstelveenseweg richting Jachthavenweg,Jachthavenweg richting Amstelveenseweg ,1,2022-09-27,2061,23.98
Skusjespad,52.336923,4.855587,Amstelveenseweg richting Jachthavenweg,Jachthavenweg richting Amstelveenseweg ,-1,2022-09-28,108,27.03
Skusjespad,52.336923,4.855587,Amstelveenseweg richting Jachthavenweg,Jachthavenweg richting Amstelveenseweg ,1,2022-09-28,2165,23.83
Skusjespad,52.336923,4.855587,Amstelveenseweg richting Jachthavenweg,Jachthavenweg richting Amstelveenseweg ,-1,2022-09-29,104,24.89
Skusjespad,52.336923,4.855587,Amstelveenseweg richting Jachthavenweg,Jachthavenweg richting Amstelveenseweg ,1,2022-09-29,2461,24.03
Skusjespad,52.336923,4.855587,Amstelveenseweg richting Jachthavenweg,Jachthavenweg richting Amstelveenseweg ,-1,2022-09-30,103,26.55
Skusjespad,52.336923,4.855587,Amstelveenseweg richting Jachthavenweg,Jachthavenweg richting Amstelveenseweg ,1,2022-09-30,1944,24.3
Skusjespad,52.336923,4.855587,Amstelveenseweg richting Jachthavenweg,Jachthavenweg richting Amstelveenseweg ,-1,2022-10-01,16,25.5
Skusjespad,52.336923,4.855587,Amstelveenseweg richting Jachthavenweg,Jachthavenweg richting Amstelveenseweg ,1,2022-10-01,683,24.82
Skusjespad,52.336923,4.855587,Amstelveenseweg richting Jachthavenweg,Jachthavenweg richting Amstelveenseweg ,-1,2022-10-02,17,22.29
Skusjespad,52.336923,4.855587,Amstelveenseweg richting Jachthavenweg,Jachthavenweg richting Amstelveenseweg ,1,2022-10-02,603,24.7
Skusjespad,52.336923,4.855587,Amstelveenseweg richting Jachthavenweg,Jachthavenweg richting Amstelveenseweg ,-1,2022-10-03,208,26.26
Skusjespad,52.336923,4.855587,Amstelveenseweg richting Jachthavenweg,Jachthavenweg richting Amstelveenseweg ,1,2022-10-03,2368,23.63
Skusjespad,52.336923,4.855587,Amstelveenseweg richting Jachthavenweg,Jachthavenweg richting Amstelveenseweg ,-1,2022-10-04,132,25.23
Skusjespad,52.336923,4.855587,Amstelveenseweg richting Jachthavenweg,Jachthavenweg richting Amstelveenseweg ,1,2022-10-04,2599,22.91
Skusjespad,52.336923,4.855587,Amstelveenseweg richting Jachthavenweg,Jachthavenweg richting Amstelveenseweg ,-1,2022-10-05,755,26.21
Skusjespad,52.336923,4.855587,Amstelveenseweg richting Jachthavenweg,Jachthavenweg richting Amstelveenseweg ,1,2022-10-05,2139,23.49
Skusjespad,52.336923,4.855587,Amstelveenseweg richting Jachthavenweg,Jachthavenweg richting Amstelveenseweg ,-1,2022-10-06,367,24.86
Skusjespad,52.336923,4.855587,Amstelveenseweg richting Jachthavenweg,Jachthavenweg richting Amstelveenseweg ,1,2022-10-06,2194,23.38
Skusjespad,52.336923,4.855587,Amstelveenseweg richting Jachthavenweg,Jachthavenweg richting Amstelveenseweg ,-1,2022-10-07,184,24.58
Skusjespad,52.336923,4.855587,Amstelveenseweg richting Jachthavenweg,Jachthavenweg richting Amstelveenseweg ,1,2022-10-07,1932,23.42
Skusjespad,52.336923,4.855587,Amstelveenseweg richting Jachthavenweg,Jachthavenweg richting Amstelveenseweg ,-1,2022-10-08,25,26.72
Skusjespad,52.336923,4.855587,Amstelveenseweg richting Jachthavenweg,Jachthavenweg richting Amstelveenseweg ,1,2022-10-08,789,25.46
Skusjespad,52.336923,4.855587,Amstelveenseweg richting Jachthavenweg,Jachthavenweg richting Amstelveenseweg ,-1,2022-10-09,28,24.57
Skusjespad,52.336923,4.855587,Amstelveenseweg richting Jachthavenweg,Jachthavenweg richting Amstelveenseweg ,1,2022-10-09,816,23.88
Skusjespad,52.336923,4.855587,Amstelveenseweg richting Jachthavenweg,Jachthavenweg richting Amstelveenseweg ,-1,2022-10-10,134,26.66
Skusjespad,52.336923,4.855587,Amstelveenseweg richting Jachthavenweg,Jachthavenweg richting Amstelveenseweg ,1,2022-10-10,2318,23.58
Skusjespad,52.336923,4.855587,Amstelveenseweg richting Jachthavenweg,Jachthavenweg richting Amstelveenseweg ,-1,2022-10-11,189,25.54
Skusjespad,52.336923,4.855587,Amstelveenseweg richting Jachthavenweg,Jachthavenweg richting Amstelveenseweg ,1,2022-10-11,2596,23.22
Skusjespad,52.336923,4.855587,Amstelveenseweg richting Jachthavenweg,Jachthavenweg richting Amstelveenseweg ,-1,2022-10-12,484,26.13
Skusjespad,52.336923,4.855587,Amstelveenseweg richting Jachthavenweg,Jachthavenweg richting Amstelveenseweg ,1,2022-10-12,2320,23.14
Skusjespad,52.336923,4.855587,Amstelveenseweg richting Jachthavenweg,Jachthavenweg richting Amstelveenseweg ,-1,2022-10-13,219,24.87
Skusjespad,52.336923,4.855587,Amstelveenseweg richting Jachthavenweg,Jachthavenweg richting Amstelveenseweg ,1,2022-10-13,3204,25.09
Skusjespad,52.336923,4.855587,Amstelveenseweg richting Jachthavenweg,Jachthavenweg richting Amstelveenseweg ,-1,2022-10-14,114,25.44
Skusjespad,52.336923,4.855587,Amstelveenseweg richting Jachthavenweg,Jachthavenweg richting Amstelveenseweg ,1,2022-10-14,2757,25.13
Skusjespad,52.336923,4.855587,Amstelveenseweg richting Jachthavenweg,Jachthavenweg richting Amstelveenseweg ,-1,2022-10-15,16,23.5
Skusjespad,52.336923,4.855587,Amstelveenseweg richting Jachthavenweg,Jachthavenweg richting Amstelveenseweg ,1,2022-10-15,2606,27.0
Skusjespad,52.336923,4.855587,Amstelveenseweg richting Jachthavenweg,Jachthavenweg richting Amstelveenseweg ,-1,2022-10-16,22,26.27
Skusjespad,52.336923,4.855587,Amstelveenseweg richting Jachthavenweg,Jachthavenweg richting Amstelveenseweg ,1,2022-10-16,2659,23.37
Skusjespad,52.336923,4.855587,Amstelveenseweg richting Jachthavenweg,Jachthavenweg richting Amstelveenseweg ,-1,2022-10-17,412,25.6
Skusjespad,52.336923,4.855587,Amstelveenseweg richting Jachthavenweg,Jachthavenweg richting Amstelveenseweg ,1,2022-10-17,1864,23.1
Skusjespad,52.336923,4.855587,Amstelveenseweg richting Jachthavenweg,Jachthavenweg richting Amstelveenseweg ,-1,2022-10-18,113,25.53
Skusjespad,52.336923,4.855587,Amstelveenseweg richting Jachthavenweg,Jachthavenweg richting Amstelveenseweg ,1,2022-10-18,2228,23.49
Skusjespad,52.336923,4.855587,Amstelveenseweg richting Jachthavenweg,Jachthavenweg richting Amstelveenseweg ,-1,2022-10-19,78,27.44
Skusjespad,52.336923,4.855587,Amstelveenseweg richting Jachthavenweg,Jachthavenweg richting Amstelveenseweg ,1,2022-10-19,1998,23.1
Skusjespad,52.336923,4.855587,Amstelveenseweg richting Jachthavenweg,Jachthavenweg richting Amstelveenseweg ,-1,2022-10-20,404,25.23
Skusjespad,52.336923,4.855587,Amstelveenseweg richting Jachthavenweg,Jachthavenweg richting Amstelveenseweg ,1,2022-10-20,2010,22.94
Skusjespad,52.336923,4.855587,Amstelveenseweg richting Jachthavenweg,Jachthavenweg richting Amstelveenseweg ,-1,2022-10-21,107,26.95
Skusjespad,52.336923,4.855587,Amstelveenseweg richting Jachthavenweg,Jachthavenweg richting Amstelveenseweg ,1,2022-10-21,1691,22.97
Skusjespad,52.336923,4.855587,Amstelveenseweg richting Jachthavenweg,Jachthavenweg richting Amstelveenseweg ,-1,2022-10-22,30,24.43
Skusjespad,52.336923,4.855587,Amstelveenseweg richting Jachthavenweg,Jachthavenweg richting Amstelveenseweg ,1,2022-10-22,816,23.85
Skusjespad,52.336923,4.855587,Amstelveenseweg richting Jachthavenweg,Jachthavenweg richting Amstelveenseweg ,-1,2022-10-23,46,22.17
Skusjespad,52.336923,4.855587,Amstelveenseweg richting Jachthavenweg,Jachthavenweg richting Amstelveenseweg ,1,2022-10-23,542,23.61
Skusjespad,52.336923,4.855587,Amstelveenseweg richting Jachthavenweg,Jachthavenweg richting Amstelveenseweg ,-1,2022-10-24,582,25.69
Skusjespad,52.336923,4.855587,Amstelveenseweg richting Jachthavenweg,Jachthavenweg richting Amstelveenseweg ,1,2022-10-24,2085,23.67
Skusjespad,52.336923,4.855587,Amstelveenseweg richting Jachthavenweg,Jachthavenweg richting Amstelveenseweg ,-1,2022-10-25,331,22.92
Skusjespad,52.336923,4.855587,Amstelveenseweg richting Jachthavenweg,Jachthavenweg richting Amstelveenseweg ,1,2022-10-25,2489,23.34
Skusjespad,52.336923,4.855587,Amstelveenseweg richting Jachthavenweg,Jachthavenweg richting Amstelveenseweg ,-1,2022-10-26,315,24.91
Skusjespad,52.336923,4.855587,Amstelveenseweg richting Jachthavenweg,Jachthavenweg richting Amstelveenseweg ,1,2022-10-26,2173,22.54
Skusjespad,52.336923,4.855587,Amstelveenseweg richting Jachthavenweg,Jachthavenweg richting Amstelveenseweg ,-1,2022-10-27,67,25.91
Skusjespad,52.336923,4.855587,Amstelveenseweg richting Jachthavenweg,Jachthavenweg richting Amstelveenseweg ,1,2022-10-27,1402,24.2
Skusjespad,52.336923,4.855587,Amstelveenseweg richting Jachthavenweg,Jachthavenweg richting Amstelveenseweg ,-1,2022-10-28,149,25.69
Skusjespad,52.336923,4.855587,Amstelveenseweg richting Jachthavenweg,Jachthavenweg richting Amstelveenseweg ,1,2022-10-28,2151,23.4
Skusjespad,52.336923,4.855587,Amstelveenseweg richting Jachthavenweg,Jachthavenweg richting Amstelveenseweg ,-1,2022-10-29,42,28.24
Skusjespad,52.336923,4.855587,Amstelveenseweg richting Jachthavenweg,Jachthavenweg richting Amstelveenseweg ,1,2022-10-29,864,24.65
Skusjespad,52.336923,4.855587,Amstelveenseweg richting Jachthavenweg,Jachthavenweg richting Amstelveenseweg ,-1,2022-10-30,24,26.67
Skusjespad,52.336923,4.855587,Amstelveenseweg richting Jachthavenweg,Jachthavenweg richting Amstelveenseweg ,1,2022-10-30,694,24.13
Skusjespad,52.336923,4.855587,Amstelveenseweg richting Jachthavenweg,Jachthavenweg richting Amstelveenseweg ,-1,2022-10-31,190,25.6
Skusjespad,52.336923,4.855587,Amstelveenseweg richting Jachthavenweg,Jachthavenweg richting Amstelveenseweg ,1,2022-10-31,2505,22.61
Skusjespad,52.336923,4.855587,Amstelveenseweg richting Jachthavenweg,Jachthavenweg richting Amstelveenseweg ,-1,2022-11-01,188,25.69
Skusjespad,52.336923,4.855587,Amstelveenseweg richting Jachthavenweg,Jachthavenweg richting Amstelveenseweg ,1,2022-11-01,2556,23.78
Skusjespad,52.336923,4.855587,Amstelveenseweg richting Jachthavenweg,Jachthavenweg richting Amstelveenseweg ,-1,2022-11-02,135,24.93
Skusjespad,52.336923,4.855587,Amstelveenseweg richting Jachthavenweg,Jachthavenweg richting Amstelveenseweg ,1,2022-11-02,2286,23.52
Skusjespad,52.336923,4.855587,Amstelveenseweg richting Jachthavenweg,Jachthavenweg richting Amstelveenseweg ,-1,2022-11-03,202,24.58
Skusjespad,52.336923,4.855587,Amstelveenseweg richting Jachthavenweg,Jachthavenweg richting Amstelveenseweg ,1,2022-11-03,2416,22.61
Skusjespad,52.336923,4.855587,Amstelveenseweg richting Jachthavenweg,Jachthavenweg richting Amstelveenseweg ,-1,2022-11-04,121,25.5
Skusjespad,52.336923,4.855587,Amstelveenseweg richting Jachthavenweg,Jachthavenweg richting Amstelveenseweg ,1,2022-11-04,1919,24.15
Skusjespad,52.336923,4.855587,Amstelveenseweg richting Jachthavenweg,Jachthavenweg richting Amstelveenseweg ,-1,2022-11-05,32,26.0
Skusjespad,52.336923,4.855587,Amstelveenseweg richting Jachthavenweg,Jachthavenweg richting Amstelveenseweg ,1,2022-11-05,754,24.5
Skusjespad,52.336923,4.855587,Amstelveenseweg richting Jachthavenweg,Jachthavenweg richting Amstelveenseweg ,-1,2022-11-06,18,24.67
Skusjespad,52.336923,4.855587,Amstelveenseweg richting Jachthavenweg,Jachthavenweg richting Amstelveenseweg ,1,2022-11-06,429,24.11
Skusjespad,52.336923,4.855587,Amstelveenseweg richting Jachthavenweg,Jachthavenweg richting Amstelveenseweg ,-1,2022-11-07,124,25.79
Skusjespad,52.336923,4.855587,Amstelveenseweg richting Jachthavenweg,Jachthavenweg richting Amstelveenseweg ,1,2022-11-07,2061,23.02
Skusjespad,52.336923,4.855587,Amstelveenseweg richting Jachthavenweg,Jachthavenweg richting Amstelveenseweg ,-1,2022-11-08,212,26.16
Skusjespad,52.336923,4.855587,Amstelveenseweg richting Jachthavenweg,Jachthavenweg richting Amstelveenseweg ,1,2022-11-08,2566,22.37
Skusjespad,52.336923,4.855587,Amstelveenseweg richting Jachthavenweg,Jachthavenweg richting Amstelveenseweg ,-1,2022-11-09,136,24.84
Skusjespad,52.336923,4.855587,Amstelveenseweg richting Jachthavenweg,Jachthavenweg richting Amstelveenseweg ,1,2022-11-09,2298,23.41
Skusjespad,52.336923,4.855587,Amstelveenseweg richting Jachthavenweg,Jachthavenweg richting Amstelveenseweg ,-1,2022-11-10,137,27.01
Skusjespad,52.336923,4.855587,Amstelveenseweg richting Jachthavenweg,Jachthavenweg richting Amstelveenseweg ,1,2022-11-10,2384,23.29
Skusjespad,52.336923,4.855587,Amstelveenseweg richting Jachthavenweg,Jachthavenweg richting Amstelveenseweg ,-1,2022-11-11,138,25.01
Skusjespad,52.336923,4.855587,Amstelveenseweg richting Jachthavenweg,Jachthavenweg richting Amstelveenseweg ,1,2022-11-11,2137,23.82
Skusjespad,52.336923,4.855587,Amstelveenseweg richting Jachthavenweg,Jachthavenweg richting Amstelveenseweg ,-1,2022-11-12,213,21.73
Skusjespad,52.336923,4.855587,Amstelveenseweg richting Jachthavenweg,Jachthavenweg richting Amstelveenseweg ,1,2022-11-12,803,24.47
Skusjespad,52.336923,4.855587,Amstelveenseweg richting Jachthavenweg,Jachthavenweg richting Amstelveenseweg ,-1,2022-11-13,84,26.3
Skusjespad,52.336923,4.855587,Amstelveenseweg richting Jachthavenweg,Jachthavenweg richting Amstelveenseweg ,1,2022-11-13,1258,25.37
Skusjespad,52.336923,4.855587,Amstelveenseweg richting Jachthavenweg,Jachthavenweg richting Amstelveenseweg ,-1,2022-11-14,252,25.08
Skusjespad,52.336923,4.855587,Amstelveenseweg richting Jachthavenweg,Jachthavenweg richting Amstelveenseweg ,1,2022-11-14,2799,23.79
Skusjespad,52.336923,4.855587,Amstelveenseweg richting Jachthavenweg,Jachthavenweg richting Amstelveenseweg ,-1,2022-11-15,114,25.97
Skusjespad,52.336923,4.855587,Amstelveenseweg richting Jachthavenweg,Jachthavenweg richting Amstelveenseweg ,1,2022-11-15,2876,23.33
Skusjespad,52.336923,4.855587,Amstelveenseweg richting Jachthavenweg,Jachthavenweg richting Amstelveenseweg ,-1,2022-11-16,139,25.94
Skusjespad,52.336923,4.855587,Amstelveenseweg richting Jachthavenweg,Jachthavenweg richting Amstelveenseweg ,1,2022-11-16,2866,23.96
Skusjespad,52.336923,4.855587,Amstelveenseweg richting Jachthavenweg,Jachthavenweg richting Amstelveenseweg ,-1,2022-11-17,114,27.54
Skusjespad,52.336923,4.855587,Amstelveenseweg richting Jachthavenweg,Jachthavenweg richting Amstelveenseweg ,1,2022-11-17,2395,23.84
Skusjespad,52.336923,4.855587,Amstelveenseweg richting Jachthavenweg,Jachthavenweg richting Amstelveenseweg ,-1,2022-11-18,169,26.69
Skusjespad,52.336923,4.855587,Amstelveenseweg richting Jachthavenweg,Jachthavenweg richting Amstelveenseweg ,1,2022-11-18,2262,24.42
Skusjespad,52.336923,4.855587,Amstelveenseweg richting Jachthavenweg,Jachthavenweg richting Amstelveenseweg ,-1,2022-11-19,38,25.55
Skusjespad,52.336923,4.855587,Amstelveenseweg richting Jachthavenweg,Jachthavenweg richting Amstelveenseweg ,1,2022-11-19,1095,25.69
Skusjespad,52.336923,4.855587,Amstelveenseweg richting Jachthavenweg,Jachthavenweg richting Amstelveenseweg ,-1,2022-11-20,28,24.61
Skusjespad,52.336923,4.855587,Amstelveenseweg richting Jachthavenweg,Jachthavenweg richting Amstelveenseweg ,1,2022-11-20,652,25.84
Skusjespad,52.336923,4.855587,Amstelveenseweg richting Jachthavenweg,Jachthavenweg richting Amstelveenseweg ,-1,2022-11-21,254,23.72
Skusjespad,52.336923,4.855587,Amstelveenseweg richting Jachthavenweg,Jachthavenweg richting Amstelveenseweg ,1,2022-11-21,2327,23.21
Skusjespad,52.336923,4.855587,Amstelveenseweg richting Jachthavenweg,Jachthavenweg richting Amstelveenseweg ,-1,2022-11-22,203,24.22
Skusjespad,52.336923,4.855587,Amstelveenseweg richting Jachthavenweg,Jachthavenweg richting Amstelveenseweg ,1,2022-11-22,2675,23.35
Skusjespad,52.336923,4.855587,Amstelveenseweg richting Jachthavenweg,Jachthavenweg richting Amstelveenseweg ,-1,2022-11-23,158,26.3
Skusjespad,52.336923,4.855587,Amstelveenseweg richting Jachthavenweg,Jachthavenweg richting Amstelveenseweg ,1,2022-11-23,2631,23.97
Skusjespad,52.336923,4.855587,Amstelveenseweg richting Jachthavenweg,Jachthavenweg richting Amstelveenseweg ,-1,2022-11-24,273,26.03
Skusjespad,52.336923,4.855587,Amstelveenseweg richting Jachthavenweg,Jachthavenweg richting Amstelveenseweg ,1,2022-11-24,2953,23.82
Skusjespad,52.336923,4.855587,Amstelveenseweg richting Jachthavenweg,Jachthavenweg richting Amstelveenseweg ,-1,2022-11-25,31,27.16
Skusjespad,52.336923,4.855587,Amstelveenseweg richting Jachthavenweg,Jachthavenweg richting Amstelveenseweg ,1,2022-11-25,1021,25.81
Skusjespad,52.336923,4.855587,Amstelveenseweg richting Jachthavenweg,Jachthavenweg richting Amstelveenseweg ,-1,2022-11-26,37,25.76
Skusjespad,52.336923,4.855587,Amstelveenseweg richting Jachthavenweg,Jachthavenweg richting Amstelveenseweg ,1,2022-11-26,931,25.18
Skusjespad,52.336923,4.855587,Amstelveenseweg richting Jachthavenweg,Jachthavenweg richting Amstelveenseweg ,-1,2022-11-27,7,26.86
Skusjespad,52.336923,4.855587,Amstelveenseweg richting Jachthavenweg,Jachthavenweg richting Amstelveenseweg ,1,2022-11-27,421,24.05
Skusjespad,52.336923,4.855587,Amstelveenseweg richting Jachthavenweg,Jachthavenweg richting Amstelveenseweg ,-1,2022-11-28,152,25.36
Skusjespad,52.336923,4.855587,Amstelveenseweg richting Jachthavenweg,Jachthavenweg richting Amstelveenseweg ,1,2022-11-28,2276,23.43
Skusjespad,52.336923,4.855587,Amstelveenseweg richting Jachthavenweg,Jachthavenweg richting Amstelveenseweg ,-1,2022-11-29,139,24.36
Skusjespad,52.336923,4.855587,Amstelveenseweg richting Jachthavenweg,Jachthavenweg richting Amstelveenseweg ,1,2022-11-29,2356,23.56
Skusjespad,52.336923,4.855587,Amstelveenseweg richting Jachthavenweg,Jachthavenweg richting Amstelveenseweg ,-1,2022-11-30,116,25.44
Skusjespad,52.336923,4.855587,Amstelveenseweg richting Jachthavenweg,Jachthavenweg richting Amstelveenseweg ,1,2022-11-30,2240,23.83
Skusjespad,52.336923,4.855587,Amstelveenseweg richting Jachthavenweg,Jachthavenweg richting Amstelveenseweg ,-1,2022-12-01,125,24.88
Skusjespad,52.336923,4.855587,Amstelveenseweg richting Jachthavenweg,Jachthavenweg richting Amstelveenseweg ,1,2022-12-01,2414,24.02
Skusjespad,52.336923,4.855587,Amstelveenseweg richting Jachthavenweg,Jachthavenweg richting Amstelveenseweg ,-1,2022-12-02,111,26.4
Skusjespad,52.336923,4.855587,Amstelveenseweg richting Jachthavenweg,Jachthavenweg richting Amstelveenseweg ,1,2022-12-02,1894,23.76
Skusjespad,52.336923,4.855587,Amstelveenseweg richting Jachthavenweg,Jachthavenweg richting Amstelveenseweg ,-1,2022-12-03,37,24.54
Skusjespad,52.336923,4.855587,Amstelveenseweg richting Jachthavenweg,Jachthavenweg richting Amstelveenseweg ,1,2022-12-03,575,24.41
Skusjespad,52.336923,4.855587,Amstelveenseweg richting Jachthavenweg,Jachthavenweg richting Amstelveenseweg ,-1,2022-12-04,11,21.55
Skusjespad,52.336923,4.855587,Amstelveenseweg richting Jachthavenweg,Jachthavenweg richting Amstelveenseweg ,1,2022-12-04,342,23.76
Skusjespad,52.336923,4.855587,Amstelveenseweg richting Jachthavenweg,Jachthavenweg richting Amstelveenseweg ,-1,2022-12-05,104,24.44
Skusjespad,52.336923,4.855587,Amstelveenseweg richting Jachthavenweg,Jachthavenweg richting Amstelveenseweg ,1,2022-12-05,2036,23.37
Skusjespad,52.336923,4.855587,Amstelveenseweg richting Jachthavenweg,Jachthavenweg richting Amstelveenseweg ,-1,2022-12-06,87,26.6
Skusjespad,52.336923,4.855587,Amstelveenseweg richting Jachthavenweg,Jachthavenweg richting Amstelveenseweg ,1,2022-12-06,2345,23.45
Skusjespad,52.336923,4.855587,Amstelveenseweg richting Jachthavenweg,Jachthavenweg richting Amstelveenseweg ,-1,2022-12-07,34,26.5
Skusjespad,52.336923,4.855587,Amstelveenseweg richting Jachthavenweg,Jachthavenweg richting Amstelveenseweg ,1,2022-12-07,1260,25.71
Skusjespad,52.336923,4.855587,Amstelveenseweg richting Jachthavenweg,Jachthavenweg richting Amstelveenseweg ,-1,2022-12-08,111,26.97
Skusjespad,52.336923,4.855587,Amstelveenseweg richting Jachthavenweg,Jachthavenweg richting Amstelveenseweg ,1,2022-12-08,1981,23.03
Skusjespad,52.336923,4.855587,Amstelveenseweg richting Jachthavenweg,Jachthavenweg richting Amstelveenseweg ,-1,2022-12-09,111,26.24
Skusjespad,52.336923,4.855587,Amstelveenseweg richting Jachthavenweg,Jachthavenweg richting Amstelveenseweg ,1,2022-12-09,1795,23.76
Skusjespad,52.336923,4.855587,Amstelveenseweg richting Jachthavenweg,Jachthavenweg richting Amstelveenseweg ,-1,2022-12-10,57,26.3
Skusjespad,52.336923,4.855587,Amstelveenseweg richting Jachthavenweg,Jachthavenweg richting Amstelveenseweg ,1,2022-12-10,563,23.74
Skusjespad,52.336923,4.855587,Amstelveenseweg richting Jachthavenweg,Jachthavenweg richting Amstelveenseweg ,-1,2022-12-11,18,28.06
Skusjespad,52.336923,4.855587,Amstelveenseweg richting Jachthavenweg,Jachthavenweg richting Amstelveenseweg ,1,2022-12-11,432,24.68
Skusjespad,52.336923,4.855587,Amstelveenseweg richting Jachthavenweg,Jachthavenweg richting Amstelveenseweg ,-1,2022-12-12,153,25.86
Skusjespad,52.336923,4.855587,Amstelveenseweg richting Jachthavenweg,Jachthavenweg richting Amstelveenseweg ,1,2022-12-12,2241,23.98
Skusjespad,52.336923,4.855587,Amstelveenseweg richting Jachthavenweg,Jachthavenweg richting Amstelveenseweg ,-1,2022-12-13,192,25.82
Skusjespad,52.336923,4.855587,Amstelveenseweg richting Jachthavenweg,Jachthavenweg richting Amstelveenseweg ,1,2022-12-13,2370,23.79
Skusjespad,52.336923,4.855587,Amstelveenseweg richting Jachthavenweg,Jachthavenweg richting Amstelveenseweg ,-1,2022-12-14,105,26.97
Skusjespad,52.336923,4.855587,Amstelveenseweg richting Jachthavenweg,Jachthavenweg richting Amstelveenseweg ,1,2022-12-14,2171,24.36
Skusjespad,52.336923,4.855587,Amstelveenseweg richting Jachthavenweg,Jachthavenweg richting Amstelveenseweg ,-1,2022-12-15,129,26.76
Skusjespad,52.336923,4.855587,Amstelveenseweg richting Jachthavenweg,Jachthavenweg richting Amstelveenseweg ,1,2022-12-15,2251,23.98
Skusjespad,52.336923,4.855587,Amstelveenseweg richting Jachthavenweg,Jachthavenweg richting Amstelveenseweg ,-1,2022-12-16,87,25.48
Skusjespad,52.336923,4.855587,Amstelveenseweg richting Jachthavenweg,Jachthavenweg richting Amstelveenseweg ,1,2022-12-16,1709,24.26
Skusjespad,52.336923,4.855587,Amstelveenseweg richting Jachthavenweg,Jachthavenweg richting Amstelveenseweg ,-1,2022-12-17,22,25.68
Skusjespad,52.336923,4.855587,Amstelveenseweg richting Jachthavenweg,Jachthavenweg richting Amstelveenseweg ,1,2022-12-17,607,23.76
Skusjespad,52.336923,4.855587,Amstelveenseweg richting Jachthavenweg,Jachthavenweg richting Amstelveenseweg ,-1,2022-12-18,13,24.77
Skusjespad,52.336923,4.855587,Amstelveenseweg richting Jachthavenweg,Jachthavenweg richting Amstelveenseweg ,1,2022-12-18,438,23.91
Skusjespad,52.336923,4.855587,Amstelveenseweg richting Jachthavenweg,Jachthavenweg richting Amstelveenseweg ,-1,2022-12-19,126,26.43
Skusjespad,52.336923,4.855587,Amstelveenseweg richting Jachthavenweg,Jachthavenweg richting Amstelveenseweg ,1,2022-12-19,1760,24.01
Skusjespad,52.336923,4.855587,Amstelveenseweg richting Jachthavenweg,Jachthavenweg richting Amstelveenseweg ,-1,2022-12-20,113,26.85
Skusjespad,52.336923,4.855587,Amstelveenseweg richting Jachthavenweg,Jachthavenweg richting Amstelveenseweg ,1,2022-12-20,1888,23.48
Skusjespad,52.336923,4.855587,Amstelveenseweg richting Jachthavenweg,Jachthavenweg richting Amstelveenseweg ,-1,2022-12-21,119,27.04
Skusjespad,52.336923,4.855587,Amstelveenseweg richting Jachthavenweg,Jachthavenweg richting Amstelveenseweg ,1,2022-12-21,1855,24.51
Skusjespad,52.336923,4.855587,Amstelveenseweg richting Jachthavenweg,Jachthavenweg richting Amstelveenseweg ,-1,2022-12-22,746,24.25
Skusjespad,52.336923,4.855587,Amstelveenseweg richting Jachthavenweg,Jachthavenweg richting Amstelveenseweg ,1,2022-12-22,1724,23.43
Skusjespad,52.336923,4.855587,Amstelveenseweg richting Jachthavenweg,Jachthavenweg richting Amstelveenseweg ,-1,2022-12-23,84,26.85
Skusjespad,52.336923,4.855587,Amstelveenseweg richting Jachthavenweg,Jachthavenweg richting Amstelveenseweg ,1,2022-12-23,1294,24.83
Skusjespad,52.336923,4.855587,Amstelveenseweg richting Jachthavenweg,Jachthavenweg richting Amstelveenseweg ,-1,2022-12-24,17,17.76
Skusjespad,52.336923,4.855587,Amstelveenseweg richting Jachthavenweg,Jachthavenweg richting Amstelveenseweg ,1,2022-12-24,418,25.56
Skusjespad,52.336923,4.855587,Amstelveenseweg richting Jachthavenweg,Jachthavenweg richting Amstelveenseweg ,-1,2022-12-25,13,23.54
Skusjespad,52.336923,4.855587,Amstelveenseweg richting Jachthavenweg,Jachthavenweg richting Amstelveenseweg ,1,2022-12-25,203,25.65
Skusjespad,52.336923,4.855587,Amstelveenseweg richting Jachthavenweg,Jachthavenweg richting Amstelveenseweg ,-1,2022-12-26,7,26.43
Skusjespad,52.336923,4.855587,Amstelveenseweg richting Jachthavenweg,Jachthavenweg richting Amstelveenseweg ,1,2022-12-26,226,25.58
Skusjespad,52.336923,4.855587,Amstelveenseweg richting Jachthavenweg,Jachthavenweg richting Amstelveenseweg ,-1,2022-12-27,60,27.38
Skusjespad,52.336923,4.855587,Amstelveenseweg richting Jachthavenweg,Jachthavenweg richting Amstelveenseweg ,1,2022-12-27,971,25.13
Skusjespad,52.336923,4.855587,Amstelveenseweg richting Jachthavenweg,Jachthavenweg richting Amstelveenseweg ,-1,2022-12-28,48,27.08
Skusjespad,52.336923,4.855587,Amstelveenseweg richting Jachthavenweg,Jachthavenweg richting Amstelveenseweg ,1,2022-12-28,797,24.86
Skusjespad,52.336923,4.855587,Amstelveenseweg richting Jachthavenweg,Jachthavenweg richting Amstelveenseweg ,-1,2022-12-29,42,26.02
Skusjespad,52.336923,4.855587,Amstelveenseweg richting Jachthavenweg,Jachthavenweg richting Amstelveenseweg ,1,2022-12-29,967,25.67
Skusjespad,52.336923,4.855587,Amstelveenseweg richting Jachthavenweg,Jachthavenweg richting Amstelveenseweg ,-1,2022-12-30,44,26.34
Skusjespad,52.336923,4.855587,Amstelveenseweg richting Jachthavenweg,Jachthavenweg richting Amstelveenseweg ,1,2022-12-30,731,23.9
Skusjespad,52.336923,4.855587,Amstelveenseweg richting Jachthavenweg,Jachthavenweg richting Amstelveenseweg ,-1,2022-12-31,24,27.33
Skusjespad,52.336923,4.855587,Amstelveenseweg richting Jachthavenweg,Jachthavenweg richting Amstelveenseweg ,1,2022-12-31,258,25.25
