location,latitude,longitude,plusdirection,mindirection,direction,datetime,count,speed_mean
Strawinskylaan (oud),52.341014,4.871323,Minervalaan richting Parnassusweg,Parnassusweg richting Minervalaan ,-1,2022-01-01,783,12.7
Strawinskylaan (oud),52.341014,4.871323,Minervalaan richting Parnassusweg,Parnassusweg richting Minervalaan ,1,2022-01-01,366,12.11
Strawinskylaan (oud),52.341014,4.871323,Minervalaan richting Parnassusweg,Parnassusweg richting Minervalaan ,-1,2022-01-02,683,13.13
Strawinskylaan (oud),52.341014,4.871323,Minervalaan richting Parnassusweg,Parnassusweg richting Minervalaan ,1,2022-01-02,301,11.84
Strawinskylaan (oud),52.341014,4.871323,Minervalaan richting Parnassusweg,Parnassusweg richting Minervalaan ,-1,2022-01-03,1746,13.48
Strawinskylaan (oud),52.341014,4.871323,Minervalaan richting Parnassusweg,Parnassusweg richting Minervalaan ,1,2022-01-03,758,12.03
Strawinskylaan (oud),52.341014,4.871323,Minervalaan richting Parnassusweg,Parnassusweg richting Minervalaan ,-1,2022-01-04,1812,13.33
Strawinskylaan (oud),52.341014,4.871323,Minervalaan richting Parnassusweg,Parnassusweg richting Minervalaan ,1,2022-01-04,849,12.47
Strawinskylaan (oud),52.341014,4.871323,Minervalaan richting Parnassusweg,Parnassusweg richting Minervalaan ,-1,2022-01-05,1445,13.22
Strawinskylaan (oud),52.341014,4.871323,Minervalaan richting Parnassusweg,Parnassusweg richting Minervalaan ,1,2022-01-05,747,11.74
Strawinskylaan (oud),52.341014,4.871323,Minervalaan richting Parnassusweg,Parnassusweg richting Minervalaan ,-1,2022-01-06,2015,13.33
Strawinskylaan (oud),52.341014,4.871323,Minervalaan richting Parnassusweg,Parnassusweg richting Minervalaan ,1,2022-01-06,931,12.67
Strawinskylaan (oud),52.341014,4.871323,Minervalaan richting Parnassusweg,Parnassusweg richting Minervalaan ,-1,2022-01-07,1617,13.25
Strawinskylaan (oud),52.341014,4.871323,Minervalaan richting Parnassusweg,Parnassusweg richting Minervalaan ,1,2022-01-07,770,12.16
Strawinskylaan (oud),52.341014,4.871323,Minervalaan richting Parnassusweg,Parnassusweg richting Minervalaan ,-1,2022-01-08,757,12.86
Strawinskylaan (oud),52.341014,4.871323,Minervalaan richting Parnassusweg,Parnassusweg richting Minervalaan ,1,2022-01-08,363,12.72
Strawinskylaan (oud),52.341014,4.871323,Minervalaan richting Parnassusweg,Parnassusweg richting Minervalaan ,-1,2022-01-09,801,12.84
Strawinskylaan (oud),52.341014,4.871323,Minervalaan richting Parnassusweg,Parnassusweg richting Minervalaan ,1,2022-01-09,392,11.64
Strawinskylaan (oud),52.341014,4.871323,Minervalaan richting Parnassusweg,Parnassusweg richting Minervalaan ,-1,2022-01-10,2678,13.2
Strawinskylaan (oud),52.341014,4.871323,Minervalaan richting Parnassusweg,Parnassusweg richting Minervalaan ,1,2022-01-10,1133,12.76
Strawinskylaan (oud),52.341014,4.871323,Minervalaan richting Parnassusweg,Parnassusweg richting Minervalaan ,-1,2022-01-11,3071,13.11
Strawinskylaan (oud),52.341014,4.871323,Minervalaan richting Parnassusweg,Parnassusweg richting Minervalaan ,1,2022-01-11,1305,12.5
Strawinskylaan (oud),52.341014,4.871323,Minervalaan richting Parnassusweg,Parnassusweg richting Minervalaan ,-1,2022-01-12,6383,13.09
Strawinskylaan (oud),52.341014,4.871323,Minervalaan richting Parnassusweg,Parnassusweg richting Minervalaan ,1,2022-01-12,5168,10.96
Strawinskylaan (oud),52.341014,4.871323,Minervalaan richting Parnassusweg,Parnassusweg richting Minervalaan ,-1,2022-01-13,3011,13.1
Strawinskylaan (oud),52.341014,4.871323,Minervalaan richting Parnassusweg,Parnassusweg richting Minervalaan ,1,2022-01-13,1279,12.2
Strawinskylaan (oud),52.341014,4.871323,Minervalaan richting Parnassusweg,Parnassusweg richting Minervalaan ,-1,2022-01-14,2867,13.07
Strawinskylaan (oud),52.341014,4.871323,Minervalaan richting Parnassusweg,Parnassusweg richting Minervalaan ,1,2022-01-14,1282,12.39
Strawinskylaan (oud),52.341014,4.871323,Minervalaan richting Parnassusweg,Parnassusweg richting Minervalaan ,-1,2022-01-15,1236,12.86
Strawinskylaan (oud),52.341014,4.871323,Minervalaan richting Parnassusweg,Parnassusweg richting Minervalaan ,1,2022-01-15,574,12.56
Strawinskylaan (oud),52.341014,4.871323,Minervalaan richting Parnassusweg,Parnassusweg richting Minervalaan ,-1,2022-01-16,1059,13.02
Strawinskylaan (oud),52.341014,4.871323,Minervalaan richting Parnassusweg,Parnassusweg richting Minervalaan ,1,2022-01-16,544,11.74
Strawinskylaan (oud),52.341014,4.871323,Minervalaan richting Parnassusweg,Parnassusweg richting Minervalaan ,-1,2022-01-17,3000,13.25
Strawinskylaan (oud),52.341014,4.871323,Minervalaan richting Parnassusweg,Parnassusweg richting Minervalaan ,1,2022-01-17,1433,11.96
Strawinskylaan (oud),52.341014,4.871323,Minervalaan richting Parnassusweg,Parnassusweg richting Minervalaan ,-1,2022-01-18,4155,13.35
Strawinskylaan (oud),52.341014,4.871323,Minervalaan richting Parnassusweg,Parnassusweg richting Minervalaan ,1,2022-01-18,2057,12.58
Strawinskylaan (oud),52.341014,4.871323,Minervalaan richting Parnassusweg,Parnassusweg richting Minervalaan ,-1,2022-01-19,2876,13.12
Strawinskylaan (oud),52.341014,4.871323,Minervalaan richting Parnassusweg,Parnassusweg richting Minervalaan ,1,2022-01-19,1404,12.26
Strawinskylaan (oud),52.341014,4.871323,Minervalaan richting Parnassusweg,Parnassusweg richting Minervalaan ,-1,2022-01-20,3022,13.09
Strawinskylaan (oud),52.341014,4.871323,Minervalaan richting Parnassusweg,Parnassusweg richting Minervalaan ,1,2022-01-20,1394,12.03
Strawinskylaan (oud),52.341014,4.871323,Minervalaan richting Parnassusweg,Parnassusweg richting Minervalaan ,-1,2022-01-21,2865,13.38
Strawinskylaan (oud),52.341014,4.871323,Minervalaan richting Parnassusweg,Parnassusweg richting Minervalaan ,1,2022-01-21,1289,12.33
Strawinskylaan (oud),52.341014,4.871323,Minervalaan richting Parnassusweg,Parnassusweg richting Minervalaan ,-1,2022-01-22,1335,13.02
Strawinskylaan (oud),52.341014,4.871323,Minervalaan richting Parnassusweg,Parnassusweg richting Minervalaan ,1,2022-01-22,633,11.96
Strawinskylaan (oud),52.341014,4.871323,Minervalaan richting Parnassusweg,Parnassusweg richting Minervalaan ,-1,2022-01-23,1141,13.18
Strawinskylaan (oud),52.341014,4.871323,Minervalaan richting Parnassusweg,Parnassusweg richting Minervalaan ,1,2022-01-23,581,12.18
Strawinskylaan (oud),52.341014,4.871323,Minervalaan richting Parnassusweg,Parnassusweg richting Minervalaan ,-1,2022-01-24,2979,12.96
Strawinskylaan (oud),52.341014,4.871323,Minervalaan richting Parnassusweg,Parnassusweg richting Minervalaan ,1,2022-01-24,1410,12.82
Strawinskylaan (oud),52.341014,4.871323,Minervalaan richting Parnassusweg,Parnassusweg richting Minervalaan ,-1,2022-01-25,3063,13.16
Strawinskylaan (oud),52.341014,4.871323,Minervalaan richting Parnassusweg,Parnassusweg richting Minervalaan ,1,2022-01-25,1541,13.07
Strawinskylaan (oud),52.341014,4.871323,Minervalaan richting Parnassusweg,Parnassusweg richting Minervalaan ,-1,2022-01-26,3119,13.41
Strawinskylaan (oud),52.341014,4.871323,Minervalaan richting Parnassusweg,Parnassusweg richting Minervalaan ,1,2022-01-26,1524,12.44
Strawinskylaan (oud),52.341014,4.871323,Minervalaan richting Parnassusweg,Parnassusweg richting Minervalaan ,-1,2022-01-27,2817,13.36
Strawinskylaan (oud),52.341014,4.871323,Minervalaan richting Parnassusweg,Parnassusweg richting Minervalaan ,1,2022-01-27,1249,11.81
Strawinskylaan (oud),52.341014,4.871323,Minervalaan richting Parnassusweg,Parnassusweg richting Minervalaan ,-1,2022-01-28,2961,13.4
Strawinskylaan (oud),52.341014,4.871323,Minervalaan richting Parnassusweg,Parnassusweg richting Minervalaan ,1,2022-01-28,1515,12.42
Strawinskylaan (oud),52.341014,4.871323,Minervalaan richting Parnassusweg,Parnassusweg richting Minervalaan ,-1,2022-01-29,1318,13.15
Strawinskylaan (oud),52.341014,4.871323,Minervalaan richting Parnassusweg,Parnassusweg richting Minervalaan ,1,2022-01-29,719,11.18
Strawinskylaan (oud),52.341014,4.871323,Minervalaan richting Parnassusweg,Parnassusweg richting Minervalaan ,-1,2022-01-30,1159,13.16
Strawinskylaan (oud),52.341014,4.871323,Minervalaan richting Parnassusweg,Parnassusweg richting Minervalaan ,1,2022-01-30,611,12.17
Strawinskylaan (oud),52.341014,4.871323,Minervalaan richting Parnassusweg,Parnassusweg richting Minervalaan ,-1,2022-01-31,1657,12.92
Strawinskylaan (oud),52.341014,4.871323,Minervalaan richting Parnassusweg,Parnassusweg richting Minervalaan ,1,2022-01-31,900,11.34
Strawinskylaan (oud),52.341014,4.871323,Minervalaan richting Parnassusweg,Parnassusweg richting Minervalaan ,-1,2022-02-01,2945,13.14
Strawinskylaan (oud),52.341014,4.871323,Minervalaan richting Parnassusweg,Parnassusweg richting Minervalaan ,1,2022-02-01,1316,11.53
Strawinskylaan (oud),52.341014,4.871323,Minervalaan richting Parnassusweg,Parnassusweg richting Minervalaan ,-1,2022-02-02,984,13.55
Strawinskylaan (oud),52.341014,4.871323,Minervalaan richting Parnassusweg,Parnassusweg richting Minervalaan ,1,2022-02-02,675,12.44
