location,latitude,longitude,plusdirection,mindirection,direction,datetime,count,speed_mean
Strawinskylaan,52.341014,4.871323,Parnassusweg richting Minervalaan,Minervalaan richting Parnassusweg,-1,2022-02-08,735,17.13
Strawinskylaan,52.341014,4.871323,Parnassusweg richting Minervalaan,Minervalaan richting Parnassusweg,1,2022-02-08,881,18.04
Strawinskylaan,52.341014,4.871323,Parnassusweg richting Minervalaan,Minervalaan richting Parnassusweg,-1,2022-02-09,1099,17.12
Strawinskylaan,52.341014,4.871323,Parnassusweg richting Minervalaan,Minervalaan richting Parnassusweg,1,2022-02-09,2053,17.93
Strawinskylaan,52.341014,4.871323,Parnassusweg richting Minervalaan,Minervalaan richting Parnassusweg,-1,2022-02-10,1084,16.93
Strawinskylaan,52.341014,4.871323,Parnassusweg richting Minervalaan,Minervalaan richting Parnassusweg,1,2022-02-10,2101,18.28
Strawinskylaan,52.341014,4.871323,Parnassusweg richting Minervalaan,Minervalaan richting Parnassusweg,-1,2022-02-11,1120,16.81
Strawinskylaan,52.341014,4.871323,Parnassusweg richting Minervalaan,Minervalaan richting Parnassusweg,1,2022-02-11,1886,17.78
Strawinskylaan,52.341014,4.871323,Parnassusweg richting Minervalaan,Minervalaan richting Parnassusweg,-1,2022-02-12,587,16.18
Strawinskylaan,52.341014,4.871323,Parnassusweg richting Minervalaan,Minervalaan richting Parnassusweg,1,2022-02-12,855,18.07
Strawinskylaan,52.341014,4.871323,Parnassusweg richting Minervalaan,Minervalaan richting Parnassusweg,-1,2022-02-13,417,16.8
Strawinskylaan,52.341014,4.871323,Parnassusweg richting Minervalaan,Minervalaan richting Parnassusweg,1,2022-02-13,721,18.55
Strawinskylaan,52.341014,4.871323,Parnassusweg richting Minervalaan,Minervalaan richting Parnassusweg,-1,2022-02-14,960,17.32
Strawinskylaan,52.341014,4.871323,Parnassusweg richting Minervalaan,Minervalaan richting Parnassusweg,1,2022-02-14,1888,18.27
Strawinskylaan,52.341014,4.871323,Parnassusweg richting Minervalaan,Minervalaan richting Parnassusweg,-1,2022-02-15,1014,17.46
Strawinskylaan,52.341014,4.871323,Parnassusweg richting Minervalaan,Minervalaan richting Parnassusweg,1,2022-02-15,2068,18.45
Strawinskylaan,52.341014,4.871323,Parnassusweg richting Minervalaan,Minervalaan richting Parnassusweg,-1,2022-02-16,921,17.43
Strawinskylaan,52.341014,4.871323,Parnassusweg richting Minervalaan,Minervalaan richting Parnassusweg,1,2022-02-16,1793,17.72
Strawinskylaan,52.341014,4.871323,Parnassusweg richting Minervalaan,Minervalaan richting Parnassusweg,-1,2022-02-17,969,17.45
Strawinskylaan,52.341014,4.871323,Parnassusweg richting Minervalaan,Minervalaan richting Parnassusweg,1,2022-02-17,2039,17.43
Strawinskylaan,52.341014,4.871323,Parnassusweg richting Minervalaan,Minervalaan richting Parnassusweg,-1,2022-02-18,402,17.32
Strawinskylaan,52.341014,4.871323,Parnassusweg richting Minervalaan,Minervalaan richting Parnassusweg,1,2022-02-18,874,18.8
Strawinskylaan,52.341014,4.871323,Parnassusweg richting Minervalaan,Minervalaan richting Parnassusweg,-1,2022-02-19,447,17.68
Strawinskylaan,52.341014,4.871323,Parnassusweg richting Minervalaan,Minervalaan richting Parnassusweg,1,2022-02-19,510,17.77
Strawinskylaan,52.341014,4.871323,Parnassusweg richting Minervalaan,Minervalaan richting Parnassusweg,-1,2022-02-20,220,17.72
Strawinskylaan,52.341014,4.871323,Parnassusweg richting Minervalaan,Minervalaan richting Parnassusweg,1,2022-02-20,353,17.7
Strawinskylaan,52.341014,4.871323,Parnassusweg richting Minervalaan,Minervalaan richting Parnassusweg,-1,2022-02-21,718,17.97
Strawinskylaan,52.341014,4.871323,Parnassusweg richting Minervalaan,Minervalaan richting Parnassusweg,1,2022-02-21,1267,17.68
Strawinskylaan,52.341014,4.871323,Parnassusweg richting Minervalaan,Minervalaan richting Parnassusweg,-1,2022-02-22,1533,17.8
Strawinskylaan,52.341014,4.871323,Parnassusweg richting Minervalaan,Minervalaan richting Parnassusweg,1,2022-02-22,2072,18.32
Strawinskylaan,52.341014,4.871323,Parnassusweg richting Minervalaan,Minervalaan richting Parnassusweg,-1,2022-02-23,1313,17.59
Strawinskylaan,52.341014,4.871323,Parnassusweg richting Minervalaan,Minervalaan richting Parnassusweg,1,2022-02-23,2304,18.48
Strawinskylaan,52.341014,4.871323,Parnassusweg richting Minervalaan,Minervalaan richting Parnassusweg,-1,2022-02-24,1045,17.5
Strawinskylaan,52.341014,4.871323,Parnassusweg richting Minervalaan,Minervalaan richting Parnassusweg,1,2022-02-24,2002,18.62
Strawinskylaan,52.341014,4.871323,Parnassusweg richting Minervalaan,Minervalaan richting Parnassusweg,-1,2022-02-25,1078,17.35
Strawinskylaan,52.341014,4.871323,Parnassusweg richting Minervalaan,Minervalaan richting Parnassusweg,1,2022-02-25,1901,17.81
Strawinskylaan,52.341014,4.871323,Parnassusweg richting Minervalaan,Minervalaan richting Parnassusweg,-1,2022-02-26,834,16.82
Strawinskylaan,52.341014,4.871323,Parnassusweg richting Minervalaan,Minervalaan richting Parnassusweg,1,2022-02-26,1062,18.59
Strawinskylaan,52.341014,4.871323,Parnassusweg richting Minervalaan,Minervalaan richting Parnassusweg,-1,2022-02-27,709,16.42
Strawinskylaan,52.341014,4.871323,Parnassusweg richting Minervalaan,Minervalaan richting Parnassusweg,1,2022-02-27,987,18.35
Strawinskylaan,52.341014,4.871323,Parnassusweg richting Minervalaan,Minervalaan richting Parnassusweg,-1,2022-02-28,1600,16.79
Strawinskylaan,52.341014,4.871323,Parnassusweg richting Minervalaan,Minervalaan richting Parnassusweg,1,2022-02-28,2783,18.97
Strawinskylaan,52.341014,4.871323,Parnassusweg richting Minervalaan,Minervalaan richting Parnassusweg,-1,2022-03-01,1641,16.66
Strawinskylaan,52.341014,4.871323,Parnassusweg richting Minervalaan,Minervalaan richting Parnassusweg,1,2022-03-01,3033,19.03
Strawinskylaan,52.341014,4.871323,Parnassusweg richting Minervalaan,Minervalaan richting Parnassusweg,-1,2022-03-02,1882,16.48
Strawinskylaan,52.341014,4.871323,Parnassusweg richting Minervalaan,Minervalaan richting Parnassusweg,1,2022-03-02,3222,19.43
Strawinskylaan,52.341014,4.871323,Parnassusweg richting Minervalaan,Minervalaan richting Parnassusweg,-1,2022-03-03,2063,16.51
Strawinskylaan,52.341014,4.871323,Parnassusweg richting Minervalaan,Minervalaan richting Parnassusweg,1,2022-03-03,3638,19.35
Strawinskylaan,52.341014,4.871323,Parnassusweg richting Minervalaan,Minervalaan richting Parnassusweg,-1,2022-03-04,1490,16.74
Strawinskylaan,52.341014,4.871323,Parnassusweg richting Minervalaan,Minervalaan richting Parnassusweg,1,2022-03-04,2820,19.2
Strawinskylaan,52.341014,4.871323,Parnassusweg richting Minervalaan,Minervalaan richting Parnassusweg,-1,2022-03-05,745,16.53
Strawinskylaan,52.341014,4.871323,Parnassusweg richting Minervalaan,Minervalaan richting Parnassusweg,1,2022-03-05,1044,18.81
Strawinskylaan,52.341014,4.871323,Parnassusweg richting Minervalaan,Minervalaan richting Parnassusweg,-1,2022-03-06,474,16.61
Strawinskylaan,52.341014,4.871323,Parnassusweg richting Minervalaan,Minervalaan richting Parnassusweg,1,2022-03-06,656,19.24
Strawinskylaan,52.341014,4.871323,Parnassusweg richting Minervalaan,Minervalaan richting Parnassusweg,-1,2022-03-07,0,
Strawinskylaan,52.341014,4.871323,Parnassusweg richting Minervalaan,Minervalaan richting Parnassusweg,1,2022-03-07,0,
Strawinskylaan,52.341014,4.871323,Parnassusweg richting Minervalaan,Minervalaan richting Parnassusweg,-1,2022-03-08,612,16.61
Strawinskylaan,52.341014,4.871323,Parnassusweg richting Minervalaan,Minervalaan richting Parnassusweg,1,2022-03-08,800,19.14
Strawinskylaan,52.341014,4.871323,Parnassusweg richting Minervalaan,Minervalaan richting Parnassusweg,-1,2022-03-09,1397,16.7
Strawinskylaan,52.341014,4.871323,Parnassusweg richting Minervalaan,Minervalaan richting Parnassusweg,1,2022-03-09,2807,18.94
Strawinskylaan,52.341014,4.871323,Parnassusweg richting Minervalaan,Minervalaan richting Parnassusweg,-1,2022-03-10,1517,16.7
Strawinskylaan,52.341014,4.871323,Parnassusweg richting Minervalaan,Minervalaan richting Parnassusweg,1,2022-03-10,3091,19.04
Strawinskylaan,52.341014,4.871323,Parnassusweg richting Minervalaan,Minervalaan richting Parnassusweg,-1,2022-03-11,1478,16.77
Strawinskylaan,52.341014,4.871323,Parnassusweg richting Minervalaan,Minervalaan richting Parnassusweg,1,2022-03-11,2629,18.96
Strawinskylaan,52.341014,4.871323,Parnassusweg richting Minervalaan,Minervalaan richting Parnassusweg,-1,2022-03-12,744,16.98
Strawinskylaan,52.341014,4.871323,Parnassusweg richting Minervalaan,Minervalaan richting Parnassusweg,1,2022-03-12,1053,18.46
Strawinskylaan,52.341014,4.871323,Parnassusweg richting Minervalaan,Minervalaan richting Parnassusweg,-1,2022-03-13,630,16.75
Strawinskylaan,52.341014,4.871323,Parnassusweg richting Minervalaan,Minervalaan richting Parnassusweg,1,2022-03-13,989,18.5
Strawinskylaan,52.341014,4.871323,Parnassusweg richting Minervalaan,Minervalaan richting Parnassusweg,-1,2022-03-14,1288,17.28
Strawinskylaan,52.341014,4.871323,Parnassusweg richting Minervalaan,Minervalaan richting Parnassusweg,1,2022-03-14,2738,18.56
Strawinskylaan,52.341014,4.871323,Parnassusweg richting Minervalaan,Minervalaan richting Parnassusweg,-1,2022-03-15,1599,17.28
Strawinskylaan,52.341014,4.871323,Parnassusweg richting Minervalaan,Minervalaan richting Parnassusweg,1,2022-03-15,3137,19.21
Strawinskylaan,52.341014,4.871323,Parnassusweg richting Minervalaan,Minervalaan richting Parnassusweg,-1,2022-03-16,1379,16.89
Strawinskylaan,52.341014,4.871323,Parnassusweg richting Minervalaan,Minervalaan richting Parnassusweg,1,2022-03-16,2850,19.17
Strawinskylaan,52.341014,4.871323,Parnassusweg richting Minervalaan,Minervalaan richting Parnassusweg,-1,2022-03-17,1473,17.4
Strawinskylaan,52.341014,4.871323,Parnassusweg richting Minervalaan,Minervalaan richting Parnassusweg,1,2022-03-17,3165,17.95
Strawinskylaan,52.341014,4.871323,Parnassusweg richting Minervalaan,Minervalaan richting Parnassusweg,-1,2022-03-18,1561,16.56
Strawinskylaan,52.341014,4.871323,Parnassusweg richting Minervalaan,Minervalaan richting Parnassusweg,1,2022-03-18,2764,19.2
Strawinskylaan,52.341014,4.871323,Parnassusweg richting Minervalaan,Minervalaan richting Parnassusweg,-1,2022-03-19,394,16.37
Strawinskylaan,52.341014,4.871323,Parnassusweg richting Minervalaan,Minervalaan richting Parnassusweg,1,2022-03-19,536,19.84
Strawinskylaan,52.341014,4.871323,Parnassusweg richting Minervalaan,Minervalaan richting Parnassusweg,-1,2022-03-20,557,16.94
Strawinskylaan,52.341014,4.871323,Parnassusweg richting Minervalaan,Minervalaan richting Parnassusweg,1,2022-03-20,864,19.25
Strawinskylaan,52.341014,4.871323,Parnassusweg richting Minervalaan,Minervalaan richting Parnassusweg,-1,2022-03-21,1487,16.84
Strawinskylaan,52.341014,4.871323,Parnassusweg richting Minervalaan,Minervalaan richting Parnassusweg,1,2022-03-21,2877,19.12
Strawinskylaan,52.341014,4.871323,Parnassusweg richting Minervalaan,Minervalaan richting Parnassusweg,-1,2022-03-22,1781,16.98
Strawinskylaan,52.341014,4.871323,Parnassusweg richting Minervalaan,Minervalaan richting Parnassusweg,1,2022-03-22,3352,19.14
Strawinskylaan,52.341014,4.871323,Parnassusweg richting Minervalaan,Minervalaan richting Parnassusweg,-1,2022-03-23,1820,16.99
Strawinskylaan,52.341014,4.871323,Parnassusweg richting Minervalaan,Minervalaan richting Parnassusweg,1,2022-03-23,3049,19.34
Strawinskylaan,52.341014,4.871323,Parnassusweg richting Minervalaan,Minervalaan richting Parnassusweg,-1,2022-03-24,1902,17.11
Strawinskylaan,52.341014,4.871323,Parnassusweg richting Minervalaan,Minervalaan richting Parnassusweg,1,2022-03-24,3474,19.21
Strawinskylaan,52.341014,4.871323,Parnassusweg richting Minervalaan,Minervalaan richting Parnassusweg,-1,2022-03-25,1710,16.73
Strawinskylaan,52.341014,4.871323,Parnassusweg richting Minervalaan,Minervalaan richting Parnassusweg,1,2022-03-25,2987,19.09
Strawinskylaan,52.341014,4.871323,Parnassusweg richting Minervalaan,Minervalaan richting Parnassusweg,-1,2022-03-26,1087,16.81
Strawinskylaan,52.341014,4.871323,Parnassusweg richting Minervalaan,Minervalaan richting Parnassusweg,1,2022-03-26,1339,18.73
Strawinskylaan,52.341014,4.871323,Parnassusweg richting Minervalaan,Minervalaan richting Parnassusweg,-1,2022-03-27,860,16.53
Strawinskylaan,52.341014,4.871323,Parnassusweg richting Minervalaan,Minervalaan richting Parnassusweg,1,2022-03-27,1161,18.52
Strawinskylaan,52.341014,4.871323,Parnassusweg richting Minervalaan,Minervalaan richting Parnassusweg,-1,2022-03-28,1520,16.99
Strawinskylaan,52.341014,4.871323,Parnassusweg richting Minervalaan,Minervalaan richting Parnassusweg,1,2022-03-28,3017,19.54
Strawinskylaan,52.341014,4.871323,Parnassusweg richting Minervalaan,Minervalaan richting Parnassusweg,-1,2022-03-29,1517,16.64
Strawinskylaan,52.341014,4.871323,Parnassusweg richting Minervalaan,Minervalaan richting Parnassusweg,1,2022-03-29,3381,19.53
Strawinskylaan,52.341014,4.871323,Parnassusweg richting Minervalaan,Minervalaan richting Parnassusweg,-1,2022-03-30,1308,16.99
Strawinskylaan,52.341014,4.871323,Parnassusweg richting Minervalaan,Minervalaan richting Parnassusweg,1,2022-03-30,3190,19.5
Strawinskylaan,52.341014,4.871323,Parnassusweg richting Minervalaan,Minervalaan richting Parnassusweg,-1,2022-03-31,1084,17.14
Strawinskylaan,52.341014,4.871323,Parnassusweg richting Minervalaan,Minervalaan richting Parnassusweg,1,2022-03-31,2693,19.1
Strawinskylaan,52.341014,4.871323,Parnassusweg richting Minervalaan,Minervalaan richting Parnassusweg,-1,2022-04-01,1100,15.95
Strawinskylaan,52.341014,4.871323,Parnassusweg richting Minervalaan,Minervalaan richting Parnassusweg,1,2022-04-01,2128,18.79
Strawinskylaan,52.341014,4.871323,Parnassusweg richting Minervalaan,Minervalaan richting Parnassusweg,-1,2022-04-02,722,16.62
Strawinskylaan,52.341014,4.871323,Parnassusweg richting Minervalaan,Minervalaan richting Parnassusweg,1,2022-04-02,1070,19.13
Strawinskylaan,52.341014,4.871323,Parnassusweg richting Minervalaan,Minervalaan richting Parnassusweg,-1,2022-04-03,422,17.93
Strawinskylaan,52.341014,4.871323,Parnassusweg richting Minervalaan,Minervalaan richting Parnassusweg,1,2022-04-03,754,18.51
Strawinskylaan,52.341014,4.871323,Parnassusweg richting Minervalaan,Minervalaan richting Parnassusweg,-1,2022-04-04,840,17.51
Strawinskylaan,52.341014,4.871323,Parnassusweg richting Minervalaan,Minervalaan richting Parnassusweg,1,2022-04-04,2359,17.69
Strawinskylaan,52.341014,4.871323,Parnassusweg richting Minervalaan,Minervalaan richting Parnassusweg,-1,2022-04-05,1153,17.25
Strawinskylaan,52.341014,4.871323,Parnassusweg richting Minervalaan,Minervalaan richting Parnassusweg,1,2022-04-05,2926,18.03
Strawinskylaan,52.341014,4.871323,Parnassusweg richting Minervalaan,Minervalaan richting Parnassusweg,-1,2022-04-06,970,17.83
Strawinskylaan,52.341014,4.871323,Parnassusweg richting Minervalaan,Minervalaan richting Parnassusweg,1,2022-04-06,2761,18.37
Strawinskylaan,52.341014,4.871323,Parnassusweg richting Minervalaan,Minervalaan richting Parnassusweg,-1,2022-04-07,987,17.65
Strawinskylaan,52.341014,4.871323,Parnassusweg richting Minervalaan,Minervalaan richting Parnassusweg,1,2022-04-07,2362,18.11
Strawinskylaan,52.341014,4.871323,Parnassusweg richting Minervalaan,Minervalaan richting Parnassusweg,-1,2022-04-08,1282,17.52
Strawinskylaan,52.341014,4.871323,Parnassusweg richting Minervalaan,Minervalaan richting Parnassusweg,1,2022-04-08,2826,18.44
Strawinskylaan,52.341014,4.871323,Parnassusweg richting Minervalaan,Minervalaan richting Parnassusweg,-1,2022-04-09,543,17.53
Strawinskylaan,52.341014,4.871323,Parnassusweg richting Minervalaan,Minervalaan richting Parnassusweg,1,2022-04-09,1045,17.55
Strawinskylaan,52.341014,4.871323,Parnassusweg richting Minervalaan,Minervalaan richting Parnassusweg,-1,2022-04-10,684,17.89
Strawinskylaan,52.341014,4.871323,Parnassusweg richting Minervalaan,Minervalaan richting Parnassusweg,1,2022-04-10,1003,18.22
Strawinskylaan,52.341014,4.871323,Parnassusweg richting Minervalaan,Minervalaan richting Parnassusweg,-1,2022-04-11,1413,16.73
Strawinskylaan,52.341014,4.871323,Parnassusweg richting Minervalaan,Minervalaan richting Parnassusweg,1,2022-04-11,3214,19.48
Strawinskylaan,52.341014,4.871323,Parnassusweg richting Minervalaan,Minervalaan richting Parnassusweg,-1,2022-04-12,1608,17.43
Strawinskylaan,52.341014,4.871323,Parnassusweg richting Minervalaan,Minervalaan richting Parnassusweg,1,2022-04-12,3786,19.24
Strawinskylaan,52.341014,4.871323,Parnassusweg richting Minervalaan,Minervalaan richting Parnassusweg,-1,2022-04-13,1477,17.72
Strawinskylaan,52.341014,4.871323,Parnassusweg richting Minervalaan,Minervalaan richting Parnassusweg,1,2022-04-13,3476,18.54
Strawinskylaan,52.341014,4.871323,Parnassusweg richting Minervalaan,Minervalaan richting Parnassusweg,-1,2022-04-14,1814,17.5
Strawinskylaan,52.341014,4.871323,Parnassusweg richting Minervalaan,Minervalaan richting Parnassusweg,1,2022-04-14,3776,18.41
Strawinskylaan,52.341014,4.871323,Parnassusweg richting Minervalaan,Minervalaan richting Parnassusweg,-1,2022-04-15,1037,17.03
Strawinskylaan,52.341014,4.871323,Parnassusweg richting Minervalaan,Minervalaan richting Parnassusweg,1,2022-04-15,2017,19.49
Strawinskylaan,52.341014,4.871323,Parnassusweg richting Minervalaan,Minervalaan richting Parnassusweg,-1,2022-04-16,925,16.54
Strawinskylaan,52.341014,4.871323,Parnassusweg richting Minervalaan,Minervalaan richting Parnassusweg,1,2022-04-16,1184,18.71
Strawinskylaan,52.341014,4.871323,Parnassusweg richting Minervalaan,Minervalaan richting Parnassusweg,-1,2022-04-17,713,16.77
Strawinskylaan,52.341014,4.871323,Parnassusweg richting Minervalaan,Minervalaan richting Parnassusweg,1,2022-04-17,977,17.84
Strawinskylaan,52.341014,4.871323,Parnassusweg richting Minervalaan,Minervalaan richting Parnassusweg,-1,2022-04-18,796,17.1
Strawinskylaan,52.341014,4.871323,Parnassusweg richting Minervalaan,Minervalaan richting Parnassusweg,1,2022-04-18,1168,18.5
Strawinskylaan,52.341014,4.871323,Parnassusweg richting Minervalaan,Minervalaan richting Parnassusweg,-1,2022-04-19,1676,17.04
Strawinskylaan,52.341014,4.871323,Parnassusweg richting Minervalaan,Minervalaan richting Parnassusweg,1,2022-04-19,3683,19.36
Strawinskylaan,52.341014,4.871323,Parnassusweg richting Minervalaan,Minervalaan richting Parnassusweg,-1,2022-04-20,1727,17.04
Strawinskylaan,52.341014,4.871323,Parnassusweg richting Minervalaan,Minervalaan richting Parnassusweg,1,2022-04-20,3668,19.63
Strawinskylaan,52.341014,4.871323,Parnassusweg richting Minervalaan,Minervalaan richting Parnassusweg,-1,2022-04-21,1832,16.71
Strawinskylaan,52.341014,4.871323,Parnassusweg richting Minervalaan,Minervalaan richting Parnassusweg,1,2022-04-21,3869,19.6
Strawinskylaan,52.341014,4.871323,Parnassusweg richting Minervalaan,Minervalaan richting Parnassusweg,-1,2022-04-22,1717,16.66
Strawinskylaan,52.341014,4.871323,Parnassusweg richting Minervalaan,Minervalaan richting Parnassusweg,1,2022-04-22,3352,19.73
Strawinskylaan,52.341014,4.871323,Parnassusweg richting Minervalaan,Minervalaan richting Parnassusweg,-1,2022-04-23,920,16.75
Strawinskylaan,52.341014,4.871323,Parnassusweg richting Minervalaan,Minervalaan richting Parnassusweg,1,2022-04-23,1373,19.5
Strawinskylaan,52.341014,4.871323,Parnassusweg richting Minervalaan,Minervalaan richting Parnassusweg,-1,2022-04-24,904,16.91
Strawinskylaan,52.341014,4.871323,Parnassusweg richting Minervalaan,Minervalaan richting Parnassusweg,1,2022-04-24,1276,19.2
Strawinskylaan,52.341014,4.871323,Parnassusweg richting Minervalaan,Minervalaan richting Parnassusweg,-1,2022-04-25,925,17.45
Strawinskylaan,52.341014,4.871323,Parnassusweg richting Minervalaan,Minervalaan richting Parnassusweg,1,2022-04-25,2401,19.66
Strawinskylaan,52.341014,4.871323,Parnassusweg richting Minervalaan,Minervalaan richting Parnassusweg,-1,2022-04-26,1224,17.63
Strawinskylaan,52.341014,4.871323,Parnassusweg richting Minervalaan,Minervalaan richting Parnassusweg,1,2022-04-26,2989,18.81
Strawinskylaan,52.341014,4.871323,Parnassusweg richting Minervalaan,Minervalaan richting Parnassusweg,-1,2022-04-27,1115,14.56
Strawinskylaan,52.341014,4.871323,Parnassusweg richting Minervalaan,Minervalaan richting Parnassusweg,1,2022-04-27,1277,16.26
Strawinskylaan,52.341014,4.871323,Parnassusweg richting Minervalaan,Minervalaan richting Parnassusweg,-1,2022-04-28,1081,16.82
Strawinskylaan,52.341014,4.871323,Parnassusweg richting Minervalaan,Minervalaan richting Parnassusweg,1,2022-04-28,2435,19.3
Strawinskylaan,52.341014,4.871323,Parnassusweg richting Minervalaan,Minervalaan richting Parnassusweg,-1,2022-04-29,1051,16.68
Strawinskylaan,52.341014,4.871323,Parnassusweg richting Minervalaan,Minervalaan richting Parnassusweg,1,2022-04-29,2468,19.53
Strawinskylaan,52.341014,4.871323,Parnassusweg richting Minervalaan,Minervalaan richting Parnassusweg,-1,2022-04-30,613,17.34
Strawinskylaan,52.341014,4.871323,Parnassusweg richting Minervalaan,Minervalaan richting Parnassusweg,1,2022-04-30,1148,18.4
Strawinskylaan,52.341014,4.871323,Parnassusweg richting Minervalaan,Minervalaan richting Parnassusweg,-1,2022-05-01,625,17.49
Strawinskylaan,52.341014,4.871323,Parnassusweg richting Minervalaan,Minervalaan richting Parnassusweg,1,2022-05-01,957,18.92
Strawinskylaan,52.341014,4.871323,Parnassusweg richting Minervalaan,Minervalaan richting Parnassusweg,-1,2022-05-02,1146,17.27
Strawinskylaan,52.341014,4.871323,Parnassusweg richting Minervalaan,Minervalaan richting Parnassusweg,1,2022-05-02,2625,19.26
Strawinskylaan,52.341014,4.871323,Parnassusweg richting Minervalaan,Minervalaan richting Parnassusweg,-1,2022-05-03,1125,17.55
Strawinskylaan,52.341014,4.871323,Parnassusweg richting Minervalaan,Minervalaan richting Parnassusweg,1,2022-05-03,3017,19.11
Strawinskylaan,52.341014,4.871323,Parnassusweg richting Minervalaan,Minervalaan richting Parnassusweg,-1,2022-05-04,1218,17.72
Strawinskylaan,52.341014,4.871323,Parnassusweg richting Minervalaan,Minervalaan richting Parnassusweg,1,2022-05-04,2853,18.99
Strawinskylaan,52.341014,4.871323,Parnassusweg richting Minervalaan,Minervalaan richting Parnassusweg,-1,2022-05-05,1212,17.62
Strawinskylaan,52.341014,4.871323,Parnassusweg richting Minervalaan,Minervalaan richting Parnassusweg,1,2022-05-05,2537,19.12
Strawinskylaan,52.341014,4.871323,Parnassusweg richting Minervalaan,Minervalaan richting Parnassusweg,-1,2022-05-06,1148,17.51
Strawinskylaan,52.341014,4.871323,Parnassusweg richting Minervalaan,Minervalaan richting Parnassusweg,1,2022-05-06,2381,18.68
Strawinskylaan,52.341014,4.871323,Parnassusweg richting Minervalaan,Minervalaan richting Parnassusweg,-1,2022-05-07,838,17.21
Strawinskylaan,52.341014,4.871323,Parnassusweg richting Minervalaan,Minervalaan richting Parnassusweg,1,2022-05-07,1142,18.28
Strawinskylaan,52.341014,4.871323,Parnassusweg richting Minervalaan,Minervalaan richting Parnassusweg,-1,2022-05-08,744,17.2
Strawinskylaan,52.341014,4.871323,Parnassusweg richting Minervalaan,Minervalaan richting Parnassusweg,1,2022-05-08,1232,18.97
Strawinskylaan,52.341014,4.871323,Parnassusweg richting Minervalaan,Minervalaan richting Parnassusweg,-1,2022-05-09,1767,17.22
Strawinskylaan,52.341014,4.871323,Parnassusweg richting Minervalaan,Minervalaan richting Parnassusweg,1,2022-05-09,3777,18.92
Strawinskylaan,52.341014,4.871323,Parnassusweg richting Minervalaan,Minervalaan richting Parnassusweg,-1,2022-05-10,1714,17.24
Strawinskylaan,52.341014,4.871323,Parnassusweg richting Minervalaan,Minervalaan richting Parnassusweg,1,2022-05-10,4112,18.89
Strawinskylaan,52.341014,4.871323,Parnassusweg richting Minervalaan,Minervalaan richting Parnassusweg,-1,2022-05-11,1571,17.57
Strawinskylaan,52.341014,4.871323,Parnassusweg richting Minervalaan,Minervalaan richting Parnassusweg,1,2022-05-11,3839,18.75
Strawinskylaan,52.341014,4.871323,Parnassusweg richting Minervalaan,Minervalaan richting Parnassusweg,-1,2022-05-12,1758,17.2
Strawinskylaan,52.341014,4.871323,Parnassusweg richting Minervalaan,Minervalaan richting Parnassusweg,1,2022-05-12,4190,18.61
Strawinskylaan,52.341014,4.871323,Parnassusweg richting Minervalaan,Minervalaan richting Parnassusweg,-1,2022-05-13,1558,17.3
Strawinskylaan,52.341014,4.871323,Parnassusweg richting Minervalaan,Minervalaan richting Parnassusweg,1,2022-05-13,3252,18.46
Strawinskylaan,52.341014,4.871323,Parnassusweg richting Minervalaan,Minervalaan richting Parnassusweg,-1,2022-05-14,1060,17.27
Strawinskylaan,52.341014,4.871323,Parnassusweg richting Minervalaan,Minervalaan richting Parnassusweg,1,2022-05-14,1593,18.22
Strawinskylaan,52.341014,4.871323,Parnassusweg richting Minervalaan,Minervalaan richting Parnassusweg,-1,2022-05-15,1002,16.65
Strawinskylaan,52.341014,4.871323,Parnassusweg richting Minervalaan,Minervalaan richting Parnassusweg,1,2022-05-15,1432,18.79
Strawinskylaan,52.341014,4.871323,Parnassusweg richting Minervalaan,Minervalaan richting Parnassusweg,-1,2022-05-16,1618,17.17
Strawinskylaan,52.341014,4.871323,Parnassusweg richting Minervalaan,Minervalaan richting Parnassusweg,1,2022-05-16,3974,18.97
Strawinskylaan,52.341014,4.871323,Parnassusweg richting Minervalaan,Minervalaan richting Parnassusweg,-1,2022-05-17,2673,18.18
Strawinskylaan,52.341014,4.871323,Parnassusweg richting Minervalaan,Minervalaan richting Parnassusweg,1,2022-05-17,5481,17.23
Strawinskylaan,52.341014,4.871323,Parnassusweg richting Minervalaan,Minervalaan richting Parnassusweg,-1,2022-05-18,4238,17.97
Strawinskylaan,52.341014,4.871323,Parnassusweg richting Minervalaan,Minervalaan richting Parnassusweg,1,2022-05-18,4801,16.81
Strawinskylaan,52.341014,4.871323,Parnassusweg richting Minervalaan,Minervalaan richting Parnassusweg,-1,2022-05-19,3908,18.28
Strawinskylaan,52.341014,4.871323,Parnassusweg richting Minervalaan,Minervalaan richting Parnassusweg,1,2022-05-19,4204,16.68
Strawinskylaan,52.341014,4.871323,Parnassusweg richting Minervalaan,Minervalaan richting Parnassusweg,-1,2022-05-20,3091,18.61
Strawinskylaan,52.341014,4.871323,Parnassusweg richting Minervalaan,Minervalaan richting Parnassusweg,1,2022-05-20,3519,16.86
Strawinskylaan,52.341014,4.871323,Parnassusweg richting Minervalaan,Minervalaan richting Parnassusweg,-1,2022-05-21,1533,17.66
Strawinskylaan,52.341014,4.871323,Parnassusweg richting Minervalaan,Minervalaan richting Parnassusweg,1,2022-05-21,2023,16.88
Strawinskylaan,52.341014,4.871323,Parnassusweg richting Minervalaan,Minervalaan richting Parnassusweg,-1,2022-05-22,1479,18.2
Strawinskylaan,52.341014,4.871323,Parnassusweg richting Minervalaan,Minervalaan richting Parnassusweg,1,2022-05-22,1742,16.4
Strawinskylaan,52.341014,4.871323,Parnassusweg richting Minervalaan,Minervalaan richting Parnassusweg,-1,2022-05-23,3776,18.4
Strawinskylaan,52.341014,4.871323,Parnassusweg richting Minervalaan,Minervalaan richting Parnassusweg,1,2022-05-23,3947,16.89
Strawinskylaan,52.341014,4.871323,Parnassusweg richting Minervalaan,Minervalaan richting Parnassusweg,-1,2022-05-24,4021,17.95
Strawinskylaan,52.341014,4.871323,Parnassusweg richting Minervalaan,Minervalaan richting Parnassusweg,1,2022-05-24,4498,16.56
Strawinskylaan,52.341014,4.871323,Parnassusweg richting Minervalaan,Minervalaan richting Parnassusweg,-1,2022-05-25,3983,17.97
Strawinskylaan,52.341014,4.871323,Parnassusweg richting Minervalaan,Minervalaan richting Parnassusweg,1,2022-05-25,4379,16.55
Strawinskylaan,52.341014,4.871323,Parnassusweg richting Minervalaan,Minervalaan richting Parnassusweg,-1,2022-05-26,1518,17.59
Strawinskylaan,52.341014,4.871323,Parnassusweg richting Minervalaan,Minervalaan richting Parnassusweg,1,2022-05-26,1884,16.91
Strawinskylaan,52.341014,4.871323,Parnassusweg richting Minervalaan,Minervalaan richting Parnassusweg,-1,2022-05-27,1982,17.39
Strawinskylaan,52.341014,4.871323,Parnassusweg richting Minervalaan,Minervalaan richting Parnassusweg,1,2022-05-27,2258,17.05
Strawinskylaan,52.341014,4.871323,Parnassusweg richting Minervalaan,Minervalaan richting Parnassusweg,-1,2022-05-28,1393,17.0
Strawinskylaan,52.341014,4.871323,Parnassusweg richting Minervalaan,Minervalaan richting Parnassusweg,1,2022-05-28,1765,16.59
Strawinskylaan,52.341014,4.871323,Parnassusweg richting Minervalaan,Minervalaan richting Parnassusweg,-1,2022-05-29,1131,17.68
Strawinskylaan,52.341014,4.871323,Parnassusweg richting Minervalaan,Minervalaan richting Parnassusweg,1,2022-05-29,1234,16.5
Strawinskylaan,52.341014,4.871323,Parnassusweg richting Minervalaan,Minervalaan richting Parnassusweg,-1,2022-05-30,3970,17.94
Strawinskylaan,52.341014,4.871323,Parnassusweg richting Minervalaan,Minervalaan richting Parnassusweg,1,2022-05-30,4386,16.74
Strawinskylaan,52.341014,4.871323,Parnassusweg richting Minervalaan,Minervalaan richting Parnassusweg,-1,2022-05-31,4131,18.53
Strawinskylaan,52.341014,4.871323,Parnassusweg richting Minervalaan,Minervalaan richting Parnassusweg,1,2022-05-31,4491,16.47
Strawinskylaan,52.341014,4.871323,Parnassusweg richting Minervalaan,Minervalaan richting Parnassusweg,-1,2022-06-01,4120,17.64
Strawinskylaan,52.341014,4.871323,Parnassusweg richting Minervalaan,Minervalaan richting Parnassusweg,1,2022-06-01,4498,16.77
Strawinskylaan,52.341014,4.871323,Parnassusweg richting Minervalaan,Minervalaan richting Parnassusweg,-1,2022-06-02,4418,18.1
Strawinskylaan,52.341014,4.871323,Parnassusweg richting Minervalaan,Minervalaan richting Parnassusweg,1,2022-06-02,4954,16.4
Strawinskylaan,52.341014,4.871323,Parnassusweg richting Minervalaan,Minervalaan richting Parnassusweg,-1,2022-06-03,3677,18.63
Strawinskylaan,52.341014,4.871323,Parnassusweg richting Minervalaan,Minervalaan richting Parnassusweg,1,2022-06-03,4300,16.23
Strawinskylaan,52.341014,4.871323,Parnassusweg richting Minervalaan,Minervalaan richting Parnassusweg,-1,2022-06-04,1475,18.28
Strawinskylaan,52.341014,4.871323,Parnassusweg richting Minervalaan,Minervalaan richting Parnassusweg,1,2022-06-04,1975,16.07
Strawinskylaan,52.341014,4.871323,Parnassusweg richting Minervalaan,Minervalaan richting Parnassusweg,-1,2022-06-05,872,18.65
Strawinskylaan,52.341014,4.871323,Parnassusweg richting Minervalaan,Minervalaan richting Parnassusweg,1,2022-06-05,1033,16.84
Strawinskylaan,52.341014,4.871323,Parnassusweg richting Minervalaan,Minervalaan richting Parnassusweg,-1,2022-06-06,878,18.19
Strawinskylaan,52.341014,4.871323,Parnassusweg richting Minervalaan,Minervalaan richting Parnassusweg,1,2022-06-06,893,17.04
Strawinskylaan,52.341014,4.871323,Parnassusweg richting Minervalaan,Minervalaan richting Parnassusweg,-1,2022-06-07,4248,17.58
Strawinskylaan,52.341014,4.871323,Parnassusweg richting Minervalaan,Minervalaan richting Parnassusweg,1,2022-06-07,4866,16.55
Strawinskylaan,52.341014,4.871323,Parnassusweg richting Minervalaan,Minervalaan richting Parnassusweg,-1,2022-06-08,3693,18.11
Strawinskylaan,52.341014,4.871323,Parnassusweg richting Minervalaan,Minervalaan richting Parnassusweg,1,2022-06-08,4009,16.64
Strawinskylaan,52.341014,4.871323,Parnassusweg richting Minervalaan,Minervalaan richting Parnassusweg,-1,2022-06-09,4738,17.52
Strawinskylaan,52.341014,4.871323,Parnassusweg richting Minervalaan,Minervalaan richting Parnassusweg,1,2022-06-09,5225,16.6
Strawinskylaan,52.341014,4.871323,Parnassusweg richting Minervalaan,Minervalaan richting Parnassusweg,-1,2022-06-10,3758,17.71
Strawinskylaan,52.341014,4.871323,Parnassusweg richting Minervalaan,Minervalaan richting Parnassusweg,1,2022-06-10,4318,16.48
Strawinskylaan,52.341014,4.871323,Parnassusweg richting Minervalaan,Minervalaan richting Parnassusweg,-1,2022-06-11,1703,17.19
Strawinskylaan,52.341014,4.871323,Parnassusweg richting Minervalaan,Minervalaan richting Parnassusweg,1,2022-06-11,2265,16.35
Strawinskylaan,52.341014,4.871323,Parnassusweg richting Minervalaan,Minervalaan richting Parnassusweg,-1,2022-06-12,1723,17.03
Strawinskylaan,52.341014,4.871323,Parnassusweg richting Minervalaan,Minervalaan richting Parnassusweg,1,2022-06-12,2091,16.37
Strawinskylaan,52.341014,4.871323,Parnassusweg richting Minervalaan,Minervalaan richting Parnassusweg,-1,2022-06-13,4063,17.29
Strawinskylaan,52.341014,4.871323,Parnassusweg richting Minervalaan,Minervalaan richting Parnassusweg,1,2022-06-13,4592,16.82
Strawinskylaan,52.341014,4.871323,Parnassusweg richting Minervalaan,Minervalaan richting Parnassusweg,-1,2022-06-14,4722,18.03
Strawinskylaan,52.341014,4.871323,Parnassusweg richting Minervalaan,Minervalaan richting Parnassusweg,1,2022-06-14,5298,16.55
Strawinskylaan,52.341014,4.871323,Parnassusweg richting Minervalaan,Minervalaan richting Parnassusweg,-1,2022-06-15,4457,18.37
Strawinskylaan,52.341014,4.871323,Parnassusweg richting Minervalaan,Minervalaan richting Parnassusweg,1,2022-06-15,5065,16.31
Strawinskylaan,52.341014,4.871323,Parnassusweg richting Minervalaan,Minervalaan richting Parnassusweg,-1,2022-06-16,4498,18.3
Strawinskylaan,52.341014,4.871323,Parnassusweg richting Minervalaan,Minervalaan richting Parnassusweg,1,2022-06-16,5053,16.34
Strawinskylaan,52.341014,4.871323,Parnassusweg richting Minervalaan,Minervalaan richting Parnassusweg,-1,2022-06-17,3758,17.85
Strawinskylaan,52.341014,4.871323,Parnassusweg richting Minervalaan,Minervalaan richting Parnassusweg,1,2022-06-17,4331,16.38
Strawinskylaan,52.341014,4.871323,Parnassusweg richting Minervalaan,Minervalaan richting Parnassusweg,-1,2022-06-18,1617,17.95
Strawinskylaan,52.341014,4.871323,Parnassusweg richting Minervalaan,Minervalaan richting Parnassusweg,1,2022-06-18,2035,16.36
Strawinskylaan,52.341014,4.871323,Parnassusweg richting Minervalaan,Minervalaan richting Parnassusweg,-1,2022-06-19,1264,17.67
Strawinskylaan,52.341014,4.871323,Parnassusweg richting Minervalaan,Minervalaan richting Parnassusweg,1,2022-06-19,1505,16.45
Strawinskylaan,52.341014,4.871323,Parnassusweg richting Minervalaan,Minervalaan richting Parnassusweg,-1,2022-06-20,4088,17.48
Strawinskylaan,52.341014,4.871323,Parnassusweg richting Minervalaan,Minervalaan richting Parnassusweg,1,2022-06-20,4452,16.47
Strawinskylaan,52.341014,4.871323,Parnassusweg richting Minervalaan,Minervalaan richting Parnassusweg,-1,2022-06-21,4432,18.28
Strawinskylaan,52.341014,4.871323,Parnassusweg richting Minervalaan,Minervalaan richting Parnassusweg,1,2022-06-21,5003,16.24
Strawinskylaan,52.341014,4.871323,Parnassusweg richting Minervalaan,Minervalaan richting Parnassusweg,-1,2022-06-22,4266,18.33
Strawinskylaan,52.341014,4.871323,Parnassusweg richting Minervalaan,Minervalaan richting Parnassusweg,1,2022-06-22,4966,16.32
Strawinskylaan,52.341014,4.871323,Parnassusweg richting Minervalaan,Minervalaan richting Parnassusweg,-1,2022-06-23,4340,18.2
Strawinskylaan,52.341014,4.871323,Parnassusweg richting Minervalaan,Minervalaan richting Parnassusweg,1,2022-06-23,4840,16.37
Strawinskylaan,52.341014,4.871323,Parnassusweg richting Minervalaan,Minervalaan richting Parnassusweg,-1,2022-06-24,3243,17.92
Strawinskylaan,52.341014,4.871323,Parnassusweg richting Minervalaan,Minervalaan richting Parnassusweg,1,2022-06-24,3604,16.67
Strawinskylaan,52.341014,4.871323,Parnassusweg richting Minervalaan,Minervalaan richting Parnassusweg,-1,2022-06-25,1460,17.67
Strawinskylaan,52.341014,4.871323,Parnassusweg richting Minervalaan,Minervalaan richting Parnassusweg,1,2022-06-25,1816,16.67
Strawinskylaan,52.341014,4.871323,Parnassusweg richting Minervalaan,Minervalaan richting Parnassusweg,-1,2022-06-26,1530,17.7
Strawinskylaan,52.341014,4.871323,Parnassusweg richting Minervalaan,Minervalaan richting Parnassusweg,1,2022-06-26,1685,16.1
Strawinskylaan,52.341014,4.871323,Parnassusweg richting Minervalaan,Minervalaan richting Parnassusweg,-1,2022-06-27,3749,18.12
Strawinskylaan,52.341014,4.871323,Parnassusweg richting Minervalaan,Minervalaan richting Parnassusweg,1,2022-06-27,3981,16.65
Strawinskylaan,52.341014,4.871323,Parnassusweg richting Minervalaan,Minervalaan richting Parnassusweg,-1,2022-06-28,4358,17.94
Strawinskylaan,52.341014,4.871323,Parnassusweg richting Minervalaan,Minervalaan richting Parnassusweg,1,2022-06-28,4761,16.43
Strawinskylaan,52.341014,4.871323,Parnassusweg richting Minervalaan,Minervalaan richting Parnassusweg,-1,2022-06-29,4324,17.97
Strawinskylaan,52.341014,4.871323,Parnassusweg richting Minervalaan,Minervalaan richting Parnassusweg,1,2022-06-29,4637,16.37
Strawinskylaan,52.341014,4.871323,Parnassusweg richting Minervalaan,Minervalaan richting Parnassusweg,-1,2022-06-30,3992,17.92
Strawinskylaan,52.341014,4.871323,Parnassusweg richting Minervalaan,Minervalaan richting Parnassusweg,1,2022-06-30,4262,16.84
Strawinskylaan,52.341014,4.871323,Parnassusweg richting Minervalaan,Minervalaan richting Parnassusweg,-1,2022-07-01,3354,18.06
Strawinskylaan,52.341014,4.871323,Parnassusweg richting Minervalaan,Minervalaan richting Parnassusweg,1,2022-07-01,3704,16.51
Strawinskylaan,52.341014,4.871323,Parnassusweg richting Minervalaan,Minervalaan richting Parnassusweg,-1,2022-07-02,1545,17.67
Strawinskylaan,52.341014,4.871323,Parnassusweg richting Minervalaan,Minervalaan richting Parnassusweg,1,2022-07-02,2040,16.3
Strawinskylaan,52.341014,4.871323,Parnassusweg richting Minervalaan,Minervalaan richting Parnassusweg,-1,2022-07-03,1442,17.35
Strawinskylaan,52.341014,4.871323,Parnassusweg richting Minervalaan,Minervalaan richting Parnassusweg,1,2022-07-03,1654,16.46
Strawinskylaan,52.341014,4.871323,Parnassusweg richting Minervalaan,Minervalaan richting Parnassusweg,-1,2022-07-04,3759,17.88
Strawinskylaan,52.341014,4.871323,Parnassusweg richting Minervalaan,Minervalaan richting Parnassusweg,1,2022-07-04,4101,16.69
Strawinskylaan,52.341014,4.871323,Parnassusweg richting Minervalaan,Minervalaan richting Parnassusweg,-1,2022-07-05,4331,17.6
Strawinskylaan,52.341014,4.871323,Parnassusweg richting Minervalaan,Minervalaan richting Parnassusweg,1,2022-07-05,4744,16.74
Strawinskylaan,52.341014,4.871323,Parnassusweg richting Minervalaan,Minervalaan richting Parnassusweg,-1,2022-07-06,4000,17.82
Strawinskylaan,52.341014,4.871323,Parnassusweg richting Minervalaan,Minervalaan richting Parnassusweg,1,2022-07-06,4363,16.72
Strawinskylaan,52.341014,4.871323,Parnassusweg richting Minervalaan,Minervalaan richting Parnassusweg,-1,2022-07-07,3766,17.51
Strawinskylaan,52.341014,4.871323,Parnassusweg richting Minervalaan,Minervalaan richting Parnassusweg,1,2022-07-07,4123,16.44
Strawinskylaan,52.341014,4.871323,Parnassusweg richting Minervalaan,Minervalaan richting Parnassusweg,-1,2022-07-08,3312,17.64
Strawinskylaan,52.341014,4.871323,Parnassusweg richting Minervalaan,Minervalaan richting Parnassusweg,1,2022-07-08,3767,16.61
Strawinskylaan,52.341014,4.871323,Parnassusweg richting Minervalaan,Minervalaan richting Parnassusweg,-1,2022-07-09,623,17.06
Strawinskylaan,52.341014,4.871323,Parnassusweg richting Minervalaan,Minervalaan richting Parnassusweg,1,2022-07-09,805,16.07
Strawinskylaan,52.341014,4.871323,Parnassusweg richting Minervalaan,Minervalaan richting Parnassusweg,-1,2022-07-10,1283,16.78
Strawinskylaan,52.341014,4.871323,Parnassusweg richting Minervalaan,Minervalaan richting Parnassusweg,1,2022-07-10,1527,16.51
Strawinskylaan,52.341014,4.871323,Parnassusweg richting Minervalaan,Minervalaan richting Parnassusweg,-1,2022-07-11,3503,18.16
Strawinskylaan,52.341014,4.871323,Parnassusweg richting Minervalaan,Minervalaan richting Parnassusweg,1,2022-07-11,3824,16.43
Strawinskylaan,52.341014,4.871323,Parnassusweg richting Minervalaan,Minervalaan richting Parnassusweg,-1,2022-07-12,4042,17.94
Strawinskylaan,52.341014,4.871323,Parnassusweg richting Minervalaan,Minervalaan richting Parnassusweg,1,2022-07-12,4529,16.42
Strawinskylaan,52.341014,4.871323,Parnassusweg richting Minervalaan,Minervalaan richting Parnassusweg,-1,2022-07-13,3758,17.41
Strawinskylaan,52.341014,4.871323,Parnassusweg richting Minervalaan,Minervalaan richting Parnassusweg,1,2022-07-13,4323,16.69
Strawinskylaan,52.341014,4.871323,Parnassusweg richting Minervalaan,Minervalaan richting Parnassusweg,-1,2022-07-14,3927,17.87
Strawinskylaan,52.341014,4.871323,Parnassusweg richting Minervalaan,Minervalaan richting Parnassusweg,1,2022-07-14,4373,16.66
Strawinskylaan,52.341014,4.871323,Parnassusweg richting Minervalaan,Minervalaan richting Parnassusweg,-1,2022-07-15,3010,17.67
Strawinskylaan,52.341014,4.871323,Parnassusweg richting Minervalaan,Minervalaan richting Parnassusweg,1,2022-07-15,3575,16.49
Strawinskylaan,52.341014,4.871323,Parnassusweg richting Minervalaan,Minervalaan richting Parnassusweg,-1,2022-07-16,1155,16.95
Strawinskylaan,52.341014,4.871323,Parnassusweg richting Minervalaan,Minervalaan richting Parnassusweg,1,2022-07-16,1635,16.58
Strawinskylaan,52.341014,4.871323,Parnassusweg richting Minervalaan,Minervalaan richting Parnassusweg,-1,2022-07-17,1140,17.8
Strawinskylaan,52.341014,4.871323,Parnassusweg richting Minervalaan,Minervalaan richting Parnassusweg,1,2022-07-17,1321,16.6
Strawinskylaan,52.341014,4.871323,Parnassusweg richting Minervalaan,Minervalaan richting Parnassusweg,-1,2022-07-18,2936,17.92
Strawinskylaan,52.341014,4.871323,Parnassusweg richting Minervalaan,Minervalaan richting Parnassusweg,1,2022-07-18,3282,16.54
Strawinskylaan,52.341014,4.871323,Parnassusweg richting Minervalaan,Minervalaan richting Parnassusweg,-1,2022-07-19,3024,18.17
Strawinskylaan,52.341014,4.871323,Parnassusweg richting Minervalaan,Minervalaan richting Parnassusweg,1,2022-07-19,3217,16.15
Strawinskylaan,52.341014,4.871323,Parnassusweg richting Minervalaan,Minervalaan richting Parnassusweg,-1,2022-07-20,2950,17.69
Strawinskylaan,52.341014,4.871323,Parnassusweg richting Minervalaan,Minervalaan richting Parnassusweg,1,2022-07-20,3232,16.78
Strawinskylaan,52.341014,4.871323,Parnassusweg richting Minervalaan,Minervalaan richting Parnassusweg,-1,2022-07-21,2526,18.04
Strawinskylaan,52.341014,4.871323,Parnassusweg richting Minervalaan,Minervalaan richting Parnassusweg,1,2022-07-21,2609,16.98
Strawinskylaan,52.341014,4.871323,Parnassusweg richting Minervalaan,Minervalaan richting Parnassusweg,-1,2022-07-22,2363,18.08
Strawinskylaan,52.341014,4.871323,Parnassusweg richting Minervalaan,Minervalaan richting Parnassusweg,1,2022-07-22,2608,16.78
Strawinskylaan,52.341014,4.871323,Parnassusweg richting Minervalaan,Minervalaan richting Parnassusweg,-1,2022-07-23,500,17.05
Strawinskylaan,52.341014,4.871323,Parnassusweg richting Minervalaan,Minervalaan richting Parnassusweg,1,2022-07-23,565,16.13
Strawinskylaan,52.341014,4.871323,Parnassusweg richting Minervalaan,Minervalaan richting Parnassusweg,-1,2022-07-24,982,17.25
Strawinskylaan,52.341014,4.871323,Parnassusweg richting Minervalaan,Minervalaan richting Parnassusweg,1,2022-07-24,1229,16.09
Strawinskylaan,52.341014,4.871323,Parnassusweg richting Minervalaan,Minervalaan richting Parnassusweg,-1,2022-07-25,2474,17.9
Strawinskylaan,52.341014,4.871323,Parnassusweg richting Minervalaan,Minervalaan richting Parnassusweg,1,2022-07-25,2576,16.75
Strawinskylaan,52.341014,4.871323,Parnassusweg richting Minervalaan,Minervalaan richting Parnassusweg,-1,2022-07-26,2858,17.66
Strawinskylaan,52.341014,4.871323,Parnassusweg richting Minervalaan,Minervalaan richting Parnassusweg,1,2022-07-26,3122,16.78
Strawinskylaan,52.341014,4.871323,Parnassusweg richting Minervalaan,Minervalaan richting Parnassusweg,-1,2022-07-27,2818,18.04
Strawinskylaan,52.341014,4.871323,Parnassusweg richting Minervalaan,Minervalaan richting Parnassusweg,1,2022-07-27,3146,16.69
Strawinskylaan,52.341014,4.871323,Parnassusweg richting Minervalaan,Minervalaan richting Parnassusweg,-1,2022-07-28,2851,18.75
Strawinskylaan,52.341014,4.871323,Parnassusweg richting Minervalaan,Minervalaan richting Parnassusweg,1,2022-07-28,3053,16.15
Strawinskylaan,52.341014,4.871323,Parnassusweg richting Minervalaan,Minervalaan richting Parnassusweg,-1,2022-07-29,2240,18.29
Strawinskylaan,52.341014,4.871323,Parnassusweg richting Minervalaan,Minervalaan richting Parnassusweg,1,2022-07-29,2564,16.39
Strawinskylaan,52.341014,4.871323,Parnassusweg richting Minervalaan,Minervalaan richting Parnassusweg,-1,2022-07-30,1081,17.61
Strawinskylaan,52.341014,4.871323,Parnassusweg richting Minervalaan,Minervalaan richting Parnassusweg,1,2022-07-30,1362,16.74
Strawinskylaan,52.341014,4.871323,Parnassusweg richting Minervalaan,Minervalaan richting Parnassusweg,-1,2022-07-31,670,17.87
Strawinskylaan,52.341014,4.871323,Parnassusweg richting Minervalaan,Minervalaan richting Parnassusweg,1,2022-07-31,674,16.7
Strawinskylaan,52.341014,4.871323,Parnassusweg richting Minervalaan,Minervalaan richting Parnassusweg,-1,2022-08-01,2485,18.04
Strawinskylaan,52.341014,4.871323,Parnassusweg richting Minervalaan,Minervalaan richting Parnassusweg,1,2022-08-01,2735,16.47
Strawinskylaan,52.341014,4.871323,Parnassusweg richting Minervalaan,Minervalaan richting Parnassusweg,-1,2022-08-02,2979,18.12
Strawinskylaan,52.341014,4.871323,Parnassusweg richting Minervalaan,Minervalaan richting Parnassusweg,1,2022-08-02,3149,16.58
Strawinskylaan,52.341014,4.871323,Parnassusweg richting Minervalaan,Minervalaan richting Parnassusweg,-1,2022-08-03,2808,17.91
Strawinskylaan,52.341014,4.871323,Parnassusweg richting Minervalaan,Minervalaan richting Parnassusweg,1,2022-08-03,3090,16.67
Strawinskylaan,52.341014,4.871323,Parnassusweg richting Minervalaan,Minervalaan richting Parnassusweg,-1,2022-08-04,2919,17.69
Strawinskylaan,52.341014,4.871323,Parnassusweg richting Minervalaan,Minervalaan richting Parnassusweg,1,2022-08-04,3122,16.95
Strawinskylaan,52.341014,4.871323,Parnassusweg richting Minervalaan,Minervalaan richting Parnassusweg,-1,2022-08-05,2305,17.4
Strawinskylaan,52.341014,4.871323,Parnassusweg richting Minervalaan,Minervalaan richting Parnassusweg,1,2022-08-05,2373,17.04
Strawinskylaan,52.341014,4.871323,Parnassusweg richting Minervalaan,Minervalaan richting Parnassusweg,-1,2022-08-06,1128,17.39
Strawinskylaan,52.341014,4.871323,Parnassusweg richting Minervalaan,Minervalaan richting Parnassusweg,1,2022-08-06,1371,16.61
Strawinskylaan,52.341014,4.871323,Parnassusweg richting Minervalaan,Minervalaan richting Parnassusweg,-1,2022-08-07,1181,17.05
Strawinskylaan,52.341014,4.871323,Parnassusweg richting Minervalaan,Minervalaan richting Parnassusweg,1,2022-08-07,1237,16.09
Strawinskylaan,52.341014,4.871323,Parnassusweg richting Minervalaan,Minervalaan richting Parnassusweg,-1,2022-08-08,2551,18.08
Strawinskylaan,52.341014,4.871323,Parnassusweg richting Minervalaan,Minervalaan richting Parnassusweg,1,2022-08-08,2939,16.44
Strawinskylaan,52.341014,4.871323,Parnassusweg richting Minervalaan,Minervalaan richting Parnassusweg,-1,2022-08-09,3036,18.54
Strawinskylaan,52.341014,4.871323,Parnassusweg richting Minervalaan,Minervalaan richting Parnassusweg,1,2022-08-09,3286,16.3
Strawinskylaan,52.341014,4.871323,Parnassusweg richting Minervalaan,Minervalaan richting Parnassusweg,-1,2022-08-10,2703,18.49
Strawinskylaan,52.341014,4.871323,Parnassusweg richting Minervalaan,Minervalaan richting Parnassusweg,1,2022-08-10,2708,16.24
Strawinskylaan,52.341014,4.871323,Parnassusweg richting Minervalaan,Minervalaan richting Parnassusweg,-1,2022-08-11,2734,18.49
Strawinskylaan,52.341014,4.871323,Parnassusweg richting Minervalaan,Minervalaan richting Parnassusweg,1,2022-08-11,2771,16.21
Strawinskylaan,52.341014,4.871323,Parnassusweg richting Minervalaan,Minervalaan richting Parnassusweg,-1,2022-08-12,2126,18.3
Strawinskylaan,52.341014,4.871323,Parnassusweg richting Minervalaan,Minervalaan richting Parnassusweg,1,2022-08-12,2160,16.27
Strawinskylaan,52.341014,4.871323,Parnassusweg richting Minervalaan,Minervalaan richting Parnassusweg,-1,2022-08-13,1196,17.59
Strawinskylaan,52.341014,4.871323,Parnassusweg richting Minervalaan,Minervalaan richting Parnassusweg,1,2022-08-13,1276,16.12
Strawinskylaan,52.341014,4.871323,Parnassusweg richting Minervalaan,Minervalaan richting Parnassusweg,-1,2022-08-14,1227,17.38
Strawinskylaan,52.341014,4.871323,Parnassusweg richting Minervalaan,Minervalaan richting Parnassusweg,1,2022-08-14,1231,16.16
Strawinskylaan,52.341014,4.871323,Parnassusweg richting Minervalaan,Minervalaan richting Parnassusweg,-1,2022-08-15,2631,17.93
Strawinskylaan,52.341014,4.871323,Parnassusweg richting Minervalaan,Minervalaan richting Parnassusweg,1,2022-08-15,2942,16.63
Strawinskylaan,52.341014,4.871323,Parnassusweg richting Minervalaan,Minervalaan richting Parnassusweg,-1,2022-08-16,3109,17.85
Strawinskylaan,52.341014,4.871323,Parnassusweg richting Minervalaan,Minervalaan richting Parnassusweg,1,2022-08-16,3376,16.67
Strawinskylaan,52.341014,4.871323,Parnassusweg richting Minervalaan,Minervalaan richting Parnassusweg,-1,2022-08-17,1874,18.24
Strawinskylaan,52.341014,4.871323,Parnassusweg richting Minervalaan,Minervalaan richting Parnassusweg,1,2022-08-17,2024,16.88
Strawinskylaan,52.341014,4.871323,Parnassusweg richting Minervalaan,Minervalaan richting Parnassusweg,-1,2022-08-18,2805,18.15
Strawinskylaan,52.341014,4.871323,Parnassusweg richting Minervalaan,Minervalaan richting Parnassusweg,1,2022-08-18,3181,16.56
Strawinskylaan,52.341014,4.871323,Parnassusweg richting Minervalaan,Minervalaan richting Parnassusweg,-1,2022-08-19,2116,17.7
Strawinskylaan,52.341014,4.871323,Parnassusweg richting Minervalaan,Minervalaan richting Parnassusweg,1,2022-08-19,2715,16.56
Strawinskylaan,52.341014,4.871323,Parnassusweg richting Minervalaan,Minervalaan richting Parnassusweg,-1,2022-08-20,1151,17.39
Strawinskylaan,52.341014,4.871323,Parnassusweg richting Minervalaan,Minervalaan richting Parnassusweg,1,2022-08-20,1542,16.38
Strawinskylaan,52.341014,4.871323,Parnassusweg richting Minervalaan,Minervalaan richting Parnassusweg,-1,2022-08-21,1188,17.24
Strawinskylaan,52.341014,4.871323,Parnassusweg richting Minervalaan,Minervalaan richting Parnassusweg,1,2022-08-21,1293,16.27
Strawinskylaan,52.341014,4.871323,Parnassusweg richting Minervalaan,Minervalaan richting Parnassusweg,-1,2022-08-22,2875,18.39
Strawinskylaan,52.341014,4.871323,Parnassusweg richting Minervalaan,Minervalaan richting Parnassusweg,1,2022-08-22,3274,16.08
Strawinskylaan,52.341014,4.871323,Parnassusweg richting Minervalaan,Minervalaan richting Parnassusweg,-1,2022-08-23,3392,17.89
Strawinskylaan,52.341014,4.871323,Parnassusweg richting Minervalaan,Minervalaan richting Parnassusweg,1,2022-08-23,3937,16.64
Strawinskylaan,52.341014,4.871323,Parnassusweg richting Minervalaan,Minervalaan richting Parnassusweg,-1,2022-08-24,3216,17.89
Strawinskylaan,52.341014,4.871323,Parnassusweg richting Minervalaan,Minervalaan richting Parnassusweg,1,2022-08-24,3677,16.44
Strawinskylaan,52.341014,4.871323,Parnassusweg richting Minervalaan,Minervalaan richting Parnassusweg,-1,2022-08-25,3274,17.9
Strawinskylaan,52.341014,4.871323,Parnassusweg richting Minervalaan,Minervalaan richting Parnassusweg,1,2022-08-25,3975,16.38
Strawinskylaan,52.341014,4.871323,Parnassusweg richting Minervalaan,Minervalaan richting Parnassusweg,-1,2022-08-26,2520,17.63
Strawinskylaan,52.341014,4.871323,Parnassusweg richting Minervalaan,Minervalaan richting Parnassusweg,1,2022-08-26,3126,16.53
Strawinskylaan,52.341014,4.871323,Parnassusweg richting Minervalaan,Minervalaan richting Parnassusweg,-1,2022-08-27,1207,17.84
Strawinskylaan,52.341014,4.871323,Parnassusweg richting Minervalaan,Minervalaan richting Parnassusweg,1,2022-08-27,1741,16.24
Strawinskylaan,52.341014,4.871323,Parnassusweg richting Minervalaan,Minervalaan richting Parnassusweg,-1,2022-08-28,1270,17.54
Strawinskylaan,52.341014,4.871323,Parnassusweg richting Minervalaan,Minervalaan richting Parnassusweg,1,2022-08-28,1625,15.79
Strawinskylaan,52.341014,4.871323,Parnassusweg richting Minervalaan,Minervalaan richting Parnassusweg,-1,2022-08-29,3227,18.12
Strawinskylaan,52.341014,4.871323,Parnassusweg richting Minervalaan,Minervalaan richting Parnassusweg,1,2022-08-29,3974,16.26
Strawinskylaan,52.341014,4.871323,Parnassusweg richting Minervalaan,Minervalaan richting Parnassusweg,-1,2022-08-30,3644,18.67
Strawinskylaan,52.341014,4.871323,Parnassusweg richting Minervalaan,Minervalaan richting Parnassusweg,1,2022-08-30,4648,16.1
Strawinskylaan,52.341014,4.871323,Parnassusweg richting Minervalaan,Minervalaan richting Parnassusweg,-1,2022-08-31,4004,18.45
Strawinskylaan,52.341014,4.871323,Parnassusweg richting Minervalaan,Minervalaan richting Parnassusweg,1,2022-08-31,5251,15.9
Strawinskylaan,52.341014,4.871323,Parnassusweg richting Minervalaan,Minervalaan richting Parnassusweg,-1,2022-09-01,4570,18.31
Strawinskylaan,52.341014,4.871323,Parnassusweg richting Minervalaan,Minervalaan richting Parnassusweg,1,2022-09-01,5796,15.83
Strawinskylaan,52.341014,4.871323,Parnassusweg richting Minervalaan,Minervalaan richting Parnassusweg,-1,2022-09-02,3713,18.46
Strawinskylaan,52.341014,4.871323,Parnassusweg richting Minervalaan,Minervalaan richting Parnassusweg,1,2022-09-02,5044,15.87
Strawinskylaan,52.341014,4.871323,Parnassusweg richting Minervalaan,Minervalaan richting Parnassusweg,-1,2022-09-03,1480,17.84
Strawinskylaan,52.341014,4.871323,Parnassusweg richting Minervalaan,Minervalaan richting Parnassusweg,1,2022-09-03,2328,15.93
Strawinskylaan,52.341014,4.871323,Parnassusweg richting Minervalaan,Minervalaan richting Parnassusweg,-1,2022-09-04,1372,17.6
Strawinskylaan,52.341014,4.871323,Parnassusweg richting Minervalaan,Minervalaan richting Parnassusweg,1,2022-09-04,1784,16.12
Strawinskylaan,52.341014,4.871323,Parnassusweg richting Minervalaan,Minervalaan richting Parnassusweg,-1,2022-09-05,4713,18.0
Strawinskylaan,52.341014,4.871323,Parnassusweg richting Minervalaan,Minervalaan richting Parnassusweg,1,2022-09-05,5865,15.94
Strawinskylaan,52.341014,4.871323,Parnassusweg richting Minervalaan,Minervalaan richting Parnassusweg,-1,2022-09-06,5038,17.99
Strawinskylaan,52.341014,4.871323,Parnassusweg richting Minervalaan,Minervalaan richting Parnassusweg,1,2022-09-06,6268,16.16
Strawinskylaan,52.341014,4.871323,Parnassusweg richting Minervalaan,Minervalaan richting Parnassusweg,-1,2022-09-07,4696,17.89
Strawinskylaan,52.341014,4.871323,Parnassusweg richting Minervalaan,Minervalaan richting Parnassusweg,1,2022-09-07,5766,16.54
Strawinskylaan,52.341014,4.871323,Parnassusweg richting Minervalaan,Minervalaan richting Parnassusweg,-1,2022-09-08,3779,18.11
Strawinskylaan,52.341014,4.871323,Parnassusweg richting Minervalaan,Minervalaan richting Parnassusweg,1,2022-09-08,4582,16.47
Strawinskylaan,52.341014,4.871323,Parnassusweg richting Minervalaan,Minervalaan richting Parnassusweg,-1,2022-09-09,3066,18.44
Strawinskylaan,52.341014,4.871323,Parnassusweg richting Minervalaan,Minervalaan richting Parnassusweg,1,2022-09-09,3668,16.46
Strawinskylaan,52.341014,4.871323,Parnassusweg richting Minervalaan,Minervalaan richting Parnassusweg,-1,2022-09-10,1404,17.48
Strawinskylaan,52.341014,4.871323,Parnassusweg richting Minervalaan,Minervalaan richting Parnassusweg,1,2022-09-10,2243,16.21
Strawinskylaan,52.341014,4.871323,Parnassusweg richting Minervalaan,Minervalaan richting Parnassusweg,-1,2022-09-11,1511,17.69
Strawinskylaan,52.341014,4.871323,Parnassusweg richting Minervalaan,Minervalaan richting Parnassusweg,1,2022-09-11,1924,16.34
Strawinskylaan,52.341014,4.871323,Parnassusweg richting Minervalaan,Minervalaan richting Parnassusweg,-1,2022-09-12,4665,18.01
Strawinskylaan,52.341014,4.871323,Parnassusweg richting Minervalaan,Minervalaan richting Parnassusweg,1,2022-09-12,5596,16.31
Strawinskylaan,52.341014,4.871323,Parnassusweg richting Minervalaan,Minervalaan richting Parnassusweg,-1,2022-09-13,5094,17.84
Strawinskylaan,52.341014,4.871323,Parnassusweg richting Minervalaan,Minervalaan richting Parnassusweg,1,2022-09-13,6122,16.52
Strawinskylaan,52.341014,4.871323,Parnassusweg richting Minervalaan,Minervalaan richting Parnassusweg,-1,2022-09-14,4640,18.3
Strawinskylaan,52.341014,4.871323,Parnassusweg richting Minervalaan,Minervalaan richting Parnassusweg,1,2022-09-14,5526,16.39
Strawinskylaan,52.341014,4.871323,Parnassusweg richting Minervalaan,Minervalaan richting Parnassusweg,-1,2022-09-15,4773,17.79
Strawinskylaan,52.341014,4.871323,Parnassusweg richting Minervalaan,Minervalaan richting Parnassusweg,1,2022-09-15,5603,16.61
Strawinskylaan,52.341014,4.871323,Parnassusweg richting Minervalaan,Minervalaan richting Parnassusweg,-1,2022-09-16,3221,17.82
Strawinskylaan,52.341014,4.871323,Parnassusweg richting Minervalaan,Minervalaan richting Parnassusweg,1,2022-09-16,4051,16.55
Strawinskylaan,52.341014,4.871323,Parnassusweg richting Minervalaan,Minervalaan richting Parnassusweg,-1,2022-09-17,1257,17.66
Strawinskylaan,52.341014,4.871323,Parnassusweg richting Minervalaan,Minervalaan richting Parnassusweg,1,2022-09-17,1638,16.61
Strawinskylaan,52.341014,4.871323,Parnassusweg richting Minervalaan,Minervalaan richting Parnassusweg,-1,2022-09-18,844,17.58
Strawinskylaan,52.341014,4.871323,Parnassusweg richting Minervalaan,Minervalaan richting Parnassusweg,1,2022-09-18,933,16.83
Strawinskylaan,52.341014,4.871323,Parnassusweg richting Minervalaan,Minervalaan richting Parnassusweg,-1,2022-09-19,3975,17.93
Strawinskylaan,52.341014,4.871323,Parnassusweg richting Minervalaan,Minervalaan richting Parnassusweg,1,2022-09-19,4559,16.51
Strawinskylaan,52.341014,4.871323,Parnassusweg richting Minervalaan,Minervalaan richting Parnassusweg,-1,2022-09-20,4810,18.01
Strawinskylaan,52.341014,4.871323,Parnassusweg richting Minervalaan,Minervalaan richting Parnassusweg,1,2022-09-20,5668,16.38
Strawinskylaan,52.341014,4.871323,Parnassusweg richting Minervalaan,Minervalaan richting Parnassusweg,-1,2022-09-21,4753,18.16
Strawinskylaan,52.341014,4.871323,Parnassusweg richting Minervalaan,Minervalaan richting Parnassusweg,1,2022-09-21,5644,16.24
Strawinskylaan,52.341014,4.871323,Parnassusweg richting Minervalaan,Minervalaan richting Parnassusweg,-1,2022-09-22,4808,18.3
Strawinskylaan,52.341014,4.871323,Parnassusweg richting Minervalaan,Minervalaan richting Parnassusweg,1,2022-09-22,5807,16.27
Strawinskylaan,52.341014,4.871323,Parnassusweg richting Minervalaan,Minervalaan richting Parnassusweg,-1,2022-09-23,3953,18.25
Strawinskylaan,52.341014,4.871323,Parnassusweg richting Minervalaan,Minervalaan richting Parnassusweg,1,2022-09-23,4578,16.5
Strawinskylaan,52.341014,4.871323,Parnassusweg richting Minervalaan,Minervalaan richting Parnassusweg,-1,2022-09-24,1285,18.2
Strawinskylaan,52.341014,4.871323,Parnassusweg richting Minervalaan,Minervalaan richting Parnassusweg,1,2022-09-24,1781,16.34
Strawinskylaan,52.341014,4.871323,Parnassusweg richting Minervalaan,Minervalaan richting Parnassusweg,-1,2022-09-25,1240,17.57
Strawinskylaan,52.341014,4.871323,Parnassusweg richting Minervalaan,Minervalaan richting Parnassusweg,1,2022-09-25,1635,16.71
Strawinskylaan,52.341014,4.871323,Parnassusweg richting Minervalaan,Minervalaan richting Parnassusweg,-1,2022-09-26,3742,17.96
Strawinskylaan,52.341014,4.871323,Parnassusweg richting Minervalaan,Minervalaan richting Parnassusweg,1,2022-09-26,4088,16.55
Strawinskylaan,52.341014,4.871323,Parnassusweg richting Minervalaan,Minervalaan richting Parnassusweg,-1,2022-09-27,3568,17.85
Strawinskylaan,52.341014,4.871323,Parnassusweg richting Minervalaan,Minervalaan richting Parnassusweg,1,2022-09-27,3871,16.56
Strawinskylaan,52.341014,4.871323,Parnassusweg richting Minervalaan,Minervalaan richting Parnassusweg,-1,2022-09-28,4024,18.07
Strawinskylaan,52.341014,4.871323,Parnassusweg richting Minervalaan,Minervalaan richting Parnassusweg,1,2022-09-28,4544,16.5
Strawinskylaan,52.341014,4.871323,Parnassusweg richting Minervalaan,Minervalaan richting Parnassusweg,-1,2022-09-29,4883,17.98
Strawinskylaan,52.341014,4.871323,Parnassusweg richting Minervalaan,Minervalaan richting Parnassusweg,1,2022-09-29,5653,16.37
Strawinskylaan,52.341014,4.871323,Parnassusweg richting Minervalaan,Minervalaan richting Parnassusweg,-1,2022-09-30,3664,18.02
Strawinskylaan,52.341014,4.871323,Parnassusweg richting Minervalaan,Minervalaan richting Parnassusweg,1,2022-09-30,4371,16.31
Strawinskylaan,52.341014,4.871323,Parnassusweg richting Minervalaan,Minervalaan richting Parnassusweg,-1,2022-10-01,1348,17.34
Strawinskylaan,52.341014,4.871323,Parnassusweg richting Minervalaan,Minervalaan richting Parnassusweg,1,2022-10-01,1809,16.56
Strawinskylaan,52.341014,4.871323,Parnassusweg richting Minervalaan,Minervalaan richting Parnassusweg,-1,2022-10-02,1301,17.28
Strawinskylaan,52.341014,4.871323,Parnassusweg richting Minervalaan,Minervalaan richting Parnassusweg,1,2022-10-02,1641,16.63
Strawinskylaan,52.341014,4.871323,Parnassusweg richting Minervalaan,Minervalaan richting Parnassusweg,-1,2022-10-03,4764,17.98
Strawinskylaan,52.341014,4.871323,Parnassusweg richting Minervalaan,Minervalaan richting Parnassusweg,1,2022-10-03,5431,16.48
Strawinskylaan,52.341014,4.871323,Parnassusweg richting Minervalaan,Minervalaan richting Parnassusweg,-1,2022-10-04,5086,17.9
Strawinskylaan,52.341014,4.871323,Parnassusweg richting Minervalaan,Minervalaan richting Parnassusweg,1,2022-10-04,5960,16.17
Strawinskylaan,52.341014,4.871323,Parnassusweg richting Minervalaan,Minervalaan richting Parnassusweg,-1,2022-10-05,4612,17.65
Strawinskylaan,52.341014,4.871323,Parnassusweg richting Minervalaan,Minervalaan richting Parnassusweg,1,2022-10-05,5264,16.32
Strawinskylaan,52.341014,4.871323,Parnassusweg richting Minervalaan,Minervalaan richting Parnassusweg,-1,2022-10-06,4968,17.67
Strawinskylaan,52.341014,4.871323,Parnassusweg richting Minervalaan,Minervalaan richting Parnassusweg,1,2022-10-06,5778,16.13
Strawinskylaan,52.341014,4.871323,Parnassusweg richting Minervalaan,Minervalaan richting Parnassusweg,-1,2022-10-07,3987,17.81
Strawinskylaan,52.341014,4.871323,Parnassusweg richting Minervalaan,Minervalaan richting Parnassusweg,1,2022-10-07,4789,16.31
Strawinskylaan,52.341014,4.871323,Parnassusweg richting Minervalaan,Minervalaan richting Parnassusweg,-1,2022-10-08,1534,17.22
Strawinskylaan,52.341014,4.871323,Parnassusweg richting Minervalaan,Minervalaan richting Parnassusweg,1,2022-10-08,2065,16.46
Strawinskylaan,52.341014,4.871323,Parnassusweg richting Minervalaan,Minervalaan richting Parnassusweg,-1,2022-10-09,1408,17.77
Strawinskylaan,52.341014,4.871323,Parnassusweg richting Minervalaan,Minervalaan richting Parnassusweg,1,2022-10-09,1714,16.16
Strawinskylaan,52.341014,4.871323,Parnassusweg richting Minervalaan,Minervalaan richting Parnassusweg,-1,2022-10-10,4269,17.82
Strawinskylaan,52.341014,4.871323,Parnassusweg richting Minervalaan,Minervalaan richting Parnassusweg,1,2022-10-10,4943,16.42
Strawinskylaan,52.341014,4.871323,Parnassusweg richting Minervalaan,Minervalaan richting Parnassusweg,-1,2022-10-11,4880,17.9
Strawinskylaan,52.341014,4.871323,Parnassusweg richting Minervalaan,Minervalaan richting Parnassusweg,1,2022-10-11,5635,16.37
Strawinskylaan,52.341014,4.871323,Parnassusweg richting Minervalaan,Minervalaan richting Parnassusweg,-1,2022-10-12,4583,18.13
Strawinskylaan,52.341014,4.871323,Parnassusweg richting Minervalaan,Minervalaan richting Parnassusweg,1,2022-10-12,5391,16.34
Strawinskylaan,52.341014,4.871323,Parnassusweg richting Minervalaan,Minervalaan richting Parnassusweg,-1,2022-10-13,3919,17.95
Strawinskylaan,52.341014,4.871323,Parnassusweg richting Minervalaan,Minervalaan richting Parnassusweg,1,2022-10-13,4534,16.52
Strawinskylaan,52.341014,4.871323,Parnassusweg richting Minervalaan,Minervalaan richting Parnassusweg,-1,2022-10-14,3128,18.12
Strawinskylaan,52.341014,4.871323,Parnassusweg richting Minervalaan,Minervalaan richting Parnassusweg,1,2022-10-14,3799,16.49
Strawinskylaan,52.341014,4.871323,Parnassusweg richting Minervalaan,Minervalaan richting Parnassusweg,-1,2022-10-15,1251,17.51
Strawinskylaan,52.341014,4.871323,Parnassusweg richting Minervalaan,Minervalaan richting Parnassusweg,1,2022-10-15,1555,16.14
Strawinskylaan,52.341014,4.871323,Parnassusweg richting Minervalaan,Minervalaan richting Parnassusweg,-1,2022-10-16,1964,16.94
Strawinskylaan,52.341014,4.871323,Parnassusweg richting Minervalaan,Minervalaan richting Parnassusweg,1,2022-10-16,3029,15.56
Strawinskylaan,52.341014,4.871323,Parnassusweg richting Minervalaan,Minervalaan richting Parnassusweg,-1,2022-10-17,2999,17.99
Strawinskylaan,52.341014,4.871323,Parnassusweg richting Minervalaan,Minervalaan richting Parnassusweg,1,2022-10-17,3167,16.54
Strawinskylaan,52.341014,4.871323,Parnassusweg richting Minervalaan,Minervalaan richting Parnassusweg,-1,2022-10-18,3778,17.97
Strawinskylaan,52.341014,4.871323,Parnassusweg richting Minervalaan,Minervalaan richting Parnassusweg,1,2022-10-18,4170,16.53
Strawinskylaan,52.341014,4.871323,Parnassusweg richting Minervalaan,Minervalaan richting Parnassusweg,-1,2022-10-19,3486,18.6
Strawinskylaan,52.341014,4.871323,Parnassusweg richting Minervalaan,Minervalaan richting Parnassusweg,1,2022-10-19,3691,15.83
Strawinskylaan,52.341014,4.871323,Parnassusweg richting Minervalaan,Minervalaan richting Parnassusweg,-1,2022-10-20,3311,18.36
Strawinskylaan,52.341014,4.871323,Parnassusweg richting Minervalaan,Minervalaan richting Parnassusweg,1,2022-10-20,3504,16.4
Strawinskylaan,52.341014,4.871323,Parnassusweg richting Minervalaan,Minervalaan richting Parnassusweg,-1,2022-10-21,2616,17.99
Strawinskylaan,52.341014,4.871323,Parnassusweg richting Minervalaan,Minervalaan richting Parnassusweg,1,2022-10-21,2906,16.55
Strawinskylaan,52.341014,4.871323,Parnassusweg richting Minervalaan,Minervalaan richting Parnassusweg,-1,2022-10-22,1259,17.72
Strawinskylaan,52.341014,4.871323,Parnassusweg richting Minervalaan,Minervalaan richting Parnassusweg,1,2022-10-22,1487,16.31
Strawinskylaan,52.341014,4.871323,Parnassusweg richting Minervalaan,Minervalaan richting Parnassusweg,-1,2022-10-23,1145,17.87
Strawinskylaan,52.341014,4.871323,Parnassusweg richting Minervalaan,Minervalaan richting Parnassusweg,1,2022-10-23,1281,16.21
Strawinskylaan,52.341014,4.871323,Parnassusweg richting Minervalaan,Minervalaan richting Parnassusweg,-1,2022-10-24,3666,17.72
Strawinskylaan,52.341014,4.871323,Parnassusweg richting Minervalaan,Minervalaan richting Parnassusweg,1,2022-10-24,3809,16.33
Strawinskylaan,52.341014,4.871323,Parnassusweg richting Minervalaan,Minervalaan richting Parnassusweg,-1,2022-10-25,4406,17.85
Strawinskylaan,52.341014,4.871323,Parnassusweg richting Minervalaan,Minervalaan richting Parnassusweg,1,2022-10-25,4634,16.47
Strawinskylaan,52.341014,4.871323,Parnassusweg richting Minervalaan,Minervalaan richting Parnassusweg,-1,2022-10-26,4528,18.02
Strawinskylaan,52.341014,4.871323,Parnassusweg richting Minervalaan,Minervalaan richting Parnassusweg,1,2022-10-26,4792,16.5
Strawinskylaan,52.341014,4.871323,Parnassusweg richting Minervalaan,Minervalaan richting Parnassusweg,-1,2022-10-27,4829,18.09
Strawinskylaan,52.341014,4.871323,Parnassusweg richting Minervalaan,Minervalaan richting Parnassusweg,1,2022-10-27,5313,16.07
Strawinskylaan,52.341014,4.871323,Parnassusweg richting Minervalaan,Minervalaan richting Parnassusweg,-1,2022-10-28,3854,17.88
Strawinskylaan,52.341014,4.871323,Parnassusweg richting Minervalaan,Minervalaan richting Parnassusweg,1,2022-10-28,4159,16.4
Strawinskylaan,52.341014,4.871323,Parnassusweg richting Minervalaan,Minervalaan richting Parnassusweg,-1,2022-10-29,1481,17.94
Strawinskylaan,52.341014,4.871323,Parnassusweg richting Minervalaan,Minervalaan richting Parnassusweg,1,2022-10-29,1715,16.53
Strawinskylaan,52.341014,4.871323,Parnassusweg richting Minervalaan,Minervalaan richting Parnassusweg,-1,2022-10-30,1450,17.68
Strawinskylaan,52.341014,4.871323,Parnassusweg richting Minervalaan,Minervalaan richting Parnassusweg,1,2022-10-30,1531,16.24
Strawinskylaan,52.341014,4.871323,Parnassusweg richting Minervalaan,Minervalaan richting Parnassusweg,-1,2022-10-31,4787,18.27
Strawinskylaan,52.341014,4.871323,Parnassusweg richting Minervalaan,Minervalaan richting Parnassusweg,1,2022-10-31,4879,16.0
Strawinskylaan,52.341014,4.871323,Parnassusweg richting Minervalaan,Minervalaan richting Parnassusweg,-1,2022-11-01,4662,17.65
Strawinskylaan,52.341014,4.871323,Parnassusweg richting Minervalaan,Minervalaan richting Parnassusweg,1,2022-11-01,4855,16.37
Strawinskylaan,52.341014,4.871323,Parnassusweg richting Minervalaan,Minervalaan richting Parnassusweg,-1,2022-11-02,4511,17.62
Strawinskylaan,52.341014,4.871323,Parnassusweg richting Minervalaan,Minervalaan richting Parnassusweg,1,2022-11-02,4652,16.23
Strawinskylaan,52.341014,4.871323,Parnassusweg richting Minervalaan,Minervalaan richting Parnassusweg,-1,2022-11-03,4659,18.22
Strawinskylaan,52.341014,4.871323,Parnassusweg richting Minervalaan,Minervalaan richting Parnassusweg,1,2022-11-03,4909,16.26
Strawinskylaan,52.341014,4.871323,Parnassusweg richting Minervalaan,Minervalaan richting Parnassusweg,-1,2022-11-04,3705,17.93
Strawinskylaan,52.341014,4.871323,Parnassusweg richting Minervalaan,Minervalaan richting Parnassusweg,1,2022-11-04,3876,16.49
Strawinskylaan,52.341014,4.871323,Parnassusweg richting Minervalaan,Minervalaan richting Parnassusweg,-1,2022-11-05,1429,17.56
Strawinskylaan,52.341014,4.871323,Parnassusweg richting Minervalaan,Minervalaan richting Parnassusweg,1,2022-11-05,1606,16.27
Strawinskylaan,52.341014,4.871323,Parnassusweg richting Minervalaan,Minervalaan richting Parnassusweg,-1,2022-11-06,829,18.36
Strawinskylaan,52.341014,4.871323,Parnassusweg richting Minervalaan,Minervalaan richting Parnassusweg,1,2022-11-06,835,16.77
Strawinskylaan,52.341014,4.871323,Parnassusweg richting Minervalaan,Minervalaan richting Parnassusweg,-1,2022-11-07,3855,17.8
Strawinskylaan,52.341014,4.871323,Parnassusweg richting Minervalaan,Minervalaan richting Parnassusweg,1,2022-11-07,3844,16.43
Strawinskylaan,52.341014,4.871323,Parnassusweg richting Minervalaan,Minervalaan richting Parnassusweg,-1,2022-11-08,4771,18.04
Strawinskylaan,52.341014,4.871323,Parnassusweg richting Minervalaan,Minervalaan richting Parnassusweg,1,2022-11-08,5067,16.23
Strawinskylaan,52.341014,4.871323,Parnassusweg richting Minervalaan,Minervalaan richting Parnassusweg,-1,2022-11-09,4219,17.9
Strawinskylaan,52.341014,4.871323,Parnassusweg richting Minervalaan,Minervalaan richting Parnassusweg,1,2022-11-09,4337,16.47
Strawinskylaan,52.341014,4.871323,Parnassusweg richting Minervalaan,Minervalaan richting Parnassusweg,-1,2022-11-10,4787,17.75
Strawinskylaan,52.341014,4.871323,Parnassusweg richting Minervalaan,Minervalaan richting Parnassusweg,1,2022-11-10,4963,16.42
Strawinskylaan,52.341014,4.871323,Parnassusweg richting Minervalaan,Minervalaan richting Parnassusweg,-1,2022-11-11,3948,17.94
Strawinskylaan,52.341014,4.871323,Parnassusweg richting Minervalaan,Minervalaan richting Parnassusweg,1,2022-11-11,4186,16.25
Strawinskylaan,52.341014,4.871323,Parnassusweg richting Minervalaan,Minervalaan richting Parnassusweg,-1,2022-11-12,1500,17.85
Strawinskylaan,52.341014,4.871323,Parnassusweg richting Minervalaan,Minervalaan richting Parnassusweg,1,2022-11-12,1756,16.21
Strawinskylaan,52.341014,4.871323,Parnassusweg richting Minervalaan,Minervalaan richting Parnassusweg,-1,2022-11-13,1231,17.91
Strawinskylaan,52.341014,4.871323,Parnassusweg richting Minervalaan,Minervalaan richting Parnassusweg,1,2022-11-13,1269,15.94
Strawinskylaan,52.341014,4.871323,Parnassusweg richting Minervalaan,Minervalaan richting Parnassusweg,-1,2022-11-14,4080,18.38
Strawinskylaan,52.341014,4.871323,Parnassusweg richting Minervalaan,Minervalaan richting Parnassusweg,1,2022-11-14,4136,16.0
Strawinskylaan,52.341014,4.871323,Parnassusweg richting Minervalaan,Minervalaan richting Parnassusweg,-1,2022-11-15,4109,18.27
Strawinskylaan,52.341014,4.871323,Parnassusweg richting Minervalaan,Minervalaan richting Parnassusweg,1,2022-11-15,4165,16.15
Strawinskylaan,52.341014,4.871323,Parnassusweg richting Minervalaan,Minervalaan richting Parnassusweg,-1,2022-11-16,3756,18.2
Strawinskylaan,52.341014,4.871323,Parnassusweg richting Minervalaan,Minervalaan richting Parnassusweg,1,2022-11-16,3757,16.27
Strawinskylaan,52.341014,4.871323,Parnassusweg richting Minervalaan,Minervalaan richting Parnassusweg,-1,2022-11-17,3043,18.25
Strawinskylaan,52.341014,4.871323,Parnassusweg richting Minervalaan,Minervalaan richting Parnassusweg,1,2022-11-17,3001,16.4
Strawinskylaan,52.341014,4.871323,Parnassusweg richting Minervalaan,Minervalaan richting Parnassusweg,-1,2022-11-18,3075,18.36
Strawinskylaan,52.341014,4.871323,Parnassusweg richting Minervalaan,Minervalaan richting Parnassusweg,1,2022-11-18,3257,16.13
Strawinskylaan,52.341014,4.871323,Parnassusweg richting Minervalaan,Minervalaan richting Parnassusweg,-1,2022-11-19,998,18.68
Strawinskylaan,52.341014,4.871323,Parnassusweg richting Minervalaan,Minervalaan richting Parnassusweg,1,2022-11-19,1184,15.68
Strawinskylaan,52.341014,4.871323,Parnassusweg richting Minervalaan,Minervalaan richting Parnassusweg,-1,2022-11-20,556,18.49
Strawinskylaan,52.341014,4.871323,Parnassusweg richting Minervalaan,Minervalaan richting Parnassusweg,1,2022-11-20,667,16.39
Strawinskylaan,52.341014,4.871323,Parnassusweg richting Minervalaan,Minervalaan richting Parnassusweg,-1,2022-11-21,3342,18.42
Strawinskylaan,52.341014,4.871323,Parnassusweg richting Minervalaan,Minervalaan richting Parnassusweg,1,2022-11-21,3282,16.17
Strawinskylaan,52.341014,4.871323,Parnassusweg richting Minervalaan,Minervalaan richting Parnassusweg,-1,2022-11-22,3970,18.31
Strawinskylaan,52.341014,4.871323,Parnassusweg richting Minervalaan,Minervalaan richting Parnassusweg,1,2022-11-22,4010,16.17
Strawinskylaan,52.341014,4.871323,Parnassusweg richting Minervalaan,Minervalaan richting Parnassusweg,-1,2022-11-23,3562,18.1
Strawinskylaan,52.341014,4.871323,Parnassusweg richting Minervalaan,Minervalaan richting Parnassusweg,1,2022-11-23,3614,16.27
Strawinskylaan,52.341014,4.871323,Parnassusweg richting Minervalaan,Minervalaan richting Parnassusweg,-1,2022-11-24,3945,17.98
Strawinskylaan,52.341014,4.871323,Parnassusweg richting Minervalaan,Minervalaan richting Parnassusweg,1,2022-11-24,3971,16.19
Strawinskylaan,52.341014,4.871323,Parnassusweg richting Minervalaan,Minervalaan richting Parnassusweg,-1,2022-11-25,3306,17.84
Strawinskylaan,52.341014,4.871323,Parnassusweg richting Minervalaan,Minervalaan richting Parnassusweg,1,2022-11-25,3383,16.35
Strawinskylaan,52.341014,4.871323,Parnassusweg richting Minervalaan,Minervalaan richting Parnassusweg,-1,2022-11-26,1202,17.95
Strawinskylaan,52.341014,4.871323,Parnassusweg richting Minervalaan,Minervalaan richting Parnassusweg,1,2022-11-26,1422,15.98
Strawinskylaan,52.341014,4.871323,Parnassusweg richting Minervalaan,Minervalaan richting Parnassusweg,-1,2022-11-27,815,17.94
Strawinskylaan,52.341014,4.871323,Parnassusweg richting Minervalaan,Minervalaan richting Parnassusweg,1,2022-11-27,790,16.11
Strawinskylaan,52.341014,4.871323,Parnassusweg richting Minervalaan,Minervalaan richting Parnassusweg,-1,2022-11-28,3732,17.84
Strawinskylaan,52.341014,4.871323,Parnassusweg richting Minervalaan,Minervalaan richting Parnassusweg,1,2022-11-28,3768,16.26
Strawinskylaan,52.341014,4.871323,Parnassusweg richting Minervalaan,Minervalaan richting Parnassusweg,-1,2022-11-29,4504,17.85
Strawinskylaan,52.341014,4.871323,Parnassusweg richting Minervalaan,Minervalaan richting Parnassusweg,1,2022-11-29,4418,16.33
Strawinskylaan,52.341014,4.871323,Parnassusweg richting Minervalaan,Minervalaan richting Parnassusweg,-1,2022-11-30,4044,17.96
Strawinskylaan,52.341014,4.871323,Parnassusweg richting Minervalaan,Minervalaan richting Parnassusweg,1,2022-11-30,4138,16.07
Strawinskylaan,52.341014,4.871323,Parnassusweg richting Minervalaan,Minervalaan richting Parnassusweg,-1,2022-12-01,4532,18.14
Strawinskylaan,52.341014,4.871323,Parnassusweg richting Minervalaan,Minervalaan richting Parnassusweg,1,2022-12-01,4574,16.11
Strawinskylaan,52.341014,4.871323,Parnassusweg richting Minervalaan,Minervalaan richting Parnassusweg,-1,2022-12-02,3518,18.72
Strawinskylaan,52.341014,4.871323,Parnassusweg richting Minervalaan,Minervalaan richting Parnassusweg,1,2022-12-02,3697,14.55
Strawinskylaan,52.341014,4.871323,Parnassusweg richting Minervalaan,Minervalaan richting Parnassusweg,-1,2022-12-03,1082,18.6
Strawinskylaan,52.341014,4.871323,Parnassusweg richting Minervalaan,Minervalaan richting Parnassusweg,1,2022-12-03,1215,14.6
Strawinskylaan,52.341014,4.871323,Parnassusweg richting Minervalaan,Minervalaan richting Parnassusweg,-1,2022-12-04,814,18.78
Strawinskylaan,52.341014,4.871323,Parnassusweg richting Minervalaan,Minervalaan richting Parnassusweg,1,2022-12-04,841,14.65
Strawinskylaan,52.341014,4.871323,Parnassusweg richting Minervalaan,Minervalaan richting Parnassusweg,-1,2022-12-05,3733,18.3
Strawinskylaan,52.341014,4.871323,Parnassusweg richting Minervalaan,Minervalaan richting Parnassusweg,1,2022-12-05,3825,15.1
Strawinskylaan,52.341014,4.871323,Parnassusweg richting Minervalaan,Minervalaan richting Parnassusweg,-1,2022-12-06,4244,17.74
Strawinskylaan,52.341014,4.871323,Parnassusweg richting Minervalaan,Minervalaan richting Parnassusweg,1,2022-12-06,4278,15.4
Strawinskylaan,52.341014,4.871323,Parnassusweg richting Minervalaan,Minervalaan richting Parnassusweg,-1,2022-12-07,4057,17.77
Strawinskylaan,52.341014,4.871323,Parnassusweg richting Minervalaan,Minervalaan richting Parnassusweg,1,2022-12-07,4119,15.47
Strawinskylaan,52.341014,4.871323,Parnassusweg richting Minervalaan,Minervalaan richting Parnassusweg,-1,2022-12-08,3996,17.73
Strawinskylaan,52.341014,4.871323,Parnassusweg richting Minervalaan,Minervalaan richting Parnassusweg,1,2022-12-08,3993,15.42
Strawinskylaan,52.341014,4.871323,Parnassusweg richting Minervalaan,Minervalaan richting Parnassusweg,-1,2022-12-09,3198,17.12
Strawinskylaan,52.341014,4.871323,Parnassusweg richting Minervalaan,Minervalaan richting Parnassusweg,1,2022-12-09,3461,15.2
Strawinskylaan,52.341014,4.871323,Parnassusweg richting Minervalaan,Minervalaan richting Parnassusweg,-1,2022-12-10,1070,17.41
Strawinskylaan,52.341014,4.871323,Parnassusweg richting Minervalaan,Minervalaan richting Parnassusweg,1,2022-12-10,1159,15.27
Strawinskylaan,52.341014,4.871323,Parnassusweg richting Minervalaan,Minervalaan richting Parnassusweg,-1,2022-12-11,887,17.95
Strawinskylaan,52.341014,4.871323,Parnassusweg richting Minervalaan,Minervalaan richting Parnassusweg,1,2022-12-11,829,15.54
Strawinskylaan,52.341014,4.871323,Parnassusweg richting Minervalaan,Minervalaan richting Parnassusweg,-1,2022-12-12,3966,17.81
Strawinskylaan,52.341014,4.871323,Parnassusweg richting Minervalaan,Minervalaan richting Parnassusweg,1,2022-12-12,3899,14.98
Strawinskylaan,52.341014,4.871323,Parnassusweg richting Minervalaan,Minervalaan richting Parnassusweg,-1,2022-12-13,3974,17.87
Strawinskylaan,52.341014,4.871323,Parnassusweg richting Minervalaan,Minervalaan richting Parnassusweg,1,2022-12-13,3986,14.89
Strawinskylaan,52.341014,4.871323,Parnassusweg richting Minervalaan,Minervalaan richting Parnassusweg,-1,2022-12-14,3690,17.92
Strawinskylaan,52.341014,4.871323,Parnassusweg richting Minervalaan,Minervalaan richting Parnassusweg,1,2022-12-14,3721,15.26
Strawinskylaan,52.341014,4.871323,Parnassusweg richting Minervalaan,Minervalaan richting Parnassusweg,-1,2022-12-15,3808,17.38
Strawinskylaan,52.341014,4.871323,Parnassusweg richting Minervalaan,Minervalaan richting Parnassusweg,1,2022-12-15,3750,15.15
Strawinskylaan,52.341014,4.871323,Parnassusweg richting Minervalaan,Minervalaan richting Parnassusweg,-1,2022-12-16,2988,17.23
Strawinskylaan,52.341014,4.871323,Parnassusweg richting Minervalaan,Minervalaan richting Parnassusweg,1,2022-12-16,2994,14.92
Strawinskylaan,52.341014,4.871323,Parnassusweg richting Minervalaan,Minervalaan richting Parnassusweg,-1,2022-12-17,946,17.31
Strawinskylaan,52.341014,4.871323,Parnassusweg richting Minervalaan,Minervalaan richting Parnassusweg,1,2022-12-17,1184,14.92
Strawinskylaan,52.341014,4.871323,Parnassusweg richting Minervalaan,Minervalaan richting Parnassusweg,-1,2022-12-18,817,17.37
Strawinskylaan,52.341014,4.871323,Parnassusweg richting Minervalaan,Minervalaan richting Parnassusweg,1,2022-12-18,760,14.8
Strawinskylaan,52.341014,4.871323,Parnassusweg richting Minervalaan,Minervalaan richting Parnassusweg,-1,2022-12-19,2747,17.32
Strawinskylaan,52.341014,4.871323,Parnassusweg richting Minervalaan,Minervalaan richting Parnassusweg,1,2022-12-19,2734,15.1
Strawinskylaan,52.341014,4.871323,Parnassusweg richting Minervalaan,Minervalaan richting Parnassusweg,-1,2022-12-20,3402,17.67
Strawinskylaan,52.341014,4.871323,Parnassusweg richting Minervalaan,Minervalaan richting Parnassusweg,1,2022-12-20,3584,15.51
Strawinskylaan,52.341014,4.871323,Parnassusweg richting Minervalaan,Minervalaan richting Parnassusweg,-1,2022-12-21,3300,17.77
Strawinskylaan,52.341014,4.871323,Parnassusweg richting Minervalaan,Minervalaan richting Parnassusweg,1,2022-12-21,3302,15.5
Strawinskylaan,52.341014,4.871323,Parnassusweg richting Minervalaan,Minervalaan richting Parnassusweg,-1,2022-12-22,3440,17.37
Strawinskylaan,52.341014,4.871323,Parnassusweg richting Minervalaan,Minervalaan richting Parnassusweg,1,2022-12-22,3580,15.54
Strawinskylaan,52.341014,4.871323,Parnassusweg richting Minervalaan,Minervalaan richting Parnassusweg,-1,2022-12-23,2047,17.6
Strawinskylaan,52.341014,4.871323,Parnassusweg richting Minervalaan,Minervalaan richting Parnassusweg,1,2022-12-23,2251,15.47
Strawinskylaan,52.341014,4.871323,Parnassusweg richting Minervalaan,Minervalaan richting Parnassusweg,-1,2022-12-24,675,17.6
Strawinskylaan,52.341014,4.871323,Parnassusweg richting Minervalaan,Minervalaan richting Parnassusweg,1,2022-12-24,964,15.47
Strawinskylaan,52.341014,4.871323,Parnassusweg richting Minervalaan,Minervalaan richting Parnassusweg,-1,2022-12-25,328,17.38
Strawinskylaan,52.341014,4.871323,Parnassusweg richting Minervalaan,Minervalaan richting Parnassusweg,1,2022-12-25,409,15.92
Strawinskylaan,52.341014,4.871323,Parnassusweg richting Minervalaan,Minervalaan richting Parnassusweg,-1,2022-12-26,506,16.94
Strawinskylaan,52.341014,4.871323,Parnassusweg richting Minervalaan,Minervalaan richting Parnassusweg,1,2022-12-26,529,15.98
Strawinskylaan,52.341014,4.871323,Parnassusweg richting Minervalaan,Minervalaan richting Parnassusweg,-1,2022-12-27,1309,17.81
Strawinskylaan,52.341014,4.871323,Parnassusweg richting Minervalaan,Minervalaan richting Parnassusweg,1,2022-12-27,1305,15.73
Strawinskylaan,52.341014,4.871323,Parnassusweg richting Minervalaan,Minervalaan richting Parnassusweg,-1,2022-12-28,1256,17.41
Strawinskylaan,52.341014,4.871323,Parnassusweg richting Minervalaan,Minervalaan richting Parnassusweg,1,2022-12-28,1270,15.88
Strawinskylaan,52.341014,4.871323,Parnassusweg richting Minervalaan,Minervalaan richting Parnassusweg,-1,2022-12-29,1387,17.57
Strawinskylaan,52.341014,4.871323,Parnassusweg richting Minervalaan,Minervalaan richting Parnassusweg,1,2022-12-29,1476,16.24
Strawinskylaan,52.341014,4.871323,Parnassusweg richting Minervalaan,Minervalaan richting Parnassusweg,-1,2022-12-30,1098,17.96
Strawinskylaan,52.341014,4.871323,Parnassusweg richting Minervalaan,Minervalaan richting Parnassusweg,1,2022-12-30,1156,15.74
Strawinskylaan,52.341014,4.871323,Parnassusweg richting Minervalaan,Minervalaan richting Parnassusweg,-1,2022-12-31,508,17.05
Strawinskylaan,52.341014,4.871323,Parnassusweg richting Minervalaan,Minervalaan richting Parnassusweg,1,2022-12-31,724,16.11
