location,latitude,longitude,plusdirection,mindirection,direction,datetime,count,speed_mean
Weesperzijde,52.354533,4.908556,Buurmanstraat richting Oetgensstraat,Oetgensstraat richting Buurmanstraat,-1,2022-01-01,3393,14.8
Weesperzijde,52.354533,4.908556,Buurmanstraat richting Oetgensstraat,Oetgensstraat richting Buurmanstraat,1,2022-01-01,3028,14.01
Weesperzijde,52.354533,4.908556,Buurmanstraat richting Oetgensstraat,Oetgensstraat richting Buurmanstraat,-1,2022-01-02,2196,15.55
Weesperzijde,52.354533,4.908556,Buurmanstraat richting Oetgensstraat,Oetgensstraat richting Buurmanstraat,1,2022-01-02,2425,13.66
Weesperzijde,52.354533,4.908556,Buurmanstraat richting Oetgensstraat,Oetgensstraat richting Buurmanstraat,-1,2022-01-03,3724,16.15
Weesperzijde,52.354533,4.908556,Buurmanstraat richting Oetgensstraat,Oetgensstraat richting Buurmanstraat,1,2022-01-03,3897,13.84
Weesperzijde,52.354533,4.908556,Buurmanstraat richting Oetgensstraat,Oetgensstraat richting Buurmanstraat,-1,2022-01-04,3731,17.02
Weesperzijde,52.354533,4.908556,Buurmanstraat richting Oetgensstraat,Oetgensstraat richting Buurmanstraat,1,2022-01-04,3870,14.05
Weesperzijde,52.354533,4.908556,Buurmanstraat richting Oetgensstraat,Oetgensstraat richting Buurmanstraat,-1,2022-01-05,2988,16.88
Weesperzijde,52.354533,4.908556,Buurmanstraat richting Oetgensstraat,Oetgensstraat richting Buurmanstraat,1,2022-01-05,3203,13.05
Weesperzijde,52.354533,4.908556,Buurmanstraat richting Oetgensstraat,Oetgensstraat richting Buurmanstraat,-1,2022-01-06,4176,15.99
Weesperzijde,52.354533,4.908556,Buurmanstraat richting Oetgensstraat,Oetgensstraat richting Buurmanstraat,1,2022-01-06,4676,14.67
Weesperzijde,52.354533,4.908556,Buurmanstraat richting Oetgensstraat,Oetgensstraat richting Buurmanstraat,-1,2022-01-07,3403,16.09
Weesperzijde,52.354533,4.908556,Buurmanstraat richting Oetgensstraat,Oetgensstraat richting Buurmanstraat,1,2022-01-07,3706,14.36
Weesperzijde,52.354533,4.908556,Buurmanstraat richting Oetgensstraat,Oetgensstraat richting Buurmanstraat,-1,2022-01-08,2465,14.9
Weesperzijde,52.354533,4.908556,Buurmanstraat richting Oetgensstraat,Oetgensstraat richting Buurmanstraat,1,2022-01-08,2497,14.9
Weesperzijde,52.354533,4.908556,Buurmanstraat richting Oetgensstraat,Oetgensstraat richting Buurmanstraat,-1,2022-01-09,2595,15.88
Weesperzijde,52.354533,4.908556,Buurmanstraat richting Oetgensstraat,Oetgensstraat richting Buurmanstraat,1,2022-01-09,2924,13.45
Weesperzijde,52.354533,4.908556,Buurmanstraat richting Oetgensstraat,Oetgensstraat richting Buurmanstraat,-1,2022-01-10,4912,15.73
Weesperzijde,52.354533,4.908556,Buurmanstraat richting Oetgensstraat,Oetgensstraat richting Buurmanstraat,1,2022-01-10,5073,14.6
Weesperzijde,52.354533,4.908556,Buurmanstraat richting Oetgensstraat,Oetgensstraat richting Buurmanstraat,-1,2022-01-11,5001,15.55
Weesperzijde,52.354533,4.908556,Buurmanstraat richting Oetgensstraat,Oetgensstraat richting Buurmanstraat,1,2022-01-11,5267,14.64
Weesperzijde,52.354533,4.908556,Buurmanstraat richting Oetgensstraat,Oetgensstraat richting Buurmanstraat,-1,2022-01-12,5621,16.02
Weesperzijde,52.354533,4.908556,Buurmanstraat richting Oetgensstraat,Oetgensstraat richting Buurmanstraat,1,2022-01-12,6047,14.59
Weesperzijde,52.354533,4.908556,Buurmanstraat richting Oetgensstraat,Oetgensstraat richting Buurmanstraat,-1,2022-01-13,5233,16.16
Weesperzijde,52.354533,4.908556,Buurmanstraat richting Oetgensstraat,Oetgensstraat richting Buurmanstraat,1,2022-01-13,5207,14.12
Weesperzijde,52.354533,4.908556,Buurmanstraat richting Oetgensstraat,Oetgensstraat richting Buurmanstraat,-1,2022-01-14,5120,16.46
Weesperzijde,52.354533,4.908556,Buurmanstraat richting Oetgensstraat,Oetgensstraat richting Buurmanstraat,1,2022-01-14,5402,14.26
Weesperzijde,52.354533,4.908556,Buurmanstraat richting Oetgensstraat,Oetgensstraat richting Buurmanstraat,-1,2022-01-15,4316,15.72
Weesperzijde,52.354533,4.908556,Buurmanstraat richting Oetgensstraat,Oetgensstraat richting Buurmanstraat,1,2022-01-15,4505,14.72
Weesperzijde,52.354533,4.908556,Buurmanstraat richting Oetgensstraat,Oetgensstraat richting Buurmanstraat,-1,2022-01-16,3572,16.18
Weesperzijde,52.354533,4.908556,Buurmanstraat richting Oetgensstraat,Oetgensstraat richting Buurmanstraat,1,2022-01-16,3554,13.69
Weesperzijde,52.354533,4.908556,Buurmanstraat richting Oetgensstraat,Oetgensstraat richting Buurmanstraat,-1,2022-01-17,5413,16.85
Weesperzijde,52.354533,4.908556,Buurmanstraat richting Oetgensstraat,Oetgensstraat richting Buurmanstraat,1,2022-01-17,5597,13.56
Weesperzijde,52.354533,4.908556,Buurmanstraat richting Oetgensstraat,Oetgensstraat richting Buurmanstraat,-1,2022-01-18,10361,16.18
Weesperzijde,52.354533,4.908556,Buurmanstraat richting Oetgensstraat,Oetgensstraat richting Buurmanstraat,1,2022-01-18,9460,14.82
Weesperzijde,52.354533,4.908556,Buurmanstraat richting Oetgensstraat,Oetgensstraat richting Buurmanstraat,-1,2022-01-19,8646,16.56
Weesperzijde,52.354533,4.908556,Buurmanstraat richting Oetgensstraat,Oetgensstraat richting Buurmanstraat,1,2022-01-19,6946,13.77
Weesperzijde,52.354533,4.908556,Buurmanstraat richting Oetgensstraat,Oetgensstraat richting Buurmanstraat,-1,2022-01-20,5698,16.91
Weesperzijde,52.354533,4.908556,Buurmanstraat richting Oetgensstraat,Oetgensstraat richting Buurmanstraat,1,2022-01-20,5925,13.39
Weesperzijde,52.354533,4.908556,Buurmanstraat richting Oetgensstraat,Oetgensstraat richting Buurmanstraat,-1,2022-01-21,5368,16.75
Weesperzijde,52.354533,4.908556,Buurmanstraat richting Oetgensstraat,Oetgensstraat richting Buurmanstraat,1,2022-01-21,5753,13.76
Weesperzijde,52.354533,4.908556,Buurmanstraat richting Oetgensstraat,Oetgensstraat richting Buurmanstraat,-1,2022-01-22,4669,16.62
Weesperzijde,52.354533,4.908556,Buurmanstraat richting Oetgensstraat,Oetgensstraat richting Buurmanstraat,1,2022-01-22,4803,13.88
Weesperzijde,52.354533,4.908556,Buurmanstraat richting Oetgensstraat,Oetgensstraat richting Buurmanstraat,-1,2022-01-23,3871,16.04
Weesperzijde,52.354533,4.908556,Buurmanstraat richting Oetgensstraat,Oetgensstraat richting Buurmanstraat,1,2022-01-23,3885,14.75
Weesperzijde,52.354533,4.908556,Buurmanstraat richting Oetgensstraat,Oetgensstraat richting Buurmanstraat,-1,2022-01-24,5407,16.23
Weesperzijde,52.354533,4.908556,Buurmanstraat richting Oetgensstraat,Oetgensstraat richting Buurmanstraat,1,2022-01-24,5436,14.6
Weesperzijde,52.354533,4.908556,Buurmanstraat richting Oetgensstraat,Oetgensstraat richting Buurmanstraat,-1,2022-01-25,5912,16.28
Weesperzijde,52.354533,4.908556,Buurmanstraat richting Oetgensstraat,Oetgensstraat richting Buurmanstraat,1,2022-01-25,5830,14.58
Weesperzijde,52.354533,4.908556,Buurmanstraat richting Oetgensstraat,Oetgensstraat richting Buurmanstraat,-1,2022-01-26,6637,16.3
Weesperzijde,52.354533,4.908556,Buurmanstraat richting Oetgensstraat,Oetgensstraat richting Buurmanstraat,1,2022-01-26,6364,14.21
Weesperzijde,52.354533,4.908556,Buurmanstraat richting Oetgensstraat,Oetgensstraat richting Buurmanstraat,-1,2022-01-27,6071,16.93
Weesperzijde,52.354533,4.908556,Buurmanstraat richting Oetgensstraat,Oetgensstraat richting Buurmanstraat,1,2022-01-27,5791,13.31
Weesperzijde,52.354533,4.908556,Buurmanstraat richting Oetgensstraat,Oetgensstraat richting Buurmanstraat,-1,2022-01-28,6939,16.36
Weesperzijde,52.354533,4.908556,Buurmanstraat richting Oetgensstraat,Oetgensstraat richting Buurmanstraat,1,2022-01-28,7042,14.04
Weesperzijde,52.354533,4.908556,Buurmanstraat richting Oetgensstraat,Oetgensstraat richting Buurmanstraat,-1,2022-01-29,5396,16.53
Weesperzijde,52.354533,4.908556,Buurmanstraat richting Oetgensstraat,Oetgensstraat richting Buurmanstraat,1,2022-01-29,5181,13.02
Weesperzijde,52.354533,4.908556,Buurmanstraat richting Oetgensstraat,Oetgensstraat richting Buurmanstraat,-1,2022-01-30,4946,16.44
Weesperzijde,52.354533,4.908556,Buurmanstraat richting Oetgensstraat,Oetgensstraat richting Buurmanstraat,1,2022-01-30,4556,13.57
Weesperzijde,52.354533,4.908556,Buurmanstraat richting Oetgensstraat,Oetgensstraat richting Buurmanstraat,-1,2022-01-31,3058,17.17
Weesperzijde,52.354533,4.908556,Buurmanstraat richting Oetgensstraat,Oetgensstraat richting Buurmanstraat,1,2022-01-31,2829,12.51
Weesperzijde,52.354533,4.908556,Buurmanstraat richting Oetgensstraat,Oetgensstraat richting Buurmanstraat,-1,2022-02-01,5321,16.71
Weesperzijde,52.354533,4.908556,Buurmanstraat richting Oetgensstraat,Oetgensstraat richting Buurmanstraat,1,2022-02-01,4758,12.99
Weesperzijde,52.354533,4.908556,Buurmanstraat richting Oetgensstraat,Oetgensstraat richting Buurmanstraat,-1,2022-02-02,6449,16.73
Weesperzijde,52.354533,4.908556,Buurmanstraat richting Oetgensstraat,Oetgensstraat richting Buurmanstraat,1,2022-02-02,4798,13.86
Weesperzijde,52.354533,4.908556,Buurmanstraat richting Oetgensstraat,Oetgensstraat richting Buurmanstraat,-1,2022-02-03,5615,15.93
Weesperzijde,52.354533,4.908556,Buurmanstraat richting Oetgensstraat,Oetgensstraat richting Buurmanstraat,1,2022-02-03,4076,13.98
Weesperzijde,52.354533,4.908556,Buurmanstraat richting Oetgensstraat,Oetgensstraat richting Buurmanstraat,-1,2022-02-04,4717,15.94
Weesperzijde,52.354533,4.908556,Buurmanstraat richting Oetgensstraat,Oetgensstraat richting Buurmanstraat,1,2022-02-04,3549,13.62
Weesperzijde,52.354533,4.908556,Buurmanstraat richting Oetgensstraat,Oetgensstraat richting Buurmanstraat,-1,2022-02-05,4654,15.76
Weesperzijde,52.354533,4.908556,Buurmanstraat richting Oetgensstraat,Oetgensstraat richting Buurmanstraat,1,2022-02-05,3959,13.39
Weesperzijde,52.354533,4.908556,Buurmanstraat richting Oetgensstraat,Oetgensstraat richting Buurmanstraat,-1,2022-02-06,2140,15.82
Weesperzijde,52.354533,4.908556,Buurmanstraat richting Oetgensstraat,Oetgensstraat richting Buurmanstraat,1,2022-02-06,1673,12.93
Weesperzijde,52.354533,4.908556,Buurmanstraat richting Oetgensstraat,Oetgensstraat richting Buurmanstraat,-1,2022-02-07,5576,16.61
Weesperzijde,52.354533,4.908556,Buurmanstraat richting Oetgensstraat,Oetgensstraat richting Buurmanstraat,1,2022-02-07,3839,13.51
Weesperzijde,52.354533,4.908556,Buurmanstraat richting Oetgensstraat,Oetgensstraat richting Buurmanstraat,-1,2022-02-08,3860,16.28
Weesperzijde,52.354533,4.908556,Buurmanstraat richting Oetgensstraat,Oetgensstraat richting Buurmanstraat,1,2022-02-08,3443,15.03
Weesperzijde,52.354533,4.908556,Buurmanstraat richting Oetgensstraat,Oetgensstraat richting Buurmanstraat,-1,2022-02-09,724,15.99
Weesperzijde,52.354533,4.908556,Buurmanstraat richting Oetgensstraat,Oetgensstraat richting Buurmanstraat,1,2022-02-09,2649,17.43
Weesperzijde,52.354533,4.908556,Buurmanstraat richting Oetgensstraat,Oetgensstraat richting Buurmanstraat,-1,2022-02-10,3981,16.27
Weesperzijde,52.354533,4.908556,Buurmanstraat richting Oetgensstraat,Oetgensstraat richting Buurmanstraat,1,2022-02-10,5133,14.84
Weesperzijde,52.354533,4.908556,Buurmanstraat richting Oetgensstraat,Oetgensstraat richting Buurmanstraat,-1,2022-02-11,5061,16.21
Weesperzijde,52.354533,4.908556,Buurmanstraat richting Oetgensstraat,Oetgensstraat richting Buurmanstraat,1,2022-02-11,6609,14.88
Weesperzijde,52.354533,4.908556,Buurmanstraat richting Oetgensstraat,Oetgensstraat richting Buurmanstraat,-1,2022-02-12,4539,17.01
Weesperzijde,52.354533,4.908556,Buurmanstraat richting Oetgensstraat,Oetgensstraat richting Buurmanstraat,1,2022-02-12,5482,13.3
Weesperzijde,52.354533,4.908556,Buurmanstraat richting Oetgensstraat,Oetgensstraat richting Buurmanstraat,-1,2022-02-13,3242,17.33
Weesperzijde,52.354533,4.908556,Buurmanstraat richting Oetgensstraat,Oetgensstraat richting Buurmanstraat,1,2022-02-13,4377,13.22
Weesperzijde,52.354533,4.908556,Buurmanstraat richting Oetgensstraat,Oetgensstraat richting Buurmanstraat,-1,2022-02-14,4199,16.63
Weesperzijde,52.354533,4.908556,Buurmanstraat richting Oetgensstraat,Oetgensstraat richting Buurmanstraat,1,2022-02-14,5518,14.18
Weesperzijde,52.354533,4.908556,Buurmanstraat richting Oetgensstraat,Oetgensstraat richting Buurmanstraat,-1,2022-02-15,4063,16.73
Weesperzijde,52.354533,4.908556,Buurmanstraat richting Oetgensstraat,Oetgensstraat richting Buurmanstraat,1,2022-02-15,5482,13.91
Weesperzijde,52.354533,4.908556,Buurmanstraat richting Oetgensstraat,Oetgensstraat richting Buurmanstraat,-1,2022-02-16,3882,15.91
Weesperzijde,52.354533,4.908556,Buurmanstraat richting Oetgensstraat,Oetgensstraat richting Buurmanstraat,1,2022-02-16,5034,13.96
Weesperzijde,52.354533,4.908556,Buurmanstraat richting Oetgensstraat,Oetgensstraat richting Buurmanstraat,-1,2022-02-17,3406,15.84
Weesperzijde,52.354533,4.908556,Buurmanstraat richting Oetgensstraat,Oetgensstraat richting Buurmanstraat,1,2022-02-17,4589,15.27
Weesperzijde,52.354533,4.908556,Buurmanstraat richting Oetgensstraat,Oetgensstraat richting Buurmanstraat,-1,2022-02-18,2080,17.27
Weesperzijde,52.354533,4.908556,Buurmanstraat richting Oetgensstraat,Oetgensstraat richting Buurmanstraat,1,2022-02-18,2382,14.14
Weesperzijde,52.354533,4.908556,Buurmanstraat richting Oetgensstraat,Oetgensstraat richting Buurmanstraat,-1,2022-02-19,2840,16.11
Weesperzijde,52.354533,4.908556,Buurmanstraat richting Oetgensstraat,Oetgensstraat richting Buurmanstraat,1,2022-02-19,3222,14.2
Weesperzijde,52.354533,4.908556,Buurmanstraat richting Oetgensstraat,Oetgensstraat richting Buurmanstraat,-1,2022-02-20,1556,15.2
Weesperzijde,52.354533,4.908556,Buurmanstraat richting Oetgensstraat,Oetgensstraat richting Buurmanstraat,1,2022-02-20,1907,13.62
Weesperzijde,52.354533,4.908556,Buurmanstraat richting Oetgensstraat,Oetgensstraat richting Buurmanstraat,-1,2022-02-21,2436,15.23
Weesperzijde,52.354533,4.908556,Buurmanstraat richting Oetgensstraat,Oetgensstraat richting Buurmanstraat,1,2022-02-21,2929,15.3
Weesperzijde,52.354533,4.908556,Buurmanstraat richting Oetgensstraat,Oetgensstraat richting Buurmanstraat,-1,2022-02-22,3694,16.41
Weesperzijde,52.354533,4.908556,Buurmanstraat richting Oetgensstraat,Oetgensstraat richting Buurmanstraat,1,2022-02-22,4612,14.75
Weesperzijde,52.354533,4.908556,Buurmanstraat richting Oetgensstraat,Oetgensstraat richting Buurmanstraat,-1,2022-02-23,4149,16.9
Weesperzijde,52.354533,4.908556,Buurmanstraat richting Oetgensstraat,Oetgensstraat richting Buurmanstraat,1,2022-02-23,5449,14.06
Weesperzijde,52.354533,4.908556,Buurmanstraat richting Oetgensstraat,Oetgensstraat richting Buurmanstraat,-1,2022-02-24,3969,16.38
Weesperzijde,52.354533,4.908556,Buurmanstraat richting Oetgensstraat,Oetgensstraat richting Buurmanstraat,1,2022-02-24,4947,14.22
Weesperzijde,52.354533,4.908556,Buurmanstraat richting Oetgensstraat,Oetgensstraat richting Buurmanstraat,-1,2022-02-25,3452,15.91
Weesperzijde,52.354533,4.908556,Buurmanstraat richting Oetgensstraat,Oetgensstraat richting Buurmanstraat,1,2022-02-25,4434,15.24
Weesperzijde,52.354533,4.908556,Buurmanstraat richting Oetgensstraat,Oetgensstraat richting Buurmanstraat,-1,2022-02-26,4038,16.63
Weesperzijde,52.354533,4.908556,Buurmanstraat richting Oetgensstraat,Oetgensstraat richting Buurmanstraat,1,2022-02-26,5337,13.83
Weesperzijde,52.354533,4.908556,Buurmanstraat richting Oetgensstraat,Oetgensstraat richting Buurmanstraat,-1,2022-02-27,3452,16.7
Weesperzijde,52.354533,4.908556,Buurmanstraat richting Oetgensstraat,Oetgensstraat richting Buurmanstraat,1,2022-02-27,4823,13.36
Weesperzijde,52.354533,4.908556,Buurmanstraat richting Oetgensstraat,Oetgensstraat richting Buurmanstraat,-1,2022-02-28,4187,17.03
Weesperzijde,52.354533,4.908556,Buurmanstraat richting Oetgensstraat,Oetgensstraat richting Buurmanstraat,1,2022-02-28,5393,13.86
Weesperzijde,52.354533,4.908556,Buurmanstraat richting Oetgensstraat,Oetgensstraat richting Buurmanstraat,-1,2022-03-01,3974,17.09
Weesperzijde,52.354533,4.908556,Buurmanstraat richting Oetgensstraat,Oetgensstraat richting Buurmanstraat,1,2022-03-01,4962,14.63
Weesperzijde,52.354533,4.908556,Buurmanstraat richting Oetgensstraat,Oetgensstraat richting Buurmanstraat,-1,2022-03-02,4850,16.72
Weesperzijde,52.354533,4.908556,Buurmanstraat richting Oetgensstraat,Oetgensstraat richting Buurmanstraat,1,2022-03-02,6016,14.66
Weesperzijde,52.354533,4.908556,Buurmanstraat richting Oetgensstraat,Oetgensstraat richting Buurmanstraat,-1,2022-03-03,5222,16.67
Weesperzijde,52.354533,4.908556,Buurmanstraat richting Oetgensstraat,Oetgensstraat richting Buurmanstraat,1,2022-03-03,6268,14.24
Weesperzijde,52.354533,4.908556,Buurmanstraat richting Oetgensstraat,Oetgensstraat richting Buurmanstraat,-1,2022-03-04,5321,16.86
Weesperzijde,52.354533,4.908556,Buurmanstraat richting Oetgensstraat,Oetgensstraat richting Buurmanstraat,1,2022-03-04,6350,14.25
Weesperzijde,52.354533,4.908556,Buurmanstraat richting Oetgensstraat,Oetgensstraat richting Buurmanstraat,-1,2022-03-05,4338,15.96
Weesperzijde,52.354533,4.908556,Buurmanstraat richting Oetgensstraat,Oetgensstraat richting Buurmanstraat,1,2022-03-05,5369,14.26
Weesperzijde,52.354533,4.908556,Buurmanstraat richting Oetgensstraat,Oetgensstraat richting Buurmanstraat,-1,2022-03-06,3235,15.79
Weesperzijde,52.354533,4.908556,Buurmanstraat richting Oetgensstraat,Oetgensstraat richting Buurmanstraat,1,2022-03-06,4417,14.39
Weesperzijde,52.354533,4.908556,Buurmanstraat richting Oetgensstraat,Oetgensstraat richting Buurmanstraat,-1,2022-03-07,3909,16.77
Weesperzijde,52.354533,4.908556,Buurmanstraat richting Oetgensstraat,Oetgensstraat richting Buurmanstraat,1,2022-03-07,5028,14.49
Weesperzijde,52.354533,4.908556,Buurmanstraat richting Oetgensstraat,Oetgensstraat richting Buurmanstraat,-1,2022-03-08,4485,17.59
Weesperzijde,52.354533,4.908556,Buurmanstraat richting Oetgensstraat,Oetgensstraat richting Buurmanstraat,1,2022-03-08,5586,13.78
Weesperzijde,52.354533,4.908556,Buurmanstraat richting Oetgensstraat,Oetgensstraat richting Buurmanstraat,-1,2022-03-09,4755,17.29
Weesperzijde,52.354533,4.908556,Buurmanstraat richting Oetgensstraat,Oetgensstraat richting Buurmanstraat,1,2022-03-09,5750,14.16
Weesperzijde,52.354533,4.908556,Buurmanstraat richting Oetgensstraat,Oetgensstraat richting Buurmanstraat,-1,2022-03-10,4959,17.1
Weesperzijde,52.354533,4.908556,Buurmanstraat richting Oetgensstraat,Oetgensstraat richting Buurmanstraat,1,2022-03-10,6153,14.17
Weesperzijde,52.354533,4.908556,Buurmanstraat richting Oetgensstraat,Oetgensstraat richting Buurmanstraat,-1,2022-03-11,5011,17.29
Weesperzijde,52.354533,4.908556,Buurmanstraat richting Oetgensstraat,Oetgensstraat richting Buurmanstraat,1,2022-03-11,6228,13.65
Weesperzijde,52.354533,4.908556,Buurmanstraat richting Oetgensstraat,Oetgensstraat richting Buurmanstraat,-1,2022-03-12,4522,16.6
Weesperzijde,52.354533,4.908556,Buurmanstraat richting Oetgensstraat,Oetgensstraat richting Buurmanstraat,1,2022-03-12,5789,13.53
Weesperzijde,52.354533,4.908556,Buurmanstraat richting Oetgensstraat,Oetgensstraat richting Buurmanstraat,-1,2022-03-13,3865,16.5
Weesperzijde,52.354533,4.908556,Buurmanstraat richting Oetgensstraat,Oetgensstraat richting Buurmanstraat,1,2022-03-13,5394,13.42
Weesperzijde,52.354533,4.908556,Buurmanstraat richting Oetgensstraat,Oetgensstraat richting Buurmanstraat,-1,2022-03-14,4205,16.67
Weesperzijde,52.354533,4.908556,Buurmanstraat richting Oetgensstraat,Oetgensstraat richting Buurmanstraat,1,2022-03-14,5210,14.56
Weesperzijde,52.354533,4.908556,Buurmanstraat richting Oetgensstraat,Oetgensstraat richting Buurmanstraat,-1,2022-03-15,5053,17.1
Weesperzijde,52.354533,4.908556,Buurmanstraat richting Oetgensstraat,Oetgensstraat richting Buurmanstraat,1,2022-03-15,6127,14.55
Weesperzijde,52.354533,4.908556,Buurmanstraat richting Oetgensstraat,Oetgensstraat richting Buurmanstraat,-1,2022-03-16,4544,17.3
Weesperzijde,52.354533,4.908556,Buurmanstraat richting Oetgensstraat,Oetgensstraat richting Buurmanstraat,1,2022-03-16,5817,14.0
Weesperzijde,52.354533,4.908556,Buurmanstraat richting Oetgensstraat,Oetgensstraat richting Buurmanstraat,-1,2022-03-17,4640,16.29
Weesperzijde,52.354533,4.908556,Buurmanstraat richting Oetgensstraat,Oetgensstraat richting Buurmanstraat,1,2022-03-17,5595,14.91
Weesperzijde,52.354533,4.908556,Buurmanstraat richting Oetgensstraat,Oetgensstraat richting Buurmanstraat,-1,2022-03-18,5208,16.38
Weesperzijde,52.354533,4.908556,Buurmanstraat richting Oetgensstraat,Oetgensstraat richting Buurmanstraat,1,2022-03-18,6226,14.37
Weesperzijde,52.354533,4.908556,Buurmanstraat richting Oetgensstraat,Oetgensstraat richting Buurmanstraat,-1,2022-03-19,4884,16.0
Weesperzijde,52.354533,4.908556,Buurmanstraat richting Oetgensstraat,Oetgensstraat richting Buurmanstraat,1,2022-03-19,6436,14.01
Weesperzijde,52.354533,4.908556,Buurmanstraat richting Oetgensstraat,Oetgensstraat richting Buurmanstraat,-1,2022-03-20,3124,16.82
Weesperzijde,52.354533,4.908556,Buurmanstraat richting Oetgensstraat,Oetgensstraat richting Buurmanstraat,1,2022-03-20,4451,14.1
Weesperzijde,52.354533,4.908556,Buurmanstraat richting Oetgensstraat,Oetgensstraat richting Buurmanstraat,-1,2022-03-21,4526,17.08
Weesperzijde,52.354533,4.908556,Buurmanstraat richting Oetgensstraat,Oetgensstraat richting Buurmanstraat,1,2022-03-21,5379,14.41
Weesperzijde,52.354533,4.908556,Buurmanstraat richting Oetgensstraat,Oetgensstraat richting Buurmanstraat,-1,2022-03-22,5560,16.94
Weesperzijde,52.354533,4.908556,Buurmanstraat richting Oetgensstraat,Oetgensstraat richting Buurmanstraat,1,2022-03-22,6548,14.61
Weesperzijde,52.354533,4.908556,Buurmanstraat richting Oetgensstraat,Oetgensstraat richting Buurmanstraat,-1,2022-03-23,5522,16.66
Weesperzijde,52.354533,4.908556,Buurmanstraat richting Oetgensstraat,Oetgensstraat richting Buurmanstraat,1,2022-03-23,6574,14.68
Weesperzijde,52.354533,4.908556,Buurmanstraat richting Oetgensstraat,Oetgensstraat richting Buurmanstraat,-1,2022-03-24,5531,16.74
Weesperzijde,52.354533,4.908556,Buurmanstraat richting Oetgensstraat,Oetgensstraat richting Buurmanstraat,1,2022-03-24,6579,14.93
Weesperzijde,52.354533,4.908556,Buurmanstraat richting Oetgensstraat,Oetgensstraat richting Buurmanstraat,-1,2022-03-25,5606,16.36
Weesperzijde,52.354533,4.908556,Buurmanstraat richting Oetgensstraat,Oetgensstraat richting Buurmanstraat,1,2022-03-25,6582,14.65
Weesperzijde,52.354533,4.908556,Buurmanstraat richting Oetgensstraat,Oetgensstraat richting Buurmanstraat,-1,2022-03-26,5219,15.75
Weesperzijde,52.354533,4.908556,Buurmanstraat richting Oetgensstraat,Oetgensstraat richting Buurmanstraat,1,2022-03-26,6567,14.23
Weesperzijde,52.354533,4.908556,Buurmanstraat richting Oetgensstraat,Oetgensstraat richting Buurmanstraat,-1,2022-03-27,4029,15.66
Weesperzijde,52.354533,4.908556,Buurmanstraat richting Oetgensstraat,Oetgensstraat richting Buurmanstraat,1,2022-03-27,5370,14.19
Weesperzijde,52.354533,4.908556,Buurmanstraat richting Oetgensstraat,Oetgensstraat richting Buurmanstraat,-1,2022-03-28,4292,16.8
Weesperzijde,52.354533,4.908556,Buurmanstraat richting Oetgensstraat,Oetgensstraat richting Buurmanstraat,1,2022-03-28,5269,14.82
Weesperzijde,52.354533,4.908556,Buurmanstraat richting Oetgensstraat,Oetgensstraat richting Buurmanstraat,-1,2022-03-29,4571,16.84
Weesperzijde,52.354533,4.908556,Buurmanstraat richting Oetgensstraat,Oetgensstraat richting Buurmanstraat,1,2022-03-29,5521,14.94
Weesperzijde,52.354533,4.908556,Buurmanstraat richting Oetgensstraat,Oetgensstraat richting Buurmanstraat,-1,2022-03-30,4495,16.77
Weesperzijde,52.354533,4.908556,Buurmanstraat richting Oetgensstraat,Oetgensstraat richting Buurmanstraat,1,2022-03-30,5383,14.99
Weesperzijde,52.354533,4.908556,Buurmanstraat richting Oetgensstraat,Oetgensstraat richting Buurmanstraat,-1,2022-03-31,4789,16.14
Weesperzijde,52.354533,4.908556,Buurmanstraat richting Oetgensstraat,Oetgensstraat richting Buurmanstraat,1,2022-03-31,5309,14.97
Weesperzijde,52.354533,4.908556,Buurmanstraat richting Oetgensstraat,Oetgensstraat richting Buurmanstraat,-1,2022-04-01,3838,16.14
Weesperzijde,52.354533,4.908556,Buurmanstraat richting Oetgensstraat,Oetgensstraat richting Buurmanstraat,1,2022-04-01,4242,14.59
Weesperzijde,52.354533,4.908556,Buurmanstraat richting Oetgensstraat,Oetgensstraat richting Buurmanstraat,-1,2022-04-02,4428,15.89
Weesperzijde,52.354533,4.908556,Buurmanstraat richting Oetgensstraat,Oetgensstraat richting Buurmanstraat,1,2022-04-02,5127,14.45
Weesperzijde,52.354533,4.908556,Buurmanstraat richting Oetgensstraat,Oetgensstraat richting Buurmanstraat,-1,2022-04-03,3364,15.84
Weesperzijde,52.354533,4.908556,Buurmanstraat richting Oetgensstraat,Oetgensstraat richting Buurmanstraat,1,2022-04-03,3825,14.69
Weesperzijde,52.354533,4.908556,Buurmanstraat richting Oetgensstraat,Oetgensstraat richting Buurmanstraat,-1,2022-04-04,3085,15.98
Weesperzijde,52.354533,4.908556,Buurmanstraat richting Oetgensstraat,Oetgensstraat richting Buurmanstraat,1,2022-04-04,3232,14.47
Weesperzijde,52.354533,4.908556,Buurmanstraat richting Oetgensstraat,Oetgensstraat richting Buurmanstraat,-1,2022-04-05,4475,16.12
Weesperzijde,52.354533,4.908556,Buurmanstraat richting Oetgensstraat,Oetgensstraat richting Buurmanstraat,1,2022-04-05,4966,14.96
Weesperzijde,52.354533,4.908556,Buurmanstraat richting Oetgensstraat,Oetgensstraat richting Buurmanstraat,-1,2022-04-06,4322,16.79
Weesperzijde,52.354533,4.908556,Buurmanstraat richting Oetgensstraat,Oetgensstraat richting Buurmanstraat,1,2022-04-06,4924,14.27
Weesperzijde,52.354533,4.908556,Buurmanstraat richting Oetgensstraat,Oetgensstraat richting Buurmanstraat,-1,2022-04-07,3683,15.82
Weesperzijde,52.354533,4.908556,Buurmanstraat richting Oetgensstraat,Oetgensstraat richting Buurmanstraat,1,2022-04-07,4311,14.61
Weesperzijde,52.354533,4.908556,Buurmanstraat richting Oetgensstraat,Oetgensstraat richting Buurmanstraat,-1,2022-04-08,4790,16.15
Weesperzijde,52.354533,4.908556,Buurmanstraat richting Oetgensstraat,Oetgensstraat richting Buurmanstraat,1,2022-04-08,5636,15.08
Weesperzijde,52.354533,4.908556,Buurmanstraat richting Oetgensstraat,Oetgensstraat richting Buurmanstraat,-1,2022-04-09,4017,15.6
Weesperzijde,52.354533,4.908556,Buurmanstraat richting Oetgensstraat,Oetgensstraat richting Buurmanstraat,1,2022-04-09,4934,15.04
Weesperzijde,52.354533,4.908556,Buurmanstraat richting Oetgensstraat,Oetgensstraat richting Buurmanstraat,-1,2022-04-10,3693,15.79
Weesperzijde,52.354533,4.908556,Buurmanstraat richting Oetgensstraat,Oetgensstraat richting Buurmanstraat,1,2022-04-10,4788,14.36
Weesperzijde,52.354533,4.908556,Buurmanstraat richting Oetgensstraat,Oetgensstraat richting Buurmanstraat,-1,2022-04-11,4749,17.06
Weesperzijde,52.354533,4.908556,Buurmanstraat richting Oetgensstraat,Oetgensstraat richting Buurmanstraat,1,2022-04-11,6039,14.17
Weesperzijde,52.354533,4.908556,Buurmanstraat richting Oetgensstraat,Oetgensstraat richting Buurmanstraat,-1,2022-04-12,5851,17.37
Weesperzijde,52.354533,4.908556,Buurmanstraat richting Oetgensstraat,Oetgensstraat richting Buurmanstraat,1,2022-04-12,7026,14.22
Weesperzijde,52.354533,4.908556,Buurmanstraat richting Oetgensstraat,Oetgensstraat richting Buurmanstraat,-1,2022-04-13,5341,16.71
Weesperzijde,52.354533,4.908556,Buurmanstraat richting Oetgensstraat,Oetgensstraat richting Buurmanstraat,1,2022-04-13,6241,14.71
Weesperzijde,52.354533,4.908556,Buurmanstraat richting Oetgensstraat,Oetgensstraat richting Buurmanstraat,-1,2022-04-14,5863,16.43
Weesperzijde,52.354533,4.908556,Buurmanstraat richting Oetgensstraat,Oetgensstraat richting Buurmanstraat,1,2022-04-14,7056,15.0
Weesperzijde,52.354533,4.908556,Buurmanstraat richting Oetgensstraat,Oetgensstraat richting Buurmanstraat,-1,2022-04-15,4689,16.64
Weesperzijde,52.354533,4.908556,Buurmanstraat richting Oetgensstraat,Oetgensstraat richting Buurmanstraat,1,2022-04-15,5923,14.48
Weesperzijde,52.354533,4.908556,Buurmanstraat richting Oetgensstraat,Oetgensstraat richting Buurmanstraat,-1,2022-04-16,4493,16.32
Weesperzijde,52.354533,4.908556,Buurmanstraat richting Oetgensstraat,Oetgensstraat richting Buurmanstraat,1,2022-04-16,5626,14.07
Weesperzijde,52.354533,4.908556,Buurmanstraat richting Oetgensstraat,Oetgensstraat richting Buurmanstraat,-1,2022-04-17,3363,16.17
Weesperzijde,52.354533,4.908556,Buurmanstraat richting Oetgensstraat,Oetgensstraat richting Buurmanstraat,1,2022-04-17,4529,13.65
Weesperzijde,52.354533,4.908556,Buurmanstraat richting Oetgensstraat,Oetgensstraat richting Buurmanstraat,-1,2022-04-18,3721,16.43
Weesperzijde,52.354533,4.908556,Buurmanstraat richting Oetgensstraat,Oetgensstraat richting Buurmanstraat,1,2022-04-18,4564,13.76
Weesperzijde,52.354533,4.908556,Buurmanstraat richting Oetgensstraat,Oetgensstraat richting Buurmanstraat,-1,2022-04-19,5334,16.85
Weesperzijde,52.354533,4.908556,Buurmanstraat richting Oetgensstraat,Oetgensstraat richting Buurmanstraat,1,2022-04-19,6255,14.75
Weesperzijde,52.354533,4.908556,Buurmanstraat richting Oetgensstraat,Oetgensstraat richting Buurmanstraat,-1,2022-04-20,5890,16.49
Weesperzijde,52.354533,4.908556,Buurmanstraat richting Oetgensstraat,Oetgensstraat richting Buurmanstraat,1,2022-04-20,6891,14.74
Weesperzijde,52.354533,4.908556,Buurmanstraat richting Oetgensstraat,Oetgensstraat richting Buurmanstraat,-1,2022-04-21,5839,16.59
Weesperzijde,52.354533,4.908556,Buurmanstraat richting Oetgensstraat,Oetgensstraat richting Buurmanstraat,1,2022-04-21,6706,14.71
Weesperzijde,52.354533,4.908556,Buurmanstraat richting Oetgensstraat,Oetgensstraat richting Buurmanstraat,-1,2022-04-22,5582,16.43
Weesperzijde,52.354533,4.908556,Buurmanstraat richting Oetgensstraat,Oetgensstraat richting Buurmanstraat,1,2022-04-22,6608,14.55
Weesperzijde,52.354533,4.908556,Buurmanstraat richting Oetgensstraat,Oetgensstraat richting Buurmanstraat,-1,2022-04-23,4691,16.35
Weesperzijde,52.354533,4.908556,Buurmanstraat richting Oetgensstraat,Oetgensstraat richting Buurmanstraat,1,2022-04-23,6192,14.1
Weesperzijde,52.354533,4.908556,Buurmanstraat richting Oetgensstraat,Oetgensstraat richting Buurmanstraat,-1,2022-04-24,4012,15.75
Weesperzijde,52.354533,4.908556,Buurmanstraat richting Oetgensstraat,Oetgensstraat richting Buurmanstraat,1,2022-04-24,5225,14.46
Weesperzijde,52.354533,4.908556,Buurmanstraat richting Oetgensstraat,Oetgensstraat richting Buurmanstraat,-1,2022-04-25,3548,16.97
Weesperzijde,52.354533,4.908556,Buurmanstraat richting Oetgensstraat,Oetgensstraat richting Buurmanstraat,1,2022-04-25,4331,15.17
Weesperzijde,52.354533,4.908556,Buurmanstraat richting Oetgensstraat,Oetgensstraat richting Buurmanstraat,-1,2022-04-26,5406,16.54
Weesperzijde,52.354533,4.908556,Buurmanstraat richting Oetgensstraat,Oetgensstraat richting Buurmanstraat,1,2022-04-26,5520,15.2
Weesperzijde,52.354533,4.908556,Buurmanstraat richting Oetgensstraat,Oetgensstraat richting Buurmanstraat,-1,2022-04-27,4546,15.6
Weesperzijde,52.354533,4.908556,Buurmanstraat richting Oetgensstraat,Oetgensstraat richting Buurmanstraat,1,2022-04-27,6935,14.24
Weesperzijde,52.354533,4.908556,Buurmanstraat richting Oetgensstraat,Oetgensstraat richting Buurmanstraat,-1,2022-04-28,4019,16.53
Weesperzijde,52.354533,4.908556,Buurmanstraat richting Oetgensstraat,Oetgensstraat richting Buurmanstraat,1,2022-04-28,5130,14.76
Weesperzijde,52.354533,4.908556,Buurmanstraat richting Oetgensstraat,Oetgensstraat richting Buurmanstraat,-1,2022-04-29,3851,16.61
Weesperzijde,52.354533,4.908556,Buurmanstraat richting Oetgensstraat,Oetgensstraat richting Buurmanstraat,1,2022-04-29,4485,14.7
Weesperzijde,52.354533,4.908556,Buurmanstraat richting Oetgensstraat,Oetgensstraat richting Buurmanstraat,-1,2022-04-30,3670,16.15
Weesperzijde,52.354533,4.908556,Buurmanstraat richting Oetgensstraat,Oetgensstraat richting Buurmanstraat,1,2022-04-30,4431,14.82
Weesperzijde,52.354533,4.908556,Buurmanstraat richting Oetgensstraat,Oetgensstraat richting Buurmanstraat,-1,2022-05-01,3272,16.32
Weesperzijde,52.354533,4.908556,Buurmanstraat richting Oetgensstraat,Oetgensstraat richting Buurmanstraat,1,2022-05-01,4114,14.28
