location,latitude,longitude,plusdirection,mindirection,direction,datetime,count,speed_mean
Weesperzijde,52.354533,4.908556,Buurmanstraat richting Oetgensstraat,Oetgensstraat richting Buurmanstraat,-1,2022-05-02,3973,16.72
Weesperzijde,52.354533,4.908556,Buurmanstraat richting Oetgensstraat,Oetgensstraat richting Buurmanstraat,1,2022-05-02,4936,14.88
Weesperzijde,52.354533,4.908556,Buurmanstraat richting Oetgensstraat,Oetgensstraat richting Buurmanstraat,-1,2022-05-03,3960,17.0
Weesperzijde,52.354533,4.908556,Buurmanstraat richting Oetgensstraat,Oetgensstraat richting Buurmanstraat,1,2022-05-03,4226,15.2
Weesperzijde,52.354533,4.908556,Buurmanstraat richting Oetgensstraat,Oetgensstraat richting Buurmanstraat,-1,2022-05-04,4200,16.9
Weesperzijde,52.354533,4.908556,Buurmanstraat richting Oetgensstraat,Oetgensstraat richting Buurmanstraat,1,2022-05-04,4686,15.09
Weesperzijde,52.354533,4.908556,Buurmanstraat richting Oetgensstraat,Oetgensstraat richting Buurmanstraat,-1,2022-05-05,4173,16.93
Weesperzijde,52.354533,4.908556,Buurmanstraat richting Oetgensstraat,Oetgensstraat richting Buurmanstraat,1,2022-05-05,4479,14.81
Weesperzijde,52.354533,4.908556,Buurmanstraat richting Oetgensstraat,Oetgensstraat richting Buurmanstraat,-1,2022-05-06,4698,16.71
Weesperzijde,52.354533,4.908556,Buurmanstraat richting Oetgensstraat,Oetgensstraat richting Buurmanstraat,1,2022-05-06,5317,14.71
Weesperzijde,52.354533,4.908556,Buurmanstraat richting Oetgensstraat,Oetgensstraat richting Buurmanstraat,-1,2022-05-07,4014,15.99
Weesperzijde,52.354533,4.908556,Buurmanstraat richting Oetgensstraat,Oetgensstraat richting Buurmanstraat,1,2022-05-07,4562,14.56
Weesperzijde,52.354533,4.908556,Buurmanstraat richting Oetgensstraat,Oetgensstraat richting Buurmanstraat,-1,2022-05-08,3623,15.96
Weesperzijde,52.354533,4.908556,Buurmanstraat richting Oetgensstraat,Oetgensstraat richting Buurmanstraat,1,2022-05-08,4580,14.38
Weesperzijde,52.354533,4.908556,Buurmanstraat richting Oetgensstraat,Oetgensstraat richting Buurmanstraat,-1,2022-05-09,5277,17.07
Weesperzijde,52.354533,4.908556,Buurmanstraat richting Oetgensstraat,Oetgensstraat richting Buurmanstraat,1,2022-05-09,5762,14.6
Weesperzijde,52.354533,4.908556,Buurmanstraat richting Oetgensstraat,Oetgensstraat richting Buurmanstraat,-1,2022-05-10,4918,17.11
Weesperzijde,52.354533,4.908556,Buurmanstraat richting Oetgensstraat,Oetgensstraat richting Buurmanstraat,1,2022-05-10,5538,14.77
Weesperzijde,52.354533,4.908556,Buurmanstraat richting Oetgensstraat,Oetgensstraat richting Buurmanstraat,-1,2022-05-11,5146,16.69
Weesperzijde,52.354533,4.908556,Buurmanstraat richting Oetgensstraat,Oetgensstraat richting Buurmanstraat,1,2022-05-11,5808,14.8
Weesperzijde,52.354533,4.908556,Buurmanstraat richting Oetgensstraat,Oetgensstraat richting Buurmanstraat,-1,2022-05-12,5486,16.68
Weesperzijde,52.354533,4.908556,Buurmanstraat richting Oetgensstraat,Oetgensstraat richting Buurmanstraat,1,2022-05-12,6049,14.87
Weesperzijde,52.354533,4.908556,Buurmanstraat richting Oetgensstraat,Oetgensstraat richting Buurmanstraat,-1,2022-05-13,4985,16.57
Weesperzijde,52.354533,4.908556,Buurmanstraat richting Oetgensstraat,Oetgensstraat richting Buurmanstraat,1,2022-05-13,5814,14.63
Weesperzijde,52.354533,4.908556,Buurmanstraat richting Oetgensstraat,Oetgensstraat richting Buurmanstraat,-1,2022-05-14,5155,16.06
Weesperzijde,52.354533,4.908556,Buurmanstraat richting Oetgensstraat,Oetgensstraat richting Buurmanstraat,1,2022-05-14,6104,14.39
Weesperzijde,52.354533,4.908556,Buurmanstraat richting Oetgensstraat,Oetgensstraat richting Buurmanstraat,-1,2022-05-15,4518,15.87
Weesperzijde,52.354533,4.908556,Buurmanstraat richting Oetgensstraat,Oetgensstraat richting Buurmanstraat,1,2022-05-15,5270,14.23
Weesperzijde,52.354533,4.908556,Buurmanstraat richting Oetgensstraat,Oetgensstraat richting Buurmanstraat,-1,2022-05-16,4712,16.86
Weesperzijde,52.354533,4.908556,Buurmanstraat richting Oetgensstraat,Oetgensstraat richting Buurmanstraat,1,2022-05-16,5173,14.68
Weesperzijde,52.354533,4.908556,Buurmanstraat richting Oetgensstraat,Oetgensstraat richting Buurmanstraat,-1,2022-05-17,5607,17.12
Weesperzijde,52.354533,4.908556,Buurmanstraat richting Oetgensstraat,Oetgensstraat richting Buurmanstraat,1,2022-05-17,6132,14.8
Weesperzijde,52.354533,4.908556,Buurmanstraat richting Oetgensstraat,Oetgensstraat richting Buurmanstraat,-1,2022-05-18,5823,16.92
Weesperzijde,52.354533,4.908556,Buurmanstraat richting Oetgensstraat,Oetgensstraat richting Buurmanstraat,1,2022-05-18,6475,14.79
Weesperzijde,52.354533,4.908556,Buurmanstraat richting Oetgensstraat,Oetgensstraat richting Buurmanstraat,-1,2022-05-19,5075,16.67
Weesperzijde,52.354533,4.908556,Buurmanstraat richting Oetgensstraat,Oetgensstraat richting Buurmanstraat,1,2022-05-19,5518,14.6
Weesperzijde,52.354533,4.908556,Buurmanstraat richting Oetgensstraat,Oetgensstraat richting Buurmanstraat,-1,2022-05-20,4805,16.56
Weesperzijde,52.354533,4.908556,Buurmanstraat richting Oetgensstraat,Oetgensstraat richting Buurmanstraat,1,2022-05-20,5381,14.44
Weesperzijde,52.354533,4.908556,Buurmanstraat richting Oetgensstraat,Oetgensstraat richting Buurmanstraat,-1,2022-05-21,4691,15.94
Weesperzijde,52.354533,4.908556,Buurmanstraat richting Oetgensstraat,Oetgensstraat richting Buurmanstraat,1,2022-05-21,5687,14.49
Weesperzijde,52.354533,4.908556,Buurmanstraat richting Oetgensstraat,Oetgensstraat richting Buurmanstraat,-1,2022-05-22,4508,16.38
Weesperzijde,52.354533,4.908556,Buurmanstraat richting Oetgensstraat,Oetgensstraat richting Buurmanstraat,1,2022-05-22,5607,14.0
Weesperzijde,52.354533,4.908556,Buurmanstraat richting Oetgensstraat,Oetgensstraat richting Buurmanstraat,-1,2022-05-23,4489,16.79
Weesperzijde,52.354533,4.908556,Buurmanstraat richting Oetgensstraat,Oetgensstraat richting Buurmanstraat,1,2022-05-23,5044,14.81
Weesperzijde,52.354533,4.908556,Buurmanstraat richting Oetgensstraat,Oetgensstraat richting Buurmanstraat,-1,2022-05-24,4995,16.66
Weesperzijde,52.354533,4.908556,Buurmanstraat richting Oetgensstraat,Oetgensstraat richting Buurmanstraat,1,2022-05-24,5530,14.85
Weesperzijde,52.354533,4.908556,Buurmanstraat richting Oetgensstraat,Oetgensstraat richting Buurmanstraat,-1,2022-05-25,4757,16.99
Weesperzijde,52.354533,4.908556,Buurmanstraat richting Oetgensstraat,Oetgensstraat richting Buurmanstraat,1,2022-05-25,5407,14.59
Weesperzijde,52.354533,4.908556,Buurmanstraat richting Oetgensstraat,Oetgensstraat richting Buurmanstraat,-1,2022-05-26,4019,15.97
Weesperzijde,52.354533,4.908556,Buurmanstraat richting Oetgensstraat,Oetgensstraat richting Buurmanstraat,1,2022-05-26,4998,14.38
Weesperzijde,52.354533,4.908556,Buurmanstraat richting Oetgensstraat,Oetgensstraat richting Buurmanstraat,-1,2022-05-27,4424,16.11
Weesperzijde,52.354533,4.908556,Buurmanstraat richting Oetgensstraat,Oetgensstraat richting Buurmanstraat,1,2022-05-27,5367,15.0
Weesperzijde,52.354533,4.908556,Buurmanstraat richting Oetgensstraat,Oetgensstraat richting Buurmanstraat,-1,2022-05-28,4144,15.83
Weesperzijde,52.354533,4.908556,Buurmanstraat richting Oetgensstraat,Oetgensstraat richting Buurmanstraat,1,2022-05-28,5201,14.86
Weesperzijde,52.354533,4.908556,Buurmanstraat richting Oetgensstraat,Oetgensstraat richting Buurmanstraat,-1,2022-05-29,2964,16.02
Weesperzijde,52.354533,4.908556,Buurmanstraat richting Oetgensstraat,Oetgensstraat richting Buurmanstraat,1,2022-05-29,3682,14.99
Weesperzijde,52.354533,4.908556,Buurmanstraat richting Oetgensstraat,Oetgensstraat richting Buurmanstraat,-1,2022-05-30,4575,16.96
Weesperzijde,52.354533,4.908556,Buurmanstraat richting Oetgensstraat,Oetgensstraat richting Buurmanstraat,1,2022-05-30,5053,14.97
Weesperzijde,52.354533,4.908556,Buurmanstraat richting Oetgensstraat,Oetgensstraat richting Buurmanstraat,-1,2022-05-31,4778,17.42
Weesperzijde,52.354533,4.908556,Buurmanstraat richting Oetgensstraat,Oetgensstraat richting Buurmanstraat,1,2022-05-31,5774,14.8
Weesperzijde,52.354533,4.908556,Buurmanstraat richting Oetgensstraat,Oetgensstraat richting Buurmanstraat,-1,2022-06-01,4975,16.63
Weesperzijde,52.354533,4.908556,Buurmanstraat richting Oetgensstraat,Oetgensstraat richting Buurmanstraat,1,2022-06-01,5972,15.05
Weesperzijde,52.354533,4.908556,Buurmanstraat richting Oetgensstraat,Oetgensstraat richting Buurmanstraat,-1,2022-06-02,5860,17.0
Weesperzijde,52.354533,4.908556,Buurmanstraat richting Oetgensstraat,Oetgensstraat richting Buurmanstraat,1,2022-06-02,6884,14.86
Weesperzijde,52.354533,4.908556,Buurmanstraat richting Oetgensstraat,Oetgensstraat richting Buurmanstraat,-1,2022-06-03,5989,16.39
Weesperzijde,52.354533,4.908556,Buurmanstraat richting Oetgensstraat,Oetgensstraat richting Buurmanstraat,1,2022-06-03,7225,14.56
Weesperzijde,52.354533,4.908556,Buurmanstraat richting Oetgensstraat,Oetgensstraat richting Buurmanstraat,-1,2022-06-04,4425,15.73
Weesperzijde,52.354533,4.908556,Buurmanstraat richting Oetgensstraat,Oetgensstraat richting Buurmanstraat,1,2022-06-04,5516,14.26
Weesperzijde,52.354533,4.908556,Buurmanstraat richting Oetgensstraat,Oetgensstraat richting Buurmanstraat,-1,2022-06-05,2493,16.28
Weesperzijde,52.354533,4.908556,Buurmanstraat richting Oetgensstraat,Oetgensstraat richting Buurmanstraat,1,2022-06-05,3235,14.54
Weesperzijde,52.354533,4.908556,Buurmanstraat richting Oetgensstraat,Oetgensstraat richting Buurmanstraat,-1,2022-06-06,2146,16.19
Weesperzijde,52.354533,4.908556,Buurmanstraat richting Oetgensstraat,Oetgensstraat richting Buurmanstraat,1,2022-06-06,2638,14.44
Weesperzijde,52.354533,4.908556,Buurmanstraat richting Oetgensstraat,Oetgensstraat richting Buurmanstraat,-1,2022-06-07,5120,16.65
Weesperzijde,52.354533,4.908556,Buurmanstraat richting Oetgensstraat,Oetgensstraat richting Buurmanstraat,1,2022-06-07,6213,14.89
Weesperzijde,52.354533,4.908556,Buurmanstraat richting Oetgensstraat,Oetgensstraat richting Buurmanstraat,-1,2022-06-08,4901,16.93
Weesperzijde,52.354533,4.908556,Buurmanstraat richting Oetgensstraat,Oetgensstraat richting Buurmanstraat,1,2022-06-08,5798,14.61
Weesperzijde,52.354533,4.908556,Buurmanstraat richting Oetgensstraat,Oetgensstraat richting Buurmanstraat,-1,2022-06-09,5776,16.67
Weesperzijde,52.354533,4.908556,Buurmanstraat richting Oetgensstraat,Oetgensstraat richting Buurmanstraat,1,2022-06-09,6987,14.81
Weesperzijde,52.354533,4.908556,Buurmanstraat richting Oetgensstraat,Oetgensstraat richting Buurmanstraat,-1,2022-06-10,5400,16.66
Weesperzijde,52.354533,4.908556,Buurmanstraat richting Oetgensstraat,Oetgensstraat richting Buurmanstraat,1,2022-06-10,6452,14.34
Weesperzijde,52.354533,4.908556,Buurmanstraat richting Oetgensstraat,Oetgensstraat richting Buurmanstraat,-1,2022-06-11,5427,16.06
Weesperzijde,52.354533,4.908556,Buurmanstraat richting Oetgensstraat,Oetgensstraat richting Buurmanstraat,1,2022-06-11,6747,14.2
Weesperzijde,52.354533,4.908556,Buurmanstraat richting Oetgensstraat,Oetgensstraat richting Buurmanstraat,-1,2022-06-12,4442,15.73
Weesperzijde,52.354533,4.908556,Buurmanstraat richting Oetgensstraat,Oetgensstraat richting Buurmanstraat,1,2022-06-12,5562,14.33
Weesperzijde,52.354533,4.908556,Buurmanstraat richting Oetgensstraat,Oetgensstraat richting Buurmanstraat,-1,2022-06-13,4966,16.39
Weesperzijde,52.354533,4.908556,Buurmanstraat richting Oetgensstraat,Oetgensstraat richting Buurmanstraat,1,2022-06-13,5754,15.14
Weesperzijde,52.354533,4.908556,Buurmanstraat richting Oetgensstraat,Oetgensstraat richting Buurmanstraat,-1,2022-06-14,5496,17.09
Weesperzijde,52.354533,4.908556,Buurmanstraat richting Oetgensstraat,Oetgensstraat richting Buurmanstraat,1,2022-06-14,6411,14.85
Weesperzijde,52.354533,4.908556,Buurmanstraat richting Oetgensstraat,Oetgensstraat richting Buurmanstraat,-1,2022-06-15,6183,16.58
Weesperzijde,52.354533,4.908556,Buurmanstraat richting Oetgensstraat,Oetgensstraat richting Buurmanstraat,1,2022-06-15,7218,14.62
Weesperzijde,52.354533,4.908556,Buurmanstraat richting Oetgensstraat,Oetgensstraat richting Buurmanstraat,-1,2022-06-16,6453,16.94
Weesperzijde,52.354533,4.908556,Buurmanstraat richting Oetgensstraat,Oetgensstraat richting Buurmanstraat,1,2022-06-16,7781,14.46
Weesperzijde,52.354533,4.908556,Buurmanstraat richting Oetgensstraat,Oetgensstraat richting Buurmanstraat,-1,2022-06-17,6703,16.56
Weesperzijde,52.354533,4.908556,Buurmanstraat richting Oetgensstraat,Oetgensstraat richting Buurmanstraat,1,2022-06-17,7871,13.97
Weesperzijde,52.354533,4.908556,Buurmanstraat richting Oetgensstraat,Oetgensstraat richting Buurmanstraat,-1,2022-06-18,5976,15.8
Weesperzijde,52.354533,4.908556,Buurmanstraat richting Oetgensstraat,Oetgensstraat richting Buurmanstraat,1,2022-06-18,7039,14.21
Weesperzijde,52.354533,4.908556,Buurmanstraat richting Oetgensstraat,Oetgensstraat richting Buurmanstraat,-1,2022-06-19,3964,15.88
Weesperzijde,52.354533,4.908556,Buurmanstraat richting Oetgensstraat,Oetgensstraat richting Buurmanstraat,1,2022-06-19,4269,14.81
Weesperzijde,52.354533,4.908556,Buurmanstraat richting Oetgensstraat,Oetgensstraat richting Buurmanstraat,-1,2022-06-20,4873,16.41
Weesperzijde,52.354533,4.908556,Buurmanstraat richting Oetgensstraat,Oetgensstraat richting Buurmanstraat,1,2022-06-20,5713,14.91
Weesperzijde,52.354533,4.908556,Buurmanstraat richting Oetgensstraat,Oetgensstraat richting Buurmanstraat,-1,2022-06-21,5410,16.95
Weesperzijde,52.354533,4.908556,Buurmanstraat richting Oetgensstraat,Oetgensstraat richting Buurmanstraat,1,2022-06-21,6443,14.63
Weesperzijde,52.354533,4.908556,Buurmanstraat richting Oetgensstraat,Oetgensstraat richting Buurmanstraat,-1,2022-06-22,6085,16.64
Weesperzijde,52.354533,4.908556,Buurmanstraat richting Oetgensstraat,Oetgensstraat richting Buurmanstraat,1,2022-06-22,7702,14.6
Weesperzijde,52.354533,4.908556,Buurmanstraat richting Oetgensstraat,Oetgensstraat richting Buurmanstraat,-1,2022-06-23,6177,16.67
Weesperzijde,52.354533,4.908556,Buurmanstraat richting Oetgensstraat,Oetgensstraat richting Buurmanstraat,1,2022-06-23,8331,14.46
Weesperzijde,52.354533,4.908556,Buurmanstraat richting Oetgensstraat,Oetgensstraat richting Buurmanstraat,-1,2022-06-24,4610,16.54
Weesperzijde,52.354533,4.908556,Buurmanstraat richting Oetgensstraat,Oetgensstraat richting Buurmanstraat,1,2022-06-24,5770,14.35
Weesperzijde,52.354533,4.908556,Buurmanstraat richting Oetgensstraat,Oetgensstraat richting Buurmanstraat,-1,2022-06-25,4143,16.29
Weesperzijde,52.354533,4.908556,Buurmanstraat richting Oetgensstraat,Oetgensstraat richting Buurmanstraat,1,2022-06-25,5364,14.15
Weesperzijde,52.354533,4.908556,Buurmanstraat richting Oetgensstraat,Oetgensstraat richting Buurmanstraat,-1,2022-06-26,3702,16.33
Weesperzijde,52.354533,4.908556,Buurmanstraat richting Oetgensstraat,Oetgensstraat richting Buurmanstraat,1,2022-06-26,5385,13.71
Weesperzijde,52.354533,4.908556,Buurmanstraat richting Oetgensstraat,Oetgensstraat richting Buurmanstraat,-1,2022-06-27,4399,16.81
Weesperzijde,52.354533,4.908556,Buurmanstraat richting Oetgensstraat,Oetgensstraat richting Buurmanstraat,1,2022-06-27,5399,14.54
Weesperzijde,52.354533,4.908556,Buurmanstraat richting Oetgensstraat,Oetgensstraat richting Buurmanstraat,-1,2022-06-28,5646,17.0
Weesperzijde,52.354533,4.908556,Buurmanstraat richting Oetgensstraat,Oetgensstraat richting Buurmanstraat,1,2022-06-28,6881,14.4
Weesperzijde,52.354533,4.908556,Buurmanstraat richting Oetgensstraat,Oetgensstraat richting Buurmanstraat,-1,2022-06-29,6028,16.45
Weesperzijde,52.354533,4.908556,Buurmanstraat richting Oetgensstraat,Oetgensstraat richting Buurmanstraat,1,2022-06-29,7911,14.29
Weesperzijde,52.354533,4.908556,Buurmanstraat richting Oetgensstraat,Oetgensstraat richting Buurmanstraat,-1,2022-06-30,4931,16.55
Weesperzijde,52.354533,4.908556,Buurmanstraat richting Oetgensstraat,Oetgensstraat richting Buurmanstraat,1,2022-06-30,6006,15.12
Weesperzijde,52.354533,4.908556,Buurmanstraat richting Oetgensstraat,Oetgensstraat richting Buurmanstraat,-1,2022-07-01,4792,16.61
Weesperzijde,52.354533,4.908556,Buurmanstraat richting Oetgensstraat,Oetgensstraat richting Buurmanstraat,1,2022-07-01,5862,14.26
Weesperzijde,52.354533,4.908556,Buurmanstraat richting Oetgensstraat,Oetgensstraat richting Buurmanstraat,-1,2022-07-02,4193,16.29
Weesperzijde,52.354533,4.908556,Buurmanstraat richting Oetgensstraat,Oetgensstraat richting Buurmanstraat,1,2022-07-02,5768,13.98
Weesperzijde,52.354533,4.908556,Buurmanstraat richting Oetgensstraat,Oetgensstraat richting Buurmanstraat,-1,2022-07-03,3263,15.91
Weesperzijde,52.354533,4.908556,Buurmanstraat richting Oetgensstraat,Oetgensstraat richting Buurmanstraat,1,2022-07-03,4215,14.4
Weesperzijde,52.354533,4.908556,Buurmanstraat richting Oetgensstraat,Oetgensstraat richting Buurmanstraat,-1,2022-07-04,4878,16.27
Weesperzijde,52.354533,4.908556,Buurmanstraat richting Oetgensstraat,Oetgensstraat richting Buurmanstraat,1,2022-07-04,5766,14.6
Weesperzijde,52.354533,4.908556,Buurmanstraat richting Oetgensstraat,Oetgensstraat richting Buurmanstraat,-1,2022-07-05,4836,16.48
Weesperzijde,52.354533,4.908556,Buurmanstraat richting Oetgensstraat,Oetgensstraat richting Buurmanstraat,1,2022-07-05,5844,15.02
Weesperzijde,52.354533,4.908556,Buurmanstraat richting Oetgensstraat,Oetgensstraat richting Buurmanstraat,-1,2022-07-06,4680,16.48
Weesperzijde,52.354533,4.908556,Buurmanstraat richting Oetgensstraat,Oetgensstraat richting Buurmanstraat,1,2022-07-06,5784,14.81
Weesperzijde,52.354533,4.908556,Buurmanstraat richting Oetgensstraat,Oetgensstraat richting Buurmanstraat,-1,2022-07-07,4513,16.28
Weesperzijde,52.354533,4.908556,Buurmanstraat richting Oetgensstraat,Oetgensstraat richting Buurmanstraat,1,2022-07-07,5349,15.3
Weesperzijde,52.354533,4.908556,Buurmanstraat richting Oetgensstraat,Oetgensstraat richting Buurmanstraat,-1,2022-07-08,5112,16.16
Weesperzijde,52.354533,4.908556,Buurmanstraat richting Oetgensstraat,Oetgensstraat richting Buurmanstraat,1,2022-07-08,6408,14.57
Weesperzijde,52.354533,4.908556,Buurmanstraat richting Oetgensstraat,Oetgensstraat richting Buurmanstraat,-1,2022-07-09,4066,15.67
Weesperzijde,52.354533,4.908556,Buurmanstraat richting Oetgensstraat,Oetgensstraat richting Buurmanstraat,1,2022-07-09,5224,14.64
Weesperzijde,52.354533,4.908556,Buurmanstraat richting Oetgensstraat,Oetgensstraat richting Buurmanstraat,-1,2022-07-10,3245,15.64
Weesperzijde,52.354533,4.908556,Buurmanstraat richting Oetgensstraat,Oetgensstraat richting Buurmanstraat,1,2022-07-10,4489,14.57
Weesperzijde,52.354533,4.908556,Buurmanstraat richting Oetgensstraat,Oetgensstraat richting Buurmanstraat,-1,2022-07-11,4555,16.75
Weesperzijde,52.354533,4.908556,Buurmanstraat richting Oetgensstraat,Oetgensstraat richting Buurmanstraat,1,2022-07-11,5545,14.74
Weesperzijde,52.354533,4.908556,Buurmanstraat richting Oetgensstraat,Oetgensstraat richting Buurmanstraat,-1,2022-07-12,5235,16.76
Weesperzijde,52.354533,4.908556,Buurmanstraat richting Oetgensstraat,Oetgensstraat richting Buurmanstraat,1,2022-07-12,6676,14.35
Weesperzijde,52.354533,4.908556,Buurmanstraat richting Oetgensstraat,Oetgensstraat richting Buurmanstraat,-1,2022-07-13,5268,16.35
Weesperzijde,52.354533,4.908556,Buurmanstraat richting Oetgensstraat,Oetgensstraat richting Buurmanstraat,1,2022-07-13,6667,14.78
Weesperzijde,52.354533,4.908556,Buurmanstraat richting Oetgensstraat,Oetgensstraat richting Buurmanstraat,-1,2022-07-14,5256,16.42
Weesperzijde,52.354533,4.908556,Buurmanstraat richting Oetgensstraat,Oetgensstraat richting Buurmanstraat,1,2022-07-14,6587,14.95
Weesperzijde,52.354533,4.908556,Buurmanstraat richting Oetgensstraat,Oetgensstraat richting Buurmanstraat,-1,2022-07-15,4823,16.37
Weesperzijde,52.354533,4.908556,Buurmanstraat richting Oetgensstraat,Oetgensstraat richting Buurmanstraat,1,2022-07-15,5964,14.94
Weesperzijde,52.354533,4.908556,Buurmanstraat richting Oetgensstraat,Oetgensstraat richting Buurmanstraat,-1,2022-07-16,4571,15.58
Weesperzijde,52.354533,4.908556,Buurmanstraat richting Oetgensstraat,Oetgensstraat richting Buurmanstraat,1,2022-07-16,5904,14.41
Weesperzijde,52.354533,4.908556,Buurmanstraat richting Oetgensstraat,Oetgensstraat richting Buurmanstraat,-1,2022-07-17,3822,15.92
Weesperzijde,52.354533,4.908556,Buurmanstraat richting Oetgensstraat,Oetgensstraat richting Buurmanstraat,1,2022-07-17,5179,13.97
Weesperzijde,52.354533,4.908556,Buurmanstraat richting Oetgensstraat,Oetgensstraat richting Buurmanstraat,-1,2022-07-18,4517,16.68
Weesperzijde,52.354533,4.908556,Buurmanstraat richting Oetgensstraat,Oetgensstraat richting Buurmanstraat,1,2022-07-18,5966,14.19
Weesperzijde,52.354533,4.908556,Buurmanstraat richting Oetgensstraat,Oetgensstraat richting Buurmanstraat,-1,2022-07-19,4961,16.25
Weesperzijde,52.354533,4.908556,Buurmanstraat richting Oetgensstraat,Oetgensstraat richting Buurmanstraat,1,2022-07-19,6596,14.16
Weesperzijde,52.354533,4.908556,Buurmanstraat richting Oetgensstraat,Oetgensstraat richting Buurmanstraat,-1,2022-07-20,4167,16.5
Weesperzijde,52.354533,4.908556,Buurmanstraat richting Oetgensstraat,Oetgensstraat richting Buurmanstraat,1,2022-07-20,5473,14.48
Weesperzijde,52.354533,4.908556,Buurmanstraat richting Oetgensstraat,Oetgensstraat richting Buurmanstraat,-1,2022-07-21,3041,16.61
Weesperzijde,52.354533,4.908556,Buurmanstraat richting Oetgensstraat,Oetgensstraat richting Buurmanstraat,1,2022-07-21,3687,15.15
Weesperzijde,52.354533,4.908556,Buurmanstraat richting Oetgensstraat,Oetgensstraat richting Buurmanstraat,-1,2022-07-22,4046,16.23
Weesperzijde,52.354533,4.908556,Buurmanstraat richting Oetgensstraat,Oetgensstraat richting Buurmanstraat,1,2022-07-22,4957,14.82
Weesperzijde,52.354533,4.908556,Buurmanstraat richting Oetgensstraat,Oetgensstraat richting Buurmanstraat,-1,2022-07-23,3846,16.11
Weesperzijde,52.354533,4.908556,Buurmanstraat richting Oetgensstraat,Oetgensstraat richting Buurmanstraat,1,2022-07-23,5232,14.14
Weesperzijde,52.354533,4.908556,Buurmanstraat richting Oetgensstraat,Oetgensstraat richting Buurmanstraat,-1,2022-07-24,3526,15.78
Weesperzijde,52.354533,4.908556,Buurmanstraat richting Oetgensstraat,Oetgensstraat richting Buurmanstraat,1,2022-07-24,5215,13.69
Weesperzijde,52.354533,4.908556,Buurmanstraat richting Oetgensstraat,Oetgensstraat richting Buurmanstraat,-1,2022-07-25,3324,16.33
Weesperzijde,52.354533,4.908556,Buurmanstraat richting Oetgensstraat,Oetgensstraat richting Buurmanstraat,1,2022-07-25,4203,14.64
Weesperzijde,52.354533,4.908556,Buurmanstraat richting Oetgensstraat,Oetgensstraat richting Buurmanstraat,-1,2022-07-26,3758,16.41
Weesperzijde,52.354533,4.908556,Buurmanstraat richting Oetgensstraat,Oetgensstraat richting Buurmanstraat,1,2022-07-26,4628,15.12
Weesperzijde,52.354533,4.908556,Buurmanstraat richting Oetgensstraat,Oetgensstraat richting Buurmanstraat,-1,2022-07-27,3899,16.32
Weesperzijde,52.354533,4.908556,Buurmanstraat richting Oetgensstraat,Oetgensstraat richting Buurmanstraat,1,2022-07-27,4925,14.83
Weesperzijde,52.354533,4.908556,Buurmanstraat richting Oetgensstraat,Oetgensstraat richting Buurmanstraat,-1,2022-07-28,3919,16.75
Weesperzijde,52.354533,4.908556,Buurmanstraat richting Oetgensstraat,Oetgensstraat richting Buurmanstraat,1,2022-07-28,4948,14.69
Weesperzijde,52.354533,4.908556,Buurmanstraat richting Oetgensstraat,Oetgensstraat richting Buurmanstraat,-1,2022-07-29,4195,16.39
Weesperzijde,52.354533,4.908556,Buurmanstraat richting Oetgensstraat,Oetgensstraat richting Buurmanstraat,1,2022-07-29,5379,14.39
Weesperzijde,52.354533,4.908556,Buurmanstraat richting Oetgensstraat,Oetgensstraat richting Buurmanstraat,-1,2022-07-30,3538,15.95
Weesperzijde,52.354533,4.908556,Buurmanstraat richting Oetgensstraat,Oetgensstraat richting Buurmanstraat,1,2022-07-30,4759,14.27
Weesperzijde,52.354533,4.908556,Buurmanstraat richting Oetgensstraat,Oetgensstraat richting Buurmanstraat,-1,2022-07-31,1898,16.11
Weesperzijde,52.354533,4.908556,Buurmanstraat richting Oetgensstraat,Oetgensstraat richting Buurmanstraat,1,2022-07-31,2642,14.12
Weesperzijde,52.354533,4.908556,Buurmanstraat richting Oetgensstraat,Oetgensstraat richting Buurmanstraat,-1,2022-08-01,3592,16.59
Weesperzijde,52.354533,4.908556,Buurmanstraat richting Oetgensstraat,Oetgensstraat richting Buurmanstraat,1,2022-08-01,4425,14.58
Weesperzijde,52.354533,4.908556,Buurmanstraat richting Oetgensstraat,Oetgensstraat richting Buurmanstraat,-1,2022-08-02,4222,16.49
Weesperzijde,52.354533,4.908556,Buurmanstraat richting Oetgensstraat,Oetgensstraat richting Buurmanstraat,1,2022-08-02,5459,14.14
Weesperzijde,52.354533,4.908556,Buurmanstraat richting Oetgensstraat,Oetgensstraat richting Buurmanstraat,-1,2022-08-03,4553,16.38
Weesperzijde,52.354533,4.908556,Buurmanstraat richting Oetgensstraat,Oetgensstraat richting Buurmanstraat,1,2022-08-03,5960,14.26
Weesperzijde,52.354533,4.908556,Buurmanstraat richting Oetgensstraat,Oetgensstraat richting Buurmanstraat,-1,2022-08-04,4668,16.25
Weesperzijde,52.354533,4.908556,Buurmanstraat richting Oetgensstraat,Oetgensstraat richting Buurmanstraat,1,2022-08-04,5590,14.86
Weesperzijde,52.354533,4.908556,Buurmanstraat richting Oetgensstraat,Oetgensstraat richting Buurmanstraat,-1,2022-08-05,4211,15.95
Weesperzijde,52.354533,4.908556,Buurmanstraat richting Oetgensstraat,Oetgensstraat richting Buurmanstraat,1,2022-08-05,4937,14.78
Weesperzijde,52.354533,4.908556,Buurmanstraat richting Oetgensstraat,Oetgensstraat richting Buurmanstraat,-1,2022-08-06,4640,15.7
Weesperzijde,52.354533,4.908556,Buurmanstraat richting Oetgensstraat,Oetgensstraat richting Buurmanstraat,1,2022-08-06,5061,14.11
Weesperzijde,52.354533,4.908556,Buurmanstraat richting Oetgensstraat,Oetgensstraat richting Buurmanstraat,-1,2022-08-07,3292,15.42
Weesperzijde,52.354533,4.908556,Buurmanstraat richting Oetgensstraat,Oetgensstraat richting Buurmanstraat,1,2022-08-07,4505,14.1
Weesperzijde,52.354533,4.908556,Buurmanstraat richting Oetgensstraat,Oetgensstraat richting Buurmanstraat,-1,2022-08-08,3631,16.32
Weesperzijde,52.354533,4.908556,Buurmanstraat richting Oetgensstraat,Oetgensstraat richting Buurmanstraat,1,2022-08-08,4437,14.68
Weesperzijde,52.354533,4.908556,Buurmanstraat richting Oetgensstraat,Oetgensstraat richting Buurmanstraat,-1,2022-08-09,4539,16.43
Weesperzijde,52.354533,4.908556,Buurmanstraat richting Oetgensstraat,Oetgensstraat richting Buurmanstraat,1,2022-08-09,5434,14.54
Weesperzijde,52.354533,4.908556,Buurmanstraat richting Oetgensstraat,Oetgensstraat richting Buurmanstraat,-1,2022-08-10,4595,15.95
Weesperzijde,52.354533,4.908556,Buurmanstraat richting Oetgensstraat,Oetgensstraat richting Buurmanstraat,1,2022-08-10,5859,14.44
Weesperzijde,52.354533,4.908556,Buurmanstraat richting Oetgensstraat,Oetgensstraat richting Buurmanstraat,-1,2022-08-11,5444,16.02
Weesperzijde,52.354533,4.908556,Buurmanstraat richting Oetgensstraat,Oetgensstraat richting Buurmanstraat,1,2022-08-11,6198,14.42
Weesperzijde,52.354533,4.908556,Buurmanstraat richting Oetgensstraat,Oetgensstraat richting Buurmanstraat,-1,2022-08-12,5089,15.79
Weesperzijde,52.354533,4.908556,Buurmanstraat richting Oetgensstraat,Oetgensstraat richting Buurmanstraat,1,2022-08-12,6010,14.29
Weesperzijde,52.354533,4.908556,Buurmanstraat richting Oetgensstraat,Oetgensstraat richting Buurmanstraat,-1,2022-08-13,4795,15.66
Weesperzijde,52.354533,4.908556,Buurmanstraat richting Oetgensstraat,Oetgensstraat richting Buurmanstraat,1,2022-08-13,5529,13.93
Weesperzijde,52.354533,4.908556,Buurmanstraat richting Oetgensstraat,Oetgensstraat richting Buurmanstraat,-1,2022-08-14,4947,15.52
Weesperzijde,52.354533,4.908556,Buurmanstraat richting Oetgensstraat,Oetgensstraat richting Buurmanstraat,1,2022-08-14,5273,13.89
Weesperzijde,52.354533,4.908556,Buurmanstraat richting Oetgensstraat,Oetgensstraat richting Buurmanstraat,-1,2022-08-15,4009,16.37
Weesperzijde,52.354533,4.908556,Buurmanstraat richting Oetgensstraat,Oetgensstraat richting Buurmanstraat,1,2022-08-15,4814,14.36
Weesperzijde,52.354533,4.908556,Buurmanstraat richting Oetgensstraat,Oetgensstraat richting Buurmanstraat,-1,2022-08-16,2104,16.64
Weesperzijde,52.354533,4.908556,Buurmanstraat richting Oetgensstraat,Oetgensstraat richting Buurmanstraat,1,2022-08-16,2540,14.57
Weesperzijde,52.354533,4.908556,Buurmanstraat richting Oetgensstraat,Oetgensstraat richting Buurmanstraat,-1,2022-08-17,0,
Weesperzijde,52.354533,4.908556,Buurmanstraat richting Oetgensstraat,Oetgensstraat richting Buurmanstraat,1,2022-08-17,0,
Weesperzijde,52.354533,4.908556,Buurmanstraat richting Oetgensstraat,Oetgensstraat richting Buurmanstraat,-1,2022-08-18,95,15.69
Weesperzijde,52.354533,4.908556,Buurmanstraat richting Oetgensstraat,Oetgensstraat richting Buurmanstraat,1,2022-08-18,159,14.36
Weesperzijde,52.354533,4.908556,Buurmanstraat richting Oetgensstraat,Oetgensstraat richting Buurmanstraat,-1,2022-08-19,4135,16.08
Weesperzijde,52.354533,4.908556,Buurmanstraat richting Oetgensstraat,Oetgensstraat richting Buurmanstraat,1,2022-08-19,5184,14.38
Weesperzijde,52.354533,4.908556,Buurmanstraat richting Oetgensstraat,Oetgensstraat richting Buurmanstraat,-1,2022-08-20,4049,15.49
Weesperzijde,52.354533,4.908556,Buurmanstraat richting Oetgensstraat,Oetgensstraat richting Buurmanstraat,1,2022-08-20,5221,13.96
Weesperzijde,52.354533,4.908556,Buurmanstraat richting Oetgensstraat,Oetgensstraat richting Buurmanstraat,-1,2022-08-21,3131,15.63
Weesperzijde,52.354533,4.908556,Buurmanstraat richting Oetgensstraat,Oetgensstraat richting Buurmanstraat,1,2022-08-21,4395,14.13
Weesperzijde,52.354533,4.908556,Buurmanstraat richting Oetgensstraat,Oetgensstraat richting Buurmanstraat,-1,2022-08-22,4140,16.67
Weesperzijde,52.354533,4.908556,Buurmanstraat richting Oetgensstraat,Oetgensstraat richting Buurmanstraat,1,2022-08-22,5136,14.38
Weesperzijde,52.354533,4.908556,Buurmanstraat richting Oetgensstraat,Oetgensstraat richting Buurmanstraat,-1,2022-08-23,4833,16.53
Weesperzijde,52.354533,4.908556,Buurmanstraat richting Oetgensstraat,Oetgensstraat richting Buurmanstraat,1,2022-08-23,6152,14.38
Weesperzijde,52.354533,4.908556,Buurmanstraat richting Oetgensstraat,Oetgensstraat richting Buurmanstraat,-1,2022-08-24,5147,16.27
Weesperzijde,52.354533,4.908556,Buurmanstraat richting Oetgensstraat,Oetgensstraat richting Buurmanstraat,1,2022-08-24,6375,14.26
Weesperzijde,52.354533,4.908556,Buurmanstraat richting Oetgensstraat,Oetgensstraat richting Buurmanstraat,-1,2022-08-25,5583,16.34
Weesperzijde,52.354533,4.908556,Buurmanstraat richting Oetgensstraat,Oetgensstraat richting Buurmanstraat,1,2022-08-25,7027,14.41
Weesperzijde,52.354533,4.908556,Buurmanstraat richting Oetgensstraat,Oetgensstraat richting Buurmanstraat,-1,2022-08-26,4675,16.1
Weesperzijde,52.354533,4.908556,Buurmanstraat richting Oetgensstraat,Oetgensstraat richting Buurmanstraat,1,2022-08-26,5601,14.82
Weesperzijde,52.354533,4.908556,Buurmanstraat richting Oetgensstraat,Oetgensstraat richting Buurmanstraat,-1,2022-08-27,4146,15.64
Weesperzijde,52.354533,4.908556,Buurmanstraat richting Oetgensstraat,Oetgensstraat richting Buurmanstraat,1,2022-08-27,5285,14.23
Weesperzijde,52.354533,4.908556,Buurmanstraat richting Oetgensstraat,Oetgensstraat richting Buurmanstraat,-1,2022-08-28,3644,15.57
Weesperzijde,52.354533,4.908556,Buurmanstraat richting Oetgensstraat,Oetgensstraat richting Buurmanstraat,1,2022-08-28,4676,14.16
Weesperzijde,52.354533,4.908556,Buurmanstraat richting Oetgensstraat,Oetgensstraat richting Buurmanstraat,-1,2022-08-29,4570,16.32
Weesperzijde,52.354533,4.908556,Buurmanstraat richting Oetgensstraat,Oetgensstraat richting Buurmanstraat,1,2022-08-29,5332,14.57
Weesperzijde,52.354533,4.908556,Buurmanstraat richting Oetgensstraat,Oetgensstraat richting Buurmanstraat,-1,2022-08-30,5227,16.35
Weesperzijde,52.354533,4.908556,Buurmanstraat richting Oetgensstraat,Oetgensstraat richting Buurmanstraat,1,2022-08-30,6407,14.53
Weesperzijde,52.354533,4.908556,Buurmanstraat richting Oetgensstraat,Oetgensstraat richting Buurmanstraat,-1,2022-08-31,5140,16.28
Weesperzijde,52.354533,4.908556,Buurmanstraat richting Oetgensstraat,Oetgensstraat richting Buurmanstraat,1,2022-08-31,6296,14.52
Weesperzijde,52.354533,4.908556,Buurmanstraat richting Oetgensstraat,Oetgensstraat richting Buurmanstraat,-1,2022-09-01,5738,16.58
Weesperzijde,52.354533,4.908556,Buurmanstraat richting Oetgensstraat,Oetgensstraat richting Buurmanstraat,1,2022-09-01,6801,14.5
Weesperzijde,52.354533,4.908556,Buurmanstraat richting Oetgensstraat,Oetgensstraat richting Buurmanstraat,-1,2022-09-02,5521,16.4
Weesperzijde,52.354533,4.908556,Buurmanstraat richting Oetgensstraat,Oetgensstraat richting Buurmanstraat,1,2022-09-02,6682,14.23
Weesperzijde,52.354533,4.908556,Buurmanstraat richting Oetgensstraat,Oetgensstraat richting Buurmanstraat,-1,2022-09-03,4889,15.9
Weesperzijde,52.354533,4.908556,Buurmanstraat richting Oetgensstraat,Oetgensstraat richting Buurmanstraat,1,2022-09-03,6164,13.98
Weesperzijde,52.354533,4.908556,Buurmanstraat richting Oetgensstraat,Oetgensstraat richting Buurmanstraat,-1,2022-09-04,3748,15.99
Weesperzijde,52.354533,4.908556,Buurmanstraat richting Oetgensstraat,Oetgensstraat richting Buurmanstraat,1,2022-09-04,5091,13.84
Weesperzijde,52.354533,4.908556,Buurmanstraat richting Oetgensstraat,Oetgensstraat richting Buurmanstraat,-1,2022-09-05,4982,16.79
Weesperzijde,52.354533,4.908556,Buurmanstraat richting Oetgensstraat,Oetgensstraat richting Buurmanstraat,1,2022-09-05,6131,14.39
Weesperzijde,52.354533,4.908556,Buurmanstraat richting Oetgensstraat,Oetgensstraat richting Buurmanstraat,-1,2022-09-06,5306,16.77
Weesperzijde,52.354533,4.908556,Buurmanstraat richting Oetgensstraat,Oetgensstraat richting Buurmanstraat,1,2022-09-06,6411,14.47
Weesperzijde,52.354533,4.908556,Buurmanstraat richting Oetgensstraat,Oetgensstraat richting Buurmanstraat,-1,2022-09-07,5542,16.76
Weesperzijde,52.354533,4.908556,Buurmanstraat richting Oetgensstraat,Oetgensstraat richting Buurmanstraat,1,2022-09-07,6664,14.42
Weesperzijde,52.354533,4.908556,Buurmanstraat richting Oetgensstraat,Oetgensstraat richting Buurmanstraat,-1,2022-09-08,4210,16.51
Weesperzijde,52.354533,4.908556,Buurmanstraat richting Oetgensstraat,Oetgensstraat richting Buurmanstraat,1,2022-09-08,5330,14.22
Weesperzijde,52.354533,4.908556,Buurmanstraat richting Oetgensstraat,Oetgensstraat richting Buurmanstraat,-1,2022-09-09,4137,17.0
Weesperzijde,52.354533,4.908556,Buurmanstraat richting Oetgensstraat,Oetgensstraat richting Buurmanstraat,1,2022-09-09,5163,14.05
Weesperzijde,52.354533,4.908556,Buurmanstraat richting Oetgensstraat,Oetgensstraat richting Buurmanstraat,-1,2022-09-10,4390,15.7
Weesperzijde,52.354533,4.908556,Buurmanstraat richting Oetgensstraat,Oetgensstraat richting Buurmanstraat,1,2022-09-10,5623,14.17
Weesperzijde,52.354533,4.908556,Buurmanstraat richting Oetgensstraat,Oetgensstraat richting Buurmanstraat,-1,2022-09-11,3818,15.88
Weesperzijde,52.354533,4.908556,Buurmanstraat richting Oetgensstraat,Oetgensstraat richting Buurmanstraat,1,2022-09-11,4777,14.04
Weesperzijde,52.354533,4.908556,Buurmanstraat richting Oetgensstraat,Oetgensstraat richting Buurmanstraat,-1,2022-09-12,4931,16.8
Weesperzijde,52.354533,4.908556,Buurmanstraat richting Oetgensstraat,Oetgensstraat richting Buurmanstraat,1,2022-09-12,6067,14.29
Weesperzijde,52.354533,4.908556,Buurmanstraat richting Oetgensstraat,Oetgensstraat richting Buurmanstraat,-1,2022-09-13,5101,16.55
Weesperzijde,52.354533,4.908556,Buurmanstraat richting Oetgensstraat,Oetgensstraat richting Buurmanstraat,1,2022-09-13,6290,14.77
Weesperzijde,52.354533,4.908556,Buurmanstraat richting Oetgensstraat,Oetgensstraat richting Buurmanstraat,-1,2022-09-14,4696,16.77
Weesperzijde,52.354533,4.908556,Buurmanstraat richting Oetgensstraat,Oetgensstraat richting Buurmanstraat,1,2022-09-14,6106,14.53
Weesperzijde,52.354533,4.908556,Buurmanstraat richting Oetgensstraat,Oetgensstraat richting Buurmanstraat,-1,2022-09-15,4724,16.35
Weesperzijde,52.354533,4.908556,Buurmanstraat richting Oetgensstraat,Oetgensstraat richting Buurmanstraat,1,2022-09-15,5926,14.87
Weesperzijde,52.354533,4.908556,Buurmanstraat richting Oetgensstraat,Oetgensstraat richting Buurmanstraat,-1,2022-09-16,4018,15.62
Weesperzijde,52.354533,4.908556,Buurmanstraat richting Oetgensstraat,Oetgensstraat richting Buurmanstraat,1,2022-09-16,4746,14.21
Weesperzijde,52.354533,4.908556,Buurmanstraat richting Oetgensstraat,Oetgensstraat richting Buurmanstraat,-1,2022-09-17,3376,15.46
Weesperzijde,52.354533,4.908556,Buurmanstraat richting Oetgensstraat,Oetgensstraat richting Buurmanstraat,1,2022-09-17,4413,14.46
Weesperzijde,52.354533,4.908556,Buurmanstraat richting Oetgensstraat,Oetgensstraat richting Buurmanstraat,-1,2022-09-18,2120,15.29
Weesperzijde,52.354533,4.908556,Buurmanstraat richting Oetgensstraat,Oetgensstraat richting Buurmanstraat,1,2022-09-18,2860,14.03
Weesperzijde,52.354533,4.908556,Buurmanstraat richting Oetgensstraat,Oetgensstraat richting Buurmanstraat,-1,2022-09-19,3989,15.97
Weesperzijde,52.354533,4.908556,Buurmanstraat richting Oetgensstraat,Oetgensstraat richting Buurmanstraat,1,2022-09-19,4792,14.74
Weesperzijde,52.354533,4.908556,Buurmanstraat richting Oetgensstraat,Oetgensstraat richting Buurmanstraat,-1,2022-09-20,4543,16.76
Weesperzijde,52.354533,4.908556,Buurmanstraat richting Oetgensstraat,Oetgensstraat richting Buurmanstraat,1,2022-09-20,5449,14.86
Weesperzijde,52.354533,4.908556,Buurmanstraat richting Oetgensstraat,Oetgensstraat richting Buurmanstraat,-1,2022-09-21,4769,17.0
Weesperzijde,52.354533,4.908556,Buurmanstraat richting Oetgensstraat,Oetgensstraat richting Buurmanstraat,1,2022-09-21,5854,14.66
Weesperzijde,52.354533,4.908556,Buurmanstraat richting Oetgensstraat,Oetgensstraat richting Buurmanstraat,-1,2022-09-22,5214,16.98
Weesperzijde,52.354533,4.908556,Buurmanstraat richting Oetgensstraat,Oetgensstraat richting Buurmanstraat,1,2022-09-22,6197,14.36
Weesperzijde,52.354533,4.908556,Buurmanstraat richting Oetgensstraat,Oetgensstraat richting Buurmanstraat,-1,2022-09-23,4315,16.88
Weesperzijde,52.354533,4.908556,Buurmanstraat richting Oetgensstraat,Oetgensstraat richting Buurmanstraat,1,2022-09-23,5111,14.46
Weesperzijde,52.354533,4.908556,Buurmanstraat richting Oetgensstraat,Oetgensstraat richting Buurmanstraat,-1,2022-09-24,4321,13.8
Weesperzijde,52.354533,4.908556,Buurmanstraat richting Oetgensstraat,Oetgensstraat richting Buurmanstraat,1,2022-09-24,4908,12.83
Weesperzijde,52.354533,4.908556,Buurmanstraat richting Oetgensstraat,Oetgensstraat richting Buurmanstraat,-1,2022-09-25,3512,15.36
Weesperzijde,52.354533,4.908556,Buurmanstraat richting Oetgensstraat,Oetgensstraat richting Buurmanstraat,1,2022-09-25,4414,14.18
Weesperzijde,52.354533,4.908556,Buurmanstraat richting Oetgensstraat,Oetgensstraat richting Buurmanstraat,-1,2022-09-26,3589,16.11
Weesperzijde,52.354533,4.908556,Buurmanstraat richting Oetgensstraat,Oetgensstraat richting Buurmanstraat,1,2022-09-26,4283,14.17
Weesperzijde,52.354533,4.908556,Buurmanstraat richting Oetgensstraat,Oetgensstraat richting Buurmanstraat,-1,2022-09-27,3481,16.23
Weesperzijde,52.354533,4.908556,Buurmanstraat richting Oetgensstraat,Oetgensstraat richting Buurmanstraat,1,2022-09-27,4210,14.08
Weesperzijde,52.354533,4.908556,Buurmanstraat richting Oetgensstraat,Oetgensstraat richting Buurmanstraat,-1,2022-09-28,4218,16.26
Weesperzijde,52.354533,4.908556,Buurmanstraat richting Oetgensstraat,Oetgensstraat richting Buurmanstraat,1,2022-09-28,5076,13.93
Weesperzijde,52.354533,4.908556,Buurmanstraat richting Oetgensstraat,Oetgensstraat richting Buurmanstraat,-1,2022-09-29,4851,16.73
Weesperzijde,52.354533,4.908556,Buurmanstraat richting Oetgensstraat,Oetgensstraat richting Buurmanstraat,1,2022-09-29,5801,14.48
Weesperzijde,52.354533,4.908556,Buurmanstraat richting Oetgensstraat,Oetgensstraat richting Buurmanstraat,-1,2022-09-30,4572,16.85
Weesperzijde,52.354533,4.908556,Buurmanstraat richting Oetgensstraat,Oetgensstraat richting Buurmanstraat,1,2022-09-30,5348,14.22
Weesperzijde,52.354533,4.908556,Buurmanstraat richting Oetgensstraat,Oetgensstraat richting Buurmanstraat,-1,2022-10-01,3998,15.67
Weesperzijde,52.354533,4.908556,Buurmanstraat richting Oetgensstraat,Oetgensstraat richting Buurmanstraat,1,2022-10-01,4898,14.18
Weesperzijde,52.354533,4.908556,Buurmanstraat richting Oetgensstraat,Oetgensstraat richting Buurmanstraat,-1,2022-10-02,3392,14.93
Weesperzijde,52.354533,4.908556,Buurmanstraat richting Oetgensstraat,Oetgensstraat richting Buurmanstraat,1,2022-10-02,4483,13.92
Weesperzijde,52.354533,4.908556,Buurmanstraat richting Oetgensstraat,Oetgensstraat richting Buurmanstraat,-1,2022-10-03,4341,16.87
Weesperzijde,52.354533,4.908556,Buurmanstraat richting Oetgensstraat,Oetgensstraat richting Buurmanstraat,1,2022-10-03,4770,14.57
Weesperzijde,52.354533,4.908556,Buurmanstraat richting Oetgensstraat,Oetgensstraat richting Buurmanstraat,-1,2022-10-04,4748,16.94
Weesperzijde,52.354533,4.908556,Buurmanstraat richting Oetgensstraat,Oetgensstraat richting Buurmanstraat,1,2022-10-04,5797,14.3
Weesperzijde,52.354533,4.908556,Buurmanstraat richting Oetgensstraat,Oetgensstraat richting Buurmanstraat,-1,2022-10-05,4257,16.69
Weesperzijde,52.354533,4.908556,Buurmanstraat richting Oetgensstraat,Oetgensstraat richting Buurmanstraat,1,2022-10-05,4995,14.01
Weesperzijde,52.354533,4.908556,Buurmanstraat richting Oetgensstraat,Oetgensstraat richting Buurmanstraat,-1,2022-10-06,4722,16.56
Weesperzijde,52.354533,4.908556,Buurmanstraat richting Oetgensstraat,Oetgensstraat richting Buurmanstraat,1,2022-10-06,5153,14.43
Weesperzijde,52.354533,4.908556,Buurmanstraat richting Oetgensstraat,Oetgensstraat richting Buurmanstraat,-1,2022-10-07,5694,16.81
Weesperzijde,52.354533,4.908556,Buurmanstraat richting Oetgensstraat,Oetgensstraat richting Buurmanstraat,1,2022-10-07,5430,14.07
Weesperzijde,52.354533,4.908556,Buurmanstraat richting Oetgensstraat,Oetgensstraat richting Buurmanstraat,-1,2022-10-08,5909,15.99
Weesperzijde,52.354533,4.908556,Buurmanstraat richting Oetgensstraat,Oetgensstraat richting Buurmanstraat,1,2022-10-08,5331,14.19
Weesperzijde,52.354533,4.908556,Buurmanstraat richting Oetgensstraat,Oetgensstraat richting Buurmanstraat,-1,2022-10-09,5160,16.69
Weesperzijde,52.354533,4.908556,Buurmanstraat richting Oetgensstraat,Oetgensstraat richting Buurmanstraat,1,2022-10-09,4944,13.79
Weesperzijde,52.354533,4.908556,Buurmanstraat richting Oetgensstraat,Oetgensstraat richting Buurmanstraat,-1,2022-10-10,1913,15.44
Weesperzijde,52.354533,4.908556,Buurmanstraat richting Oetgensstraat,Oetgensstraat richting Buurmanstraat,1,2022-10-10,3780,14.67
Weesperzijde,52.354533,4.908556,Buurmanstraat richting Oetgensstraat,Oetgensstraat richting Buurmanstraat,-1,2022-10-11,2220,15.78
Weesperzijde,52.354533,4.908556,Buurmanstraat richting Oetgensstraat,Oetgensstraat richting Buurmanstraat,1,2022-10-11,4761,14.61
Weesperzijde,52.354533,4.908556,Buurmanstraat richting Oetgensstraat,Oetgensstraat richting Buurmanstraat,-1,2022-10-12,2029,15.86
Weesperzijde,52.354533,4.908556,Buurmanstraat richting Oetgensstraat,Oetgensstraat richting Buurmanstraat,1,2022-10-12,4653,14.53
Weesperzijde,52.354533,4.908556,Buurmanstraat richting Oetgensstraat,Oetgensstraat richting Buurmanstraat,-1,2022-10-13,1957,15.18
Weesperzijde,52.354533,4.908556,Buurmanstraat richting Oetgensstraat,Oetgensstraat richting Buurmanstraat,1,2022-10-13,4307,14.27
Weesperzijde,52.354533,4.908556,Buurmanstraat richting Oetgensstraat,Oetgensstraat richting Buurmanstraat,-1,2022-10-14,2039,15.24
Weesperzijde,52.354533,4.908556,Buurmanstraat richting Oetgensstraat,Oetgensstraat richting Buurmanstraat,1,2022-10-14,4091,14.0
Weesperzijde,52.354533,4.908556,Buurmanstraat richting Oetgensstraat,Oetgensstraat richting Buurmanstraat,-1,2022-10-15,2016,15.26
Weesperzijde,52.354533,4.908556,Buurmanstraat richting Oetgensstraat,Oetgensstraat richting Buurmanstraat,1,2022-10-15,4158,13.93
Weesperzijde,52.354533,4.908556,Buurmanstraat richting Oetgensstraat,Oetgensstraat richting Buurmanstraat,-1,2022-10-16,2031,15.3
Weesperzijde,52.354533,4.908556,Buurmanstraat richting Oetgensstraat,Oetgensstraat richting Buurmanstraat,1,2022-10-16,4452,14.11
Weesperzijde,52.354533,4.908556,Buurmanstraat richting Oetgensstraat,Oetgensstraat richting Buurmanstraat,-1,2022-10-17,1390,15.09
Weesperzijde,52.354533,4.908556,Buurmanstraat richting Oetgensstraat,Oetgensstraat richting Buurmanstraat,1,2022-10-17,2780,14.1
Weesperzijde,52.354533,4.908556,Buurmanstraat richting Oetgensstraat,Oetgensstraat richting Buurmanstraat,-1,2022-10-18,1605,15.47
Weesperzijde,52.354533,4.908556,Buurmanstraat richting Oetgensstraat,Oetgensstraat richting Buurmanstraat,1,2022-10-18,3919,14.53
Weesperzijde,52.354533,4.908556,Buurmanstraat richting Oetgensstraat,Oetgensstraat richting Buurmanstraat,-1,2022-10-19,2000,15.92
Weesperzijde,52.354533,4.908556,Buurmanstraat richting Oetgensstraat,Oetgensstraat richting Buurmanstraat,1,2022-10-19,3305,14.26
Weesperzijde,52.354533,4.908556,Buurmanstraat richting Oetgensstraat,Oetgensstraat richting Buurmanstraat,-1,2022-10-20,2183,16.24
Weesperzijde,52.354533,4.908556,Buurmanstraat richting Oetgensstraat,Oetgensstraat richting Buurmanstraat,1,2022-10-20,2995,14.12
Weesperzijde,52.354533,4.908556,Buurmanstraat richting Oetgensstraat,Oetgensstraat richting Buurmanstraat,-1,2022-10-21,2259,15.83
Weesperzijde,52.354533,4.908556,Buurmanstraat richting Oetgensstraat,Oetgensstraat richting Buurmanstraat,1,2022-10-21,3259,14.0
Weesperzijde,52.354533,4.908556,Buurmanstraat richting Oetgensstraat,Oetgensstraat richting Buurmanstraat,-1,2022-10-22,2379,15.27
Weesperzijde,52.354533,4.908556,Buurmanstraat richting Oetgensstraat,Oetgensstraat richting Buurmanstraat,1,2022-10-22,3057,13.83
Weesperzijde,52.354533,4.908556,Buurmanstraat richting Oetgensstraat,Oetgensstraat richting Buurmanstraat,-1,2022-10-23,1793,15.61
Weesperzijde,52.354533,4.908556,Buurmanstraat richting Oetgensstraat,Oetgensstraat richting Buurmanstraat,1,2022-10-23,2337,13.48
Weesperzijde,52.354533,4.908556,Buurmanstraat richting Oetgensstraat,Oetgensstraat richting Buurmanstraat,-1,2022-10-24,1725,15.6
Weesperzijde,52.354533,4.908556,Buurmanstraat richting Oetgensstraat,Oetgensstraat richting Buurmanstraat,1,2022-10-24,2940,13.81
Weesperzijde,52.354533,4.908556,Buurmanstraat richting Oetgensstraat,Oetgensstraat richting Buurmanstraat,-1,2022-10-25,2164,15.43
Weesperzijde,52.354533,4.908556,Buurmanstraat richting Oetgensstraat,Oetgensstraat richting Buurmanstraat,1,2022-10-25,3315,13.62
Weesperzijde,52.354533,4.908556,Buurmanstraat richting Oetgensstraat,Oetgensstraat richting Buurmanstraat,-1,2022-10-26,2429,15.94
Weesperzijde,52.354533,4.908556,Buurmanstraat richting Oetgensstraat,Oetgensstraat richting Buurmanstraat,1,2022-10-26,3554,13.87
Weesperzijde,52.354533,4.908556,Buurmanstraat richting Oetgensstraat,Oetgensstraat richting Buurmanstraat,-1,2022-10-27,2333,16.29
Weesperzijde,52.354533,4.908556,Buurmanstraat richting Oetgensstraat,Oetgensstraat richting Buurmanstraat,1,2022-10-27,3253,14.05
Weesperzijde,52.354533,4.908556,Buurmanstraat richting Oetgensstraat,Oetgensstraat richting Buurmanstraat,-1,2022-10-28,2561,15.6
Weesperzijde,52.354533,4.908556,Buurmanstraat richting Oetgensstraat,Oetgensstraat richting Buurmanstraat,1,2022-10-28,3556,13.99
Weesperzijde,52.354533,4.908556,Buurmanstraat richting Oetgensstraat,Oetgensstraat richting Buurmanstraat,-1,2022-10-29,2558,15.5
Weesperzijde,52.354533,4.908556,Buurmanstraat richting Oetgensstraat,Oetgensstraat richting Buurmanstraat,1,2022-10-29,3291,13.76
Weesperzijde,52.354533,4.908556,Buurmanstraat richting Oetgensstraat,Oetgensstraat richting Buurmanstraat,-1,2022-10-30,2099,15.09
Weesperzijde,52.354533,4.908556,Buurmanstraat richting Oetgensstraat,Oetgensstraat richting Buurmanstraat,1,2022-10-30,2748,13.64
Weesperzijde,52.354533,4.908556,Buurmanstraat richting Oetgensstraat,Oetgensstraat richting Buurmanstraat,-1,2022-10-31,2028,15.76
Weesperzijde,52.354533,4.908556,Buurmanstraat richting Oetgensstraat,Oetgensstraat richting Buurmanstraat,1,2022-10-31,2952,14.04
Weesperzijde,52.354533,4.908556,Buurmanstraat richting Oetgensstraat,Oetgensstraat richting Buurmanstraat,-1,2022-11-01,1874,16.05
Weesperzijde,52.354533,4.908556,Buurmanstraat richting Oetgensstraat,Oetgensstraat richting Buurmanstraat,1,2022-11-01,2750,13.51
Weesperzijde,52.354533,4.908556,Buurmanstraat richting Oetgensstraat,Oetgensstraat richting Buurmanstraat,-1,2022-11-02,2061,15.49
Weesperzijde,52.354533,4.908556,Buurmanstraat richting Oetgensstraat,Oetgensstraat richting Buurmanstraat,1,2022-11-02,3073,13.41
Weesperzijde,52.354533,4.908556,Buurmanstraat richting Oetgensstraat,Oetgensstraat richting Buurmanstraat,-1,2022-11-03,1907,16.16
Weesperzijde,52.354533,4.908556,Buurmanstraat richting Oetgensstraat,Oetgensstraat richting Buurmanstraat,1,2022-11-03,2588,13.81
Weesperzijde,52.354533,4.908556,Buurmanstraat richting Oetgensstraat,Oetgensstraat richting Buurmanstraat,-1,2022-11-04,2251,15.35
Weesperzijde,52.354533,4.908556,Buurmanstraat richting Oetgensstraat,Oetgensstraat richting Buurmanstraat,1,2022-11-04,3072,13.6
Weesperzijde,52.354533,4.908556,Buurmanstraat richting Oetgensstraat,Oetgensstraat richting Buurmanstraat,-1,2022-11-05,2491,15.13
Weesperzijde,52.354533,4.908556,Buurmanstraat richting Oetgensstraat,Oetgensstraat richting Buurmanstraat,1,2022-11-05,3546,13.37
Weesperzijde,52.354533,4.908556,Buurmanstraat richting Oetgensstraat,Oetgensstraat richting Buurmanstraat,-1,2022-11-06,1774,15.16
Weesperzijde,52.354533,4.908556,Buurmanstraat richting Oetgensstraat,Oetgensstraat richting Buurmanstraat,1,2022-11-06,3029,12.92
Weesperzijde,52.354533,4.908556,Buurmanstraat richting Oetgensstraat,Oetgensstraat richting Buurmanstraat,-1,2022-11-07,2052,15.25
Weesperzijde,52.354533,4.908556,Buurmanstraat richting Oetgensstraat,Oetgensstraat richting Buurmanstraat,1,2022-11-07,3362,13.46
Weesperzijde,52.354533,4.908556,Buurmanstraat richting Oetgensstraat,Oetgensstraat richting Buurmanstraat,-1,2022-11-08,2353,15.92
Weesperzijde,52.354533,4.908556,Buurmanstraat richting Oetgensstraat,Oetgensstraat richting Buurmanstraat,1,2022-11-08,3994,13.76
Weesperzijde,52.354533,4.908556,Buurmanstraat richting Oetgensstraat,Oetgensstraat richting Buurmanstraat,-1,2022-11-09,2688,15.05
Weesperzijde,52.354533,4.908556,Buurmanstraat richting Oetgensstraat,Oetgensstraat richting Buurmanstraat,1,2022-11-09,4070,13.77
Weesperzijde,52.354533,4.908556,Buurmanstraat richting Oetgensstraat,Oetgensstraat richting Buurmanstraat,-1,2022-11-10,2798,15.78
Weesperzijde,52.354533,4.908556,Buurmanstraat richting Oetgensstraat,Oetgensstraat richting Buurmanstraat,1,2022-11-10,4279,13.82
Weesperzijde,52.354533,4.908556,Buurmanstraat richting Oetgensstraat,Oetgensstraat richting Buurmanstraat,-1,2022-11-11,2845,15.85
Weesperzijde,52.354533,4.908556,Buurmanstraat richting Oetgensstraat,Oetgensstraat richting Buurmanstraat,1,2022-11-11,4415,14.05
Weesperzijde,52.354533,4.908556,Buurmanstraat richting Oetgensstraat,Oetgensstraat richting Buurmanstraat,-1,2022-11-12,2908,15.34
Weesperzijde,52.354533,4.908556,Buurmanstraat richting Oetgensstraat,Oetgensstraat richting Buurmanstraat,1,2022-11-12,4518,13.83
Weesperzijde,52.354533,4.908556,Buurmanstraat richting Oetgensstraat,Oetgensstraat richting Buurmanstraat,-1,2022-11-13,3184,14.58
Weesperzijde,52.354533,4.908556,Buurmanstraat richting Oetgensstraat,Oetgensstraat richting Buurmanstraat,1,2022-11-13,4545,13.66
Weesperzijde,52.354533,4.908556,Buurmanstraat richting Oetgensstraat,Oetgensstraat richting Buurmanstraat,-1,2022-11-14,2345,16.11
Weesperzijde,52.354533,4.908556,Buurmanstraat richting Oetgensstraat,Oetgensstraat richting Buurmanstraat,1,2022-11-14,3639,14.21
Weesperzijde,52.354533,4.908556,Buurmanstraat richting Oetgensstraat,Oetgensstraat richting Buurmanstraat,-1,2022-11-15,2459,16.19
Weesperzijde,52.354533,4.908556,Buurmanstraat richting Oetgensstraat,Oetgensstraat richting Buurmanstraat,1,2022-11-15,3838,13.98
Weesperzijde,52.354533,4.908556,Buurmanstraat richting Oetgensstraat,Oetgensstraat richting Buurmanstraat,-1,2022-11-16,2416,15.6
Weesperzijde,52.354533,4.908556,Buurmanstraat richting Oetgensstraat,Oetgensstraat richting Buurmanstraat,1,2022-11-16,4016,13.83
Weesperzijde,52.354533,4.908556,Buurmanstraat richting Oetgensstraat,Oetgensstraat richting Buurmanstraat,-1,2022-11-17,2197,15.26
Weesperzijde,52.354533,4.908556,Buurmanstraat richting Oetgensstraat,Oetgensstraat richting Buurmanstraat,1,2022-11-17,3543,12.93
Weesperzijde,52.354533,4.908556,Buurmanstraat richting Oetgensstraat,Oetgensstraat richting Buurmanstraat,-1,2022-11-18,2852,15.75
Weesperzijde,52.354533,4.908556,Buurmanstraat richting Oetgensstraat,Oetgensstraat richting Buurmanstraat,1,2022-11-18,4482,13.94
Weesperzijde,52.354533,4.908556,Buurmanstraat richting Oetgensstraat,Oetgensstraat richting Buurmanstraat,-1,2022-11-19,2280,15.19
Weesperzijde,52.354533,4.908556,Buurmanstraat richting Oetgensstraat,Oetgensstraat richting Buurmanstraat,1,2022-11-19,3775,13.81
Weesperzijde,52.354533,4.908556,Buurmanstraat richting Oetgensstraat,Oetgensstraat richting Buurmanstraat,-1,2022-11-20,1301,15.52
Weesperzijde,52.354533,4.908556,Buurmanstraat richting Oetgensstraat,Oetgensstraat richting Buurmanstraat,1,2022-11-20,2216,13.67
Weesperzijde,52.354533,4.908556,Buurmanstraat richting Oetgensstraat,Oetgensstraat richting Buurmanstraat,-1,2022-11-21,2166,15.65
Weesperzijde,52.354533,4.908556,Buurmanstraat richting Oetgensstraat,Oetgensstraat richting Buurmanstraat,1,2022-11-21,3296,13.96
Weesperzijde,52.354533,4.908556,Buurmanstraat richting Oetgensstraat,Oetgensstraat richting Buurmanstraat,-1,2022-11-22,2177,15.8
Weesperzijde,52.354533,4.908556,Buurmanstraat richting Oetgensstraat,Oetgensstraat richting Buurmanstraat,1,2022-11-22,3719,13.59
Weesperzijde,52.354533,4.908556,Buurmanstraat richting Oetgensstraat,Oetgensstraat richting Buurmanstraat,-1,2022-11-23,2345,15.78
Weesperzijde,52.354533,4.908556,Buurmanstraat richting Oetgensstraat,Oetgensstraat richting Buurmanstraat,1,2022-11-23,3810,13.58
Weesperzijde,52.354533,4.908556,Buurmanstraat richting Oetgensstraat,Oetgensstraat richting Buurmanstraat,-1,2022-11-24,2635,15.73
Weesperzijde,52.354533,4.908556,Buurmanstraat richting Oetgensstraat,Oetgensstraat richting Buurmanstraat,1,2022-11-24,3957,13.96
Weesperzijde,52.354533,4.908556,Buurmanstraat richting Oetgensstraat,Oetgensstraat richting Buurmanstraat,-1,2022-11-25,2964,15.23
Weesperzijde,52.354533,4.908556,Buurmanstraat richting Oetgensstraat,Oetgensstraat richting Buurmanstraat,1,2022-11-25,4584,14.08
Weesperzijde,52.354533,4.908556,Buurmanstraat richting Oetgensstraat,Oetgensstraat richting Buurmanstraat,-1,2022-11-26,2683,15.35
Weesperzijde,52.354533,4.908556,Buurmanstraat richting Oetgensstraat,Oetgensstraat richting Buurmanstraat,1,2022-11-26,3929,13.62
Weesperzijde,52.354533,4.908556,Buurmanstraat richting Oetgensstraat,Oetgensstraat richting Buurmanstraat,-1,2022-11-27,1778,15.5
Weesperzijde,52.354533,4.908556,Buurmanstraat richting Oetgensstraat,Oetgensstraat richting Buurmanstraat,1,2022-11-27,2671,13.43
Weesperzijde,52.354533,4.908556,Buurmanstraat richting Oetgensstraat,Oetgensstraat richting Buurmanstraat,-1,2022-11-28,2535,15.23
Weesperzijde,52.354533,4.908556,Buurmanstraat richting Oetgensstraat,Oetgensstraat richting Buurmanstraat,1,2022-11-28,3659,14.07
Weesperzijde,52.354533,4.908556,Buurmanstraat richting Oetgensstraat,Oetgensstraat richting Buurmanstraat,-1,2022-11-29,2902,15.58
Weesperzijde,52.354533,4.908556,Buurmanstraat richting Oetgensstraat,Oetgensstraat richting Buurmanstraat,1,2022-11-29,3947,14.67
Weesperzijde,52.354533,4.908556,Buurmanstraat richting Oetgensstraat,Oetgensstraat richting Buurmanstraat,-1,2022-11-30,2686,15.3
Weesperzijde,52.354533,4.908556,Buurmanstraat richting Oetgensstraat,Oetgensstraat richting Buurmanstraat,1,2022-11-30,4028,14.42
Weesperzijde,52.354533,4.908556,Buurmanstraat richting Oetgensstraat,Oetgensstraat richting Buurmanstraat,-1,2022-12-01,2638,15.79
Weesperzijde,52.354533,4.908556,Buurmanstraat richting Oetgensstraat,Oetgensstraat richting Buurmanstraat,1,2022-12-01,3889,14.65
Weesperzijde,52.354533,4.908556,Buurmanstraat richting Oetgensstraat,Oetgensstraat richting Buurmanstraat,-1,2022-12-02,2582,16.18
Weesperzijde,52.354533,4.908556,Buurmanstraat richting Oetgensstraat,Oetgensstraat richting Buurmanstraat,1,2022-12-02,3677,14.33
Weesperzijde,52.354533,4.908556,Buurmanstraat richting Oetgensstraat,Oetgensstraat richting Buurmanstraat,-1,2022-12-03,2644,15.84
Weesperzijde,52.354533,4.908556,Buurmanstraat richting Oetgensstraat,Oetgensstraat richting Buurmanstraat,1,2022-12-03,3155,14.33
Weesperzijde,52.354533,4.908556,Buurmanstraat richting Oetgensstraat,Oetgensstraat richting Buurmanstraat,-1,2022-12-04,1907,15.74
Weesperzijde,52.354533,4.908556,Buurmanstraat richting Oetgensstraat,Oetgensstraat richting Buurmanstraat,1,2022-12-04,2188,14.11
Weesperzijde,52.354533,4.908556,Buurmanstraat richting Oetgensstraat,Oetgensstraat richting Buurmanstraat,-1,2022-12-05,2143,14.91
Weesperzijde,52.354533,4.908556,Buurmanstraat richting Oetgensstraat,Oetgensstraat richting Buurmanstraat,1,2022-12-05,2951,14.3
Weesperzijde,52.354533,4.908556,Buurmanstraat richting Oetgensstraat,Oetgensstraat richting Buurmanstraat,-1,2022-12-06,2983,15.02
Weesperzijde,52.354533,4.908556,Buurmanstraat richting Oetgensstraat,Oetgensstraat richting Buurmanstraat,1,2022-12-06,3834,14.05
Weesperzijde,52.354533,4.908556,Buurmanstraat richting Oetgensstraat,Oetgensstraat richting Buurmanstraat,-1,2022-12-07,3079,14.95
Weesperzijde,52.354533,4.908556,Buurmanstraat richting Oetgensstraat,Oetgensstraat richting Buurmanstraat,1,2022-12-07,3791,14.0
Weesperzijde,52.354533,4.908556,Buurmanstraat richting Oetgensstraat,Oetgensstraat richting Buurmanstraat,-1,2022-12-08,3054,14.62
Weesperzijde,52.354533,4.908556,Buurmanstraat richting Oetgensstraat,Oetgensstraat richting Buurmanstraat,1,2022-12-08,3868,13.03
Weesperzijde,52.354533,4.908556,Buurmanstraat richting Oetgensstraat,Oetgensstraat richting Buurmanstraat,-1,2022-12-09,3040,15.04
Weesperzijde,52.354533,4.908556,Buurmanstraat richting Oetgensstraat,Oetgensstraat richting Buurmanstraat,1,2022-12-09,3902,13.67
Weesperzijde,52.354533,4.908556,Buurmanstraat richting Oetgensstraat,Oetgensstraat richting Buurmanstraat,-1,2022-12-10,2302,15.01
Weesperzijde,52.354533,4.908556,Buurmanstraat richting Oetgensstraat,Oetgensstraat richting Buurmanstraat,1,2022-12-10,3100,13.39
Weesperzijde,52.354533,4.908556,Buurmanstraat richting Oetgensstraat,Oetgensstraat richting Buurmanstraat,-1,2022-12-11,1824,15.08
Weesperzijde,52.354533,4.908556,Buurmanstraat richting Oetgensstraat,Oetgensstraat richting Buurmanstraat,1,2022-12-11,2531,13.72
Weesperzijde,52.354533,4.908556,Buurmanstraat richting Oetgensstraat,Oetgensstraat richting Buurmanstraat,-1,2022-12-12,2349,15.59
Weesperzijde,52.354533,4.908556,Buurmanstraat richting Oetgensstraat,Oetgensstraat richting Buurmanstraat,1,2022-12-12,2957,13.75
Weesperzijde,52.354533,4.908556,Buurmanstraat richting Oetgensstraat,Oetgensstraat richting Buurmanstraat,-1,2022-12-13,2429,15.57
Weesperzijde,52.354533,4.908556,Buurmanstraat richting Oetgensstraat,Oetgensstraat richting Buurmanstraat,1,2022-12-13,3239,13.84
Weesperzijde,52.354533,4.908556,Buurmanstraat richting Oetgensstraat,Oetgensstraat richting Buurmanstraat,-1,2022-12-14,2605,15.56
Weesperzijde,52.354533,4.908556,Buurmanstraat richting Oetgensstraat,Oetgensstraat richting Buurmanstraat,1,2022-12-14,3267,14.08
Weesperzijde,52.354533,4.908556,Buurmanstraat richting Oetgensstraat,Oetgensstraat richting Buurmanstraat,-1,2022-12-15,2644,15.04
Weesperzijde,52.354533,4.908556,Buurmanstraat richting Oetgensstraat,Oetgensstraat richting Buurmanstraat,1,2022-12-15,3224,13.74
Weesperzijde,52.354533,4.908556,Buurmanstraat richting Oetgensstraat,Oetgensstraat richting Buurmanstraat,-1,2022-12-16,2486,14.92
Weesperzijde,52.354533,4.908556,Buurmanstraat richting Oetgensstraat,Oetgensstraat richting Buurmanstraat,1,2022-12-16,3236,13.99
Weesperzijde,52.354533,4.908556,Buurmanstraat richting Oetgensstraat,Oetgensstraat richting Buurmanstraat,-1,2022-12-17,2042,14.96
Weesperzijde,52.354533,4.908556,Buurmanstraat richting Oetgensstraat,Oetgensstraat richting Buurmanstraat,1,2022-12-17,2829,13.09
Weesperzijde,52.354533,4.908556,Buurmanstraat richting Oetgensstraat,Oetgensstraat richting Buurmanstraat,-1,2022-12-18,1310,15.03
Weesperzijde,52.354533,4.908556,Buurmanstraat richting Oetgensstraat,Oetgensstraat richting Buurmanstraat,1,2022-12-18,1824,13.04
Weesperzijde,52.354533,4.908556,Buurmanstraat richting Oetgensstraat,Oetgensstraat richting Buurmanstraat,-1,2022-12-19,2469,14.91
Weesperzijde,52.354533,4.908556,Buurmanstraat richting Oetgensstraat,Oetgensstraat richting Buurmanstraat,1,2022-12-19,2947,12.85
Weesperzijde,52.354533,4.908556,Buurmanstraat richting Oetgensstraat,Oetgensstraat richting Buurmanstraat,-1,2022-12-20,2997,15.01
Weesperzijde,52.354533,4.908556,Buurmanstraat richting Oetgensstraat,Oetgensstraat richting Buurmanstraat,1,2022-12-20,3545,13.44
Weesperzijde,52.354533,4.908556,Buurmanstraat richting Oetgensstraat,Oetgensstraat richting Buurmanstraat,-1,2022-12-21,3061,15.38
Weesperzijde,52.354533,4.908556,Buurmanstraat richting Oetgensstraat,Oetgensstraat richting Buurmanstraat,1,2022-12-21,3618,13.65
Weesperzijde,52.354533,4.908556,Buurmanstraat richting Oetgensstraat,Oetgensstraat richting Buurmanstraat,-1,2022-12-22,3650,15.08
Weesperzijde,52.354533,4.908556,Buurmanstraat richting Oetgensstraat,Oetgensstraat richting Buurmanstraat,1,2022-12-22,4097,13.87
Weesperzijde,52.354533,4.908556,Buurmanstraat richting Oetgensstraat,Oetgensstraat richting Buurmanstraat,-1,2022-12-23,2976,14.83
Weesperzijde,52.354533,4.908556,Buurmanstraat richting Oetgensstraat,Oetgensstraat richting Buurmanstraat,1,2022-12-23,3419,13.54
Weesperzijde,52.354533,4.908556,Buurmanstraat richting Oetgensstraat,Oetgensstraat richting Buurmanstraat,-1,2022-12-24,2095,14.45
Weesperzijde,52.354533,4.908556,Buurmanstraat richting Oetgensstraat,Oetgensstraat richting Buurmanstraat,1,2022-12-24,2856,13.38
Weesperzijde,52.354533,4.908556,Buurmanstraat richting Oetgensstraat,Oetgensstraat richting Buurmanstraat,-1,2022-12-25,884,14.73
Weesperzijde,52.354533,4.908556,Buurmanstraat richting Oetgensstraat,Oetgensstraat richting Buurmanstraat,1,2022-12-25,1140,13.11
Weesperzijde,52.354533,4.908556,Buurmanstraat richting Oetgensstraat,Oetgensstraat richting Buurmanstraat,-1,2022-12-26,969,14.19
Weesperzijde,52.354533,4.908556,Buurmanstraat richting Oetgensstraat,Oetgensstraat richting Buurmanstraat,1,2022-12-26,1247,13.78
Weesperzijde,52.354533,4.908556,Buurmanstraat richting Oetgensstraat,Oetgensstraat richting Buurmanstraat,-1,2022-12-27,1925,15.18
Weesperzijde,52.354533,4.908556,Buurmanstraat richting Oetgensstraat,Oetgensstraat richting Buurmanstraat,1,2022-12-27,2150,13.48
Weesperzijde,52.354533,4.908556,Buurmanstraat richting Oetgensstraat,Oetgensstraat richting Buurmanstraat,-1,2022-12-28,1999,15.08
Weesperzijde,52.354533,4.908556,Buurmanstraat richting Oetgensstraat,Oetgensstraat richting Buurmanstraat,1,2022-12-28,2244,12.87
Weesperzijde,52.354533,4.908556,Buurmanstraat richting Oetgensstraat,Oetgensstraat richting Buurmanstraat,-1,2022-12-29,2098,14.23
Weesperzijde,52.354533,4.908556,Buurmanstraat richting Oetgensstraat,Oetgensstraat richting Buurmanstraat,1,2022-12-29,2548,12.99
Weesperzijde,52.354533,4.908556,Buurmanstraat richting Oetgensstraat,Oetgensstraat richting Buurmanstraat,-1,2022-12-30,2134,15.37
Weesperzijde,52.354533,4.908556,Buurmanstraat richting Oetgensstraat,Oetgensstraat richting Buurmanstraat,1,2022-12-30,2770,13.01
Weesperzijde,52.354533,4.908556,Buurmanstraat richting Oetgensstraat,Oetgensstraat richting Buurmanstraat,-1,2022-12-31,1605,14.06
Weesperzijde,52.354533,4.908556,Buurmanstraat richting Oetgensstraat,Oetgensstraat richting Buurmanstraat,1,2022-12-31,1903,12.45
