location,latitude,longitude,plusdirection,mindirection,direction,datetime,count,speed_mean
Zuiderzeeweg,52.370356,4.962579,Zeeburgerdijk richting Ijburglaan,Ijburglaan richting Zeeburgerdijk,-1,2022-01-01,40,10.18
Zuiderzeeweg,52.370356,4.962579,Zeeburgerdijk richting Ijburglaan,Ijburglaan richting Zeeburgerdijk,1,2022-01-01,1618,22.13
Zuiderzeeweg,52.370356,4.962579,Zeeburgerdijk richting Ijburglaan,Ijburglaan richting Zeeburgerdijk,-1,2022-01-02,36,7.72
Zuiderzeeweg,52.370356,4.962579,Zeeburgerdijk richting Ijburglaan,Ijburglaan richting Zeeburgerdijk,1,2022-01-02,1121,22.12
Zuiderzeeweg,52.370356,4.962579,Zeeburgerdijk richting Ijburglaan,Ijburglaan richting Zeeburgerdijk,-1,2022-01-03,26,7.19
Zuiderzeeweg,52.370356,4.962579,Zeeburgerdijk richting Ijburglaan,Ijburglaan richting Zeeburgerdijk,1,2022-01-03,1654,22.52
Zuiderzeeweg,52.370356,4.962579,Zeeburgerdijk richting Ijburglaan,Ijburglaan richting Zeeburgerdijk,-1,2022-01-04,29,9.62
Zuiderzeeweg,52.370356,4.962579,Zeeburgerdijk richting Ijburglaan,Ijburglaan richting Zeeburgerdijk,1,2022-01-04,1595,21.24
Zuiderzeeweg,52.370356,4.962579,Zeeburgerdijk richting Ijburglaan,Ijburglaan richting Zeeburgerdijk,-1,2022-01-05,13,8.92
Zuiderzeeweg,52.370356,4.962579,Zeeburgerdijk richting Ijburglaan,Ijburglaan richting Zeeburgerdijk,1,2022-01-05,1179,20.09
Zuiderzeeweg,52.370356,4.962579,Zeeburgerdijk richting Ijburglaan,Ijburglaan richting Zeeburgerdijk,-1,2022-01-06,24,10.62
Zuiderzeeweg,52.370356,4.962579,Zeeburgerdijk richting Ijburglaan,Ijburglaan richting Zeeburgerdijk,1,2022-01-06,1921,22.17
Zuiderzeeweg,52.370356,4.962579,Zeeburgerdijk richting Ijburglaan,Ijburglaan richting Zeeburgerdijk,-1,2022-01-07,23,9.04
Zuiderzeeweg,52.370356,4.962579,Zeeburgerdijk richting Ijburglaan,Ijburglaan richting Zeeburgerdijk,1,2022-01-07,1409,21.8
Zuiderzeeweg,52.370356,4.962579,Zeeburgerdijk richting Ijburglaan,Ijburglaan richting Zeeburgerdijk,-1,2022-01-08,22,10.45
Zuiderzeeweg,52.370356,4.962579,Zeeburgerdijk richting Ijburglaan,Ijburglaan richting Zeeburgerdijk,1,2022-01-08,999,22.08
Zuiderzeeweg,52.370356,4.962579,Zeeburgerdijk richting Ijburglaan,Ijburglaan richting Zeeburgerdijk,-1,2022-01-09,16,9.56
Zuiderzeeweg,52.370356,4.962579,Zeeburgerdijk richting Ijburglaan,Ijburglaan richting Zeeburgerdijk,1,2022-01-09,1373,20.26
Zuiderzeeweg,52.370356,4.962579,Zeeburgerdijk richting Ijburglaan,Ijburglaan richting Zeeburgerdijk,-1,2022-01-10,21,10.57
Zuiderzeeweg,52.370356,4.962579,Zeeburgerdijk richting Ijburglaan,Ijburglaan richting Zeeburgerdijk,1,2022-01-10,2162,21.58
Zuiderzeeweg,52.370356,4.962579,Zeeburgerdijk richting Ijburglaan,Ijburglaan richting Zeeburgerdijk,-1,2022-01-11,21,8.33
Zuiderzeeweg,52.370356,4.962579,Zeeburgerdijk richting Ijburglaan,Ijburglaan richting Zeeburgerdijk,1,2022-01-11,2329,22.23
Zuiderzeeweg,52.370356,4.962579,Zeeburgerdijk richting Ijburglaan,Ijburglaan richting Zeeburgerdijk,-1,2022-01-12,28,10.04
Zuiderzeeweg,52.370356,4.962579,Zeeburgerdijk richting Ijburglaan,Ijburglaan richting Zeeburgerdijk,1,2022-01-12,2462,21.34
Zuiderzeeweg,52.370356,4.962579,Zeeburgerdijk richting Ijburglaan,Ijburglaan richting Zeeburgerdijk,-1,2022-01-13,31,10.16
Zuiderzeeweg,52.370356,4.962579,Zeeburgerdijk richting Ijburglaan,Ijburglaan richting Zeeburgerdijk,1,2022-01-13,2454,21.22
Zuiderzeeweg,52.370356,4.962579,Zeeburgerdijk richting Ijburglaan,Ijburglaan richting Zeeburgerdijk,-1,2022-01-14,22,11.05
Zuiderzeeweg,52.370356,4.962579,Zeeburgerdijk richting Ijburglaan,Ijburglaan richting Zeeburgerdijk,1,2022-01-14,2460,20.54
Zuiderzeeweg,52.370356,4.962579,Zeeburgerdijk richting Ijburglaan,Ijburglaan richting Zeeburgerdijk,-1,2022-01-15,29,10.9
Zuiderzeeweg,52.370356,4.962579,Zeeburgerdijk richting Ijburglaan,Ijburglaan richting Zeeburgerdijk,1,2022-01-15,2051,21.12
Zuiderzeeweg,52.370356,4.962579,Zeeburgerdijk richting Ijburglaan,Ijburglaan richting Zeeburgerdijk,-1,2022-01-16,13,9.15
Zuiderzeeweg,52.370356,4.962579,Zeeburgerdijk richting Ijburglaan,Ijburglaan richting Zeeburgerdijk,1,2022-01-16,1626,20.96
Zuiderzeeweg,52.370356,4.962579,Zeeburgerdijk richting Ijburglaan,Ijburglaan richting Zeeburgerdijk,-1,2022-01-17,18,12.06
Zuiderzeeweg,52.370356,4.962579,Zeeburgerdijk richting Ijburglaan,Ijburglaan richting Zeeburgerdijk,1,2022-01-17,2461,20.09
Zuiderzeeweg,52.370356,4.962579,Zeeburgerdijk richting Ijburglaan,Ijburglaan richting Zeeburgerdijk,-1,2022-01-18,15,11.13
Zuiderzeeweg,52.370356,4.962579,Zeeburgerdijk richting Ijburglaan,Ijburglaan richting Zeeburgerdijk,1,2022-01-18,2433,21.34
Zuiderzeeweg,52.370356,4.962579,Zeeburgerdijk richting Ijburglaan,Ijburglaan richting Zeeburgerdijk,-1,2022-01-19,21,13.76
Zuiderzeeweg,52.370356,4.962579,Zeeburgerdijk richting Ijburglaan,Ijburglaan richting Zeeburgerdijk,1,2022-01-19,2323,20.62
Zuiderzeeweg,52.370356,4.962579,Zeeburgerdijk richting Ijburglaan,Ijburglaan richting Zeeburgerdijk,-1,2022-01-20,15,9.13
Zuiderzeeweg,52.370356,4.962579,Zeeburgerdijk richting Ijburglaan,Ijburglaan richting Zeeburgerdijk,1,2022-01-20,2471,19.44
Zuiderzeeweg,52.370356,4.962579,Zeeburgerdijk richting Ijburglaan,Ijburglaan richting Zeeburgerdijk,-1,2022-01-21,24,13.0
Zuiderzeeweg,52.370356,4.962579,Zeeburgerdijk richting Ijburglaan,Ijburglaan richting Zeeburgerdijk,1,2022-01-21,2418,19.98
Zuiderzeeweg,52.370356,4.962579,Zeeburgerdijk richting Ijburglaan,Ijburglaan richting Zeeburgerdijk,-1,2022-01-22,35,8.86
Zuiderzeeweg,52.370356,4.962579,Zeeburgerdijk richting Ijburglaan,Ijburglaan richting Zeeburgerdijk,1,2022-01-22,2156,20.31
Zuiderzeeweg,52.370356,4.962579,Zeeburgerdijk richting Ijburglaan,Ijburglaan richting Zeeburgerdijk,-1,2022-01-23,43,11.6
Zuiderzeeweg,52.370356,4.962579,Zeeburgerdijk richting Ijburglaan,Ijburglaan richting Zeeburgerdijk,1,2022-01-23,2054,21.31
Zuiderzeeweg,52.370356,4.962579,Zeeburgerdijk richting Ijburglaan,Ijburglaan richting Zeeburgerdijk,-1,2022-01-24,14,12.07
Zuiderzeeweg,52.370356,4.962579,Zeeburgerdijk richting Ijburglaan,Ijburglaan richting Zeeburgerdijk,1,2022-01-24,2562,20.76
Zuiderzeeweg,52.370356,4.962579,Zeeburgerdijk richting Ijburglaan,Ijburglaan richting Zeeburgerdijk,-1,2022-01-25,12,12.92
Zuiderzeeweg,52.370356,4.962579,Zeeburgerdijk richting Ijburglaan,Ijburglaan richting Zeeburgerdijk,1,2022-01-25,2592,21.1
Zuiderzeeweg,52.370356,4.962579,Zeeburgerdijk richting Ijburglaan,Ijburglaan richting Zeeburgerdijk,-1,2022-01-26,23,10.35
Zuiderzeeweg,52.370356,4.962579,Zeeburgerdijk richting Ijburglaan,Ijburglaan richting Zeeburgerdijk,1,2022-01-26,2556,21.43
Zuiderzeeweg,52.370356,4.962579,Zeeburgerdijk richting Ijburglaan,Ijburglaan richting Zeeburgerdijk,-1,2022-01-27,7,16.57
Zuiderzeeweg,52.370356,4.962579,Zeeburgerdijk richting Ijburglaan,Ijburglaan richting Zeeburgerdijk,1,2022-01-27,2169,20.09
Zuiderzeeweg,52.370356,4.962579,Zeeburgerdijk richting Ijburglaan,Ijburglaan richting Zeeburgerdijk,-1,2022-01-28,26,13.04
Zuiderzeeweg,52.370356,4.962579,Zeeburgerdijk richting Ijburglaan,Ijburglaan richting Zeeburgerdijk,1,2022-01-28,2980,21.25
Zuiderzeeweg,52.370356,4.962579,Zeeburgerdijk richting Ijburglaan,Ijburglaan richting Zeeburgerdijk,-1,2022-01-29,22,9.55
Zuiderzeeweg,52.370356,4.962579,Zeeburgerdijk richting Ijburglaan,Ijburglaan richting Zeeburgerdijk,1,2022-01-29,2145,20.96
Zuiderzeeweg,52.370356,4.962579,Zeeburgerdijk richting Ijburglaan,Ijburglaan richting Zeeburgerdijk,-1,2022-01-30,32,9.09
Zuiderzeeweg,52.370356,4.962579,Zeeburgerdijk richting Ijburglaan,Ijburglaan richting Zeeburgerdijk,1,2022-01-30,2351,21.05
Zuiderzeeweg,52.370356,4.962579,Zeeburgerdijk richting Ijburglaan,Ijburglaan richting Zeeburgerdijk,-1,2022-01-31,16,13.94
Zuiderzeeweg,52.370356,4.962579,Zeeburgerdijk richting Ijburglaan,Ijburglaan richting Zeeburgerdijk,1,2022-01-31,1109,19.23
Zuiderzeeweg,52.370356,4.962579,Zeeburgerdijk richting Ijburglaan,Ijburglaan richting Zeeburgerdijk,-1,2022-02-01,17,14.59
Zuiderzeeweg,52.370356,4.962579,Zeeburgerdijk richting Ijburglaan,Ijburglaan richting Zeeburgerdijk,1,2022-02-01,1910,20.3
Zuiderzeeweg,52.370356,4.962579,Zeeburgerdijk richting Ijburglaan,Ijburglaan richting Zeeburgerdijk,-1,2022-02-02,32,12.22
Zuiderzeeweg,52.370356,4.962579,Zeeburgerdijk richting Ijburglaan,Ijburglaan richting Zeeburgerdijk,1,2022-02-02,2655,20.85
Zuiderzeeweg,52.370356,4.962579,Zeeburgerdijk richting Ijburglaan,Ijburglaan richting Zeeburgerdijk,-1,2022-02-03,9,16.33
Zuiderzeeweg,52.370356,4.962579,Zeeburgerdijk richting Ijburglaan,Ijburglaan richting Zeeburgerdijk,1,2022-02-03,2180,21.35
Zuiderzeeweg,52.370356,4.962579,Zeeburgerdijk richting Ijburglaan,Ijburglaan richting Zeeburgerdijk,-1,2022-02-04,10,12.3
Zuiderzeeweg,52.370356,4.962579,Zeeburgerdijk richting Ijburglaan,Ijburglaan richting Zeeburgerdijk,1,2022-02-04,1888,21.13
Zuiderzeeweg,52.370356,4.962579,Zeeburgerdijk richting Ijburglaan,Ijburglaan richting Zeeburgerdijk,-1,2022-02-05,37,11.3
Zuiderzeeweg,52.370356,4.962579,Zeeburgerdijk richting Ijburglaan,Ijburglaan richting Zeeburgerdijk,1,2022-02-05,2114,21.85
Zuiderzeeweg,52.370356,4.962579,Zeeburgerdijk richting Ijburglaan,Ijburglaan richting Zeeburgerdijk,-1,2022-02-06,21,11.76
Zuiderzeeweg,52.370356,4.962579,Zeeburgerdijk richting Ijburglaan,Ijburglaan richting Zeeburgerdijk,1,2022-02-06,787,20.58
Zuiderzeeweg,52.370356,4.962579,Zeeburgerdijk richting Ijburglaan,Ijburglaan richting Zeeburgerdijk,-1,2022-02-07,8,9.0
Zuiderzeeweg,52.370356,4.962579,Zeeburgerdijk richting Ijburglaan,Ijburglaan richting Zeeburgerdijk,1,2022-02-07,907,20.05
Zuiderzeeweg,52.370356,4.962579,Zeeburgerdijk richting Ijburglaan,Ijburglaan richting Zeeburgerdijk,-1,2022-02-08,5,13.6
Zuiderzeeweg,52.370356,4.962579,Zeeburgerdijk richting Ijburglaan,Ijburglaan richting Zeeburgerdijk,1,2022-02-08,1893,24.12
Zuiderzeeweg,52.370356,4.962579,Zeeburgerdijk richting Ijburglaan,Ijburglaan richting Zeeburgerdijk,-1,2022-02-09,34,14.38
Zuiderzeeweg,52.370356,4.962579,Zeeburgerdijk richting Ijburglaan,Ijburglaan richting Zeeburgerdijk,1,2022-02-09,2753,23.22
Zuiderzeeweg,52.370356,4.962579,Zeeburgerdijk richting Ijburglaan,Ijburglaan richting Zeeburgerdijk,-1,2022-02-10,12,15.67
Zuiderzeeweg,52.370356,4.962579,Zeeburgerdijk richting Ijburglaan,Ijburglaan richting Zeeburgerdijk,1,2022-02-10,2865,22.52
Zuiderzeeweg,52.370356,4.962579,Zeeburgerdijk richting Ijburglaan,Ijburglaan richting Zeeburgerdijk,-1,2022-02-11,14,16.29
Zuiderzeeweg,52.370356,4.962579,Zeeburgerdijk richting Ijburglaan,Ijburglaan richting Zeeburgerdijk,1,2022-02-11,2985,21.96
Zuiderzeeweg,52.370356,4.962579,Zeeburgerdijk richting Ijburglaan,Ijburglaan richting Zeeburgerdijk,-1,2022-02-12,28,14.14
Zuiderzeeweg,52.370356,4.962579,Zeeburgerdijk richting Ijburglaan,Ijburglaan richting Zeeburgerdijk,1,2022-02-12,3024,24.22
Zuiderzeeweg,52.370356,4.962579,Zeeburgerdijk richting Ijburglaan,Ijburglaan richting Zeeburgerdijk,-1,2022-02-13,16,14.0
Zuiderzeeweg,52.370356,4.962579,Zeeburgerdijk richting Ijburglaan,Ijburglaan richting Zeeburgerdijk,1,2022-02-13,1916,25.5
Zuiderzeeweg,52.370356,4.962579,Zeeburgerdijk richting Ijburglaan,Ijburglaan richting Zeeburgerdijk,-1,2022-02-14,2,18.0
Zuiderzeeweg,52.370356,4.962579,Zeeburgerdijk richting Ijburglaan,Ijburglaan richting Zeeburgerdijk,1,2022-02-14,2486,24.64
Zuiderzeeweg,52.370356,4.962579,Zeeburgerdijk richting Ijburglaan,Ijburglaan richting Zeeburgerdijk,-1,2022-02-15,11,14.18
Zuiderzeeweg,52.370356,4.962579,Zeeburgerdijk richting Ijburglaan,Ijburglaan richting Zeeburgerdijk,1,2022-02-15,2275,24.42
Zuiderzeeweg,52.370356,4.962579,Zeeburgerdijk richting Ijburglaan,Ijburglaan richting Zeeburgerdijk,-1,2022-02-16,12,15.17
Zuiderzeeweg,52.370356,4.962579,Zeeburgerdijk richting Ijburglaan,Ijburglaan richting Zeeburgerdijk,1,2022-02-16,1938,25.1
Zuiderzeeweg,52.370356,4.962579,Zeeburgerdijk richting Ijburglaan,Ijburglaan richting Zeeburgerdijk,-1,2022-02-17,13,17.0
Zuiderzeeweg,52.370356,4.962579,Zeeburgerdijk richting Ijburglaan,Ijburglaan richting Zeeburgerdijk,1,2022-02-17,2004,23.16
Zuiderzeeweg,52.370356,4.962579,Zeeburgerdijk richting Ijburglaan,Ijburglaan richting Zeeburgerdijk,-1,2022-02-18,8,11.12
Zuiderzeeweg,52.370356,4.962579,Zeeburgerdijk richting Ijburglaan,Ijburglaan richting Zeeburgerdijk,1,2022-02-18,844,25.14
Zuiderzeeweg,52.370356,4.962579,Zeeburgerdijk richting Ijburglaan,Ijburglaan richting Zeeburgerdijk,-1,2022-02-19,12,14.5
Zuiderzeeweg,52.370356,4.962579,Zeeburgerdijk richting Ijburglaan,Ijburglaan richting Zeeburgerdijk,1,2022-02-19,1229,24.04
Zuiderzeeweg,52.370356,4.962579,Zeeburgerdijk richting Ijburglaan,Ijburglaan richting Zeeburgerdijk,-1,2022-02-20,6,17.5
Zuiderzeeweg,52.370356,4.962579,Zeeburgerdijk richting Ijburglaan,Ijburglaan richting Zeeburgerdijk,1,2022-02-20,687,23.93
Zuiderzeeweg,52.370356,4.962579,Zeeburgerdijk richting Ijburglaan,Ijburglaan richting Zeeburgerdijk,-1,2022-02-21,12,17.25
Zuiderzeeweg,52.370356,4.962579,Zeeburgerdijk richting Ijburglaan,Ijburglaan richting Zeeburgerdijk,1,2022-02-21,1057,22.44
Zuiderzeeweg,52.370356,4.962579,Zeeburgerdijk richting Ijburglaan,Ijburglaan richting Zeeburgerdijk,-1,2022-02-22,11,13.82
Zuiderzeeweg,52.370356,4.962579,Zeeburgerdijk richting Ijburglaan,Ijburglaan richting Zeeburgerdijk,1,2022-02-22,1792,23.1
Zuiderzeeweg,52.370356,4.962579,Zeeburgerdijk richting Ijburglaan,Ijburglaan richting Zeeburgerdijk,-1,2022-02-23,16,14.94
Zuiderzeeweg,52.370356,4.962579,Zeeburgerdijk richting Ijburglaan,Ijburglaan richting Zeeburgerdijk,1,2022-02-23,2584,24.74
Zuiderzeeweg,52.370356,4.962579,Zeeburgerdijk richting Ijburglaan,Ijburglaan richting Zeeburgerdijk,-1,2022-02-24,12,16.58
Zuiderzeeweg,52.370356,4.962579,Zeeburgerdijk richting Ijburglaan,Ijburglaan richting Zeeburgerdijk,1,2022-02-24,1798,23.39
Zuiderzeeweg,52.370356,4.962579,Zeeburgerdijk richting Ijburglaan,Ijburglaan richting Zeeburgerdijk,-1,2022-02-25,19,16.74
Zuiderzeeweg,52.370356,4.962579,Zeeburgerdijk richting Ijburglaan,Ijburglaan richting Zeeburgerdijk,1,2022-02-25,1897,22.04
Zuiderzeeweg,52.370356,4.962579,Zeeburgerdijk richting Ijburglaan,Ijburglaan richting Zeeburgerdijk,-1,2022-02-26,15,14.87
Zuiderzeeweg,52.370356,4.962579,Zeeburgerdijk richting Ijburglaan,Ijburglaan richting Zeeburgerdijk,1,2022-02-26,2784,22.83
Zuiderzeeweg,52.370356,4.962579,Zeeburgerdijk richting Ijburglaan,Ijburglaan richting Zeeburgerdijk,-1,2022-02-27,22,13.91
Zuiderzeeweg,52.370356,4.962579,Zeeburgerdijk richting Ijburglaan,Ijburglaan richting Zeeburgerdijk,1,2022-02-27,2692,23.05
Zuiderzeeweg,52.370356,4.962579,Zeeburgerdijk richting Ijburglaan,Ijburglaan richting Zeeburgerdijk,-1,2022-02-28,17,12.06
Zuiderzeeweg,52.370356,4.962579,Zeeburgerdijk richting Ijburglaan,Ijburglaan richting Zeeburgerdijk,1,2022-02-28,3003,23.53
Zuiderzeeweg,52.370356,4.962579,Zeeburgerdijk richting Ijburglaan,Ijburglaan richting Zeeburgerdijk,-1,2022-03-01,14,16.71
Zuiderzeeweg,52.370356,4.962579,Zeeburgerdijk richting Ijburglaan,Ijburglaan richting Zeeburgerdijk,1,2022-03-01,2633,22.53
Zuiderzeeweg,52.370356,4.962579,Zeeburgerdijk richting Ijburglaan,Ijburglaan richting Zeeburgerdijk,-1,2022-03-02,28,15.64
Zuiderzeeweg,52.370356,4.962579,Zeeburgerdijk richting Ijburglaan,Ijburglaan richting Zeeburgerdijk,1,2022-03-02,3218,21.94
Zuiderzeeweg,52.370356,4.962579,Zeeburgerdijk richting Ijburglaan,Ijburglaan richting Zeeburgerdijk,-1,2022-03-03,16,14.94
Zuiderzeeweg,52.370356,4.962579,Zeeburgerdijk richting Ijburglaan,Ijburglaan richting Zeeburgerdijk,1,2022-03-03,3377,21.91
Zuiderzeeweg,52.370356,4.962579,Zeeburgerdijk richting Ijburglaan,Ijburglaan richting Zeeburgerdijk,-1,2022-03-04,17,16.76
Zuiderzeeweg,52.370356,4.962579,Zeeburgerdijk richting Ijburglaan,Ijburglaan richting Zeeburgerdijk,1,2022-03-04,3341,21.93
Zuiderzeeweg,52.370356,4.962579,Zeeburgerdijk richting Ijburglaan,Ijburglaan richting Zeeburgerdijk,-1,2022-03-05,14,12.21
Zuiderzeeweg,52.370356,4.962579,Zeeburgerdijk richting Ijburglaan,Ijburglaan richting Zeeburgerdijk,1,2022-03-05,3082,21.33
Zuiderzeeweg,52.370356,4.962579,Zeeburgerdijk richting Ijburglaan,Ijburglaan richting Zeeburgerdijk,-1,2022-03-06,26,13.42
Zuiderzeeweg,52.370356,4.962579,Zeeburgerdijk richting Ijburglaan,Ijburglaan richting Zeeburgerdijk,1,2022-03-06,2549,21.69
Zuiderzeeweg,52.370356,4.962579,Zeeburgerdijk richting Ijburglaan,Ijburglaan richting Zeeburgerdijk,-1,2022-03-07,6,16.67
Zuiderzeeweg,52.370356,4.962579,Zeeburgerdijk richting Ijburglaan,Ijburglaan richting Zeeburgerdijk,1,2022-03-07,2964,21.77
Zuiderzeeweg,52.370356,4.962579,Zeeburgerdijk richting Ijburglaan,Ijburglaan richting Zeeburgerdijk,-1,2022-03-08,11,15.27
Zuiderzeeweg,52.370356,4.962579,Zeeburgerdijk richting Ijburglaan,Ijburglaan richting Zeeburgerdijk,1,2022-03-08,3183,23.34
Zuiderzeeweg,52.370356,4.962579,Zeeburgerdijk richting Ijburglaan,Ijburglaan richting Zeeburgerdijk,-1,2022-03-09,14,14.21
Zuiderzeeweg,52.370356,4.962579,Zeeburgerdijk richting Ijburglaan,Ijburglaan richting Zeeburgerdijk,1,2022-03-09,3382,23.38
Zuiderzeeweg,52.370356,4.962579,Zeeburgerdijk richting Ijburglaan,Ijburglaan richting Zeeburgerdijk,-1,2022-03-10,15,15.2
Zuiderzeeweg,52.370356,4.962579,Zeeburgerdijk richting Ijburglaan,Ijburglaan richting Zeeburgerdijk,1,2022-03-10,3479,23.48
Zuiderzeeweg,52.370356,4.962579,Zeeburgerdijk richting Ijburglaan,Ijburglaan richting Zeeburgerdijk,-1,2022-03-11,14,14.86
Zuiderzeeweg,52.370356,4.962579,Zeeburgerdijk richting Ijburglaan,Ijburglaan richting Zeeburgerdijk,1,2022-03-11,3470,23.01
Zuiderzeeweg,52.370356,4.962579,Zeeburgerdijk richting Ijburglaan,Ijburglaan richting Zeeburgerdijk,-1,2022-03-12,18,14.61
Zuiderzeeweg,52.370356,4.962579,Zeeburgerdijk richting Ijburglaan,Ijburglaan richting Zeeburgerdijk,1,2022-03-12,2826,23.86
Zuiderzeeweg,52.370356,4.962579,Zeeburgerdijk richting Ijburglaan,Ijburglaan richting Zeeburgerdijk,-1,2022-03-13,21,15.05
Zuiderzeeweg,52.370356,4.962579,Zeeburgerdijk richting Ijburglaan,Ijburglaan richting Zeeburgerdijk,1,2022-03-13,2877,23.59
Zuiderzeeweg,52.370356,4.962579,Zeeburgerdijk richting Ijburglaan,Ijburglaan richting Zeeburgerdijk,-1,2022-03-14,20,15.75
Zuiderzeeweg,52.370356,4.962579,Zeeburgerdijk richting Ijburglaan,Ijburglaan richting Zeeburgerdijk,1,2022-03-14,3100,23.32
Zuiderzeeweg,52.370356,4.962579,Zeeburgerdijk richting Ijburglaan,Ijburglaan richting Zeeburgerdijk,-1,2022-03-15,26,15.81
Zuiderzeeweg,52.370356,4.962579,Zeeburgerdijk richting Ijburglaan,Ijburglaan richting Zeeburgerdijk,1,2022-03-15,3397,22.23
Zuiderzeeweg,52.370356,4.962579,Zeeburgerdijk richting Ijburglaan,Ijburglaan richting Zeeburgerdijk,-1,2022-03-16,12,13.33
Zuiderzeeweg,52.370356,4.962579,Zeeburgerdijk richting Ijburglaan,Ijburglaan richting Zeeburgerdijk,1,2022-03-16,3519,23.24
Zuiderzeeweg,52.370356,4.962579,Zeeburgerdijk richting Ijburglaan,Ijburglaan richting Zeeburgerdijk,-1,2022-03-17,15,14.33
Zuiderzeeweg,52.370356,4.962579,Zeeburgerdijk richting Ijburglaan,Ijburglaan richting Zeeburgerdijk,1,2022-03-17,3339,22.82
Zuiderzeeweg,52.370356,4.962579,Zeeburgerdijk richting Ijburglaan,Ijburglaan richting Zeeburgerdijk,-1,2022-03-18,11,15.73
Zuiderzeeweg,52.370356,4.962579,Zeeburgerdijk richting Ijburglaan,Ijburglaan richting Zeeburgerdijk,1,2022-03-18,3661,21.93
Zuiderzeeweg,52.370356,4.962579,Zeeburgerdijk richting Ijburglaan,Ijburglaan richting Zeeburgerdijk,-1,2022-03-19,26,15.35
Zuiderzeeweg,52.370356,4.962579,Zeeburgerdijk richting Ijburglaan,Ijburglaan richting Zeeburgerdijk,1,2022-03-19,3287,21.18
Zuiderzeeweg,52.370356,4.962579,Zeeburgerdijk richting Ijburglaan,Ijburglaan richting Zeeburgerdijk,-1,2022-03-20,24,15.75
Zuiderzeeweg,52.370356,4.962579,Zeeburgerdijk richting Ijburglaan,Ijburglaan richting Zeeburgerdijk,1,2022-03-20,2095,22.95
Zuiderzeeweg,52.370356,4.962579,Zeeburgerdijk richting Ijburglaan,Ijburglaan richting Zeeburgerdijk,-1,2022-03-21,11,14.82
Zuiderzeeweg,52.370356,4.962579,Zeeburgerdijk richting Ijburglaan,Ijburglaan richting Zeeburgerdijk,1,2022-03-21,3344,22.53
Zuiderzeeweg,52.370356,4.962579,Zeeburgerdijk richting Ijburglaan,Ijburglaan richting Zeeburgerdijk,-1,2022-03-22,11,18.0
Zuiderzeeweg,52.370356,4.962579,Zeeburgerdijk richting Ijburglaan,Ijburglaan richting Zeeburgerdijk,1,2022-03-22,3977,22.56
Zuiderzeeweg,52.370356,4.962579,Zeeburgerdijk richting Ijburglaan,Ijburglaan richting Zeeburgerdijk,-1,2022-03-23,13,17.38
Zuiderzeeweg,52.370356,4.962579,Zeeburgerdijk richting Ijburglaan,Ijburglaan richting Zeeburgerdijk,1,2022-03-23,4087,22.23
Zuiderzeeweg,52.370356,4.962579,Zeeburgerdijk richting Ijburglaan,Ijburglaan richting Zeeburgerdijk,-1,2022-03-24,20,15.05
Zuiderzeeweg,52.370356,4.962579,Zeeburgerdijk richting Ijburglaan,Ijburglaan richting Zeeburgerdijk,1,2022-03-24,3955,22.29
Zuiderzeeweg,52.370356,4.962579,Zeeburgerdijk richting Ijburglaan,Ijburglaan richting Zeeburgerdijk,-1,2022-03-25,17,19.35
Zuiderzeeweg,52.370356,4.962579,Zeeburgerdijk richting Ijburglaan,Ijburglaan richting Zeeburgerdijk,1,2022-03-25,3860,21.87
Zuiderzeeweg,52.370356,4.962579,Zeeburgerdijk richting Ijburglaan,Ijburglaan richting Zeeburgerdijk,-1,2022-03-26,27,14.44
Zuiderzeeweg,52.370356,4.962579,Zeeburgerdijk richting Ijburglaan,Ijburglaan richting Zeeburgerdijk,1,2022-03-26,3902,22.13
Zuiderzeeweg,52.370356,4.962579,Zeeburgerdijk richting Ijburglaan,Ijburglaan richting Zeeburgerdijk,-1,2022-03-27,21,18.05
Zuiderzeeweg,52.370356,4.962579,Zeeburgerdijk richting Ijburglaan,Ijburglaan richting Zeeburgerdijk,1,2022-03-27,3251,22.21
Zuiderzeeweg,52.370356,4.962579,Zeeburgerdijk richting Ijburglaan,Ijburglaan richting Zeeburgerdijk,-1,2022-03-28,18,13.72
Zuiderzeeweg,52.370356,4.962579,Zeeburgerdijk richting Ijburglaan,Ijburglaan richting Zeeburgerdijk,1,2022-03-28,3185,22.44
Zuiderzeeweg,52.370356,4.962579,Zeeburgerdijk richting Ijburglaan,Ijburglaan richting Zeeburgerdijk,-1,2022-03-29,8,17.0
Zuiderzeeweg,52.370356,4.962579,Zeeburgerdijk richting Ijburglaan,Ijburglaan richting Zeeburgerdijk,1,2022-03-29,3408,22.21
Zuiderzeeweg,52.370356,4.962579,Zeeburgerdijk richting Ijburglaan,Ijburglaan richting Zeeburgerdijk,-1,2022-03-30,22,15.14
Zuiderzeeweg,52.370356,4.962579,Zeeburgerdijk richting Ijburglaan,Ijburglaan richting Zeeburgerdijk,1,2022-03-30,3138,22.13
Zuiderzeeweg,52.370356,4.962579,Zeeburgerdijk richting Ijburglaan,Ijburglaan richting Zeeburgerdijk,-1,2022-03-31,6,15.0
Zuiderzeeweg,52.370356,4.962579,Zeeburgerdijk richting Ijburglaan,Ijburglaan richting Zeeburgerdijk,1,2022-03-31,2021,20.85
Zuiderzeeweg,52.370356,4.962579,Zeeburgerdijk richting Ijburglaan,Ijburglaan richting Zeeburgerdijk,-1,2022-04-01,9,18.0
Zuiderzeeweg,52.370356,4.962579,Zeeburgerdijk richting Ijburglaan,Ijburglaan richting Zeeburgerdijk,1,2022-04-01,2008,20.46
Zuiderzeeweg,52.370356,4.962579,Zeeburgerdijk richting Ijburglaan,Ijburglaan richting Zeeburgerdijk,-1,2022-04-02,14,15.0
Zuiderzeeweg,52.370356,4.962579,Zeeburgerdijk richting Ijburglaan,Ijburglaan richting Zeeburgerdijk,1,2022-04-02,2324,21.32
Zuiderzeeweg,52.370356,4.962579,Zeeburgerdijk richting Ijburglaan,Ijburglaan richting Zeeburgerdijk,-1,2022-04-03,23,14.83
Zuiderzeeweg,52.370356,4.962579,Zeeburgerdijk richting Ijburglaan,Ijburglaan richting Zeeburgerdijk,1,2022-04-03,1825,22.54
Zuiderzeeweg,52.370356,4.962579,Zeeburgerdijk richting Ijburglaan,Ijburglaan richting Zeeburgerdijk,-1,2022-04-04,9,15.22
Zuiderzeeweg,52.370356,4.962579,Zeeburgerdijk richting Ijburglaan,Ijburglaan richting Zeeburgerdijk,1,2022-04-04,1700,23.16
Zuiderzeeweg,52.370356,4.962579,Zeeburgerdijk richting Ijburglaan,Ijburglaan richting Zeeburgerdijk,-1,2022-04-05,9,15.56
Zuiderzeeweg,52.370356,4.962579,Zeeburgerdijk richting Ijburglaan,Ijburglaan richting Zeeburgerdijk,1,2022-04-05,2438,22.97
Zuiderzeeweg,52.370356,4.962579,Zeeburgerdijk richting Ijburglaan,Ijburglaan richting Zeeburgerdijk,-1,2022-04-06,12,17.67
Zuiderzeeweg,52.370356,4.962579,Zeeburgerdijk richting Ijburglaan,Ijburglaan richting Zeeburgerdijk,1,2022-04-06,2403,25.39
Zuiderzeeweg,52.370356,4.962579,Zeeburgerdijk richting Ijburglaan,Ijburglaan richting Zeeburgerdijk,-1,2022-04-07,13,14.85
Zuiderzeeweg,52.370356,4.962579,Zeeburgerdijk richting Ijburglaan,Ijburglaan richting Zeeburgerdijk,1,2022-04-07,1895,23.83
Zuiderzeeweg,52.370356,4.962579,Zeeburgerdijk richting Ijburglaan,Ijburglaan richting Zeeburgerdijk,-1,2022-04-08,11,14.18
Zuiderzeeweg,52.370356,4.962579,Zeeburgerdijk richting Ijburglaan,Ijburglaan richting Zeeburgerdijk,1,2022-04-08,2872,22.44
Zuiderzeeweg,52.370356,4.962579,Zeeburgerdijk richting Ijburglaan,Ijburglaan richting Zeeburgerdijk,-1,2022-04-09,19,16.63
Zuiderzeeweg,52.370356,4.962579,Zeeburgerdijk richting Ijburglaan,Ijburglaan richting Zeeburgerdijk,1,2022-04-09,2013,21.72
Zuiderzeeweg,52.370356,4.962579,Zeeburgerdijk richting Ijburglaan,Ijburglaan richting Zeeburgerdijk,-1,2022-04-10,18,14.17
Zuiderzeeweg,52.370356,4.962579,Zeeburgerdijk richting Ijburglaan,Ijburglaan richting Zeeburgerdijk,1,2022-04-10,2884,22.66
Zuiderzeeweg,52.370356,4.962579,Zeeburgerdijk richting Ijburglaan,Ijburglaan richting Zeeburgerdijk,-1,2022-04-11,16,14.88
Zuiderzeeweg,52.370356,4.962579,Zeeburgerdijk richting Ijburglaan,Ijburglaan richting Zeeburgerdijk,1,2022-04-11,3464,22.44
Zuiderzeeweg,52.370356,4.962579,Zeeburgerdijk richting Ijburglaan,Ijburglaan richting Zeeburgerdijk,-1,2022-04-12,76,18.63
Zuiderzeeweg,52.370356,4.962579,Zeeburgerdijk richting Ijburglaan,Ijburglaan richting Zeeburgerdijk,1,2022-04-12,4337,23.53
Zuiderzeeweg,52.370356,4.962579,Zeeburgerdijk richting Ijburglaan,Ijburglaan richting Zeeburgerdijk,-1,2022-04-13,26,16.23
Zuiderzeeweg,52.370356,4.962579,Zeeburgerdijk richting Ijburglaan,Ijburglaan richting Zeeburgerdijk,1,2022-04-13,3800,23.66
Zuiderzeeweg,52.370356,4.962579,Zeeburgerdijk richting Ijburglaan,Ijburglaan richting Zeeburgerdijk,-1,2022-04-14,14,15.14
Zuiderzeeweg,52.370356,4.962579,Zeeburgerdijk richting Ijburglaan,Ijburglaan richting Zeeburgerdijk,1,2022-04-14,4039,22.69
Zuiderzeeweg,52.370356,4.962579,Zeeburgerdijk richting Ijburglaan,Ijburglaan richting Zeeburgerdijk,-1,2022-04-15,27,14.56
Zuiderzeeweg,52.370356,4.962579,Zeeburgerdijk richting Ijburglaan,Ijburglaan richting Zeeburgerdijk,1,2022-04-15,3292,22.41
Zuiderzeeweg,52.370356,4.962579,Zeeburgerdijk richting Ijburglaan,Ijburglaan richting Zeeburgerdijk,-1,2022-04-16,31,15.58
Zuiderzeeweg,52.370356,4.962579,Zeeburgerdijk richting Ijburglaan,Ijburglaan richting Zeeburgerdijk,1,2022-04-16,3520,21.86
Zuiderzeeweg,52.370356,4.962579,Zeeburgerdijk richting Ijburglaan,Ijburglaan richting Zeeburgerdijk,-1,2022-04-17,31,14.48
Zuiderzeeweg,52.370356,4.962579,Zeeburgerdijk richting Ijburglaan,Ijburglaan richting Zeeburgerdijk,1,2022-04-17,3253,21.96
Zuiderzeeweg,52.370356,4.962579,Zeeburgerdijk richting Ijburglaan,Ijburglaan richting Zeeburgerdijk,-1,2022-04-18,26,15.08
Zuiderzeeweg,52.370356,4.962579,Zeeburgerdijk richting Ijburglaan,Ijburglaan richting Zeeburgerdijk,1,2022-04-18,3529,23.51
Zuiderzeeweg,52.370356,4.962579,Zeeburgerdijk richting Ijburglaan,Ijburglaan richting Zeeburgerdijk,-1,2022-04-19,21,12.62
Zuiderzeeweg,52.370356,4.962579,Zeeburgerdijk richting Ijburglaan,Ijburglaan richting Zeeburgerdijk,1,2022-04-19,3944,22.38
Zuiderzeeweg,52.370356,4.962579,Zeeburgerdijk richting Ijburglaan,Ijburglaan richting Zeeburgerdijk,-1,2022-04-20,36,16.47
Zuiderzeeweg,52.370356,4.962579,Zeeburgerdijk richting Ijburglaan,Ijburglaan richting Zeeburgerdijk,1,2022-04-20,4069,22.13
Zuiderzeeweg,52.370356,4.962579,Zeeburgerdijk richting Ijburglaan,Ijburglaan richting Zeeburgerdijk,-1,2022-04-21,20,16.7
Zuiderzeeweg,52.370356,4.962579,Zeeburgerdijk richting Ijburglaan,Ijburglaan richting Zeeburgerdijk,1,2022-04-21,3795,22.23
Zuiderzeeweg,52.370356,4.962579,Zeeburgerdijk richting Ijburglaan,Ijburglaan richting Zeeburgerdijk,-1,2022-04-22,13,15.85
Zuiderzeeweg,52.370356,4.962579,Zeeburgerdijk richting Ijburglaan,Ijburglaan richting Zeeburgerdijk,1,2022-04-22,3586,22.02
Zuiderzeeweg,52.370356,4.962579,Zeeburgerdijk richting Ijburglaan,Ijburglaan richting Zeeburgerdijk,-1,2022-04-23,22,14.86
Zuiderzeeweg,52.370356,4.962579,Zeeburgerdijk richting Ijburglaan,Ijburglaan richting Zeeburgerdijk,1,2022-04-23,3262,22.03
Zuiderzeeweg,52.370356,4.962579,Zeeburgerdijk richting Ijburglaan,Ijburglaan richting Zeeburgerdijk,-1,2022-04-24,37,16.41
Zuiderzeeweg,52.370356,4.962579,Zeeburgerdijk richting Ijburglaan,Ijburglaan richting Zeeburgerdijk,1,2022-04-24,3108,21.7
Zuiderzeeweg,52.370356,4.962579,Zeeburgerdijk richting Ijburglaan,Ijburglaan richting Zeeburgerdijk,-1,2022-04-25,18,19.06
Zuiderzeeweg,52.370356,4.962579,Zeeburgerdijk richting Ijburglaan,Ijburglaan richting Zeeburgerdijk,1,2022-04-25,2317,22.54
Zuiderzeeweg,52.370356,4.962579,Zeeburgerdijk richting Ijburglaan,Ijburglaan richting Zeeburgerdijk,-1,2022-04-26,11,18.82
Zuiderzeeweg,52.370356,4.962579,Zeeburgerdijk richting Ijburglaan,Ijburglaan richting Zeeburgerdijk,1,2022-04-26,3056,22.26
Zuiderzeeweg,52.370356,4.962579,Zeeburgerdijk richting Ijburglaan,Ijburglaan richting Zeeburgerdijk,-1,2022-04-27,17,15.41
Zuiderzeeweg,52.370356,4.962579,Zeeburgerdijk richting Ijburglaan,Ijburglaan richting Zeeburgerdijk,1,2022-04-27,3603,21.45
Zuiderzeeweg,52.370356,4.962579,Zeeburgerdijk richting Ijburglaan,Ijburglaan richting Zeeburgerdijk,-1,2022-04-28,20,13.75
Zuiderzeeweg,52.370356,4.962579,Zeeburgerdijk richting Ijburglaan,Ijburglaan richting Zeeburgerdijk,1,2022-04-28,2958,21.87
Zuiderzeeweg,52.370356,4.962579,Zeeburgerdijk richting Ijburglaan,Ijburglaan richting Zeeburgerdijk,-1,2022-04-29,12,15.58
Zuiderzeeweg,52.370356,4.962579,Zeeburgerdijk richting Ijburglaan,Ijburglaan richting Zeeburgerdijk,1,2022-04-29,2606,22.03
Zuiderzeeweg,52.370356,4.962579,Zeeburgerdijk richting Ijburglaan,Ijburglaan richting Zeeburgerdijk,-1,2022-04-30,20,15.5
Zuiderzeeweg,52.370356,4.962579,Zeeburgerdijk richting Ijburglaan,Ijburglaan richting Zeeburgerdijk,1,2022-04-30,2653,22.5
Zuiderzeeweg,52.370356,4.962579,Zeeburgerdijk richting Ijburglaan,Ijburglaan richting Zeeburgerdijk,-1,2022-05-01,19,14.58
Zuiderzeeweg,52.370356,4.962579,Zeeburgerdijk richting Ijburglaan,Ijburglaan richting Zeeburgerdijk,1,2022-05-01,3096,22.98
Zuiderzeeweg,52.370356,4.962579,Zeeburgerdijk richting Ijburglaan,Ijburglaan richting Zeeburgerdijk,-1,2022-05-02,15,17.4
Zuiderzeeweg,52.370356,4.962579,Zeeburgerdijk richting Ijburglaan,Ijburglaan richting Zeeburgerdijk,1,2022-05-02,3018,22.67
Zuiderzeeweg,52.370356,4.962579,Zeeburgerdijk richting Ijburglaan,Ijburglaan richting Zeeburgerdijk,-1,2022-05-03,14,13.79
Zuiderzeeweg,52.370356,4.962579,Zeeburgerdijk richting Ijburglaan,Ijburglaan richting Zeeburgerdijk,1,2022-05-03,2756,22.16
Zuiderzeeweg,52.370356,4.962579,Zeeburgerdijk richting Ijburglaan,Ijburglaan richting Zeeburgerdijk,-1,2022-05-04,22,13.64
Zuiderzeeweg,52.370356,4.962579,Zeeburgerdijk richting Ijburglaan,Ijburglaan richting Zeeburgerdijk,1,2022-05-04,3157,22.8
Zuiderzeeweg,52.370356,4.962579,Zeeburgerdijk richting Ijburglaan,Ijburglaan richting Zeeburgerdijk,-1,2022-05-05,20,15.55
Zuiderzeeweg,52.370356,4.962579,Zeeburgerdijk richting Ijburglaan,Ijburglaan richting Zeeburgerdijk,1,2022-05-05,2879,23.26
Zuiderzeeweg,52.370356,4.962579,Zeeburgerdijk richting Ijburglaan,Ijburglaan richting Zeeburgerdijk,-1,2022-05-06,15,17.0
Zuiderzeeweg,52.370356,4.962579,Zeeburgerdijk richting Ijburglaan,Ijburglaan richting Zeeburgerdijk,1,2022-05-06,3289,23.39
Zuiderzeeweg,52.370356,4.962579,Zeeburgerdijk richting Ijburglaan,Ijburglaan richting Zeeburgerdijk,-1,2022-05-07,20,15.35
Zuiderzeeweg,52.370356,4.962579,Zeeburgerdijk richting Ijburglaan,Ijburglaan richting Zeeburgerdijk,1,2022-05-07,3118,21.7
Zuiderzeeweg,52.370356,4.962579,Zeeburgerdijk richting Ijburglaan,Ijburglaan richting Zeeburgerdijk,-1,2022-05-08,19,15.74
Zuiderzeeweg,52.370356,4.962579,Zeeburgerdijk richting Ijburglaan,Ijburglaan richting Zeeburgerdijk,1,2022-05-08,3392,21.89
Zuiderzeeweg,52.370356,4.962579,Zeeburgerdijk richting Ijburglaan,Ijburglaan richting Zeeburgerdijk,-1,2022-05-09,16,14.19
Zuiderzeeweg,52.370356,4.962579,Zeeburgerdijk richting Ijburglaan,Ijburglaan richting Zeeburgerdijk,1,2022-05-09,3711,23.3
Zuiderzeeweg,52.370356,4.962579,Zeeburgerdijk richting Ijburglaan,Ijburglaan richting Zeeburgerdijk,-1,2022-05-10,19,15.16
Zuiderzeeweg,52.370356,4.962579,Zeeburgerdijk richting Ijburglaan,Ijburglaan richting Zeeburgerdijk,1,2022-05-10,3899,24.44
Zuiderzeeweg,52.370356,4.962579,Zeeburgerdijk richting Ijburglaan,Ijburglaan richting Zeeburgerdijk,-1,2022-05-11,13,18.0
Zuiderzeeweg,52.370356,4.962579,Zeeburgerdijk richting Ijburglaan,Ijburglaan richting Zeeburgerdijk,1,2022-05-11,3601,24.16
Zuiderzeeweg,52.370356,4.962579,Zeeburgerdijk richting Ijburglaan,Ijburglaan richting Zeeburgerdijk,-1,2022-05-12,16,15.44
Zuiderzeeweg,52.370356,4.962579,Zeeburgerdijk richting Ijburglaan,Ijburglaan richting Zeeburgerdijk,1,2022-05-12,3991,23.82
Zuiderzeeweg,52.370356,4.962579,Zeeburgerdijk richting Ijburglaan,Ijburglaan richting Zeeburgerdijk,-1,2022-05-13,16,17.75
Zuiderzeeweg,52.370356,4.962579,Zeeburgerdijk richting Ijburglaan,Ijburglaan richting Zeeburgerdijk,1,2022-05-13,2390,23.99
Zuiderzeeweg,52.370356,4.962579,Zeeburgerdijk richting Ijburglaan,Ijburglaan richting Zeeburgerdijk,-1,2022-05-14,28,13.39
Zuiderzeeweg,52.370356,4.962579,Zeeburgerdijk richting Ijburglaan,Ijburglaan richting Zeeburgerdijk,1,2022-05-14,3648,22.47
Zuiderzeeweg,52.370356,4.962579,Zeeburgerdijk richting Ijburglaan,Ijburglaan richting Zeeburgerdijk,-1,2022-05-15,26,15.46
Zuiderzeeweg,52.370356,4.962579,Zeeburgerdijk richting Ijburglaan,Ijburglaan richting Zeeburgerdijk,1,2022-05-15,4245,22.2
Zuiderzeeweg,52.370356,4.962579,Zeeburgerdijk richting Ijburglaan,Ijburglaan richting Zeeburgerdijk,-1,2022-05-16,12,17.08
Zuiderzeeweg,52.370356,4.962579,Zeeburgerdijk richting Ijburglaan,Ijburglaan richting Zeeburgerdijk,1,2022-05-16,3010,24.0
Zuiderzeeweg,52.370356,4.962579,Zeeburgerdijk richting Ijburglaan,Ijburglaan richting Zeeburgerdijk,-1,2022-05-17,19,15.47
Zuiderzeeweg,52.370356,4.962579,Zeeburgerdijk richting Ijburglaan,Ijburglaan richting Zeeburgerdijk,1,2022-05-17,4184,23.17
Zuiderzeeweg,52.370356,4.962579,Zeeburgerdijk richting Ijburglaan,Ijburglaan richting Zeeburgerdijk,-1,2022-05-18,24,17.46
Zuiderzeeweg,52.370356,4.962579,Zeeburgerdijk richting Ijburglaan,Ijburglaan richting Zeeburgerdijk,1,2022-05-18,4354,23.02
Zuiderzeeweg,52.370356,4.962579,Zeeburgerdijk richting Ijburglaan,Ijburglaan richting Zeeburgerdijk,-1,2022-05-19,16,15.38
Zuiderzeeweg,52.370356,4.962579,Zeeburgerdijk richting Ijburglaan,Ijburglaan richting Zeeburgerdijk,1,2022-05-19,2725,23.06
Zuiderzeeweg,52.370356,4.962579,Zeeburgerdijk richting Ijburglaan,Ijburglaan richting Zeeburgerdijk,-1,2022-05-20,6,14.83
Zuiderzeeweg,52.370356,4.962579,Zeeburgerdijk richting Ijburglaan,Ijburglaan richting Zeeburgerdijk,1,2022-05-20,2493,22.65
Zuiderzeeweg,52.370356,4.962579,Zeeburgerdijk richting Ijburglaan,Ijburglaan richting Zeeburgerdijk,-1,2022-05-21,17,16.35
Zuiderzeeweg,52.370356,4.962579,Zeeburgerdijk richting Ijburglaan,Ijburglaan richting Zeeburgerdijk,1,2022-05-21,1965,22.64
Zuiderzeeweg,52.370356,4.962579,Zeeburgerdijk richting Ijburglaan,Ijburglaan richting Zeeburgerdijk,-1,2022-05-22,34,14.41
Zuiderzeeweg,52.370356,4.962579,Zeeburgerdijk richting Ijburglaan,Ijburglaan richting Zeeburgerdijk,1,2022-05-22,3600,22.6
Zuiderzeeweg,52.370356,4.962579,Zeeburgerdijk richting Ijburglaan,Ijburglaan richting Zeeburgerdijk,-1,2022-05-23,17,14.82
Zuiderzeeweg,52.370356,4.962579,Zeeburgerdijk richting Ijburglaan,Ijburglaan richting Zeeburgerdijk,1,2022-05-23,2913,22.65
Zuiderzeeweg,52.370356,4.962579,Zeeburgerdijk richting Ijburglaan,Ijburglaan richting Zeeburgerdijk,-1,2022-05-24,15,15.53
Zuiderzeeweg,52.370356,4.962579,Zeeburgerdijk richting Ijburglaan,Ijburglaan richting Zeeburgerdijk,1,2022-05-24,1612,23.53
Zuiderzeeweg,52.370356,4.962579,Zeeburgerdijk richting Ijburglaan,Ijburglaan richting Zeeburgerdijk,-1,2022-05-25,7,14.43
Zuiderzeeweg,52.370356,4.962579,Zeeburgerdijk richting Ijburglaan,Ijburglaan richting Zeeburgerdijk,1,2022-05-25,2394,24.7
Zuiderzeeweg,52.370356,4.962579,Zeeburgerdijk richting Ijburglaan,Ijburglaan richting Zeeburgerdijk,-1,2022-05-26,30,13.27
Zuiderzeeweg,52.370356,4.962579,Zeeburgerdijk richting Ijburglaan,Ijburglaan richting Zeeburgerdijk,1,2022-05-26,2782,23.64
Zuiderzeeweg,52.370356,4.962579,Zeeburgerdijk richting Ijburglaan,Ijburglaan richting Zeeburgerdijk,-1,2022-05-27,35,14.46
Zuiderzeeweg,52.370356,4.962579,Zeeburgerdijk richting Ijburglaan,Ijburglaan richting Zeeburgerdijk,1,2022-05-27,2908,22.22
Zuiderzeeweg,52.370356,4.962579,Zeeburgerdijk richting Ijburglaan,Ijburglaan richting Zeeburgerdijk,-1,2022-05-28,22,14.5
Zuiderzeeweg,52.370356,4.962579,Zeeburgerdijk richting Ijburglaan,Ijburglaan richting Zeeburgerdijk,1,2022-05-28,3113,21.44
Zuiderzeeweg,52.370356,4.962579,Zeeburgerdijk richting Ijburglaan,Ijburglaan richting Zeeburgerdijk,-1,2022-05-29,18,14.11
Zuiderzeeweg,52.370356,4.962579,Zeeburgerdijk richting Ijburglaan,Ijburglaan richting Zeeburgerdijk,1,2022-05-29,2469,21.87
Zuiderzeeweg,52.370356,4.962579,Zeeburgerdijk richting Ijburglaan,Ijburglaan richting Zeeburgerdijk,-1,2022-05-30,18,13.83
Zuiderzeeweg,52.370356,4.962579,Zeeburgerdijk richting Ijburglaan,Ijburglaan richting Zeeburgerdijk,1,2022-05-30,3395,23.1
Zuiderzeeweg,52.370356,4.962579,Zeeburgerdijk richting Ijburglaan,Ijburglaan richting Zeeburgerdijk,-1,2022-05-31,17,13.0
Zuiderzeeweg,52.370356,4.962579,Zeeburgerdijk richting Ijburglaan,Ijburglaan richting Zeeburgerdijk,1,2022-05-31,3444,23.21
Zuiderzeeweg,52.370356,4.962579,Zeeburgerdijk richting Ijburglaan,Ijburglaan richting Zeeburgerdijk,-1,2022-06-01,20,13.9
Zuiderzeeweg,52.370356,4.962579,Zeeburgerdijk richting Ijburglaan,Ijburglaan richting Zeeburgerdijk,1,2022-06-01,3480,23.13
Zuiderzeeweg,52.370356,4.962579,Zeeburgerdijk richting Ijburglaan,Ijburglaan richting Zeeburgerdijk,-1,2022-06-02,19,16.58
Zuiderzeeweg,52.370356,4.962579,Zeeburgerdijk richting Ijburglaan,Ijburglaan richting Zeeburgerdijk,1,2022-06-02,1859,22.52
